<?xml version="1.0" encoding="UTF-8"?>
<beans xmlns="http://www.springframework.org/schema/beans"
       xmlns:xsi="http://www.w3.org/2001/XMLSchema-instance"
       xmlns:context="http://www.springframework.org/schema/context"
       xmlns:mvc="http://www.springframework.org/schema/mvc"
       xsi:schemaLocation="http://www.springframework.org/schema/mvc
        http://www.springframework.org/schema/mvc/spring-mvc.xsd
        http://www.springframework.org/schema/beans
        http://www.springframework.org/schema/beans/spring-beans.xsd
        http://www.springframework.org/schema/context
        http://www.springframework.org/schema/context/spring-context.xsd">

    <mvc:annotation-driven>
        <mvc:message-converters register-defaults="false">
            <bean id="jacksonMessageConverter" class="org.springframework.http.converter.json.MappingJackson2HttpMessageConverter">
                <property name="supportedMediaTypes">
                    <list>
                        <bean class="org.springframework.http.MediaType">
                            <constructor-arg index="0" value="application"/>
                            <constructor-arg index="1" value="json"/>
                            <constructor-arg index="2" value="UTF-8"/>
                        </bean>
                    </list>
                </property>
            </bean>
        </mvc:message-converters>
    </mvc:annotation-driven>

    <context:component-scan base-package="com.tuotiansudai.console"/>

    <mvc:resources mapping="/style/**" location="/style/"/>
    <mvc:resources mapping="/images/**" location="/images/"/>
    <mvc:resources mapping="/js/**" location="/js/"/>

    <!-- freemarker config -->
    <bean id="freemarkerConfig" class="org.springframework.web.servlet.view.freemarker.FreeMarkerConfigurer">
        <property name="templateLoaderPath" value="/templates"/>
        <property name="defaultEncoding" value="utf-8"/>
    </bean>

    <!--
    View resolvers can also be configured with ResourceBundles or XML files. If you need
    different view resolving based on Locale, you have to use the resource bundle resolver.
    -->
    <bean id="freeMarkerViewResolver" class="org.springframework.web.servlet.view.freemarker.FreeMarkerViewResolver">
        <property name="cache" value="true"/>
        <property name="prefix" value=""/>
        <property name="suffix" value=".ftl"/>
        <property name="contentType" value="text/html;charset=UTF-8"/>
        <property name="requestContextAttribute" value="requestContext"/>
        <property name="exposeSessionAttributes" value="true"/>
    </bean>
</beans>