<beans:beans xmlns="http://www.springframework.org/schema/security"
             xmlns:beans="http://www.springframework.org/schema/beans"
             xmlns:xsi="http://www.w3.org/2001/XMLSchema-instance"
             xsi:schemaLocation="http://www.springframework.org/schema/beans
		   http://www.springframework.org/schema/beans/spring-beans.xsd
		   http://www.springframework.org/schema/security
		   http://www.springframework.org/schema/security/spring-security.xsd">

    <beans:bean id="saltSource" class="org.springframework.security.authentication.dao.ReflectionSaltSource">
        <beans:property name="userPropertyToUse" value="salt"/>
    </beans:bean>

    <beans:bean id="myAccessDeniedHandler" class="com.tuotiansudai.security.MyAccessDeniedHandler">
        <beans:property name="errorPage" value="/403"/>
        <beans:property name="errorPageMapping">
            <beans:map>
                <beans:entry key="/login" value="/"/>
            </beans:map>
        </beans:property>
    </beans:bean>

    <beans:bean id="myDaoAuthenticationProvider" class="com.tuotiansudai.security.MyDaoAuthenticationProvider">
        <beans:property name="passwordEncoder" ref="myShaPasswordEncoder"/>
        <beans:property name="saltSource" ref="saltSource"/>
        <beans:property name="userDetailsService" ref="myUserDetailsService"/>
    </beans:bean>

    <http auto-config="true" use-expressions="true">
        <access-denied-handler ref="myAccessDeniedHandler"/>
        <form-login login-page="/login"
                    login-processing-url="/loginHandler"
                    authentication-success-handler-ref="mySimpleUrlAuthenticationSuccessHandler"
                    authentication-failure-handler-ref="mySimpleUrlAuthenticationFailureHandler"/>
        <intercept-url pattern="/loan" access="isAnonymous()"/>
        <intercept-url pattern="/login" access="isAnonymous()"/>
        <intercept-url pattern="/loginHandler" access="isAnonymous()"/>
        <intercept-url pattern="/" access="permitAll()"/>
        <intercept-url pattern="/*" access="hasRole('USER')"/>
        <csrf disabled="true" />
    </http>

    <authentication-manager alias="authenticationManager">
        <authentication-provider ref="myDaoAuthenticationProvider"/>
    </authentication-manager>

</beans:beans>