/*
Navicat MySQL Data Transfer

Source Server         : localhost
Source Server Version : 50534
Source Host           : localhost:3306
Source Database       : tuotiansudai

Target Server Type    : MYSQL
Target Server Version : 50534
File Encoding         : 65001

Date: 2015-04-28 16:59:43
*/

SET FOREIGN_KEY_CHECKS=0;
-- ----------------------------
-- Table structure for `access_statistics`
-- ----------------------------
DROP TABLE IF EXISTS `access_statistics`;
CREATE TABLE `access_statistics` (
  `id` varchar(32) NOT NULL,
  `access_time` datetime NOT NULL,
  `access_url` varchar(500) NOT NULL,
  `visitor_ip` varchar(64) DEFAULT NULL,
  `response_time` double DEFAULT NULL,
  `uid` varchar(32) DEFAULT NULL,
  PRIMARY KEY (`id`),
  KEY `FK_access_statistics_user` (`uid`) USING BTREE,
  CONSTRAINT `access_statistics_ibfk_1` FOREIGN KEY (`uid`) REFERENCES `user` (`id`)
) ENGINE=InnoDB DEFAULT CHARSET=utf8;

-- ----------------------------
-- Records of access_statistics
-- ----------------------------

-- ----------------------------
-- Table structure for `admin_log`
-- ----------------------------
DROP TABLE IF EXISTS `admin_log`;
CREATE TABLE `admin_log` (
  `id` varchar(32) NOT NULL,
  `time` datetime NOT NULL,
  `operator` varchar(200) NOT NULL,
  `description` varchar(500) DEFAULT NULL,
  `user_id` varchar(32) DEFAULT NULL,
  PRIMARY KEY (`id`),
  KEY `FK_Reference_19` (`user_id`) USING BTREE,
  CONSTRAINT `admin_log_ibfk_1` FOREIGN KEY (`user_id`) REFERENCES `user` (`id`)
) ENGINE=InnoDB DEFAULT CHARSET=utf8;

-- ----------------------------
-- Records of admin_log
-- ----------------------------

-- ----------------------------
-- Table structure for `apply_enterprise_loan`
-- ----------------------------
DROP TABLE IF EXISTS `apply_enterprise_loan`;
CREATE TABLE `apply_enterprise_loan` (
  `id` varchar(32) NOT NULL,
  `apply_time` datetime DEFAULT NULL,
  `company` varchar(200) DEFAULT NULL,
  `company_no` varchar(200) DEFAULT NULL,
  `contact` varchar(200) DEFAULT NULL,
  `contact_mobile` varchar(200) DEFAULT NULL,
  `deadline` varchar(20) DEFAULT NULL,
  `description` varchar(1000) DEFAULT NULL,
  `guarantee_name` varchar(50) DEFAULT NULL,
  `has_guarantee` tinyint(1) DEFAULT NULL,
  `industry` varchar(200) DEFAULT NULL,
  `money` double DEFAULT NULL,
  `status` varchar(50) NOT NULL,
  `type` varchar(50) DEFAULT NULL,
  `area` varchar(32) DEFAULT NULL,
  `user` varchar(32) DEFAULT NULL,
  `paymentFrom` varchar(1000) DEFAULT NULL,
  `video_id` varchar(255) DEFAULT NULL,
  PRIMARY KEY (`id`),
  UNIQUE KEY `id` (`id`) USING BTREE,
  KEY `FKBC987C3D331D0A83` (`area`) USING BTREE,
  KEY `FKBC987C3D332F40FF` (`user`) USING BTREE,
  CONSTRAINT `apply_enterprise_loan_ibfk_1` FOREIGN KEY (`area`) REFERENCES `area` (`id`),
  CONSTRAINT `apply_enterprise_loan_ibfk_2` FOREIGN KEY (`user`) REFERENCES `user` (`id`)
) ENGINE=InnoDB DEFAULT CHARSET=utf8;

-- ----------------------------
-- Records of apply_enterprise_loan
-- ----------------------------

-- ----------------------------
-- Table structure for `apply_enterprise_loan_extension`
-- ----------------------------
DROP TABLE IF EXISTS `apply_enterprise_loan_extension`;
CREATE TABLE `apply_enterprise_loan_extension` (
  `id` varchar(32) NOT NULL,
  `value` text,
  `apply_enterprise_loan_id` varchar(32) DEFAULT NULL,
  `extension_field` varchar(32) DEFAULT NULL,
  PRIMARY KEY (`id`),
  UNIQUE KEY `id` (`id`) USING BTREE,
  KEY `FKA26A2ABD3D069EFA` (`extension_field`) USING BTREE,
  KEY `FKA26A2ABDAB31023F` (`apply_enterprise_loan_id`) USING BTREE,
  CONSTRAINT `apply_enterprise_loan_extension_ibfk_1` FOREIGN KEY (`extension_field`) REFERENCES `extension_field` (`id`),
  CONSTRAINT `apply_enterprise_loan_extension_ibfk_2` FOREIGN KEY (`apply_enterprise_loan_id`) REFERENCES `apply_enterprise_loan` (`id`)
) ENGINE=InnoDB DEFAULT CHARSET=utf8;

-- ----------------------------
-- Records of apply_enterprise_loan_extension
-- ----------------------------

-- ----------------------------
-- Table structure for `apply_friend`
-- ----------------------------
DROP TABLE IF EXISTS `apply_friend`;
CREATE TABLE `apply_friend` (
  `id` varchar(32) NOT NULL,
  `applytime` datetime DEFAULT NULL,
  `description` varchar(255) DEFAULT NULL,
  `status` varchar(20) DEFAULT NULL,
  `apply_friend` varchar(32) DEFAULT NULL,
  `apply_user` varchar(32) DEFAULT NULL,
  PRIMARY KEY (`id`),
  UNIQUE KEY `id` (`id`) USING BTREE,
  KEY `FKEAC26C8F1DBAC1C3` (`apply_friend`) USING BTREE,
  KEY `FKEAC26C8F384D6B30` (`apply_user`) USING BTREE,
  CONSTRAINT `apply_friend_ibfk_1` FOREIGN KEY (`apply_friend`) REFERENCES `user` (`id`),
  CONSTRAINT `apply_friend_ibfk_2` FOREIGN KEY (`apply_user`) REFERENCES `user` (`id`)
) ENGINE=InnoDB DEFAULT CHARSET=utf8;

-- ----------------------------
-- Records of apply_friend
-- ----------------------------

-- ----------------------------
-- Table structure for `apply_vip`
-- ----------------------------
DROP TABLE IF EXISTS `apply_vip`;
CREATE TABLE `apply_vip` (
  `id` varchar(32) NOT NULL,
  `apply_time` datetime DEFAULT NULL,
  `status` varchar(50) NOT NULL,
  `type` varchar(10) DEFAULT NULL,
  `user` varchar(32) DEFAULT NULL,
  `verified` varchar(255) DEFAULT NULL,
  `verified_message` varchar(500) DEFAULT NULL,
  `verified_time` datetime DEFAULT NULL,
  `years` int(11) DEFAULT NULL,
  `over_time` datetime DEFAULT NULL,
  PRIMARY KEY (`id`),
  UNIQUE KEY `id` (`id`) USING BTREE,
  KEY `FK844D13CC332F40FF` (`user`) USING BTREE,
  CONSTRAINT `apply_vip_ibfk_1` FOREIGN KEY (`user`) REFERENCES `user` (`id`)
) ENGINE=InnoDB DEFAULT CHARSET=utf8;

-- ----------------------------
-- Records of apply_vip
-- ----------------------------

-- ----------------------------
-- Table structure for `area`
-- ----------------------------
DROP TABLE IF EXISTS `area`;
CREATE TABLE `area` (
  `id` varchar(32) NOT NULL,
  `name` varchar(50) NOT NULL,
  `pid` varchar(32) DEFAULT NULL,
  `comments` text,
  `seq_num` int(11) DEFAULT NULL,
  `first_letter` varchar(1) DEFAULT NULL,
  PRIMARY KEY (`id`),
  KEY `FK2DD08D32F0EB81` (`pid`) USING BTREE,
  CONSTRAINT `area_ibfk_1` FOREIGN KEY (`pid`) REFERENCES `area` (`id`)
) ENGINE=InnoDB DEFAULT CHARSET=utf8;

-- ----------------------------
-- Records of area
-- ----------------------------
INSERT INTO `area` VALUES ('110000', '北京市', null, null, null, null);
INSERT INTO `area` VALUES ('110100', '北京', '110000', null, null, null);
INSERT INTO `area` VALUES ('110101', '东城区', '110100', null, null, null);
INSERT INTO `area` VALUES ('110102', '西城区', '110100', null, null, null);
INSERT INTO `area` VALUES ('110103', '崇文区', '110100', null, null, null);
INSERT INTO `area` VALUES ('110104', '宣武区', '110100', null, null, null);
INSERT INTO `area` VALUES ('110105', '朝阳区', '110100', null, null, null);
INSERT INTO `area` VALUES ('110106', '丰台区', '110100', null, null, null);
INSERT INTO `area` VALUES ('110107', '石景山区', '110100', null, null, null);
INSERT INTO `area` VALUES ('110108', '海淀区', '110100', null, null, null);
INSERT INTO `area` VALUES ('110109', '门头沟区', '110100', null, null, null);
INSERT INTO `area` VALUES ('110111', '房山区', '110100', null, null, null);
INSERT INTO `area` VALUES ('110112', '通州区', '110100', null, null, null);
INSERT INTO `area` VALUES ('110113', '顺义区', '110100', null, null, null);
INSERT INTO `area` VALUES ('110114', '昌平区', '110100', null, null, null);
INSERT INTO `area` VALUES ('110115', '大兴区', '110100', null, null, null);
INSERT INTO `area` VALUES ('110116', '怀柔区', '110100', null, null, null);
INSERT INTO `area` VALUES ('110117', '平谷区', '110100', null, null, null);
INSERT INTO `area` VALUES ('110228', '密云县', '110100', null, null, null);
INSERT INTO `area` VALUES ('110229', '延庆县', '110100', null, null, null);
INSERT INTO `area` VALUES ('120000', '天津市', null, null, null, null);
INSERT INTO `area` VALUES ('120100', '天津', '120000', null, null, null);
INSERT INTO `area` VALUES ('120101', '和平区', '120100', null, null, null);
INSERT INTO `area` VALUES ('120102', '河东区', '120100', null, null, null);
INSERT INTO `area` VALUES ('120103', '河西区', '120100', null, null, null);
INSERT INTO `area` VALUES ('120104', '南开区', '120100', null, null, null);
INSERT INTO `area` VALUES ('120105', '河北区', '120100', null, null, null);
INSERT INTO `area` VALUES ('120106', '红桥区', '120100', null, null, null);
INSERT INTO `area` VALUES ('120107', '塘沽区', '120100', null, null, null);
INSERT INTO `area` VALUES ('120108', '汉沽区', '120100', null, null, null);
INSERT INTO `area` VALUES ('120109', '大港区', '120100', null, null, null);
INSERT INTO `area` VALUES ('120110', '东丽区', '120100', null, null, null);
INSERT INTO `area` VALUES ('120111', '西青区', '120100', null, null, null);
INSERT INTO `area` VALUES ('120112', '津南区', '120100', null, null, null);
INSERT INTO `area` VALUES ('120113', '北辰区', '120100', null, null, null);
INSERT INTO `area` VALUES ('120114', '武清区', '120100', null, null, null);
INSERT INTO `area` VALUES ('120115', '宝坻区', '120100', null, null, null);
INSERT INTO `area` VALUES ('120221', '宁河县', '120100', null, null, null);
INSERT INTO `area` VALUES ('120223', '静海县', '120100', null, null, null);
INSERT INTO `area` VALUES ('120225', '蓟　县', '120100', null, null, null);
INSERT INTO `area` VALUES ('130000', '河北省', null, null, null, null);
INSERT INTO `area` VALUES ('130100', '石家庄市', '130000', null, null, null);
INSERT INTO `area` VALUES ('130102', '长安区', '130100', null, null, null);
INSERT INTO `area` VALUES ('130103', '桥东区', '130100', null, null, null);
INSERT INTO `area` VALUES ('130104', '桥西区', '130100', null, null, null);
INSERT INTO `area` VALUES ('130105', '新华区', '130100', null, null, null);
INSERT INTO `area` VALUES ('130107', '井陉矿区', '130100', null, null, null);
INSERT INTO `area` VALUES ('130108', '裕华区', '130100', null, null, null);
INSERT INTO `area` VALUES ('130121', '井陉县', '130100', null, null, null);
INSERT INTO `area` VALUES ('130123', '正定县', '130100', null, null, null);
INSERT INTO `area` VALUES ('130124', '栾城县', '130100', null, null, null);
INSERT INTO `area` VALUES ('130125', '行唐县', '130100', null, null, null);
INSERT INTO `area` VALUES ('130126', '灵寿县', '130100', null, null, null);
INSERT INTO `area` VALUES ('130127', '高邑县', '130100', null, null, null);
INSERT INTO `area` VALUES ('130128', '深泽县', '130100', null, null, null);
INSERT INTO `area` VALUES ('130129', '赞皇县', '130100', null, null, null);
INSERT INTO `area` VALUES ('130130', '无极县', '130100', null, null, null);
INSERT INTO `area` VALUES ('130131', '平山县', '130100', null, null, null);
INSERT INTO `area` VALUES ('130132', '元氏县', '130100', null, null, null);
INSERT INTO `area` VALUES ('130133', '赵　县', '130100', null, null, null);
INSERT INTO `area` VALUES ('130181', '辛集市', '130100', null, null, null);
INSERT INTO `area` VALUES ('130182', '藁城市', '130100', null, null, null);
INSERT INTO `area` VALUES ('130183', '晋州市', '130100', null, null, null);
INSERT INTO `area` VALUES ('130184', '新乐市', '130100', null, null, null);
INSERT INTO `area` VALUES ('130185', '鹿泉市', '130100', null, null, null);
INSERT INTO `area` VALUES ('130200', '唐山市', '130000', null, null, null);
INSERT INTO `area` VALUES ('130202', '路南区', '130200', null, null, null);
INSERT INTO `area` VALUES ('130203', '路北区', '130200', null, null, null);
INSERT INTO `area` VALUES ('130204', '古冶区', '130200', null, null, null);
INSERT INTO `area` VALUES ('130205', '开平区', '130200', null, null, null);
INSERT INTO `area` VALUES ('130207', '丰南区', '130200', null, null, null);
INSERT INTO `area` VALUES ('130208', '丰润区', '130200', null, null, null);
INSERT INTO `area` VALUES ('130223', '滦　县', '130200', null, null, null);
INSERT INTO `area` VALUES ('130224', '滦南县', '130200', null, null, null);
INSERT INTO `area` VALUES ('130225', '乐亭县', '130200', null, null, null);
INSERT INTO `area` VALUES ('130227', '迁西县', '130200', null, null, null);
INSERT INTO `area` VALUES ('130229', '玉田县', '130200', null, null, null);
INSERT INTO `area` VALUES ('130230', '唐海县', '130200', null, null, null);
INSERT INTO `area` VALUES ('130281', '遵化市', '130200', null, null, null);
INSERT INTO `area` VALUES ('130283', '迁安市', '130200', null, null, null);
INSERT INTO `area` VALUES ('130300', '秦皇岛市', '130000', null, null, null);
INSERT INTO `area` VALUES ('130302', '海港区', '130300', null, null, null);
INSERT INTO `area` VALUES ('130303', '山海关区', '130300', null, null, null);
INSERT INTO `area` VALUES ('130304', '北戴河区', '130300', null, null, null);
INSERT INTO `area` VALUES ('130321', '青龙满族自治县', '130300', null, null, null);
INSERT INTO `area` VALUES ('130322', '昌黎县', '130300', null, null, null);
INSERT INTO `area` VALUES ('130323', '抚宁县', '130300', null, null, null);
INSERT INTO `area` VALUES ('130324', '卢龙县', '130300', null, null, null);
INSERT INTO `area` VALUES ('130400', '邯郸市', '130000', null, null, null);
INSERT INTO `area` VALUES ('130402', '邯山区', '130400', null, null, null);
INSERT INTO `area` VALUES ('130403', '丛台区', '130400', null, null, null);
INSERT INTO `area` VALUES ('130404', '复兴区', '130400', null, null, null);
INSERT INTO `area` VALUES ('130406', '峰峰矿区', '130400', null, null, null);
INSERT INTO `area` VALUES ('130421', '邯郸县', '130400', null, null, null);
INSERT INTO `area` VALUES ('130423', '临漳县', '130400', null, null, null);
INSERT INTO `area` VALUES ('130424', '成安县', '130400', null, null, null);
INSERT INTO `area` VALUES ('130425', '大名县', '130400', null, null, null);
INSERT INTO `area` VALUES ('130426', '涉　县', '130400', null, null, null);
INSERT INTO `area` VALUES ('130427', '磁　县', '130400', null, null, null);
INSERT INTO `area` VALUES ('130428', '肥乡县', '130400', null, null, null);
INSERT INTO `area` VALUES ('130429', '永年县', '130400', null, null, null);
INSERT INTO `area` VALUES ('130430', '邱　县', '130400', null, null, null);
INSERT INTO `area` VALUES ('130431', '鸡泽县', '130400', null, null, null);
INSERT INTO `area` VALUES ('130432', '广平县', '130400', null, null, null);
INSERT INTO `area` VALUES ('130433', '馆陶县', '130400', null, null, null);
INSERT INTO `area` VALUES ('130434', '魏　县', '130400', null, null, null);
INSERT INTO `area` VALUES ('130435', '曲周县', '130400', null, null, null);
INSERT INTO `area` VALUES ('130481', '武安市', '130400', null, null, null);
INSERT INTO `area` VALUES ('130500', '邢台市', '130000', null, null, null);
INSERT INTO `area` VALUES ('130502', '桥东区', '130500', null, null, null);
INSERT INTO `area` VALUES ('130503', '桥西区', '130500', null, null, null);
INSERT INTO `area` VALUES ('130521', '邢台县', '130500', null, null, null);
INSERT INTO `area` VALUES ('130522', '临城县', '130500', null, null, null);
INSERT INTO `area` VALUES ('130523', '内丘县', '130500', null, null, null);
INSERT INTO `area` VALUES ('130524', '柏乡县', '130500', null, null, null);
INSERT INTO `area` VALUES ('130525', '隆尧县', '130500', null, null, null);
INSERT INTO `area` VALUES ('130526', '任　县', '130500', null, null, null);
INSERT INTO `area` VALUES ('130527', '南和县', '130500', null, null, null);
INSERT INTO `area` VALUES ('130528', '宁晋县', '130500', null, null, null);
INSERT INTO `area` VALUES ('130529', '巨鹿县', '130500', null, null, null);
INSERT INTO `area` VALUES ('130530', '新河县', '130500', null, null, null);
INSERT INTO `area` VALUES ('130531', '广宗县', '130500', null, null, null);
INSERT INTO `area` VALUES ('130532', '平乡县', '130500', null, null, null);
INSERT INTO `area` VALUES ('130533', '威　县', '130500', null, null, null);
INSERT INTO `area` VALUES ('130534', '清河县', '130500', null, null, null);
INSERT INTO `area` VALUES ('130535', '临西县', '130500', null, null, null);
INSERT INTO `area` VALUES ('130581', '南宫市', '130500', null, null, null);
INSERT INTO `area` VALUES ('130582', '沙河市', '130500', null, null, null);
INSERT INTO `area` VALUES ('130600', '保定市', '130000', null, null, null);
INSERT INTO `area` VALUES ('130602', '新市区', '130600', null, null, null);
INSERT INTO `area` VALUES ('130603', '北市区', '130600', null, null, null);
INSERT INTO `area` VALUES ('130604', '南市区', '130600', null, null, null);
INSERT INTO `area` VALUES ('130621', '满城县', '130600', null, null, null);
INSERT INTO `area` VALUES ('130622', '清苑县', '130600', null, null, null);
INSERT INTO `area` VALUES ('130623', '涞水县', '130600', null, null, null);
INSERT INTO `area` VALUES ('130624', '阜平县', '130600', null, null, null);
INSERT INTO `area` VALUES ('130625', '徐水县', '130600', null, null, null);
INSERT INTO `area` VALUES ('130626', '定兴县', '130600', null, null, null);
INSERT INTO `area` VALUES ('130627', '唐　县', '130600', null, null, null);
INSERT INTO `area` VALUES ('130628', '高阳县', '130600', null, null, null);
INSERT INTO `area` VALUES ('130629', '容城县', '130600', null, null, null);
INSERT INTO `area` VALUES ('130630', '涞源县', '130600', null, null, null);
INSERT INTO `area` VALUES ('130631', '望都县', '130600', null, null, null);
INSERT INTO `area` VALUES ('130632', '安新县', '130600', null, null, null);
INSERT INTO `area` VALUES ('130633', '易　县', '130600', null, null, null);
INSERT INTO `area` VALUES ('130634', '曲阳县', '130600', null, null, null);
INSERT INTO `area` VALUES ('130635', '蠡　县', '130600', null, null, null);
INSERT INTO `area` VALUES ('130636', '顺平县', '130600', null, null, null);
INSERT INTO `area` VALUES ('130637', '博野县', '130600', null, null, null);
INSERT INTO `area` VALUES ('130638', '雄　县', '130600', null, null, null);
INSERT INTO `area` VALUES ('130681', '涿州市', '130600', null, null, null);
INSERT INTO `area` VALUES ('130682', '定州市', '130600', null, null, null);
INSERT INTO `area` VALUES ('130683', '安国市', '130600', null, null, null);
INSERT INTO `area` VALUES ('130684', '高碑店市', '130600', null, null, null);
INSERT INTO `area` VALUES ('130700', '张家口市', '130000', null, null, null);
INSERT INTO `area` VALUES ('130702', '桥东区', '130700', null, null, null);
INSERT INTO `area` VALUES ('130703', '桥西区', '130700', null, null, null);
INSERT INTO `area` VALUES ('130705', '宣化区', '130700', null, null, null);
INSERT INTO `area` VALUES ('130706', '下花园区', '130700', null, null, null);
INSERT INTO `area` VALUES ('130721', '宣化县', '130700', null, null, null);
INSERT INTO `area` VALUES ('130722', '张北县', '130700', null, null, null);
INSERT INTO `area` VALUES ('130723', '康保县', '130700', null, null, null);
INSERT INTO `area` VALUES ('130724', '沽源县', '130700', null, null, null);
INSERT INTO `area` VALUES ('130725', '尚义县', '130700', null, null, null);
INSERT INTO `area` VALUES ('130726', '蔚　县', '130700', null, null, null);
INSERT INTO `area` VALUES ('130727', '阳原县', '130700', null, null, null);
INSERT INTO `area` VALUES ('130728', '怀安县', '130700', null, null, null);
INSERT INTO `area` VALUES ('130729', '万全县', '130700', null, null, null);
INSERT INTO `area` VALUES ('130730', '怀来县', '130700', null, null, null);
INSERT INTO `area` VALUES ('130731', '涿鹿县', '130700', null, null, null);
INSERT INTO `area` VALUES ('130732', '赤城县', '130700', null, null, null);
INSERT INTO `area` VALUES ('130733', '崇礼县', '130700', null, null, null);
INSERT INTO `area` VALUES ('130800', '承德市', '130000', null, null, null);
INSERT INTO `area` VALUES ('130802', '双桥区', '130800', null, null, null);
INSERT INTO `area` VALUES ('130803', '双滦区', '130800', null, null, null);
INSERT INTO `area` VALUES ('130804', '鹰手营子矿区', '130800', null, null, null);
INSERT INTO `area` VALUES ('130821', '承德县', '130800', null, null, null);
INSERT INTO `area` VALUES ('130822', '兴隆县', '130800', null, null, null);
INSERT INTO `area` VALUES ('130823', '平泉县', '130800', null, null, null);
INSERT INTO `area` VALUES ('130824', '滦平县', '130800', null, null, null);
INSERT INTO `area` VALUES ('130825', '隆化县', '130800', null, null, null);
INSERT INTO `area` VALUES ('130826', '丰宁满族自治县', '130800', null, null, null);
INSERT INTO `area` VALUES ('130827', '宽城满族自治县', '130800', null, null, null);
INSERT INTO `area` VALUES ('130828', '围场满族蒙古族自治县', '130800', null, null, null);
INSERT INTO `area` VALUES ('130900', '沧州市', '130000', null, null, null);
INSERT INTO `area` VALUES ('130902', '新华区', '130900', null, null, null);
INSERT INTO `area` VALUES ('130903', '运河区', '130900', null, null, null);
INSERT INTO `area` VALUES ('130921', '沧　县', '130900', null, null, null);
INSERT INTO `area` VALUES ('130922', '青　县', '130900', null, null, null);
INSERT INTO `area` VALUES ('130923', '东光县', '130900', null, null, null);
INSERT INTO `area` VALUES ('130924', '海兴县', '130900', null, null, null);
INSERT INTO `area` VALUES ('130925', '盐山县', '130900', null, null, null);
INSERT INTO `area` VALUES ('130926', '肃宁县', '130900', null, null, null);
INSERT INTO `area` VALUES ('130927', '南皮县', '130900', null, null, null);
INSERT INTO `area` VALUES ('130928', '吴桥县', '130900', null, null, null);
INSERT INTO `area` VALUES ('130929', '献　县', '130900', null, null, null);
INSERT INTO `area` VALUES ('130930', '孟村回族自治县', '130900', null, null, null);
INSERT INTO `area` VALUES ('130981', '泊头市', '130900', null, null, null);
INSERT INTO `area` VALUES ('130982', '任丘市', '130900', null, null, null);
INSERT INTO `area` VALUES ('130983', '黄骅市', '130900', null, null, null);
INSERT INTO `area` VALUES ('130984', '河间市', '130900', null, null, null);
INSERT INTO `area` VALUES ('131000', '廊坊市', '130000', null, null, null);
INSERT INTO `area` VALUES ('131002', '安次区', '131000', null, null, null);
INSERT INTO `area` VALUES ('131003', '广阳区', '131000', null, null, null);
INSERT INTO `area` VALUES ('131022', '固安县', '131000', null, null, null);
INSERT INTO `area` VALUES ('131023', '永清县', '131000', null, null, null);
INSERT INTO `area` VALUES ('131024', '香河县', '131000', null, null, null);
INSERT INTO `area` VALUES ('131025', '大城县', '131000', null, null, null);
INSERT INTO `area` VALUES ('131026', '文安县', '131000', null, null, null);
INSERT INTO `area` VALUES ('131028', '大厂回族自治县', '131000', null, null, null);
INSERT INTO `area` VALUES ('131081', '霸州市', '131000', null, null, null);
INSERT INTO `area` VALUES ('131082', '三河市', '131000', null, null, null);
INSERT INTO `area` VALUES ('131100', '衡水市', '130000', null, null, null);
INSERT INTO `area` VALUES ('131102', '桃城区', '131100', null, null, null);
INSERT INTO `area` VALUES ('131121', '枣强县', '131100', null, null, null);
INSERT INTO `area` VALUES ('131122', '武邑县', '131100', null, null, null);
INSERT INTO `area` VALUES ('131123', '武强县', '131100', null, null, null);
INSERT INTO `area` VALUES ('131124', '饶阳县', '131100', null, null, null);
INSERT INTO `area` VALUES ('131125', '安平县', '131100', null, null, null);
INSERT INTO `area` VALUES ('131126', '故城县', '131100', null, null, null);
INSERT INTO `area` VALUES ('131127', '景　县', '131100', null, null, null);
INSERT INTO `area` VALUES ('131128', '阜城县', '131100', null, null, null);
INSERT INTO `area` VALUES ('131181', '冀州市', '131100', null, null, null);
INSERT INTO `area` VALUES ('131182', '深州市', '131100', null, null, null);
INSERT INTO `area` VALUES ('140000', '山西省', null, null, null, null);
INSERT INTO `area` VALUES ('140100', '太原市', '140000', null, null, null);
INSERT INTO `area` VALUES ('140105', '小店区', '140100', null, null, null);
INSERT INTO `area` VALUES ('140106', '迎泽区', '140100', null, null, null);
INSERT INTO `area` VALUES ('140107', '杏花岭区', '140100', null, null, null);
INSERT INTO `area` VALUES ('140108', '尖草坪区', '140100', null, null, null);
INSERT INTO `area` VALUES ('140109', '万柏林区', '140100', null, null, null);
INSERT INTO `area` VALUES ('140110', '晋源区', '140100', null, null, null);
INSERT INTO `area` VALUES ('140121', '清徐县', '140100', null, null, null);
INSERT INTO `area` VALUES ('140122', '阳曲县', '140100', null, null, null);
INSERT INTO `area` VALUES ('140123', '娄烦县', '140100', null, null, null);
INSERT INTO `area` VALUES ('140181', '古交市', '140100', null, null, null);
INSERT INTO `area` VALUES ('140200', '大同市', '140000', null, null, null);
INSERT INTO `area` VALUES ('140202', '城　区', '140200', null, null, null);
INSERT INTO `area` VALUES ('140203', '矿　区', '140200', null, null, null);
INSERT INTO `area` VALUES ('140211', '南郊区', '140200', null, null, null);
INSERT INTO `area` VALUES ('140212', '新荣区', '140200', null, null, null);
INSERT INTO `area` VALUES ('140221', '阳高县', '140200', null, null, null);
INSERT INTO `area` VALUES ('140222', '天镇县', '140200', null, null, null);
INSERT INTO `area` VALUES ('140223', '广灵县', '140200', null, null, null);
INSERT INTO `area` VALUES ('140224', '灵丘县', '140200', null, null, null);
INSERT INTO `area` VALUES ('140225', '浑源县', '140200', null, null, null);
INSERT INTO `area` VALUES ('140226', '左云县', '140200', null, null, null);
INSERT INTO `area` VALUES ('140227', '大同县', '140200', null, null, null);
INSERT INTO `area` VALUES ('140300', '阳泉市', '140000', null, null, null);
INSERT INTO `area` VALUES ('140302', '城　区', '140300', null, null, null);
INSERT INTO `area` VALUES ('140303', '矿　区', '140300', null, null, null);
INSERT INTO `area` VALUES ('140311', '郊　区', '140300', null, null, null);
INSERT INTO `area` VALUES ('140321', '平定县', '140300', null, null, null);
INSERT INTO `area` VALUES ('140322', '盂　县', '140300', null, null, null);
INSERT INTO `area` VALUES ('140400', '长治市', '140000', null, null, null);
INSERT INTO `area` VALUES ('140402', '城　区', '140400', null, null, null);
INSERT INTO `area` VALUES ('140411', '郊　区', '140400', null, null, null);
INSERT INTO `area` VALUES ('140421', '长治县', '140400', null, null, null);
INSERT INTO `area` VALUES ('140423', '襄垣县', '140400', null, null, null);
INSERT INTO `area` VALUES ('140424', '屯留县', '140400', null, null, null);
INSERT INTO `area` VALUES ('140425', '平顺县', '140400', null, null, null);
INSERT INTO `area` VALUES ('140426', '黎城县', '140400', null, null, null);
INSERT INTO `area` VALUES ('140427', '壶关县', '140400', null, null, null);
INSERT INTO `area` VALUES ('140428', '长子县', '140400', null, null, null);
INSERT INTO `area` VALUES ('140429', '武乡县', '140400', null, null, null);
INSERT INTO `area` VALUES ('140430', '沁　县', '140400', null, null, null);
INSERT INTO `area` VALUES ('140431', '沁源县', '140400', null, null, null);
INSERT INTO `area` VALUES ('140481', '潞城市', '140400', null, null, null);
INSERT INTO `area` VALUES ('140500', '晋城市', '140000', null, null, null);
INSERT INTO `area` VALUES ('140502', '城　区', '140500', null, null, null);
INSERT INTO `area` VALUES ('140521', '沁水县', '140500', null, null, null);
INSERT INTO `area` VALUES ('140522', '阳城县', '140500', null, null, null);
INSERT INTO `area` VALUES ('140524', '陵川县', '140500', null, null, null);
INSERT INTO `area` VALUES ('140525', '泽州县', '140500', null, null, null);
INSERT INTO `area` VALUES ('140581', '高平市', '140500', null, null, null);
INSERT INTO `area` VALUES ('140600', '朔州市', '140000', null, null, null);
INSERT INTO `area` VALUES ('140602', '朔城区', '140600', null, null, null);
INSERT INTO `area` VALUES ('140603', '平鲁区', '140600', null, null, null);
INSERT INTO `area` VALUES ('140621', '山阴县', '140600', null, null, null);
INSERT INTO `area` VALUES ('140622', '应　县', '140600', null, null, null);
INSERT INTO `area` VALUES ('140623', '右玉县', '140600', null, null, null);
INSERT INTO `area` VALUES ('140624', '怀仁县', '140600', null, null, null);
INSERT INTO `area` VALUES ('140700', '晋中市', '140000', null, null, null);
INSERT INTO `area` VALUES ('140702', '榆次区', '140700', null, null, null);
INSERT INTO `area` VALUES ('140721', '榆社县', '140700', null, null, null);
INSERT INTO `area` VALUES ('140722', '左权县', '140700', null, null, null);
INSERT INTO `area` VALUES ('140723', '和顺县', '140700', null, null, null);
INSERT INTO `area` VALUES ('140724', '昔阳县', '140700', null, null, null);
INSERT INTO `area` VALUES ('140725', '寿阳县', '140700', null, null, null);
INSERT INTO `area` VALUES ('140726', '太谷县', '140700', null, null, null);
INSERT INTO `area` VALUES ('140727', '祁　县', '140700', null, null, null);
INSERT INTO `area` VALUES ('140728', '平遥县', '140700', null, null, null);
INSERT INTO `area` VALUES ('140729', '灵石县', '140700', null, null, null);
INSERT INTO `area` VALUES ('140781', '介休市', '140700', null, null, null);
INSERT INTO `area` VALUES ('140800', '运城市', '140000', null, null, null);
INSERT INTO `area` VALUES ('140802', '盐湖区', '140800', null, null, null);
INSERT INTO `area` VALUES ('140821', '临猗县', '140800', null, null, null);
INSERT INTO `area` VALUES ('140822', '万荣县', '140800', null, null, null);
INSERT INTO `area` VALUES ('140823', '闻喜县', '140800', null, null, null);
INSERT INTO `area` VALUES ('140824', '稷山县', '140800', null, null, null);
INSERT INTO `area` VALUES ('140825', '新绛县', '140800', null, null, null);
INSERT INTO `area` VALUES ('140826', '绛　县', '140800', null, null, null);
INSERT INTO `area` VALUES ('140827', '垣曲县', '140800', null, null, null);
INSERT INTO `area` VALUES ('140828', '夏　县', '140800', null, null, null);
INSERT INTO `area` VALUES ('140829', '平陆县', '140800', null, null, null);
INSERT INTO `area` VALUES ('140830', '芮城县', '140800', null, null, null);
INSERT INTO `area` VALUES ('140881', '永济市', '140800', null, null, null);
INSERT INTO `area` VALUES ('140882', '河津市', '140800', null, null, null);
INSERT INTO `area` VALUES ('140900', '忻州市', '140000', null, null, null);
INSERT INTO `area` VALUES ('140902', '忻府区', '140900', null, null, null);
INSERT INTO `area` VALUES ('140921', '定襄县', '140900', null, null, null);
INSERT INTO `area` VALUES ('140922', '五台县', '140900', null, null, null);
INSERT INTO `area` VALUES ('140923', '代　县', '140900', null, null, null);
INSERT INTO `area` VALUES ('140924', '繁峙县', '140900', null, null, null);
INSERT INTO `area` VALUES ('140925', '宁武县', '140900', null, null, null);
INSERT INTO `area` VALUES ('140926', '静乐县', '140900', null, null, null);
INSERT INTO `area` VALUES ('140927', '神池县', '140900', null, null, null);
INSERT INTO `area` VALUES ('140928', '五寨县', '140900', null, null, null);
INSERT INTO `area` VALUES ('140929', '岢岚县', '140900', null, null, null);
INSERT INTO `area` VALUES ('140930', '河曲县', '140900', null, null, null);
INSERT INTO `area` VALUES ('140931', '保德县', '140900', null, null, null);
INSERT INTO `area` VALUES ('140932', '偏关县', '140900', null, null, null);
INSERT INTO `area` VALUES ('140981', '原平市', '140900', null, null, null);
INSERT INTO `area` VALUES ('141000', '临汾市', '140000', null, null, null);
INSERT INTO `area` VALUES ('141002', '尧都区', '141000', null, null, null);
INSERT INTO `area` VALUES ('141021', '曲沃县', '141000', null, null, null);
INSERT INTO `area` VALUES ('141022', '翼城县', '141000', null, null, null);
INSERT INTO `area` VALUES ('141023', '襄汾县', '141000', null, null, null);
INSERT INTO `area` VALUES ('141024', '洪洞县', '141000', null, null, null);
INSERT INTO `area` VALUES ('141025', '古　县', '141000', null, null, null);
INSERT INTO `area` VALUES ('141026', '安泽县', '141000', null, null, null);
INSERT INTO `area` VALUES ('141027', '浮山县', '141000', null, null, null);
INSERT INTO `area` VALUES ('141028', '吉　县', '141000', null, null, null);
INSERT INTO `area` VALUES ('141029', '乡宁县', '141000', null, null, null);
INSERT INTO `area` VALUES ('141030', '大宁县', '141000', null, null, null);
INSERT INTO `area` VALUES ('141031', '隰　县', '141000', null, null, null);
INSERT INTO `area` VALUES ('141032', '永和县', '141000', null, null, null);
INSERT INTO `area` VALUES ('141033', '蒲　县', '141000', null, null, null);
INSERT INTO `area` VALUES ('141034', '汾西县', '141000', null, null, null);
INSERT INTO `area` VALUES ('141081', '侯马市', '141000', null, null, null);
INSERT INTO `area` VALUES ('141082', '霍州市', '141000', null, null, null);
INSERT INTO `area` VALUES ('141100', '吕梁市', '140000', null, null, null);
INSERT INTO `area` VALUES ('141102', '离石区', '141100', null, null, null);
INSERT INTO `area` VALUES ('141121', '文水县', '141100', null, null, null);
INSERT INTO `area` VALUES ('141122', '交城县', '141100', null, null, null);
INSERT INTO `area` VALUES ('141123', '兴　县', '141100', null, null, null);
INSERT INTO `area` VALUES ('141124', '临　县', '141100', null, null, null);
INSERT INTO `area` VALUES ('141125', '柳林县', '141100', null, null, null);
INSERT INTO `area` VALUES ('141126', '石楼县', '141100', null, null, null);
INSERT INTO `area` VALUES ('141127', '岚　县', '141100', null, null, null);
INSERT INTO `area` VALUES ('141128', '方山县', '141100', null, null, null);
INSERT INTO `area` VALUES ('141129', '中阳县', '141100', null, null, null);
INSERT INTO `area` VALUES ('141130', '交口县', '141100', null, null, null);
INSERT INTO `area` VALUES ('141181', '孝义市', '141100', null, null, null);
INSERT INTO `area` VALUES ('141182', '汾阳市', '141100', null, null, null);
INSERT INTO `area` VALUES ('150000', '内蒙古自治区', null, null, null, null);
INSERT INTO `area` VALUES ('150100', '呼和浩特市', '150000', null, null, null);
INSERT INTO `area` VALUES ('150102', '新城区', '150100', null, null, null);
INSERT INTO `area` VALUES ('150103', '回民区', '150100', null, null, null);
INSERT INTO `area` VALUES ('150104', '玉泉区', '150100', null, null, null);
INSERT INTO `area` VALUES ('150105', '赛罕区', '150100', null, null, null);
INSERT INTO `area` VALUES ('150121', '土默特左旗', '150100', null, null, null);
INSERT INTO `area` VALUES ('150122', '托克托县', '150100', null, null, null);
INSERT INTO `area` VALUES ('150123', '和林格尔县', '150100', null, null, null);
INSERT INTO `area` VALUES ('150124', '清水河县', '150100', null, null, null);
INSERT INTO `area` VALUES ('150125', '武川县', '150100', null, null, null);
INSERT INTO `area` VALUES ('150200', '包头市', '150000', null, null, null);
INSERT INTO `area` VALUES ('150202', '东河区', '150200', null, null, null);
INSERT INTO `area` VALUES ('150203', '昆都仑区', '150200', null, null, null);
INSERT INTO `area` VALUES ('150204', '青山区', '150200', null, null, null);
INSERT INTO `area` VALUES ('150205', '石拐区', '150200', null, null, null);
INSERT INTO `area` VALUES ('150206', '白云矿区', '150200', null, null, null);
INSERT INTO `area` VALUES ('150207', '九原区', '150200', null, null, null);
INSERT INTO `area` VALUES ('150221', '土默特右旗', '150200', null, null, null);
INSERT INTO `area` VALUES ('150222', '固阳县', '150200', null, null, null);
INSERT INTO `area` VALUES ('150223', '达尔罕茂明安联合旗', '150200', null, null, null);
INSERT INTO `area` VALUES ('150300', '乌海市', '150000', null, null, null);
INSERT INTO `area` VALUES ('150302', '海勃湾区', '150300', null, null, null);
INSERT INTO `area` VALUES ('150303', '海南区', '150300', null, null, null);
INSERT INTO `area` VALUES ('150304', '乌达区', '150300', null, null, null);
INSERT INTO `area` VALUES ('150400', '赤峰市', '150000', null, null, null);
INSERT INTO `area` VALUES ('150402', '红山区', '150400', null, null, null);
INSERT INTO `area` VALUES ('150403', '元宝山区', '150400', null, null, null);
INSERT INTO `area` VALUES ('150404', '松山区', '150400', null, null, null);
INSERT INTO `area` VALUES ('150421', '阿鲁科尔沁旗', '150400', null, null, null);
INSERT INTO `area` VALUES ('150422', '巴林左旗', '150400', null, null, null);
INSERT INTO `area` VALUES ('150423', '巴林右旗', '150400', null, null, null);
INSERT INTO `area` VALUES ('150424', '林西县', '150400', null, null, null);
INSERT INTO `area` VALUES ('150425', '克什克腾旗', '150400', null, null, null);
INSERT INTO `area` VALUES ('150426', '翁牛特旗', '150400', null, null, null);
INSERT INTO `area` VALUES ('150428', '喀喇沁旗', '150400', null, null, null);
INSERT INTO `area` VALUES ('150429', '宁城县', '150400', null, null, null);
INSERT INTO `area` VALUES ('150430', '敖汉旗', '150400', null, null, null);
INSERT INTO `area` VALUES ('150500', '通辽市', '150000', null, null, null);
INSERT INTO `area` VALUES ('150502', '科尔沁区', '150500', null, null, null);
INSERT INTO `area` VALUES ('150521', '科尔沁左翼中旗', '150500', null, null, null);
INSERT INTO `area` VALUES ('150522', '科尔沁左翼后旗', '150500', null, null, null);
INSERT INTO `area` VALUES ('150523', '开鲁县', '150500', null, null, null);
INSERT INTO `area` VALUES ('150524', '库伦旗', '150500', null, null, null);
INSERT INTO `area` VALUES ('150525', '奈曼旗', '150500', null, null, null);
INSERT INTO `area` VALUES ('150526', '扎鲁特旗', '150500', null, null, null);
INSERT INTO `area` VALUES ('150581', '霍林郭勒市', '150500', null, null, null);
INSERT INTO `area` VALUES ('150600', '鄂尔多斯市', '150000', null, null, null);
INSERT INTO `area` VALUES ('150601', '(**)', '150600', null, null, null);
INSERT INTO `area` VALUES ('150602', '  东胜区', '150600', null, null, null);
INSERT INTO `area` VALUES ('150621', '达拉特旗', '150600', null, null, null);
INSERT INTO `area` VALUES ('150622', '准格尔旗', '150600', null, null, null);
INSERT INTO `area` VALUES ('150623', '鄂托克前旗', '150600', null, null, null);
INSERT INTO `area` VALUES ('150624', '鄂托克旗', '150600', null, null, null);
INSERT INTO `area` VALUES ('150625', '杭锦旗', '150600', null, null, null);
INSERT INTO `area` VALUES ('150626', '乌审旗', '150600', null, null, null);
INSERT INTO `area` VALUES ('150627', '伊金霍洛旗', '150600', null, null, null);
INSERT INTO `area` VALUES ('150700', '呼伦贝尔市', '150000', null, null, null);
INSERT INTO `area` VALUES ('150702', '海拉尔区', '150700', null, null, null);
INSERT INTO `area` VALUES ('150721', '阿荣旗', '150700', null, null, null);
INSERT INTO `area` VALUES ('150722', '莫力达瓦达斡尔族自治旗', '150700', null, null, null);
INSERT INTO `area` VALUES ('150723', '鄂伦春自治旗', '150700', null, null, null);
INSERT INTO `area` VALUES ('150724', '鄂温克族自治旗', '150700', null, null, null);
INSERT INTO `area` VALUES ('150725', '陈巴尔虎旗', '150700', null, null, null);
INSERT INTO `area` VALUES ('150726', '新巴尔虎左旗', '150700', null, null, null);
INSERT INTO `area` VALUES ('150727', '新巴尔虎右旗', '150700', null, null, null);
INSERT INTO `area` VALUES ('150781', '满洲里市', '150700', null, null, null);
INSERT INTO `area` VALUES ('150782', '牙克石市', '150700', null, null, null);
INSERT INTO `area` VALUES ('150783', '扎兰屯市', '150700', null, null, null);
INSERT INTO `area` VALUES ('150784', '额尔古纳市', '150700', null, null, null);
INSERT INTO `area` VALUES ('150785', '根河市', '150700', null, null, null);
INSERT INTO `area` VALUES ('150800', '巴彦淖尔市', '150000', null, null, null);
INSERT INTO `area` VALUES ('150802', '临河区', '150800', null, null, null);
INSERT INTO `area` VALUES ('150821', '五原县', '150800', null, null, null);
INSERT INTO `area` VALUES ('150822', '磴口县', '150800', null, null, null);
INSERT INTO `area` VALUES ('150823', '乌拉特前旗', '150800', null, null, null);
INSERT INTO `area` VALUES ('150824', '乌拉特中旗', '150800', null, null, null);
INSERT INTO `area` VALUES ('150825', '乌拉特后旗', '150800', null, null, null);
INSERT INTO `area` VALUES ('150826', '杭锦后旗', '150800', null, null, null);
INSERT INTO `area` VALUES ('150900', '乌兰察布市', '150000', null, null, null);
INSERT INTO `area` VALUES ('150902', '集宁区', '150900', null, null, null);
INSERT INTO `area` VALUES ('150921', '卓资县', '150900', null, null, null);
INSERT INTO `area` VALUES ('150922', '化德县', '150900', null, null, null);
INSERT INTO `area` VALUES ('150923', '商都县', '150900', null, null, null);
INSERT INTO `area` VALUES ('150924', '兴和县', '150900', null, null, null);
INSERT INTO `area` VALUES ('150925', '凉城县', '150900', null, null, null);
INSERT INTO `area` VALUES ('150926', '察哈尔右翼前旗', '150900', null, null, null);
INSERT INTO `area` VALUES ('150927', '察哈尔右翼中旗', '150900', null, null, null);
INSERT INTO `area` VALUES ('150928', '察哈尔右翼后旗', '150900', null, null, null);
INSERT INTO `area` VALUES ('150929', '四子王旗', '150900', null, null, null);
INSERT INTO `area` VALUES ('150981', '丰镇市', '150900', null, null, null);
INSERT INTO `area` VALUES ('152200', '兴安盟', '150000', null, null, null);
INSERT INTO `area` VALUES ('152201', '乌兰浩特市', '152200', null, null, null);
INSERT INTO `area` VALUES ('152202', '阿尔山市', '152200', null, null, null);
INSERT INTO `area` VALUES ('152221', '科尔沁右翼前旗', '152200', null, null, null);
INSERT INTO `area` VALUES ('152222', '科尔沁右翼中旗', '152200', null, null, null);
INSERT INTO `area` VALUES ('152223', '扎赉特旗', '152200', null, null, null);
INSERT INTO `area` VALUES ('152224', '突泉县', '152200', null, null, null);
INSERT INTO `area` VALUES ('152500', '锡林郭勒盟', '150000', null, null, null);
INSERT INTO `area` VALUES ('152501', '二连浩特市', '152500', null, null, null);
INSERT INTO `area` VALUES ('152502', '锡林浩特市', '152500', null, null, null);
INSERT INTO `area` VALUES ('152522', '阿巴嘎旗', '152500', null, null, null);
INSERT INTO `area` VALUES ('152523', '苏尼特左旗', '152500', null, null, null);
INSERT INTO `area` VALUES ('152524', '苏尼特右旗', '152500', null, null, null);
INSERT INTO `area` VALUES ('152525', '东乌珠穆沁旗', '152500', null, null, null);
INSERT INTO `area` VALUES ('152526', '西乌珠穆沁旗', '152500', null, null, null);
INSERT INTO `area` VALUES ('152527', '太仆寺旗', '152500', null, null, null);
INSERT INTO `area` VALUES ('152528', '镶黄旗', '152500', null, null, null);
INSERT INTO `area` VALUES ('152529', '正镶白旗', '152500', null, null, null);
INSERT INTO `area` VALUES ('152530', '正蓝旗', '152500', null, null, null);
INSERT INTO `area` VALUES ('152531', '多伦县', '152500', null, null, null);
INSERT INTO `area` VALUES ('152900', '阿拉善盟', '150000', null, null, null);
INSERT INTO `area` VALUES ('152921', '阿拉善左旗', '152900', null, null, null);
INSERT INTO `area` VALUES ('152922', '阿拉善右旗', '152900', null, null, null);
INSERT INTO `area` VALUES ('152923', '额济纳旗', '152900', null, null, null);
INSERT INTO `area` VALUES ('210000', '辽宁省', null, null, null, null);
INSERT INTO `area` VALUES ('210100', '沈阳市', '210000', null, null, null);
INSERT INTO `area` VALUES ('210102', '和平区', '210100', null, null, null);
INSERT INTO `area` VALUES ('210103', '沈河区', '210100', null, null, null);
INSERT INTO `area` VALUES ('210104', '大东区', '210100', null, null, null);
INSERT INTO `area` VALUES ('210105', '皇姑区', '210100', null, null, null);
INSERT INTO `area` VALUES ('210106', '铁西区', '210100', null, null, null);
INSERT INTO `area` VALUES ('210111', '苏家屯区', '210100', null, null, null);
INSERT INTO `area` VALUES ('210112', '东陵区', '210100', null, null, null);
INSERT INTO `area` VALUES ('210113', '沈北新区', '210100', null, null, null);
INSERT INTO `area` VALUES ('210114', '于洪区', '210100', null, null, null);
INSERT INTO `area` VALUES ('210122', '辽中县', '210100', null, null, null);
INSERT INTO `area` VALUES ('210123', '康平县', '210100', null, null, null);
INSERT INTO `area` VALUES ('210124', '法库县', '210100', null, null, null);
INSERT INTO `area` VALUES ('210181', '新民市', '210100', null, null, null);
INSERT INTO `area` VALUES ('210200', '大连市', '210000', null, null, null);
INSERT INTO `area` VALUES ('210202', '中山区', '210200', null, null, null);
INSERT INTO `area` VALUES ('210203', '西岗区', '210200', null, null, null);
INSERT INTO `area` VALUES ('210204', '沙河口区', '210200', null, null, null);
INSERT INTO `area` VALUES ('210211', '甘井子区', '210200', null, null, null);
INSERT INTO `area` VALUES ('210212', '旅顺口区', '210200', null, null, null);
INSERT INTO `area` VALUES ('210213', '金州区', '210200', null, null, null);
INSERT INTO `area` VALUES ('210224', '长海县', '210200', null, null, null);
INSERT INTO `area` VALUES ('210281', '瓦房店市', '210200', null, null, null);
INSERT INTO `area` VALUES ('210282', '普兰店市', '210200', null, null, null);
INSERT INTO `area` VALUES ('210283', '庄河市', '210200', null, null, null);
INSERT INTO `area` VALUES ('210300', '鞍山市', '210000', null, null, null);
INSERT INTO `area` VALUES ('210302', '铁东区', '210300', null, null, null);
INSERT INTO `area` VALUES ('210303', '铁西区', '210300', null, null, null);
INSERT INTO `area` VALUES ('210304', '立山区', '210300', null, null, null);
INSERT INTO `area` VALUES ('210311', '千山区', '210300', null, null, null);
INSERT INTO `area` VALUES ('210321', '台安县', '210300', null, null, null);
INSERT INTO `area` VALUES ('210323', '岫岩满族自治县', '210300', null, null, null);
INSERT INTO `area` VALUES ('210381', '海城市', '210300', null, null, null);
INSERT INTO `area` VALUES ('210400', '抚顺市', '210000', null, null, null);
INSERT INTO `area` VALUES ('210402', '新抚区', '210400', null, null, null);
INSERT INTO `area` VALUES ('210403', '东洲区', '210400', null, null, null);
INSERT INTO `area` VALUES ('210404', '望花区', '210400', null, null, null);
INSERT INTO `area` VALUES ('210411', '顺城区', '210400', null, null, null);
INSERT INTO `area` VALUES ('210421', '抚顺县', '210400', null, null, null);
INSERT INTO `area` VALUES ('210422', '新宾满族自治县', '210400', null, null, null);
INSERT INTO `area` VALUES ('210423', '清原满族自治县', '210400', null, null, null);
INSERT INTO `area` VALUES ('210500', '本溪市', '210000', null, null, null);
INSERT INTO `area` VALUES ('210502', '平山区', '210500', null, null, null);
INSERT INTO `area` VALUES ('210503', '溪湖区', '210500', null, null, null);
INSERT INTO `area` VALUES ('210504', '明山区', '210500', null, null, null);
INSERT INTO `area` VALUES ('210505', '南芬区', '210500', null, null, null);
INSERT INTO `area` VALUES ('210521', '本溪满族自治县', '210500', null, null, null);
INSERT INTO `area` VALUES ('210522', '桓仁满族自治县', '210500', null, null, null);
INSERT INTO `area` VALUES ('210600', '丹东市', '210000', null, null, null);
INSERT INTO `area` VALUES ('210602', '元宝区', '210600', null, null, null);
INSERT INTO `area` VALUES ('210603', '振兴区', '210600', null, null, null);
INSERT INTO `area` VALUES ('210604', '振安区', '210600', null, null, null);
INSERT INTO `area` VALUES ('210624', '宽甸满族自治县', '210600', null, null, null);
INSERT INTO `area` VALUES ('210681', '东港市', '210600', null, null, null);
INSERT INTO `area` VALUES ('210682', '凤城市', '210600', null, null, null);
INSERT INTO `area` VALUES ('210700', '锦州市', '210000', null, null, null);
INSERT INTO `area` VALUES ('210702', '古塔区', '210700', null, null, null);
INSERT INTO `area` VALUES ('210703', '凌河区', '210700', null, null, null);
INSERT INTO `area` VALUES ('210711', '太和区', '210700', null, null, null);
INSERT INTO `area` VALUES ('210726', '黑山县', '210700', null, null, null);
INSERT INTO `area` VALUES ('210727', '义　县', '210700', null, null, null);
INSERT INTO `area` VALUES ('210781', '凌海市', '210700', null, null, null);
INSERT INTO `area` VALUES ('210782', '北镇市', '210700', null, null, null);
INSERT INTO `area` VALUES ('210800', '营口市', '210000', null, null, null);
INSERT INTO `area` VALUES ('210802', '站前区', '210800', null, null, null);
INSERT INTO `area` VALUES ('210803', '西市区', '210800', null, null, null);
INSERT INTO `area` VALUES ('210804', '鲅鱼圈区', '210800', null, null, null);
INSERT INTO `area` VALUES ('210811', '老边区', '210800', null, null, null);
INSERT INTO `area` VALUES ('210881', '盖州市', '210800', null, null, null);
INSERT INTO `area` VALUES ('210882', '大石桥市', '210800', null, null, null);
INSERT INTO `area` VALUES ('210900', '阜新市', '210000', null, null, null);
INSERT INTO `area` VALUES ('210902', '海州区', '210900', null, null, null);
INSERT INTO `area` VALUES ('210903', '新邱区', '210900', null, null, null);
INSERT INTO `area` VALUES ('210904', '太平区', '210900', null, null, null);
INSERT INTO `area` VALUES ('210905', '清河门区', '210900', null, null, null);
INSERT INTO `area` VALUES ('210911', '细河区', '210900', null, null, null);
INSERT INTO `area` VALUES ('210921', '阜新蒙古族自治县', '210900', null, null, null);
INSERT INTO `area` VALUES ('210922', '彰武县', '210900', null, null, null);
INSERT INTO `area` VALUES ('211000', '辽阳市', '210000', null, null, null);
INSERT INTO `area` VALUES ('211002', '白塔区', '211000', null, null, null);
INSERT INTO `area` VALUES ('211003', '文圣区', '211000', null, null, null);
INSERT INTO `area` VALUES ('211004', '宏伟区', '211000', null, null, null);
INSERT INTO `area` VALUES ('211005', '弓长岭区', '211000', null, null, null);
INSERT INTO `area` VALUES ('211011', '太子河区', '211000', null, null, null);
INSERT INTO `area` VALUES ('211021', '辽阳县', '211000', null, null, null);
INSERT INTO `area` VALUES ('211081', '灯塔市', '211000', null, null, null);
INSERT INTO `area` VALUES ('211100', '盘锦市', '210000', null, null, null);
INSERT INTO `area` VALUES ('211102', '双台子区', '211100', null, null, null);
INSERT INTO `area` VALUES ('211103', '兴隆台区', '211100', null, null, null);
INSERT INTO `area` VALUES ('211121', '大洼县', '211100', null, null, null);
INSERT INTO `area` VALUES ('211122', '盘山县', '211100', null, null, null);
INSERT INTO `area` VALUES ('211200', '铁岭市', '210000', null, null, null);
INSERT INTO `area` VALUES ('211202', '银州区', '211200', null, null, null);
INSERT INTO `area` VALUES ('211204', '清河区', '211200', null, null, null);
INSERT INTO `area` VALUES ('211221', '铁岭县', '211200', null, null, null);
INSERT INTO `area` VALUES ('211223', '西丰县', '211200', null, null, null);
INSERT INTO `area` VALUES ('211224', '昌图县', '211200', null, null, null);
INSERT INTO `area` VALUES ('211281', '调兵山市', '211200', null, null, null);
INSERT INTO `area` VALUES ('211282', '开原市', '211200', null, null, null);
INSERT INTO `area` VALUES ('211300', '朝阳市', '210000', null, null, null);
INSERT INTO `area` VALUES ('211302', '双塔区', '211300', null, null, null);
INSERT INTO `area` VALUES ('211303', '龙城区', '211300', null, null, null);
INSERT INTO `area` VALUES ('211321', '朝阳县', '211300', null, null, null);
INSERT INTO `area` VALUES ('211322', '建平县', '211300', null, null, null);
INSERT INTO `area` VALUES ('211324', '喀喇沁左翼蒙古族自治县', '211300', null, null, null);
INSERT INTO `area` VALUES ('211381', '北票市', '211300', null, null, null);
INSERT INTO `area` VALUES ('211382', '凌源市', '211300', null, null, null);
INSERT INTO `area` VALUES ('211400', '葫芦岛市', '210000', null, null, null);
INSERT INTO `area` VALUES ('211402', '连山区', '211400', null, null, null);
INSERT INTO `area` VALUES ('211403', '龙港区', '211400', null, null, null);
INSERT INTO `area` VALUES ('211404', '南票区', '211400', null, null, null);
INSERT INTO `area` VALUES ('211421', '绥中县', '211400', null, null, null);
INSERT INTO `area` VALUES ('211422', '建昌县', '211400', null, null, null);
INSERT INTO `area` VALUES ('211481', '兴城市', '211400', null, null, null);
INSERT INTO `area` VALUES ('220000', '吉林省', null, null, null, null);
INSERT INTO `area` VALUES ('220100', '长春市', '220000', null, null, null);
INSERT INTO `area` VALUES ('220102', '南关区', '220100', null, null, null);
INSERT INTO `area` VALUES ('220103', '宽城区', '220100', null, null, null);
INSERT INTO `area` VALUES ('220104', '朝阳区', '220100', null, null, null);
INSERT INTO `area` VALUES ('220105', '二道区', '220100', null, null, null);
INSERT INTO `area` VALUES ('220106', '绿园区', '220100', null, null, null);
INSERT INTO `area` VALUES ('220112', '双阳区', '220100', null, null, null);
INSERT INTO `area` VALUES ('220122', '农安县', '220100', null, null, null);
INSERT INTO `area` VALUES ('220181', '九台市', '220100', null, null, null);
INSERT INTO `area` VALUES ('220182', '榆树市', '220100', null, null, null);
INSERT INTO `area` VALUES ('220183', '德惠市', '220100', null, null, null);
INSERT INTO `area` VALUES ('220200', '吉林市', '220000', null, null, null);
INSERT INTO `area` VALUES ('220202', '昌邑区', '220200', null, null, null);
INSERT INTO `area` VALUES ('220203', '龙潭区', '220200', null, null, null);
INSERT INTO `area` VALUES ('220204', '船营区', '220200', null, null, null);
INSERT INTO `area` VALUES ('220211', '丰满区', '220200', null, null, null);
INSERT INTO `area` VALUES ('220221', '永吉县', '220200', null, null, null);
INSERT INTO `area` VALUES ('220281', '蛟河市', '220200', null, null, null);
INSERT INTO `area` VALUES ('220282', '桦甸市', '220200', null, null, null);
INSERT INTO `area` VALUES ('220283', '舒兰市', '220200', null, null, null);
INSERT INTO `area` VALUES ('220284', '磐石市', '220200', null, null, null);
INSERT INTO `area` VALUES ('220300', '四平市', '220000', null, null, null);
INSERT INTO `area` VALUES ('220302', '铁西区', '220300', null, null, null);
INSERT INTO `area` VALUES ('220303', '铁东区', '220300', null, null, null);
INSERT INTO `area` VALUES ('220322', '梨树县', '220300', null, null, null);
INSERT INTO `area` VALUES ('220323', '伊通满族自治县', '220300', null, null, null);
INSERT INTO `area` VALUES ('220381', '公主岭市', '220300', null, null, null);
INSERT INTO `area` VALUES ('220382', '双辽市', '220300', null, null, null);
INSERT INTO `area` VALUES ('220400', '辽源市', '220000', null, null, null);
INSERT INTO `area` VALUES ('220402', '龙山区', '220400', null, null, null);
INSERT INTO `area` VALUES ('220403', '西安区', '220400', null, null, null);
INSERT INTO `area` VALUES ('220421', '东丰县', '220400', null, null, null);
INSERT INTO `area` VALUES ('220422', '东辽县', '220400', null, null, null);
INSERT INTO `area` VALUES ('220500', '通化市', '220000', null, null, null);
INSERT INTO `area` VALUES ('220502', '东昌区', '220500', null, null, null);
INSERT INTO `area` VALUES ('220503', '二道江区', '220500', null, null, null);
INSERT INTO `area` VALUES ('220521', '通化县', '220500', null, null, null);
INSERT INTO `area` VALUES ('220523', '辉南县', '220500', null, null, null);
INSERT INTO `area` VALUES ('220524', '柳河县', '220500', null, null, null);
INSERT INTO `area` VALUES ('220581', '梅河口市', '220500', null, null, null);
INSERT INTO `area` VALUES ('220582', '集安市', '220500', null, null, null);
INSERT INTO `area` VALUES ('220600', '白山市', '220000', null, null, null);
INSERT INTO `area` VALUES ('220602', '八道江区', '220600', null, null, null);
INSERT INTO `area` VALUES ('220605', '  江源区(**)', '220600', null, null, null);
INSERT INTO `area` VALUES ('220621', '抚松县', '220600', null, null, null);
INSERT INTO `area` VALUES ('220622', '靖宇县', '220600', null, null, null);
INSERT INTO `area` VALUES ('220623', '长白朝鲜族自治县', '220600', null, null, null);
INSERT INTO `area` VALUES ('220681', '临江市', '220600', null, null, null);
INSERT INTO `area` VALUES ('220700', '松原市', '220000', null, null, null);
INSERT INTO `area` VALUES ('220702', '宁江区', '220700', null, null, null);
INSERT INTO `area` VALUES ('220721', '前郭尔罗斯蒙古族自治县', '220700', null, null, null);
INSERT INTO `area` VALUES ('220722', '长岭县', '220700', null, null, null);
INSERT INTO `area` VALUES ('220723', '乾安县', '220700', null, null, null);
INSERT INTO `area` VALUES ('220724', '扶余县', '220700', null, null, null);
INSERT INTO `area` VALUES ('220800', '白城市', '220000', null, null, null);
INSERT INTO `area` VALUES ('220802', '洮北区', '220800', null, null, null);
INSERT INTO `area` VALUES ('220821', '镇赉县', '220800', null, null, null);
INSERT INTO `area` VALUES ('220822', '通榆县', '220800', null, null, null);
INSERT INTO `area` VALUES ('220881', '洮南市', '220800', null, null, null);
INSERT INTO `area` VALUES ('220882', '大安市', '220800', null, null, null);
INSERT INTO `area` VALUES ('222400', '延边朝鲜族自治州', '220000', null, null, null);
INSERT INTO `area` VALUES ('222401', '延吉市', '222400', null, null, null);
INSERT INTO `area` VALUES ('222402', '图们市', '222400', null, null, null);
INSERT INTO `area` VALUES ('222403', '敦化市', '222400', null, null, null);
INSERT INTO `area` VALUES ('222404', '珲春市', '222400', null, null, null);
INSERT INTO `area` VALUES ('222405', '龙井市', '222400', null, null, null);
INSERT INTO `area` VALUES ('222406', '和龙市', '222400', null, null, null);
INSERT INTO `area` VALUES ('222424', '汪清县', '222400', null, null, null);
INSERT INTO `area` VALUES ('222426', '安图县', '222400', null, null, null);
INSERT INTO `area` VALUES ('230000', '黑龙江省', null, null, null, null);
INSERT INTO `area` VALUES ('230100', '哈尔滨市', '230000', null, null, null);
INSERT INTO `area` VALUES ('230102', '道里区', '230100', null, null, null);
INSERT INTO `area` VALUES ('230103', '南岗区', '230100', null, null, null);
INSERT INTO `area` VALUES ('230104', '道外区', '230100', null, null, null);
INSERT INTO `area` VALUES ('230108', '平房区', '230100', null, null, null);
INSERT INTO `area` VALUES ('230109', '松北区', '230100', null, null, null);
INSERT INTO `area` VALUES ('230110', '香坊区', '230100', null, null, null);
INSERT INTO `area` VALUES ('230111', '呼兰区', '230100', null, null, null);
INSERT INTO `area` VALUES ('230123', '依兰县', '230100', null, null, null);
INSERT INTO `area` VALUES ('230124', '方正县', '230100', null, null, null);
INSERT INTO `area` VALUES ('230125', '宾　县', '230100', null, null, null);
INSERT INTO `area` VALUES ('230126', '巴彦县', '230100', null, null, null);
INSERT INTO `area` VALUES ('230127', '木兰县', '230100', null, null, null);
INSERT INTO `area` VALUES ('230128', '通河县', '230100', null, null, null);
INSERT INTO `area` VALUES ('230129', '延寿县', '230100', null, null, null);
INSERT INTO `area` VALUES ('230182', '双城市', '230100', null, null, null);
INSERT INTO `area` VALUES ('230183', '尚志市', '230100', null, null, null);
INSERT INTO `area` VALUES ('230184', '五常市', '230100', null, null, null);
INSERT INTO `area` VALUES ('230200', '齐齐哈尔市', '230000', null, null, null);
INSERT INTO `area` VALUES ('230202', '龙沙区', '230200', null, null, null);
INSERT INTO `area` VALUES ('230203', '建华区', '230200', null, null, null);
INSERT INTO `area` VALUES ('230204', '铁锋区', '230200', null, null, null);
INSERT INTO `area` VALUES ('230205', '昂昂溪区', '230200', null, null, null);
INSERT INTO `area` VALUES ('230206', '富拉尔基区', '230200', null, null, null);
INSERT INTO `area` VALUES ('230207', '碾子山区', '230200', null, null, null);
INSERT INTO `area` VALUES ('230208', '梅里斯达斡尔族区', '230200', null, null, null);
INSERT INTO `area` VALUES ('230221', '龙江县', '230200', null, null, null);
INSERT INTO `area` VALUES ('230223', '依安县', '230200', null, null, null);
INSERT INTO `area` VALUES ('230224', '泰来县', '230200', null, null, null);
INSERT INTO `area` VALUES ('230225', '甘南县', '230200', null, null, null);
INSERT INTO `area` VALUES ('230227', '富裕县', '230200', null, null, null);
INSERT INTO `area` VALUES ('230229', '克山县', '230200', null, null, null);
INSERT INTO `area` VALUES ('230230', '克东县', '230200', null, null, null);
INSERT INTO `area` VALUES ('230231', '拜泉县', '230200', null, null, null);
INSERT INTO `area` VALUES ('230281', '讷河市', '230200', null, null, null);
INSERT INTO `area` VALUES ('230300', '鸡西市', '230000', null, null, null);
INSERT INTO `area` VALUES ('230302', '鸡冠区', '230300', null, null, null);
INSERT INTO `area` VALUES ('230303', '恒山区', '230300', null, null, null);
INSERT INTO `area` VALUES ('230304', '滴道区', '230300', null, null, null);
INSERT INTO `area` VALUES ('230305', '梨树区', '230300', null, null, null);
INSERT INTO `area` VALUES ('230306', '城子河区', '230300', null, null, null);
INSERT INTO `area` VALUES ('230307', '麻山区', '230300', null, null, null);
INSERT INTO `area` VALUES ('230321', '鸡东县', '230300', null, null, null);
INSERT INTO `area` VALUES ('230381', '虎林市', '230300', null, null, null);
INSERT INTO `area` VALUES ('230382', '密山市', '230300', null, null, null);
INSERT INTO `area` VALUES ('230400', '鹤岗市', '230000', null, null, null);
INSERT INTO `area` VALUES ('230402', '向阳区', '230400', null, null, null);
INSERT INTO `area` VALUES ('230403', '工农区', '230400', null, null, null);
INSERT INTO `area` VALUES ('230404', '南山区', '230400', null, null, null);
INSERT INTO `area` VALUES ('230405', '兴安区', '230400', null, null, null);
INSERT INTO `area` VALUES ('230406', '东山区', '230400', null, null, null);
INSERT INTO `area` VALUES ('230407', '兴山区', '230400', null, null, null);
INSERT INTO `area` VALUES ('230421', '萝北县', '230400', null, null, null);
INSERT INTO `area` VALUES ('230422', '绥滨县', '230400', null, null, null);
INSERT INTO `area` VALUES ('230500', '双鸭山市', '230000', null, null, null);
INSERT INTO `area` VALUES ('230502', '尖山区', '230500', null, null, null);
INSERT INTO `area` VALUES ('230503', '岭东区', '230500', null, null, null);
INSERT INTO `area` VALUES ('230505', '四方台区', '230500', null, null, null);
INSERT INTO `area` VALUES ('230506', '宝山区', '230500', null, null, null);
INSERT INTO `area` VALUES ('230521', '集贤县', '230500', null, null, null);
INSERT INTO `area` VALUES ('230522', '友谊县', '230500', null, null, null);
INSERT INTO `area` VALUES ('230523', '宝清县', '230500', null, null, null);
INSERT INTO `area` VALUES ('230524', '饶河县', '230500', null, null, null);
INSERT INTO `area` VALUES ('230600', '大庆市', '230000', null, null, null);
INSERT INTO `area` VALUES ('230602', '萨尔图区', '230600', null, null, null);
INSERT INTO `area` VALUES ('230603', '龙凤区', '230600', null, null, null);
INSERT INTO `area` VALUES ('230604', '让胡路区', '230600', null, null, null);
INSERT INTO `area` VALUES ('230605', '红岗区', '230600', null, null, null);
INSERT INTO `area` VALUES ('230606', '大同区', '230600', null, null, null);
INSERT INTO `area` VALUES ('230621', '肇州县', '230600', null, null, null);
INSERT INTO `area` VALUES ('230622', '肇源县', '230600', null, null, null);
INSERT INTO `area` VALUES ('230623', '林甸县', '230600', null, null, null);
INSERT INTO `area` VALUES ('230624', '杜尔伯特蒙古族自治县', '230600', null, null, null);
INSERT INTO `area` VALUES ('230700', '伊春市', '230000', null, null, null);
INSERT INTO `area` VALUES ('230702', '伊春区', '230700', null, null, null);
INSERT INTO `area` VALUES ('230703', '南岔区', '230700', null, null, null);
INSERT INTO `area` VALUES ('230704', '友好区', '230700', null, null, null);
INSERT INTO `area` VALUES ('230705', '西林区', '230700', null, null, null);
INSERT INTO `area` VALUES ('230706', '翠峦区', '230700', null, null, null);
INSERT INTO `area` VALUES ('230707', '新青区', '230700', null, null, null);
INSERT INTO `area` VALUES ('230708', '美溪区', '230700', null, null, null);
INSERT INTO `area` VALUES ('230709', '金山屯区', '230700', null, null, null);
INSERT INTO `area` VALUES ('230710', '五营区', '230700', null, null, null);
INSERT INTO `area` VALUES ('230711', '乌马河区', '230700', null, null, null);
INSERT INTO `area` VALUES ('230712', '汤旺河区', '230700', null, null, null);
INSERT INTO `area` VALUES ('230713', '带岭区', '230700', null, null, null);
INSERT INTO `area` VALUES ('230714', '乌伊岭区', '230700', null, null, null);
INSERT INTO `area` VALUES ('230715', '红星区', '230700', null, null, null);
INSERT INTO `area` VALUES ('230716', '上甘岭区', '230700', null, null, null);
INSERT INTO `area` VALUES ('230722', '嘉荫县', '230700', null, null, null);
INSERT INTO `area` VALUES ('230781', '铁力市', '230700', null, null, null);
INSERT INTO `area` VALUES ('230800', '佳木斯市', '230000', null, null, null);
INSERT INTO `area` VALUES ('230803', '向阳区', '230800', null, null, null);
INSERT INTO `area` VALUES ('230804', '前进区', '230800', null, null, null);
INSERT INTO `area` VALUES ('230805', '东风区', '230800', null, null, null);
INSERT INTO `area` VALUES ('230811', '郊　区', '230800', null, null, null);
INSERT INTO `area` VALUES ('230822', '桦南县', '230800', null, null, null);
INSERT INTO `area` VALUES ('230826', '桦川县', '230800', null, null, null);
INSERT INTO `area` VALUES ('230828', '汤原县', '230800', null, null, null);
INSERT INTO `area` VALUES ('230833', '抚远县', '230800', null, null, null);
INSERT INTO `area` VALUES ('230881', '同江市', '230800', null, null, null);
INSERT INTO `area` VALUES ('230882', '富锦市', '230800', null, null, null);
INSERT INTO `area` VALUES ('230900', '七台河市', '230000', null, null, null);
INSERT INTO `area` VALUES ('230902', '新兴区', '230900', null, null, null);
INSERT INTO `area` VALUES ('230903', '桃山区', '230900', null, null, null);
INSERT INTO `area` VALUES ('230904', '茄子河区', '230900', null, null, null);
INSERT INTO `area` VALUES ('230921', '勃利县', '230900', null, null, null);
INSERT INTO `area` VALUES ('231000', '牡丹江市', '230000', null, null, null);
INSERT INTO `area` VALUES ('231002', '东安区', '231000', null, null, null);
INSERT INTO `area` VALUES ('231003', '阳明区', '231000', null, null, null);
INSERT INTO `area` VALUES ('231004', '爱民区', '231000', null, null, null);
INSERT INTO `area` VALUES ('231005', '西安区', '231000', null, null, null);
INSERT INTO `area` VALUES ('231024', '东宁县', '231000', null, null, null);
INSERT INTO `area` VALUES ('231025', '林口县', '231000', null, null, null);
INSERT INTO `area` VALUES ('231081', '绥芬河市', '231000', null, null, null);
INSERT INTO `area` VALUES ('231083', '海林市', '231000', null, null, null);
INSERT INTO `area` VALUES ('231084', '宁安市', '231000', null, null, null);
INSERT INTO `area` VALUES ('231085', '穆棱市', '231000', null, null, null);
INSERT INTO `area` VALUES ('231100', '黑河市', '230000', null, null, null);
INSERT INTO `area` VALUES ('231102', '爱辉区', '231100', null, null, null);
INSERT INTO `area` VALUES ('231121', '嫩江县', '231100', null, null, null);
INSERT INTO `area` VALUES ('231123', '逊克县', '231100', null, null, null);
INSERT INTO `area` VALUES ('231124', '孙吴县', '231100', null, null, null);
INSERT INTO `area` VALUES ('231181', '北安市', '231100', null, null, null);
INSERT INTO `area` VALUES ('231182', '五大连池市', '231100', null, null, null);
INSERT INTO `area` VALUES ('231200', '绥化市', '230000', null, null, null);
INSERT INTO `area` VALUES ('231202', '北林区', '231200', null, null, null);
INSERT INTO `area` VALUES ('231221', '望奎县', '231200', null, null, null);
INSERT INTO `area` VALUES ('231222', '兰西县', '231200', null, null, null);
INSERT INTO `area` VALUES ('231223', '青冈县', '231200', null, null, null);
INSERT INTO `area` VALUES ('231224', '庆安县', '231200', null, null, null);
INSERT INTO `area` VALUES ('231225', '明水县', '231200', null, null, null);
INSERT INTO `area` VALUES ('231226', '绥棱县', '231200', null, null, null);
INSERT INTO `area` VALUES ('231281', '安达市', '231200', null, null, null);
INSERT INTO `area` VALUES ('231282', '肇东市', '231200', null, null, null);
INSERT INTO `area` VALUES ('231283', '海伦市', '231200', null, null, null);
INSERT INTO `area` VALUES ('232700', '大兴安岭地区', '230000', null, null, null);
INSERT INTO `area` VALUES ('232701', '加格达奇区', '232700', null, null, null);
INSERT INTO `area` VALUES ('232702', '松岭区', '232700', null, null, null);
INSERT INTO `area` VALUES ('232703', '新林区', '232700', null, null, null);
INSERT INTO `area` VALUES ('232704', '呼中区', '232700', null, null, null);
INSERT INTO `area` VALUES ('232721', '呼玛县', '232700', null, null, null);
INSERT INTO `area` VALUES ('232722', '塔河县', '232700', null, null, null);
INSERT INTO `area` VALUES ('232723', '漠河县', '232700', null, null, null);
INSERT INTO `area` VALUES ('310000', '上海市', null, null, null, null);
INSERT INTO `area` VALUES ('310100', '上海', '310000', null, null, null);
INSERT INTO `area` VALUES ('310101', '黄浦区', '310100', null, null, null);
INSERT INTO `area` VALUES ('310103', '卢湾区', '310100', null, null, null);
INSERT INTO `area` VALUES ('310104', '徐汇区', '310100', null, null, null);
INSERT INTO `area` VALUES ('310105', '长宁区', '310100', null, null, null);
INSERT INTO `area` VALUES ('310106', '静安区', '310100', null, null, null);
INSERT INTO `area` VALUES ('310107', '普陀区', '310100', null, null, null);
INSERT INTO `area` VALUES ('310108', '闸北区', '310100', null, null, null);
INSERT INTO `area` VALUES ('310109', '虹口区', '310100', null, null, null);
INSERT INTO `area` VALUES ('310110', '杨浦区', '310100', null, null, null);
INSERT INTO `area` VALUES ('310112', '闵行区', '310100', null, null, null);
INSERT INTO `area` VALUES ('310113', '宝山区', '310100', null, null, null);
INSERT INTO `area` VALUES ('310114', '嘉定区', '310100', null, null, null);
INSERT INTO `area` VALUES ('310115', '浦东新区', '310100', null, null, null);
INSERT INTO `area` VALUES ('310116', '金山区', '310100', null, null, null);
INSERT INTO `area` VALUES ('310117', '松江区', '310100', null, null, null);
INSERT INTO `area` VALUES ('310118', '青浦区', '310100', null, null, null);
INSERT INTO `area` VALUES ('310119', '南汇区', '310100', null, null, null);
INSERT INTO `area` VALUES ('310120', '奉贤区', '310100', null, null, null);
INSERT INTO `area` VALUES ('310200', '县', '310000', null, null, null);
INSERT INTO `area` VALUES ('310230', '崇明县', '310200', null, null, null);
INSERT INTO `area` VALUES ('320000', '江苏省', null, null, null, null);
INSERT INTO `area` VALUES ('320100', '南京市', '320000', null, null, null);
INSERT INTO `area` VALUES ('320102', '玄武区', '320100', null, null, null);
INSERT INTO `area` VALUES ('320103', '白下区', '320100', null, null, null);
INSERT INTO `area` VALUES ('320104', '秦淮区', '320100', null, null, null);
INSERT INTO `area` VALUES ('320105', '建邺区', '320100', null, null, null);
INSERT INTO `area` VALUES ('320106', '鼓楼区', '320100', null, null, null);
INSERT INTO `area` VALUES ('320107', '下关区', '320100', null, null, null);
INSERT INTO `area` VALUES ('320111', '浦口区', '320100', null, null, null);
INSERT INTO `area` VALUES ('320113', '栖霞区', '320100', null, null, null);
INSERT INTO `area` VALUES ('320114', '雨花台区', '320100', null, null, null);
INSERT INTO `area` VALUES ('320115', '江宁区', '320100', null, null, null);
INSERT INTO `area` VALUES ('320116', '六合区', '320100', null, null, null);
INSERT INTO `area` VALUES ('320124', '溧水县', '320100', null, null, null);
INSERT INTO `area` VALUES ('320125', '高淳县', '320100', null, null, null);
INSERT INTO `area` VALUES ('320200', '无锡市', '320000', null, null, null);
INSERT INTO `area` VALUES ('320202', '崇安区', '320200', null, null, null);
INSERT INTO `area` VALUES ('320203', '南长区', '320200', null, null, null);
INSERT INTO `area` VALUES ('320204', '北塘区', '320200', null, null, null);
INSERT INTO `area` VALUES ('320205', '锡山区', '320200', null, null, null);
INSERT INTO `area` VALUES ('320206', '惠山区', '320200', null, null, null);
INSERT INTO `area` VALUES ('320211', '滨湖区', '320200', null, null, null);
INSERT INTO `area` VALUES ('320281', '江阴市', '320200', null, null, null);
INSERT INTO `area` VALUES ('320282', '宜兴市', '320200', null, null, null);
INSERT INTO `area` VALUES ('320300', '徐州市', '320000', null, null, null);
INSERT INTO `area` VALUES ('320302', '鼓楼区', '320300', null, null, null);
INSERT INTO `area` VALUES ('320303', '云龙区', '320300', null, null, null);
INSERT INTO `area` VALUES ('320304', '九里区', '320300', null, null, null);
INSERT INTO `area` VALUES ('320305', '贾汪区', '320300', null, null, null);
INSERT INTO `area` VALUES ('320311', '泉山区', '320300', null, null, null);
INSERT INTO `area` VALUES ('320321', '丰　县', '320300', null, null, null);
INSERT INTO `area` VALUES ('320322', '沛　县', '320300', null, null, null);
INSERT INTO `area` VALUES ('320323', '铜山县', '320300', null, null, null);
INSERT INTO `area` VALUES ('320324', '睢宁县', '320300', null, null, null);
INSERT INTO `area` VALUES ('320381', '新沂市', '320300', null, null, null);
INSERT INTO `area` VALUES ('320382', '邳州市', '320300', null, null, null);
INSERT INTO `area` VALUES ('320400', '常州市', '320000', null, null, null);
INSERT INTO `area` VALUES ('320402', '天宁区', '320400', null, null, null);
INSERT INTO `area` VALUES ('320404', '钟楼区', '320400', null, null, null);
INSERT INTO `area` VALUES ('320405', '戚墅堰区', '320400', null, null, null);
INSERT INTO `area` VALUES ('320411', '新北区', '320400', null, null, null);
INSERT INTO `area` VALUES ('320412', '武进区', '320400', null, null, null);
INSERT INTO `area` VALUES ('320481', '溧阳市', '320400', null, null, null);
INSERT INTO `area` VALUES ('320482', '金坛市', '320400', null, null, null);
INSERT INTO `area` VALUES ('320500', '苏州市', '320000', null, null, null);
INSERT INTO `area` VALUES ('320502', '沧浪区', '320500', null, null, null);
INSERT INTO `area` VALUES ('320503', '平江区', '320500', null, null, null);
INSERT INTO `area` VALUES ('320504', '金阊区', '320500', null, null, null);
INSERT INTO `area` VALUES ('320505', '虎丘区', '320500', null, null, null);
INSERT INTO `area` VALUES ('320506', '吴中区', '320500', null, null, null);
INSERT INTO `area` VALUES ('320507', '相城区', '320500', null, null, null);
INSERT INTO `area` VALUES ('320581', '常熟市', '320500', null, null, null);
INSERT INTO `area` VALUES ('320582', '张家港市', '320500', null, null, null);
INSERT INTO `area` VALUES ('320583', '昆山市', '320500', null, null, null);
INSERT INTO `area` VALUES ('320584', '吴江市', '320500', null, null, null);
INSERT INTO `area` VALUES ('320585', '太仓市', '320500', null, null, null);
INSERT INTO `area` VALUES ('320600', '南通市', '320000', null, null, null);
INSERT INTO `area` VALUES ('320602', '崇川区', '320600', null, null, null);
INSERT INTO `area` VALUES ('320611', '港闸区', '320600', null, null, null);
INSERT INTO `area` VALUES ('320621', '海安县', '320600', null, null, null);
INSERT INTO `area` VALUES ('320623', '如东县', '320600', null, null, null);
INSERT INTO `area` VALUES ('320681', '启东市', '320600', null, null, null);
INSERT INTO `area` VALUES ('320682', '如皋市', '320600', null, null, null);
INSERT INTO `area` VALUES ('320683', '通州市', '320600', null, null, null);
INSERT INTO `area` VALUES ('320684', '海门市', '320600', null, null, null);
INSERT INTO `area` VALUES ('320700', '连云港市', '320000', null, null, null);
INSERT INTO `area` VALUES ('320703', '连云区', '320700', null, null, null);
INSERT INTO `area` VALUES ('320705', '新浦区', '320700', null, null, null);
INSERT INTO `area` VALUES ('320706', '海州区', '320700', null, null, null);
INSERT INTO `area` VALUES ('320721', '赣榆县', '320700', null, null, null);
INSERT INTO `area` VALUES ('320722', '东海县', '320700', null, null, null);
INSERT INTO `area` VALUES ('320723', '灌云县', '320700', null, null, null);
INSERT INTO `area` VALUES ('320724', '灌南县', '320700', null, null, null);
INSERT INTO `area` VALUES ('320800', '淮安市', '320000', null, null, null);
INSERT INTO `area` VALUES ('320802', '清河区', '320800', null, null, null);
INSERT INTO `area` VALUES ('320803', '楚州区', '320800', null, null, null);
INSERT INTO `area` VALUES ('320804', '淮阴区', '320800', null, null, null);
INSERT INTO `area` VALUES ('320811', '清浦区', '320800', null, null, null);
INSERT INTO `area` VALUES ('320826', '涟水县', '320800', null, null, null);
INSERT INTO `area` VALUES ('320829', '洪泽县', '320800', null, null, null);
INSERT INTO `area` VALUES ('320830', '盱眙县', '320800', null, null, null);
INSERT INTO `area` VALUES ('320831', '金湖县', '320800', null, null, null);
INSERT INTO `area` VALUES ('320900', '盐城市', '320000', null, null, null);
INSERT INTO `area` VALUES ('320902', '亭湖区', '320900', null, null, null);
INSERT INTO `area` VALUES ('320903', '盐都区', '320900', null, null, null);
INSERT INTO `area` VALUES ('320921', '响水县', '320900', null, null, null);
INSERT INTO `area` VALUES ('320922', '滨海县', '320900', null, null, null);
INSERT INTO `area` VALUES ('320923', '阜宁县', '320900', null, null, null);
INSERT INTO `area` VALUES ('320924', '射阳县', '320900', null, null, null);
INSERT INTO `area` VALUES ('320925', '建湖县', '320900', null, null, null);
INSERT INTO `area` VALUES ('320981', '东台市', '320900', null, null, null);
INSERT INTO `area` VALUES ('320982', '大丰市', '320900', null, null, null);
INSERT INTO `area` VALUES ('321000', '扬州市', '320000', null, null, null);
INSERT INTO `area` VALUES ('321002', '广陵区', '321000', null, null, null);
INSERT INTO `area` VALUES ('321003', '邗江区', '321000', null, null, null);
INSERT INTO `area` VALUES ('321011', '维扬区', '321000', null, null, null);
INSERT INTO `area` VALUES ('321023', '宝应县', '321000', null, null, null);
INSERT INTO `area` VALUES ('321081', '仪征市', '321000', null, null, null);
INSERT INTO `area` VALUES ('321084', '高邮市', '321000', null, null, null);
INSERT INTO `area` VALUES ('321088', '江都市', '321000', null, null, null);
INSERT INTO `area` VALUES ('321100', '镇江市', '320000', null, null, null);
INSERT INTO `area` VALUES ('321102', '京口区', '321100', null, null, null);
INSERT INTO `area` VALUES ('321111', '润州区', '321100', null, null, null);
INSERT INTO `area` VALUES ('321112', '丹徒区', '321100', null, null, null);
INSERT INTO `area` VALUES ('321181', '丹阳市', '321100', null, null, null);
INSERT INTO `area` VALUES ('321182', '扬中市', '321100', null, null, null);
INSERT INTO `area` VALUES ('321183', '句容市', '321100', null, null, null);
INSERT INTO `area` VALUES ('321200', '泰州市', '320000', null, null, null);
INSERT INTO `area` VALUES ('321202', '海陵区', '321200', null, null, null);
INSERT INTO `area` VALUES ('321203', '高港区', '321200', null, null, null);
INSERT INTO `area` VALUES ('321281', '兴化市', '321200', null, null, null);
INSERT INTO `area` VALUES ('321282', '靖江市', '321200', null, null, null);
INSERT INTO `area` VALUES ('321283', '泰兴市', '321200', null, null, null);
INSERT INTO `area` VALUES ('321284', '姜堰市', '321200', null, null, null);
INSERT INTO `area` VALUES ('321300', '宿迁市', '320000', null, null, null);
INSERT INTO `area` VALUES ('321302', '宿城区', '321300', null, null, null);
INSERT INTO `area` VALUES ('321311', '宿豫区', '321300', null, null, null);
INSERT INTO `area` VALUES ('321322', '沭阳县', '321300', null, null, null);
INSERT INTO `area` VALUES ('321323', '泗阳县', '321300', null, null, null);
INSERT INTO `area` VALUES ('321324', '泗洪县', '321300', null, null, null);
INSERT INTO `area` VALUES ('330000', '浙江省', null, null, null, null);
INSERT INTO `area` VALUES ('330100', '杭州市', '330000', null, null, null);
INSERT INTO `area` VALUES ('330102', '上城区', '330100', null, null, null);
INSERT INTO `area` VALUES ('330103', '下城区', '330100', null, null, null);
INSERT INTO `area` VALUES ('330104', '江干区', '330100', null, null, null);
INSERT INTO `area` VALUES ('330105', '拱墅区', '330100', null, null, null);
INSERT INTO `area` VALUES ('330106', '西湖区', '330100', null, null, null);
INSERT INTO `area` VALUES ('330108', '滨江区', '330100', null, null, null);
INSERT INTO `area` VALUES ('330109', '萧山区', '330100', null, null, null);
INSERT INTO `area` VALUES ('330110', '余杭区', '330100', null, null, null);
INSERT INTO `area` VALUES ('330122', '桐庐县', '330100', null, null, null);
INSERT INTO `area` VALUES ('330127', '淳安县', '330100', null, null, null);
INSERT INTO `area` VALUES ('330182', '建德市', '330100', null, null, null);
INSERT INTO `area` VALUES ('330183', '富阳市', '330100', null, null, null);
INSERT INTO `area` VALUES ('330185', '临安市', '330100', null, null, null);
INSERT INTO `area` VALUES ('330200', '宁波市', '330000', null, null, null);
INSERT INTO `area` VALUES ('330203', '海曙区', '330200', null, null, null);
INSERT INTO `area` VALUES ('330204', '江东区', '330200', null, null, null);
INSERT INTO `area` VALUES ('330205', '江北区', '330200', null, null, null);
INSERT INTO `area` VALUES ('330206', '北仑区', '330200', null, null, null);
INSERT INTO `area` VALUES ('330211', '镇海区', '330200', null, null, null);
INSERT INTO `area` VALUES ('330212', '鄞州区', '330200', null, null, null);
INSERT INTO `area` VALUES ('330225', '象山县', '330200', null, null, null);
INSERT INTO `area` VALUES ('330226', '宁海县', '330200', null, null, null);
INSERT INTO `area` VALUES ('330281', '余姚市', '330200', null, null, null);
INSERT INTO `area` VALUES ('330282', '慈溪市', '330200', null, null, null);
INSERT INTO `area` VALUES ('330283', '奉化市', '330200', null, null, null);
INSERT INTO `area` VALUES ('330300', '温州市', '330000', null, null, null);
INSERT INTO `area` VALUES ('330302', '鹿城区', '330300', null, null, null);
INSERT INTO `area` VALUES ('330303', '龙湾区', '330300', null, null, null);
INSERT INTO `area` VALUES ('330304', '瓯海区', '330300', null, null, null);
INSERT INTO `area` VALUES ('330322', '洞头县', '330300', null, null, null);
INSERT INTO `area` VALUES ('330324', '永嘉县', '330300', null, null, null);
INSERT INTO `area` VALUES ('330326', '平阳县', '330300', null, null, null);
INSERT INTO `area` VALUES ('330327', '苍南县', '330300', null, null, null);
INSERT INTO `area` VALUES ('330328', '文成县', '330300', null, null, null);
INSERT INTO `area` VALUES ('330329', '泰顺县', '330300', null, null, null);
INSERT INTO `area` VALUES ('330381', '瑞安市', '330300', null, null, null);
INSERT INTO `area` VALUES ('330382', '乐清市', '330300', null, null, null);
INSERT INTO `area` VALUES ('330400', '嘉兴市', '330000', null, null, null);
INSERT INTO `area` VALUES ('330402', '南湖区', '330400', null, null, null);
INSERT INTO `area` VALUES ('330411', '秀洲区', '330400', null, null, null);
INSERT INTO `area` VALUES ('330421', '嘉善县', '330400', null, null, null);
INSERT INTO `area` VALUES ('330424', '海盐县', '330400', null, null, null);
INSERT INTO `area` VALUES ('330481', '海宁市', '330400', null, null, null);
INSERT INTO `area` VALUES ('330482', '平湖市', '330400', null, null, null);
INSERT INTO `area` VALUES ('330483', '桐乡市', '330400', null, null, null);
INSERT INTO `area` VALUES ('330500', '湖州市', '330000', null, null, null);
INSERT INTO `area` VALUES ('330502', '吴兴区', '330500', null, null, null);
INSERT INTO `area` VALUES ('330503', '南浔区', '330500', null, null, null);
INSERT INTO `area` VALUES ('330521', '德清县', '330500', null, null, null);
INSERT INTO `area` VALUES ('330522', '长兴县', '330500', null, null, null);
INSERT INTO `area` VALUES ('330523', '安吉县', '330500', null, null, null);
INSERT INTO `area` VALUES ('330600', '绍兴市', '330000', null, null, null);
INSERT INTO `area` VALUES ('330602', '越城区', '330600', null, null, null);
INSERT INTO `area` VALUES ('330621', '绍兴县', '330600', null, null, null);
INSERT INTO `area` VALUES ('330624', '新昌县', '330600', null, null, null);
INSERT INTO `area` VALUES ('330681', '诸暨市', '330600', null, null, null);
INSERT INTO `area` VALUES ('330682', '上虞市', '330600', null, null, null);
INSERT INTO `area` VALUES ('330683', '嵊州市', '330600', null, null, null);
INSERT INTO `area` VALUES ('330700', '金华市', '330000', null, null, null);
INSERT INTO `area` VALUES ('330702', '婺城区', '330700', null, null, null);
INSERT INTO `area` VALUES ('330703', '金东区', '330700', null, null, null);
INSERT INTO `area` VALUES ('330723', '武义县', '330700', null, null, null);
INSERT INTO `area` VALUES ('330726', '浦江县', '330700', null, null, null);
INSERT INTO `area` VALUES ('330727', '磐安县', '330700', null, null, null);
INSERT INTO `area` VALUES ('330781', '兰溪市', '330700', null, null, null);
INSERT INTO `area` VALUES ('330782', '义乌市', '330700', null, null, null);
INSERT INTO `area` VALUES ('330783', '东阳市', '330700', null, null, null);
INSERT INTO `area` VALUES ('330784', '永康市', '330700', null, null, null);
INSERT INTO `area` VALUES ('330800', '衢州市', '330000', null, null, null);
INSERT INTO `area` VALUES ('330802', '柯城区', '330800', null, null, null);
INSERT INTO `area` VALUES ('330803', '衢江区', '330800', null, null, null);
INSERT INTO `area` VALUES ('330822', '常山县', '330800', null, null, null);
INSERT INTO `area` VALUES ('330824', '开化县', '330800', null, null, null);
INSERT INTO `area` VALUES ('330825', '龙游县', '330800', null, null, null);
INSERT INTO `area` VALUES ('330881', '江山市', '330800', null, null, null);
INSERT INTO `area` VALUES ('330900', '舟山市', '330000', null, null, null);
INSERT INTO `area` VALUES ('330902', '定海区', '330900', null, null, null);
INSERT INTO `area` VALUES ('330903', '普陀区', '330900', null, null, null);
INSERT INTO `area` VALUES ('330921', '岱山县', '330900', null, null, null);
INSERT INTO `area` VALUES ('330922', '嵊泗县', '330900', null, null, null);
INSERT INTO `area` VALUES ('331000', '台州市', '330000', null, null, null);
INSERT INTO `area` VALUES ('331002', '椒江区', '331000', null, null, null);
INSERT INTO `area` VALUES ('331003', '黄岩区', '331000', null, null, null);
INSERT INTO `area` VALUES ('331004', '路桥区', '331000', null, null, null);
INSERT INTO `area` VALUES ('331021', '玉环县', '331000', null, null, null);
INSERT INTO `area` VALUES ('331022', '三门县', '331000', null, null, null);
INSERT INTO `area` VALUES ('331023', '天台县', '331000', null, null, null);
INSERT INTO `area` VALUES ('331024', '仙居县', '331000', null, null, null);
INSERT INTO `area` VALUES ('331081', '温岭市', '331000', null, null, null);
INSERT INTO `area` VALUES ('331082', '临海市', '331000', null, null, null);
INSERT INTO `area` VALUES ('331100', '丽水市', '330000', null, null, null);
INSERT INTO `area` VALUES ('331102', '莲都区', '331100', null, null, null);
INSERT INTO `area` VALUES ('331121', '青田县', '331100', null, null, null);
INSERT INTO `area` VALUES ('331122', '缙云县', '331100', null, null, null);
INSERT INTO `area` VALUES ('331123', '遂昌县', '331100', null, null, null);
INSERT INTO `area` VALUES ('331124', '松阳县', '331100', null, null, null);
INSERT INTO `area` VALUES ('331125', '云和县', '331100', null, null, null);
INSERT INTO `area` VALUES ('331126', '庆元县', '331100', null, null, null);
INSERT INTO `area` VALUES ('331127', '景宁畲族自治县', '331100', null, null, null);
INSERT INTO `area` VALUES ('331181', '龙泉市', '331100', null, null, null);
INSERT INTO `area` VALUES ('340000', '安徽省', null, null, null, null);
INSERT INTO `area` VALUES ('340100', '合肥市', '340000', null, null, null);
INSERT INTO `area` VALUES ('340102', '瑶海区', '340100', null, null, null);
INSERT INTO `area` VALUES ('340103', '庐阳区', '340100', null, null, null);
INSERT INTO `area` VALUES ('340104', '蜀山区', '340100', null, null, null);
INSERT INTO `area` VALUES ('340111', '包河区', '340100', null, null, null);
INSERT INTO `area` VALUES ('340121', '长丰县', '340100', null, null, null);
INSERT INTO `area` VALUES ('340122', '肥东县', '340100', null, null, null);
INSERT INTO `area` VALUES ('340123', '肥西县', '340100', null, null, null);
INSERT INTO `area` VALUES ('340200', '芜湖市', '340000', null, null, null);
INSERT INTO `area` VALUES ('340202', '镜湖区', '340200', null, null, null);
INSERT INTO `area` VALUES ('340203', '弋江区', '340200', null, null, null);
INSERT INTO `area` VALUES ('340207', '鸠江区', '340200', null, null, null);
INSERT INTO `area` VALUES ('340208', '三山区', '340200', null, null, null);
INSERT INTO `area` VALUES ('340221', '芜湖县', '340200', null, null, null);
INSERT INTO `area` VALUES ('340222', '繁昌县', '340200', null, null, null);
INSERT INTO `area` VALUES ('340223', '南陵县', '340200', null, null, null);
INSERT INTO `area` VALUES ('340300', '蚌埠市', '340000', null, null, null);
INSERT INTO `area` VALUES ('340302', '龙子湖区', '340300', null, null, null);
INSERT INTO `area` VALUES ('340303', '蚌山区', '340300', null, null, null);
INSERT INTO `area` VALUES ('340304', '禹会区', '340300', null, null, null);
INSERT INTO `area` VALUES ('340311', '淮上区', '340300', null, null, null);
INSERT INTO `area` VALUES ('340321', '怀远县', '340300', null, null, null);
INSERT INTO `area` VALUES ('340322', '五河县', '340300', null, null, null);
INSERT INTO `area` VALUES ('340323', '固镇县', '340300', null, null, null);
INSERT INTO `area` VALUES ('340400', '淮南市', '340000', null, null, null);
INSERT INTO `area` VALUES ('340402', '大通区', '340400', null, null, null);
INSERT INTO `area` VALUES ('340403', '田家庵区', '340400', null, null, null);
INSERT INTO `area` VALUES ('340404', '谢家集区', '340400', null, null, null);
INSERT INTO `area` VALUES ('340405', '八公山区', '340400', null, null, null);
INSERT INTO `area` VALUES ('340406', '潘集区', '340400', null, null, null);
INSERT INTO `area` VALUES ('340421', '凤台县', '340400', null, null, null);
INSERT INTO `area` VALUES ('340500', '马鞍山市', '340000', null, null, null);
INSERT INTO `area` VALUES ('340502', '金家庄区', '340500', null, null, null);
INSERT INTO `area` VALUES ('340503', '花山区', '340500', null, null, null);
INSERT INTO `area` VALUES ('340504', '雨山区', '340500', null, null, null);
INSERT INTO `area` VALUES ('340521', '当涂县', '340500', null, null, null);
INSERT INTO `area` VALUES ('340600', '淮北市', '340000', null, null, null);
INSERT INTO `area` VALUES ('340602', '杜集区', '340600', null, null, null);
INSERT INTO `area` VALUES ('340603', '相山区', '340600', null, null, null);
INSERT INTO `area` VALUES ('340604', '烈山区', '340600', null, null, null);
INSERT INTO `area` VALUES ('340621', '濉溪县', '340600', null, null, null);
INSERT INTO `area` VALUES ('340700', '铜陵市', '340000', null, null, null);
INSERT INTO `area` VALUES ('340702', '铜官山区', '340700', null, null, null);
INSERT INTO `area` VALUES ('340703', '狮子山区', '340700', null, null, null);
INSERT INTO `area` VALUES ('340711', '郊　区', '340700', null, null, null);
INSERT INTO `area` VALUES ('340721', '铜陵县', '340700', null, null, null);
INSERT INTO `area` VALUES ('340800', '安庆市', '340000', null, null, null);
INSERT INTO `area` VALUES ('340802', '迎江区', '340800', null, null, null);
INSERT INTO `area` VALUES ('340803', '大观区', '340800', null, null, null);
INSERT INTO `area` VALUES ('340811', '宜秀区', '340800', null, null, null);
INSERT INTO `area` VALUES ('340822', '怀宁县', '340800', null, null, null);
INSERT INTO `area` VALUES ('340823', '枞阳县', '340800', null, null, null);
INSERT INTO `area` VALUES ('340824', '潜山县', '340800', null, null, null);
INSERT INTO `area` VALUES ('340825', '太湖县', '340800', null, null, null);
INSERT INTO `area` VALUES ('340826', '宿松县', '340800', null, null, null);
INSERT INTO `area` VALUES ('340827', '望江县', '340800', null, null, null);
INSERT INTO `area` VALUES ('340828', '岳西县', '340800', null, null, null);
INSERT INTO `area` VALUES ('340881', '桐城市', '340800', null, null, null);
INSERT INTO `area` VALUES ('341000', '黄山市', '340000', null, null, null);
INSERT INTO `area` VALUES ('341002', '屯溪区', '341000', null, null, null);
INSERT INTO `area` VALUES ('341003', '黄山区', '341000', null, null, null);
INSERT INTO `area` VALUES ('341004', '徽州区', '341000', null, null, null);
INSERT INTO `area` VALUES ('341021', '歙　县', '341000', null, null, null);
INSERT INTO `area` VALUES ('341022', '休宁县', '341000', null, null, null);
INSERT INTO `area` VALUES ('341023', '黟　县', '341000', null, null, null);
INSERT INTO `area` VALUES ('341024', '祁门县', '341000', null, null, null);
INSERT INTO `area` VALUES ('341100', '滁州市', '340000', null, null, null);
INSERT INTO `area` VALUES ('341102', '琅琊区', '341100', null, null, null);
INSERT INTO `area` VALUES ('341103', '南谯区', '341100', null, null, null);
INSERT INTO `area` VALUES ('341122', '来安县', '341100', null, null, null);
INSERT INTO `area` VALUES ('341124', '全椒县', '341100', null, null, null);
INSERT INTO `area` VALUES ('341125', '定远县', '341100', null, null, null);
INSERT INTO `area` VALUES ('341126', '凤阳县', '341100', null, null, null);
INSERT INTO `area` VALUES ('341181', '天长市', '341100', null, null, null);
INSERT INTO `area` VALUES ('341182', '明光市', '341100', null, null, null);
INSERT INTO `area` VALUES ('341200', '阜阳市', '340000', null, null, null);
INSERT INTO `area` VALUES ('341202', '颍州区', '341200', null, null, null);
INSERT INTO `area` VALUES ('341203', '颍东区', '341200', null, null, null);
INSERT INTO `area` VALUES ('341204', '颍泉区', '341200', null, null, null);
INSERT INTO `area` VALUES ('341221', '临泉县', '341200', null, null, null);
INSERT INTO `area` VALUES ('341222', '太和县', '341200', null, null, null);
INSERT INTO `area` VALUES ('341225', '阜南县', '341200', null, null, null);
INSERT INTO `area` VALUES ('341226', '颍上县', '341200', null, null, null);
INSERT INTO `area` VALUES ('341282', '界首市', '341200', null, null, null);
INSERT INTO `area` VALUES ('341300', '宿州市', '340000', null, null, null);
INSERT INTO `area` VALUES ('341302', '埇桥区', '341300', null, null, null);
INSERT INTO `area` VALUES ('341321', '砀山县', '341300', null, null, null);
INSERT INTO `area` VALUES ('341322', '萧　县', '341300', null, null, null);
INSERT INTO `area` VALUES ('341323', '灵璧县', '341300', null, null, null);
INSERT INTO `area` VALUES ('341324', '泗　县', '341300', null, null, null);
INSERT INTO `area` VALUES ('341400', '巢湖市', '340000', null, null, null);
INSERT INTO `area` VALUES ('341402', '居巢区', '341400', null, null, null);
INSERT INTO `area` VALUES ('341421', '庐江县', '341400', null, null, null);
INSERT INTO `area` VALUES ('341422', '无为县', '341400', null, null, null);
INSERT INTO `area` VALUES ('341423', '含山县', '341400', null, null, null);
INSERT INTO `area` VALUES ('341424', '和　县', '341400', null, null, null);
INSERT INTO `area` VALUES ('341500', '六安市', '340000', null, null, null);
INSERT INTO `area` VALUES ('341502', '金安区', '341500', null, null, null);
INSERT INTO `area` VALUES ('341503', '裕安区', '341500', null, null, null);
INSERT INTO `area` VALUES ('341521', '寿　县', '341500', null, null, null);
INSERT INTO `area` VALUES ('341522', '霍邱县', '341500', null, null, null);
INSERT INTO `area` VALUES ('341523', '舒城县', '341500', null, null, null);
INSERT INTO `area` VALUES ('341524', '金寨县', '341500', null, null, null);
INSERT INTO `area` VALUES ('341525', '霍山县', '341500', null, null, null);
INSERT INTO `area` VALUES ('341600', '亳州市', '340000', null, null, null);
INSERT INTO `area` VALUES ('341602', '谯城区', '341600', null, null, null);
INSERT INTO `area` VALUES ('341621', '涡阳县', '341600', null, null, null);
INSERT INTO `area` VALUES ('341622', '蒙城县', '341600', null, null, null);
INSERT INTO `area` VALUES ('341623', '利辛县', '341600', null, null, null);
INSERT INTO `area` VALUES ('341700', '池州市', '340000', null, null, null);
INSERT INTO `area` VALUES ('341702', '贵池区', '341700', null, null, null);
INSERT INTO `area` VALUES ('341721', '东至县', '341700', null, null, null);
INSERT INTO `area` VALUES ('341722', '石台县', '341700', null, null, null);
INSERT INTO `area` VALUES ('341723', '青阳县', '341700', null, null, null);
INSERT INTO `area` VALUES ('341800', '宣城市', '340000', null, null, null);
INSERT INTO `area` VALUES ('341802', '宣州区', '341800', null, null, null);
INSERT INTO `area` VALUES ('341821', '郎溪县', '341800', null, null, null);
INSERT INTO `area` VALUES ('341822', '广德县', '341800', null, null, null);
INSERT INTO `area` VALUES ('341823', '泾　县', '341800', null, null, null);
INSERT INTO `area` VALUES ('341824', '绩溪县', '341800', null, null, null);
INSERT INTO `area` VALUES ('341825', '旌德县', '341800', null, null, null);
INSERT INTO `area` VALUES ('341881', '宁国市', '341800', null, null, null);
INSERT INTO `area` VALUES ('350000', '福建省', null, null, null, null);
INSERT INTO `area` VALUES ('350100', '福州市', '350000', null, null, null);
INSERT INTO `area` VALUES ('350102', '鼓楼区', '350100', null, null, null);
INSERT INTO `area` VALUES ('350103', '台江区', '350100', null, null, null);
INSERT INTO `area` VALUES ('350104', '仓山区', '350100', null, null, null);
INSERT INTO `area` VALUES ('350105', '马尾区', '350100', null, null, null);
INSERT INTO `area` VALUES ('350111', '晋安区', '350100', null, null, null);
INSERT INTO `area` VALUES ('350121', '闽侯县', '350100', null, null, null);
INSERT INTO `area` VALUES ('350122', '连江县', '350100', null, null, null);
INSERT INTO `area` VALUES ('350123', '罗源县', '350100', null, null, null);
INSERT INTO `area` VALUES ('350124', '闽清县', '350100', null, null, null);
INSERT INTO `area` VALUES ('350125', '永泰县', '350100', null, null, null);
INSERT INTO `area` VALUES ('350128', '平潭县', '350100', null, null, null);
INSERT INTO `area` VALUES ('350181', '福清市', '350100', null, null, null);
INSERT INTO `area` VALUES ('350182', '长乐市', '350100', null, null, null);
INSERT INTO `area` VALUES ('350200', '厦门市', '350000', null, null, null);
INSERT INTO `area` VALUES ('350203', '思明区', '350200', null, null, null);
INSERT INTO `area` VALUES ('350205', '海沧区', '350200', null, null, null);
INSERT INTO `area` VALUES ('350206', '湖里区', '350200', null, null, null);
INSERT INTO `area` VALUES ('350211', '集美区', '350200', null, null, null);
INSERT INTO `area` VALUES ('350212', '同安区', '350200', null, null, null);
INSERT INTO `area` VALUES ('350213', '翔安区', '350200', null, null, null);
INSERT INTO `area` VALUES ('350300', '莆田市', '350000', null, null, null);
INSERT INTO `area` VALUES ('350302', '城厢区', '350300', null, null, null);
INSERT INTO `area` VALUES ('350303', '涵江区', '350300', null, null, null);
INSERT INTO `area` VALUES ('350304', '荔城区', '350300', null, null, null);
INSERT INTO `area` VALUES ('350305', '秀屿区', '350300', null, null, null);
INSERT INTO `area` VALUES ('350322', '仙游县', '350300', null, null, null);
INSERT INTO `area` VALUES ('350400', '三明市', '350000', null, null, null);
INSERT INTO `area` VALUES ('350402', '梅列区', '350400', null, null, null);
INSERT INTO `area` VALUES ('350403', '三元区', '350400', null, null, null);
INSERT INTO `area` VALUES ('350421', '明溪县', '350400', null, null, null);
INSERT INTO `area` VALUES ('350423', '清流县', '350400', null, null, null);
INSERT INTO `area` VALUES ('350424', '宁化县', '350400', null, null, null);
INSERT INTO `area` VALUES ('350425', '大田县', '350400', null, null, null);
INSERT INTO `area` VALUES ('350426', '尤溪县', '350400', null, null, null);
INSERT INTO `area` VALUES ('350427', '沙　县', '350400', null, null, null);
INSERT INTO `area` VALUES ('350428', '将乐县', '350400', null, null, null);
INSERT INTO `area` VALUES ('350429', '泰宁县', '350400', null, null, null);
INSERT INTO `area` VALUES ('350430', '建宁县', '350400', null, null, null);
INSERT INTO `area` VALUES ('350481', '永安市', '350400', null, null, null);
INSERT INTO `area` VALUES ('350500', '泉州市', '350000', null, null, null);
INSERT INTO `area` VALUES ('350502', '鲤城区', '350500', null, null, null);
INSERT INTO `area` VALUES ('350503', '丰泽区', '350500', null, null, null);
INSERT INTO `area` VALUES ('350504', '洛江区', '350500', null, null, null);
INSERT INTO `area` VALUES ('350505', '泉港区', '350500', null, null, null);
INSERT INTO `area` VALUES ('350521', '惠安县', '350500', null, null, null);
INSERT INTO `area` VALUES ('350524', '安溪县', '350500', null, null, null);
INSERT INTO `area` VALUES ('350525', '永春县', '350500', null, null, null);
INSERT INTO `area` VALUES ('350526', '德化县', '350500', null, null, null);
INSERT INTO `area` VALUES ('350527', '金门县', '350500', null, null, null);
INSERT INTO `area` VALUES ('350581', '石狮市', '350500', null, null, null);
INSERT INTO `area` VALUES ('350582', '晋江市', '350500', null, null, null);
INSERT INTO `area` VALUES ('350583', '南安市', '350500', null, null, null);
INSERT INTO `area` VALUES ('350600', '漳州市', '350000', null, null, null);
INSERT INTO `area` VALUES ('350602', '芗城区', '350600', null, null, null);
INSERT INTO `area` VALUES ('350603', '龙文区', '350600', null, null, null);
INSERT INTO `area` VALUES ('350622', '云霄县', '350600', null, null, null);
INSERT INTO `area` VALUES ('350623', '漳浦县', '350600', null, null, null);
INSERT INTO `area` VALUES ('350624', '诏安县', '350600', null, null, null);
INSERT INTO `area` VALUES ('350625', '长泰县', '350600', null, null, null);
INSERT INTO `area` VALUES ('350626', '东山县', '350600', null, null, null);
INSERT INTO `area` VALUES ('350627', '南靖县', '350600', null, null, null);
INSERT INTO `area` VALUES ('350628', '平和县', '350600', null, null, null);
INSERT INTO `area` VALUES ('350629', '华安县', '350600', null, null, null);
INSERT INTO `area` VALUES ('350681', '龙海市', '350600', null, null, null);
INSERT INTO `area` VALUES ('350700', '南平市', '350000', null, null, null);
INSERT INTO `area` VALUES ('350702', '延平区', '350700', null, null, null);
INSERT INTO `area` VALUES ('350721', '顺昌县', '350700', null, null, null);
INSERT INTO `area` VALUES ('350722', '浦城县', '350700', null, null, null);
INSERT INTO `area` VALUES ('350723', '光泽县', '350700', null, null, null);
INSERT INTO `area` VALUES ('350724', '松溪县', '350700', null, null, null);
INSERT INTO `area` VALUES ('350725', '政和县', '350700', null, null, null);
INSERT INTO `area` VALUES ('350781', '邵武市', '350700', null, null, null);
INSERT INTO `area` VALUES ('350782', '武夷山市', '350700', null, null, null);
INSERT INTO `area` VALUES ('350783', '建瓯市', '350700', null, null, null);
INSERT INTO `area` VALUES ('350784', '建阳市', '350700', null, null, null);
INSERT INTO `area` VALUES ('350800', '龙岩市', '350000', null, null, null);
INSERT INTO `area` VALUES ('350802', '新罗区', '350800', null, null, null);
INSERT INTO `area` VALUES ('350821', '长汀县', '350800', null, null, null);
INSERT INTO `area` VALUES ('350822', '永定县', '350800', null, null, null);
INSERT INTO `area` VALUES ('350823', '上杭县', '350800', null, null, null);
INSERT INTO `area` VALUES ('350824', '武平县', '350800', null, null, null);
INSERT INTO `area` VALUES ('350825', '连城县', '350800', null, null, null);
INSERT INTO `area` VALUES ('350881', '漳平市', '350800', null, null, null);
INSERT INTO `area` VALUES ('350900', '宁德市', '350000', null, null, null);
INSERT INTO `area` VALUES ('350902', '蕉城区', '350900', null, null, null);
INSERT INTO `area` VALUES ('350921', '霞浦县', '350900', null, null, null);
INSERT INTO `area` VALUES ('350922', '古田县', '350900', null, null, null);
INSERT INTO `area` VALUES ('350923', '屏南县', '350900', null, null, null);
INSERT INTO `area` VALUES ('350924', '寿宁县', '350900', null, null, null);
INSERT INTO `area` VALUES ('350925', '周宁县', '350900', null, null, null);
INSERT INTO `area` VALUES ('350926', '柘荣县', '350900', null, null, null);
INSERT INTO `area` VALUES ('350981', '福安市', '350900', null, null, null);
INSERT INTO `area` VALUES ('350982', '福鼎市', '350900', null, null, null);
INSERT INTO `area` VALUES ('360000', '江西省', null, null, null, null);
INSERT INTO `area` VALUES ('360100', '南昌市', '360000', null, null, null);
INSERT INTO `area` VALUES ('360102', '东湖区', '360100', null, null, null);
INSERT INTO `area` VALUES ('360103', '西湖区', '360100', null, null, null);
INSERT INTO `area` VALUES ('360104', '青云谱区', '360100', null, null, null);
INSERT INTO `area` VALUES ('360105', '湾里区', '360100', null, null, null);
INSERT INTO `area` VALUES ('360111', '青山湖区', '360100', null, null, null);
INSERT INTO `area` VALUES ('360121', '南昌县', '360100', null, null, null);
INSERT INTO `area` VALUES ('360122', '新建县', '360100', null, null, null);
INSERT INTO `area` VALUES ('360123', '安义县', '360100', null, null, null);
INSERT INTO `area` VALUES ('360124', '进贤县', '360100', null, null, null);
INSERT INTO `area` VALUES ('360200', '景德镇市', '360000', null, null, null);
INSERT INTO `area` VALUES ('360202', '昌江区', '360200', null, null, null);
INSERT INTO `area` VALUES ('360203', '珠山区', '360200', null, null, null);
INSERT INTO `area` VALUES ('360222', '浮梁县', '360200', null, null, null);
INSERT INTO `area` VALUES ('360281', '乐平市', '360200', null, null, null);
INSERT INTO `area` VALUES ('360300', '萍乡市', '360000', null, null, null);
INSERT INTO `area` VALUES ('360302', '安源区', '360300', null, null, null);
INSERT INTO `area` VALUES ('360313', '湘东区', '360300', null, null, null);
INSERT INTO `area` VALUES ('360321', '莲花县', '360300', null, null, null);
INSERT INTO `area` VALUES ('360322', '上栗县', '360300', null, null, null);
INSERT INTO `area` VALUES ('360323', '芦溪县', '360300', null, null, null);
INSERT INTO `area` VALUES ('360400', '九江市', '360000', null, null, null);
INSERT INTO `area` VALUES ('360402', '庐山区', '360400', null, null, null);
INSERT INTO `area` VALUES ('360403', '浔阳区', '360400', null, null, null);
INSERT INTO `area` VALUES ('360421', '九江县', '360400', null, null, null);
INSERT INTO `area` VALUES ('360423', '武宁县', '360400', null, null, null);
INSERT INTO `area` VALUES ('360424', '修水县', '360400', null, null, null);
INSERT INTO `area` VALUES ('360425', '永修县', '360400', null, null, null);
INSERT INTO `area` VALUES ('360426', '德安县', '360400', null, null, null);
INSERT INTO `area` VALUES ('360427', '星子县', '360400', null, null, null);
INSERT INTO `area` VALUES ('360428', '都昌县', '360400', null, null, null);
INSERT INTO `area` VALUES ('360429', '湖口县', '360400', null, null, null);
INSERT INTO `area` VALUES ('360430', '彭泽县', '360400', null, null, null);
INSERT INTO `area` VALUES ('360481', '瑞昌市', '360400', null, null, null);
INSERT INTO `area` VALUES ('360500', '新余市', '360000', null, null, null);
INSERT INTO `area` VALUES ('360502', '渝水区', '360500', null, null, null);
INSERT INTO `area` VALUES ('360521', '分宜县', '360500', null, null, null);
INSERT INTO `area` VALUES ('360600', '鹰潭市', '360000', null, null, null);
INSERT INTO `area` VALUES ('360602', '月湖区', '360600', null, null, null);
INSERT INTO `area` VALUES ('360622', '余江县', '360600', null, null, null);
INSERT INTO `area` VALUES ('360681', '贵溪市', '360600', null, null, null);
INSERT INTO `area` VALUES ('360700', '赣州市', '360000', null, null, null);
INSERT INTO `area` VALUES ('360702', '章贡区', '360700', null, null, null);
INSERT INTO `area` VALUES ('360721', '赣　县', '360700', null, null, null);
INSERT INTO `area` VALUES ('360722', '信丰县', '360700', null, null, null);
INSERT INTO `area` VALUES ('360723', '大余县', '360700', null, null, null);
INSERT INTO `area` VALUES ('360724', '上犹县', '360700', null, null, null);
INSERT INTO `area` VALUES ('360725', '崇义县', '360700', null, null, null);
INSERT INTO `area` VALUES ('360726', '安远县', '360700', null, null, null);
INSERT INTO `area` VALUES ('360727', '龙南县', '360700', null, null, null);
INSERT INTO `area` VALUES ('360728', '定南县', '360700', null, null, null);
INSERT INTO `area` VALUES ('360729', '全南县', '360700', null, null, null);
INSERT INTO `area` VALUES ('360730', '宁都县', '360700', null, null, null);
INSERT INTO `area` VALUES ('360731', '于都县', '360700', null, null, null);
INSERT INTO `area` VALUES ('360732', '兴国县', '360700', null, null, null);
INSERT INTO `area` VALUES ('360733', '会昌县', '360700', null, null, null);
INSERT INTO `area` VALUES ('360734', '寻乌县', '360700', null, null, null);
INSERT INTO `area` VALUES ('360735', '石城县', '360700', null, null, null);
INSERT INTO `area` VALUES ('360781', '瑞金市', '360700', null, null, null);
INSERT INTO `area` VALUES ('360782', '南康市', '360700', null, null, null);
INSERT INTO `area` VALUES ('360800', '吉安市', '360000', null, null, null);
INSERT INTO `area` VALUES ('360802', '吉州区', '360800', null, null, null);
INSERT INTO `area` VALUES ('360803', '青原区', '360800', null, null, null);
INSERT INTO `area` VALUES ('360821', '吉安县', '360800', null, null, null);
INSERT INTO `area` VALUES ('360822', '吉水县', '360800', null, null, null);
INSERT INTO `area` VALUES ('360823', '峡江县', '360800', null, null, null);
INSERT INTO `area` VALUES ('360824', '新干县', '360800', null, null, null);
INSERT INTO `area` VALUES ('360825', '永丰县', '360800', null, null, null);
INSERT INTO `area` VALUES ('360826', '泰和县', '360800', null, null, null);
INSERT INTO `area` VALUES ('360827', '遂川县', '360800', null, null, null);
INSERT INTO `area` VALUES ('360828', '万安县', '360800', null, null, null);
INSERT INTO `area` VALUES ('360829', '安福县', '360800', null, null, null);
INSERT INTO `area` VALUES ('360830', '永新县', '360800', null, null, null);
INSERT INTO `area` VALUES ('360881', '井冈山市', '360800', null, null, null);
INSERT INTO `area` VALUES ('360900', '宜春市', '360000', null, null, null);
INSERT INTO `area` VALUES ('360902', '袁州区', '360900', null, null, null);
INSERT INTO `area` VALUES ('360921', '奉新县', '360900', null, null, null);
INSERT INTO `area` VALUES ('360922', '万载县', '360900', null, null, null);
INSERT INTO `area` VALUES ('360923', '上高县', '360900', null, null, null);
INSERT INTO `area` VALUES ('360924', '宜丰县', '360900', null, null, null);
INSERT INTO `area` VALUES ('360925', '靖安县', '360900', null, null, null);
INSERT INTO `area` VALUES ('360926', '铜鼓县', '360900', null, null, null);
INSERT INTO `area` VALUES ('360981', '丰城市', '360900', null, null, null);
INSERT INTO `area` VALUES ('360982', '樟树市', '360900', null, null, null);
INSERT INTO `area` VALUES ('360983', '高安市', '360900', null, null, null);
INSERT INTO `area` VALUES ('361000', '抚州市', '360000', null, null, null);
INSERT INTO `area` VALUES ('361002', '临川区', '361000', null, null, null);
INSERT INTO `area` VALUES ('361021', '南城县', '361000', null, null, null);
INSERT INTO `area` VALUES ('361022', '黎川县', '361000', null, null, null);
INSERT INTO `area` VALUES ('361023', '南丰县', '361000', null, null, null);
INSERT INTO `area` VALUES ('361024', '崇仁县', '361000', null, null, null);
INSERT INTO `area` VALUES ('361025', '乐安县', '361000', null, null, null);
INSERT INTO `area` VALUES ('361026', '宜黄县', '361000', null, null, null);
INSERT INTO `area` VALUES ('361027', '金溪县', '361000', null, null, null);
INSERT INTO `area` VALUES ('361028', '资溪县', '361000', null, null, null);
INSERT INTO `area` VALUES ('361029', '东乡县', '361000', null, null, null);
INSERT INTO `area` VALUES ('361030', '广昌县', '361000', null, null, null);
INSERT INTO `area` VALUES ('361100', '上饶市', '360000', null, null, null);
INSERT INTO `area` VALUES ('361102', '信州区', '361100', null, null, null);
INSERT INTO `area` VALUES ('361121', '上饶县', '361100', null, null, null);
INSERT INTO `area` VALUES ('361122', '广丰县', '361100', null, null, null);
INSERT INTO `area` VALUES ('361123', '玉山县', '361100', null, null, null);
INSERT INTO `area` VALUES ('361124', '铅山县', '361100', null, null, null);
INSERT INTO `area` VALUES ('361125', '横峰县', '361100', null, null, null);
INSERT INTO `area` VALUES ('361126', '弋阳县', '361100', null, null, null);
INSERT INTO `area` VALUES ('361127', '余干县', '361100', null, null, null);
INSERT INTO `area` VALUES ('361128', '鄱阳县', '361100', null, null, null);
INSERT INTO `area` VALUES ('361129', '万年县', '361100', null, null, null);
INSERT INTO `area` VALUES ('361130', '婺源县', '361100', null, null, null);
INSERT INTO `area` VALUES ('361181', '德兴市', '361100', null, null, null);
INSERT INTO `area` VALUES ('370000', '山东省', null, null, null, null);
INSERT INTO `area` VALUES ('370100', '济南市', '370000', null, null, null);
INSERT INTO `area` VALUES ('370102', '历下区', '370100', null, null, null);
INSERT INTO `area` VALUES ('370103', '市中区', '370100', null, null, null);
INSERT INTO `area` VALUES ('370104', '槐荫区', '370100', null, null, null);
INSERT INTO `area` VALUES ('370105', '天桥区', '370100', null, null, null);
INSERT INTO `area` VALUES ('370112', '历城区', '370100', null, null, null);
INSERT INTO `area` VALUES ('370113', '长清区', '370100', null, null, null);
INSERT INTO `area` VALUES ('370124', '平阴县', '370100', null, null, null);
INSERT INTO `area` VALUES ('370125', '济阳县', '370100', null, null, null);
INSERT INTO `area` VALUES ('370126', '商河县', '370100', null, null, null);
INSERT INTO `area` VALUES ('370181', '章丘市', '370100', null, null, null);
INSERT INTO `area` VALUES ('370200', '青岛市', '370000', null, null, null);
INSERT INTO `area` VALUES ('370202', '市南区', '370200', null, null, null);
INSERT INTO `area` VALUES ('370203', '市北区', '370200', null, null, null);
INSERT INTO `area` VALUES ('370205', '四方区', '370200', null, null, null);
INSERT INTO `area` VALUES ('370211', '黄岛区', '370200', null, null, null);
INSERT INTO `area` VALUES ('370212', '崂山区', '370200', null, null, null);
INSERT INTO `area` VALUES ('370213', '李沧区', '370200', null, null, null);
INSERT INTO `area` VALUES ('370214', '城阳区', '370200', null, null, null);
INSERT INTO `area` VALUES ('370281', '胶州市', '370200', null, null, null);
INSERT INTO `area` VALUES ('370282', '即墨市', '370200', null, null, null);
INSERT INTO `area` VALUES ('370283', '平度市', '370200', null, null, null);
INSERT INTO `area` VALUES ('370284', '胶南市', '370200', null, null, null);
INSERT INTO `area` VALUES ('370285', '莱西市', '370200', null, null, null);
INSERT INTO `area` VALUES ('370300', '淄博市', '370000', null, null, null);
INSERT INTO `area` VALUES ('370302', '淄川区', '370300', null, null, null);
INSERT INTO `area` VALUES ('370303', '张店区', '370300', null, null, null);
INSERT INTO `area` VALUES ('370304', '博山区', '370300', null, null, null);
INSERT INTO `area` VALUES ('370305', '临淄区', '370300', null, null, null);
INSERT INTO `area` VALUES ('370306', '周村区', '370300', null, null, null);
INSERT INTO `area` VALUES ('370321', '桓台县', '370300', null, null, null);
INSERT INTO `area` VALUES ('370322', '高青县', '370300', null, null, null);
INSERT INTO `area` VALUES ('370323', '沂源县', '370300', null, null, null);
INSERT INTO `area` VALUES ('370400', '枣庄市', '370000', null, null, null);
INSERT INTO `area` VALUES ('370402', '市中区', '370400', null, null, null);
INSERT INTO `area` VALUES ('370403', '薛城区', '370400', null, null, null);
INSERT INTO `area` VALUES ('370404', '峄城区', '370400', null, null, null);
INSERT INTO `area` VALUES ('370405', '台儿庄区', '370400', null, null, null);
INSERT INTO `area` VALUES ('370406', '山亭区', '370400', null, null, null);
INSERT INTO `area` VALUES ('370481', '滕州市', '370400', null, null, null);
INSERT INTO `area` VALUES ('370500', '东营市', '370000', null, null, null);
INSERT INTO `area` VALUES ('370502', '东营区', '370500', null, null, null);
INSERT INTO `area` VALUES ('370503', '河口区', '370500', null, null, null);
INSERT INTO `area` VALUES ('370521', '垦利县', '370500', null, null, null);
INSERT INTO `area` VALUES ('370522', '利津县', '370500', null, null, null);
INSERT INTO `area` VALUES ('370523', '广饶县', '370500', null, null, null);
INSERT INTO `area` VALUES ('370600', '烟台市', '370000', null, null, null);
INSERT INTO `area` VALUES ('370602', '芝罘区', '370600', null, null, null);
INSERT INTO `area` VALUES ('370611', '福山区', '370600', null, null, null);
INSERT INTO `area` VALUES ('370612', '牟平区', '370600', null, null, null);
INSERT INTO `area` VALUES ('370613', '莱山区', '370600', null, null, null);
INSERT INTO `area` VALUES ('370634', '长岛县', '370600', null, null, null);
INSERT INTO `area` VALUES ('370681', '龙口市', '370600', null, null, null);
INSERT INTO `area` VALUES ('370682', '莱阳市', '370600', null, null, null);
INSERT INTO `area` VALUES ('370683', '莱州市', '370600', null, null, null);
INSERT INTO `area` VALUES ('370684', '蓬莱市', '370600', null, null, null);
INSERT INTO `area` VALUES ('370685', '招远市', '370600', null, null, null);
INSERT INTO `area` VALUES ('370686', '栖霞市', '370600', null, null, null);
INSERT INTO `area` VALUES ('370687', '海阳市', '370600', null, null, null);
INSERT INTO `area` VALUES ('370700', '潍坊市', '370000', null, null, null);
INSERT INTO `area` VALUES ('370702', '潍城区', '370700', null, null, null);
INSERT INTO `area` VALUES ('370703', '寒亭区', '370700', null, null, null);
INSERT INTO `area` VALUES ('370704', '坊子区', '370700', null, null, null);
INSERT INTO `area` VALUES ('370705', '奎文区', '370700', null, null, null);
INSERT INTO `area` VALUES ('370724', '临朐县', '370700', null, null, null);
INSERT INTO `area` VALUES ('370725', '昌乐县', '370700', null, null, null);
INSERT INTO `area` VALUES ('370781', '青州市', '370700', null, null, null);
INSERT INTO `area` VALUES ('370782', '诸城市', '370700', null, null, null);
INSERT INTO `area` VALUES ('370783', '寿光市', '370700', null, null, null);
INSERT INTO `area` VALUES ('370784', '安丘市', '370700', null, null, null);
INSERT INTO `area` VALUES ('370785', '高密市', '370700', null, null, null);
INSERT INTO `area` VALUES ('370786', '昌邑市', '370700', null, null, null);
INSERT INTO `area` VALUES ('370800', '济宁市', '370000', null, null, null);
INSERT INTO `area` VALUES ('370802', '市中区', '370800', null, null, null);
INSERT INTO `area` VALUES ('370811', '任城区', '370800', null, null, null);
INSERT INTO `area` VALUES ('370826', '微山县', '370800', null, null, null);
INSERT INTO `area` VALUES ('370827', '鱼台县', '370800', null, null, null);
INSERT INTO `area` VALUES ('370828', '金乡县', '370800', null, null, null);
INSERT INTO `area` VALUES ('370829', '嘉祥县', '370800', null, null, null);
INSERT INTO `area` VALUES ('370830', '汶上县', '370800', null, null, null);
INSERT INTO `area` VALUES ('370831', '泗水县', '370800', null, null, null);
INSERT INTO `area` VALUES ('370832', '梁山县', '370800', null, null, null);
INSERT INTO `area` VALUES ('370881', '曲阜市', '370800', null, null, null);
INSERT INTO `area` VALUES ('370882', '兖州市', '370800', null, null, null);
INSERT INTO `area` VALUES ('370883', '邹城市', '370800', null, null, null);
INSERT INTO `area` VALUES ('370900', '泰安市', '370000', null, null, null);
INSERT INTO `area` VALUES ('370902', '泰山区', '370900', null, null, null);
INSERT INTO `area` VALUES ('370911', '岱岳区(**)', '370900', null, null, null);
INSERT INTO `area` VALUES ('370921', '宁阳县', '370900', null, null, null);
INSERT INTO `area` VALUES ('370923', '东平县', '370900', null, null, null);
INSERT INTO `area` VALUES ('370982', '新泰市', '370900', null, null, null);
INSERT INTO `area` VALUES ('370983', '肥城市', '370900', null, null, null);
INSERT INTO `area` VALUES ('371000', '威海市', '370000', null, null, null);
INSERT INTO `area` VALUES ('371002', '环翠区', '371000', null, null, null);
INSERT INTO `area` VALUES ('371081', '文登市', '371000', null, null, null);
INSERT INTO `area` VALUES ('371082', '荣成市', '371000', null, null, null);
INSERT INTO `area` VALUES ('371083', '乳山市', '371000', null, null, null);
INSERT INTO `area` VALUES ('371100', '日照市', '370000', null, null, null);
INSERT INTO `area` VALUES ('371102', '东港区', '371100', null, null, null);
INSERT INTO `area` VALUES ('371103', '岚山区', '371100', null, null, null);
INSERT INTO `area` VALUES ('371121', '五莲县', '371100', null, null, null);
INSERT INTO `area` VALUES ('371122', '莒　县', '371100', null, null, null);
INSERT INTO `area` VALUES ('371200', '莱芜市', '370000', null, null, null);
INSERT INTO `area` VALUES ('371202', '莱城区', '371200', null, null, null);
INSERT INTO `area` VALUES ('371203', '钢城区', '371200', null, null, null);
INSERT INTO `area` VALUES ('371300', '临沂市', '370000', null, null, null);
INSERT INTO `area` VALUES ('371302', '兰山区', '371300', null, null, null);
INSERT INTO `area` VALUES ('371311', '罗庄区', '371300', null, null, null);
INSERT INTO `area` VALUES ('371312', '河东区', '371300', null, null, null);
INSERT INTO `area` VALUES ('371321', '沂南县', '371300', null, null, null);
INSERT INTO `area` VALUES ('371322', '郯城县', '371300', null, null, null);
INSERT INTO `area` VALUES ('371323', '沂水县', '371300', null, null, null);
INSERT INTO `area` VALUES ('371324', '苍山县', '371300', null, null, null);
INSERT INTO `area` VALUES ('371325', '费　县', '371300', null, null, null);
INSERT INTO `area` VALUES ('371326', '平邑县', '371300', null, null, null);
INSERT INTO `area` VALUES ('371327', '莒南县', '371300', null, null, null);
INSERT INTO `area` VALUES ('371328', '蒙阴县', '371300', null, null, null);
INSERT INTO `area` VALUES ('371329', '临沭县', '371300', null, null, null);
INSERT INTO `area` VALUES ('371400', '德州市', '370000', null, null, null);
INSERT INTO `area` VALUES ('371402', '德城区', '371400', null, null, null);
INSERT INTO `area` VALUES ('371421', '陵　县', '371400', null, null, null);
INSERT INTO `area` VALUES ('371422', '宁津县', '371400', null, null, null);
INSERT INTO `area` VALUES ('371423', '庆云县', '371400', null, null, null);
INSERT INTO `area` VALUES ('371424', '临邑县', '371400', null, null, null);
INSERT INTO `area` VALUES ('371425', '齐河县', '371400', null, null, null);
INSERT INTO `area` VALUES ('371426', '平原县', '371400', null, null, null);
INSERT INTO `area` VALUES ('371427', '夏津县', '371400', null, null, null);
INSERT INTO `area` VALUES ('371428', '武城县', '371400', null, null, null);
INSERT INTO `area` VALUES ('371481', '乐陵市', '371400', null, null, null);
INSERT INTO `area` VALUES ('371482', '禹城市', '371400', null, null, null);
INSERT INTO `area` VALUES ('371500', '聊城市', '370000', null, null, null);
INSERT INTO `area` VALUES ('371502', '东昌府区', '371500', null, null, null);
INSERT INTO `area` VALUES ('371521', '阳谷县', '371500', null, null, null);
INSERT INTO `area` VALUES ('371522', '莘　县', '371500', null, null, null);
INSERT INTO `area` VALUES ('371523', '茌平县', '371500', null, null, null);
INSERT INTO `area` VALUES ('371524', '东阿县', '371500', null, null, null);
INSERT INTO `area` VALUES ('371525', '冠　县', '371500', null, null, null);
INSERT INTO `area` VALUES ('371526', '高唐县', '371500', null, null, null);
INSERT INTO `area` VALUES ('371581', '临清市', '371500', null, null, null);
INSERT INTO `area` VALUES ('371600', '滨州市', '370000', null, null, null);
INSERT INTO `area` VALUES ('371602', '滨城区', '371600', null, null, null);
INSERT INTO `area` VALUES ('371621', '惠民县', '371600', null, null, null);
INSERT INTO `area` VALUES ('371622', '阳信县', '371600', null, null, null);
INSERT INTO `area` VALUES ('371623', '无棣县', '371600', null, null, null);
INSERT INTO `area` VALUES ('371624', '沾化县', '371600', null, null, null);
INSERT INTO `area` VALUES ('371625', '博兴县', '371600', null, null, null);
INSERT INTO `area` VALUES ('371626', '邹平县', '371600', null, null, null);
INSERT INTO `area` VALUES ('371700', '菏泽市', '370000', null, null, null);
INSERT INTO `area` VALUES ('371702', '牡丹区', '371700', null, null, null);
INSERT INTO `area` VALUES ('371721', '曹　县', '371700', null, null, null);
INSERT INTO `area` VALUES ('371722', '单　县', '371700', null, null, null);
INSERT INTO `area` VALUES ('371723', '成武县', '371700', null, null, null);
INSERT INTO `area` VALUES ('371724', '巨野县', '371700', null, null, null);
INSERT INTO `area` VALUES ('371725', '郓城县', '371700', null, null, null);
INSERT INTO `area` VALUES ('371726', '鄄城县', '371700', null, null, null);
INSERT INTO `area` VALUES ('371727', '定陶县', '371700', null, null, null);
INSERT INTO `area` VALUES ('371728', '东明县', '371700', null, null, null);
INSERT INTO `area` VALUES ('410000', '河南省', null, null, null, null);
INSERT INTO `area` VALUES ('410100', '郑州市', '410000', null, null, null);
INSERT INTO `area` VALUES ('410102', '中原区', '410100', null, null, null);
INSERT INTO `area` VALUES ('410103', '二七区', '410100', null, null, null);
INSERT INTO `area` VALUES ('410104', '管城回族区', '410100', null, null, null);
INSERT INTO `area` VALUES ('410105', '金水区', '410100', null, null, null);
INSERT INTO `area` VALUES ('410106', '上街区', '410100', null, null, null);
INSERT INTO `area` VALUES ('410108', '惠济区', '410100', null, null, null);
INSERT INTO `area` VALUES ('410122', '中牟县', '410100', null, null, null);
INSERT INTO `area` VALUES ('410181', '巩义市', '410100', null, null, null);
INSERT INTO `area` VALUES ('410182', '荥阳市', '410100', null, null, null);
INSERT INTO `area` VALUES ('410183', '新密市', '410100', null, null, null);
INSERT INTO `area` VALUES ('410184', '新郑市', '410100', null, null, null);
INSERT INTO `area` VALUES ('410185', '登封市', '410100', null, null, null);
INSERT INTO `area` VALUES ('410200', '开封市', '410000', null, null, null);
INSERT INTO `area` VALUES ('410202', '龙亭区', '410200', null, null, null);
INSERT INTO `area` VALUES ('410203', '顺河回族区', '410200', null, null, null);
INSERT INTO `area` VALUES ('410204', '鼓楼区', '410200', null, null, null);
INSERT INTO `area` VALUES ('410205', '禹王台区', '410200', null, null, null);
INSERT INTO `area` VALUES ('410211', '金明区', '410200', null, null, null);
INSERT INTO `area` VALUES ('410221', '杞　县', '410200', null, null, null);
INSERT INTO `area` VALUES ('410222', '通许县', '410200', null, null, null);
INSERT INTO `area` VALUES ('410223', '尉氏县', '410200', null, null, null);
INSERT INTO `area` VALUES ('410224', '开封县', '410200', null, null, null);
INSERT INTO `area` VALUES ('410225', '兰考县', '410200', null, null, null);
INSERT INTO `area` VALUES ('410300', '洛阳市', '410000', null, null, null);
INSERT INTO `area` VALUES ('410302', '老城区', '410300', null, null, null);
INSERT INTO `area` VALUES ('410303', '西工区', '410300', null, null, null);
INSERT INTO `area` VALUES ('410304', '瀍河回族区(**)', '410300', null, null, null);
INSERT INTO `area` VALUES ('410305', '涧西区', '410300', null, null, null);
INSERT INTO `area` VALUES ('410306', '吉利区', '410300', null, null, null);
INSERT INTO `area` VALUES ('410311', '洛龙区(**)', '410300', null, null, null);
INSERT INTO `area` VALUES ('410322', '孟津县', '410300', null, null, null);
INSERT INTO `area` VALUES ('410323', '新安县', '410300', null, null, null);
INSERT INTO `area` VALUES ('410324', '栾川县', '410300', null, null, null);
INSERT INTO `area` VALUES ('410325', '嵩　县', '410300', null, null, null);
INSERT INTO `area` VALUES ('410326', '汝阳县', '410300', null, null, null);
INSERT INTO `area` VALUES ('410327', '宜阳县', '410300', null, null, null);
INSERT INTO `area` VALUES ('410328', '洛宁县', '410300', null, null, null);
INSERT INTO `area` VALUES ('410329', '伊川县', '410300', null, null, null);
INSERT INTO `area` VALUES ('410381', '偃师市', '410300', null, null, null);
INSERT INTO `area` VALUES ('410400', '平顶山市', '410000', null, null, null);
INSERT INTO `area` VALUES ('410402', '新华区', '410400', null, null, null);
INSERT INTO `area` VALUES ('410403', '卫东区', '410400', null, null, null);
INSERT INTO `area` VALUES ('410404', '石龙区', '410400', null, null, null);
INSERT INTO `area` VALUES ('410411', '湛河区', '410400', null, null, null);
INSERT INTO `area` VALUES ('410421', '宝丰县', '410400', null, null, null);
INSERT INTO `area` VALUES ('410422', '叶　县', '410400', null, null, null);
INSERT INTO `area` VALUES ('410423', '鲁山县', '410400', null, null, null);
INSERT INTO `area` VALUES ('410425', '郏　县', '410400', null, null, null);
INSERT INTO `area` VALUES ('410481', '舞钢市', '410400', null, null, null);
INSERT INTO `area` VALUES ('410482', '汝州市', '410400', null, null, null);
INSERT INTO `area` VALUES ('410500', '安阳市', '410000', null, null, null);
INSERT INTO `area` VALUES ('410502', '文峰区', '410500', null, null, null);
INSERT INTO `area` VALUES ('410503', '北关区', '410500', null, null, null);
INSERT INTO `area` VALUES ('410505', '殷都区', '410500', null, null, null);
INSERT INTO `area` VALUES ('410506', '龙安区', '410500', null, null, null);
INSERT INTO `area` VALUES ('410522', '安阳县', '410500', null, null, null);
INSERT INTO `area` VALUES ('410523', '汤阴县', '410500', null, null, null);
INSERT INTO `area` VALUES ('410526', '滑　县', '410500', null, null, null);
INSERT INTO `area` VALUES ('410527', '内黄县', '410500', null, null, null);
INSERT INTO `area` VALUES ('410581', '林州市', '410500', null, null, null);
INSERT INTO `area` VALUES ('410600', '鹤壁市', '410000', null, null, null);
INSERT INTO `area` VALUES ('410602', '鹤山区', '410600', null, null, null);
INSERT INTO `area` VALUES ('410603', '山城区', '410600', null, null, null);
INSERT INTO `area` VALUES ('410611', '淇滨区', '410600', null, null, null);
INSERT INTO `area` VALUES ('410621', '浚　县', '410600', null, null, null);
INSERT INTO `area` VALUES ('410622', '淇　县', '410600', null, null, null);
INSERT INTO `area` VALUES ('410700', '新乡市', '410000', null, null, null);
INSERT INTO `area` VALUES ('410702', '红旗区', '410700', null, null, null);
INSERT INTO `area` VALUES ('410703', '卫滨区', '410700', null, null, null);
INSERT INTO `area` VALUES ('410704', '凤泉区', '410700', null, null, null);
INSERT INTO `area` VALUES ('410711', '牧野区', '410700', null, null, null);
INSERT INTO `area` VALUES ('410721', '新乡县', '410700', null, null, null);
INSERT INTO `area` VALUES ('410724', '获嘉县', '410700', null, null, null);
INSERT INTO `area` VALUES ('410725', '原阳县', '410700', null, null, null);
INSERT INTO `area` VALUES ('410726', '延津县', '410700', null, null, null);
INSERT INTO `area` VALUES ('410727', '封丘县', '410700', null, null, null);
INSERT INTO `area` VALUES ('410728', '长垣县', '410700', null, null, null);
INSERT INTO `area` VALUES ('410781', '卫辉市', '410700', null, null, null);
INSERT INTO `area` VALUES ('410782', '辉县市', '410700', null, null, null);
INSERT INTO `area` VALUES ('410800', '焦作市', '410000', null, null, null);
INSERT INTO `area` VALUES ('410802', '解放区', '410800', null, null, null);
INSERT INTO `area` VALUES ('410803', '中站区', '410800', null, null, null);
INSERT INTO `area` VALUES ('410804', '马村区', '410800', null, null, null);
INSERT INTO `area` VALUES ('410811', '山阳区', '410800', null, null, null);
INSERT INTO `area` VALUES ('410821', '修武县', '410800', null, null, null);
INSERT INTO `area` VALUES ('410822', '博爱县', '410800', null, null, null);
INSERT INTO `area` VALUES ('410823', '武陟县', '410800', null, null, null);
INSERT INTO `area` VALUES ('410825', '温　县', '410800', null, null, null);
INSERT INTO `area` VALUES ('410881', '济源市', '410800', null, null, null);
INSERT INTO `area` VALUES ('410882', '沁阳市', '410800', null, null, null);
INSERT INTO `area` VALUES ('410883', '孟州市', '410800', null, null, null);
INSERT INTO `area` VALUES ('410900', '濮阳市', '410000', null, null, null);
INSERT INTO `area` VALUES ('410902', '华龙区', '410900', null, null, null);
INSERT INTO `area` VALUES ('410922', '清丰县', '410900', null, null, null);
INSERT INTO `area` VALUES ('410923', '南乐县', '410900', null, null, null);
INSERT INTO `area` VALUES ('410926', '范　县', '410900', null, null, null);
INSERT INTO `area` VALUES ('410927', '台前县', '410900', null, null, null);
INSERT INTO `area` VALUES ('410928', '濮阳县', '410900', null, null, null);
INSERT INTO `area` VALUES ('411000', '许昌市', '410000', null, null, null);
INSERT INTO `area` VALUES ('411002', '魏都区', '411000', null, null, null);
INSERT INTO `area` VALUES ('411023', '许昌县', '411000', null, null, null);
INSERT INTO `area` VALUES ('411024', '鄢陵县', '411000', null, null, null);
INSERT INTO `area` VALUES ('411025', '襄城县', '411000', null, null, null);
INSERT INTO `area` VALUES ('411081', '禹州市', '411000', null, null, null);
INSERT INTO `area` VALUES ('411082', '长葛市', '411000', null, null, null);
INSERT INTO `area` VALUES ('411100', '漯河市', '410000', null, null, null);
INSERT INTO `area` VALUES ('411102', '源汇区', '411100', null, null, null);
INSERT INTO `area` VALUES ('411103', '郾城区', '411100', null, null, null);
INSERT INTO `area` VALUES ('411104', '召陵区', '411100', null, null, null);
INSERT INTO `area` VALUES ('411121', '舞阳县', '411100', null, null, null);
INSERT INTO `area` VALUES ('411122', '临颍县', '411100', null, null, null);
INSERT INTO `area` VALUES ('411200', '三门峡市', '410000', null, null, null);
INSERT INTO `area` VALUES ('411202', '湖滨区', '411200', null, null, null);
INSERT INTO `area` VALUES ('411221', '渑池县', '411200', null, null, null);
INSERT INTO `area` VALUES ('411222', '陕　县', '411200', null, null, null);
INSERT INTO `area` VALUES ('411224', '卢氏县', '411200', null, null, null);
INSERT INTO `area` VALUES ('411281', '义马市', '411200', null, null, null);
INSERT INTO `area` VALUES ('411282', '灵宝市', '411200', null, null, null);
INSERT INTO `area` VALUES ('411300', '南阳市', '410000', null, null, null);
INSERT INTO `area` VALUES ('411302', '宛城区', '411300', null, null, null);
INSERT INTO `area` VALUES ('411303', '卧龙区', '411300', null, null, null);
INSERT INTO `area` VALUES ('411321', '南召县', '411300', null, null, null);
INSERT INTO `area` VALUES ('411322', '方城县', '411300', null, null, null);
INSERT INTO `area` VALUES ('411323', '西峡县', '411300', null, null, null);
INSERT INTO `area` VALUES ('411324', '镇平县', '411300', null, null, null);
INSERT INTO `area` VALUES ('411325', '内乡县', '411300', null, null, null);
INSERT INTO `area` VALUES ('411326', '淅川县', '411300', null, null, null);
INSERT INTO `area` VALUES ('411327', '社旗县', '411300', null, null, null);
INSERT INTO `area` VALUES ('411328', '唐河县', '411300', null, null, null);
INSERT INTO `area` VALUES ('411329', '新野县', '411300', null, null, null);
INSERT INTO `area` VALUES ('411330', '桐柏县', '411300', null, null, null);
INSERT INTO `area` VALUES ('411381', '邓州市', '411300', null, null, null);
INSERT INTO `area` VALUES ('411400', '商丘市', '410000', null, null, null);
INSERT INTO `area` VALUES ('411402', '梁园区', '411400', null, null, null);
INSERT INTO `area` VALUES ('411403', '睢阳区', '411400', null, null, null);
INSERT INTO `area` VALUES ('411421', '民权县', '411400', null, null, null);
INSERT INTO `area` VALUES ('411422', '睢　县', '411400', null, null, null);
INSERT INTO `area` VALUES ('411423', '宁陵县', '411400', null, null, null);
INSERT INTO `area` VALUES ('411424', '柘城县', '411400', null, null, null);
INSERT INTO `area` VALUES ('411425', '虞城县', '411400', null, null, null);
INSERT INTO `area` VALUES ('411426', '夏邑县', '411400', null, null, null);
INSERT INTO `area` VALUES ('411481', '永城市', '411400', null, null, null);
INSERT INTO `area` VALUES ('411500', '信阳市', '410000', null, null, null);
INSERT INTO `area` VALUES ('411502', '浉河区', '411500', null, null, null);
INSERT INTO `area` VALUES ('411503', '平桥区', '411500', null, null, null);
INSERT INTO `area` VALUES ('411521', '罗山县', '411500', null, null, null);
INSERT INTO `area` VALUES ('411522', '光山县', '411500', null, null, null);
INSERT INTO `area` VALUES ('411523', '新　县', '411500', null, null, null);
INSERT INTO `area` VALUES ('411524', '商城县', '411500', null, null, null);
INSERT INTO `area` VALUES ('411525', '固始县', '411500', null, null, null);
INSERT INTO `area` VALUES ('411526', '潢川县', '411500', null, null, null);
INSERT INTO `area` VALUES ('411527', '淮滨县', '411500', null, null, null);
INSERT INTO `area` VALUES ('411528', '息　县', '411500', null, null, null);
INSERT INTO `area` VALUES ('411600', '周口市', '410000', null, null, null);
INSERT INTO `area` VALUES ('411602', '川汇区', '411600', null, null, null);
INSERT INTO `area` VALUES ('411621', '扶沟县', '411600', null, null, null);
INSERT INTO `area` VALUES ('411622', '西华县', '411600', null, null, null);
INSERT INTO `area` VALUES ('411623', '商水县', '411600', null, null, null);
INSERT INTO `area` VALUES ('411624', '沈丘县', '411600', null, null, null);
INSERT INTO `area` VALUES ('411625', '郸城县', '411600', null, null, null);
INSERT INTO `area` VALUES ('411626', '淮阳县', '411600', null, null, null);
INSERT INTO `area` VALUES ('411627', '太康县', '411600', null, null, null);
INSERT INTO `area` VALUES ('411628', '鹿邑县', '411600', null, null, null);
INSERT INTO `area` VALUES ('411681', '项城市', '411600', null, null, null);
INSERT INTO `area` VALUES ('411700', '驻马店市', '410000', null, null, null);
INSERT INTO `area` VALUES ('411702', '驿城区', '411700', null, null, null);
INSERT INTO `area` VALUES ('411721', '西平县', '411700', null, null, null);
INSERT INTO `area` VALUES ('411722', '上蔡县', '411700', null, null, null);
INSERT INTO `area` VALUES ('411723', '平舆县', '411700', null, null, null);
INSERT INTO `area` VALUES ('411724', '正阳县', '411700', null, null, null);
INSERT INTO `area` VALUES ('411725', '确山县', '411700', null, null, null);
INSERT INTO `area` VALUES ('411726', '泌阳县', '411700', null, null, null);
INSERT INTO `area` VALUES ('411727', '汝南县', '411700', null, null, null);
INSERT INTO `area` VALUES ('411728', '遂平县', '411700', null, null, null);
INSERT INTO `area` VALUES ('411729', '新蔡县', '411700', null, null, null);
INSERT INTO `area` VALUES ('420000', '湖北省', null, null, null, null);
INSERT INTO `area` VALUES ('420100', '武汉市', '420000', null, null, null);
INSERT INTO `area` VALUES ('420102', '江岸区', '420100', null, null, null);
INSERT INTO `area` VALUES ('420103', '江汉区', '420100', null, null, null);
INSERT INTO `area` VALUES ('420104', '硚口区', '420100', null, null, null);
INSERT INTO `area` VALUES ('420105', '汉阳区', '420100', null, null, null);
INSERT INTO `area` VALUES ('420106', '武昌区', '420100', null, null, null);
INSERT INTO `area` VALUES ('420107', '青山区', '420100', null, null, null);
INSERT INTO `area` VALUES ('420111', '洪山区', '420100', null, null, null);
INSERT INTO `area` VALUES ('420112', '东西湖区', '420100', null, null, null);
INSERT INTO `area` VALUES ('420113', '汉南区', '420100', null, null, null);
INSERT INTO `area` VALUES ('420114', '蔡甸区', '420100', null, null, null);
INSERT INTO `area` VALUES ('420115', '江夏区', '420100', null, null, null);
INSERT INTO `area` VALUES ('420116', '黄陂区', '420100', null, null, null);
INSERT INTO `area` VALUES ('420117', '新洲区', '420100', null, null, null);
INSERT INTO `area` VALUES ('420200', '黄石市', '420000', null, null, null);
INSERT INTO `area` VALUES ('420202', '黄石港区', '420200', null, null, null);
INSERT INTO `area` VALUES ('420203', '西塞山区', '420200', null, null, null);
INSERT INTO `area` VALUES ('420204', '下陆区', '420200', null, null, null);
INSERT INTO `area` VALUES ('420205', '铁山区', '420200', null, null, null);
INSERT INTO `area` VALUES ('420222', '阳新县', '420200', null, null, null);
INSERT INTO `area` VALUES ('420281', '大冶市', '420200', null, null, null);
INSERT INTO `area` VALUES ('420300', '十堰市', '420000', null, null, null);
INSERT INTO `area` VALUES ('420302', '茅箭区', '420300', null, null, null);
INSERT INTO `area` VALUES ('420303', '张湾区', '420300', null, null, null);
INSERT INTO `area` VALUES ('420321', '郧　县', '420300', null, null, null);
INSERT INTO `area` VALUES ('420322', '郧西县', '420300', null, null, null);
INSERT INTO `area` VALUES ('420323', '竹山县', '420300', null, null, null);
INSERT INTO `area` VALUES ('420324', '竹溪县', '420300', null, null, null);
INSERT INTO `area` VALUES ('420325', '房　县', '420300', null, null, null);
INSERT INTO `area` VALUES ('420381', '丹江口市', '420300', null, null, null);
INSERT INTO `area` VALUES ('420500', '宜昌市', '420000', null, null, null);
INSERT INTO `area` VALUES ('420502', '西陵区', '420500', null, null, null);
INSERT INTO `area` VALUES ('420503', '伍家岗区', '420500', null, null, null);
INSERT INTO `area` VALUES ('420504', '点军区', '420500', null, null, null);
INSERT INTO `area` VALUES ('420505', '猇亭区', '420500', null, null, null);
INSERT INTO `area` VALUES ('420506', '夷陵区', '420500', null, null, null);
INSERT INTO `area` VALUES ('420525', '远安县', '420500', null, null, null);
INSERT INTO `area` VALUES ('420526', '兴山县', '420500', null, null, null);
INSERT INTO `area` VALUES ('420527', '秭归县', '420500', null, null, null);
INSERT INTO `area` VALUES ('420528', '长阳土家族自治县', '420500', null, null, null);
INSERT INTO `area` VALUES ('420529', '五峰土家族自治县', '420500', null, null, null);
INSERT INTO `area` VALUES ('420581', '宜都市', '420500', null, null, null);
INSERT INTO `area` VALUES ('420582', '当阳市', '420500', null, null, null);
INSERT INTO `area` VALUES ('420583', '枝江市', '420500', null, null, null);
INSERT INTO `area` VALUES ('420600', '襄樊市', '420000', null, null, null);
INSERT INTO `area` VALUES ('420602', '襄城区', '420600', null, null, null);
INSERT INTO `area` VALUES ('420606', '樊城区', '420600', null, null, null);
INSERT INTO `area` VALUES ('420607', '襄阳区', '420600', null, null, null);
INSERT INTO `area` VALUES ('420624', '南漳县', '420600', null, null, null);
INSERT INTO `area` VALUES ('420625', '谷城县', '420600', null, null, null);
INSERT INTO `area` VALUES ('420626', '保康县', '420600', null, null, null);
INSERT INTO `area` VALUES ('420682', '老河口市', '420600', null, null, null);
INSERT INTO `area` VALUES ('420683', '枣阳市', '420600', null, null, null);
INSERT INTO `area` VALUES ('420684', '宜城市', '420600', null, null, null);
INSERT INTO `area` VALUES ('420700', '鄂州市', '420000', null, null, null);
INSERT INTO `area` VALUES ('420702', '梁子湖区', '420700', null, null, null);
INSERT INTO `area` VALUES ('420703', '华容区', '420700', null, null, null);
INSERT INTO `area` VALUES ('420704', '鄂城区', '420700', null, null, null);
INSERT INTO `area` VALUES ('420800', '荆门市', '420000', null, null, null);
INSERT INTO `area` VALUES ('420802', '东宝区', '420800', null, null, null);
INSERT INTO `area` VALUES ('420804', '掇刀区', '420800', null, null, null);
INSERT INTO `area` VALUES ('420821', '京山县', '420800', null, null, null);
INSERT INTO `area` VALUES ('420822', '沙洋县', '420800', null, null, null);
INSERT INTO `area` VALUES ('420881', '钟祥市', '420800', null, null, null);
INSERT INTO `area` VALUES ('420900', '孝感市', '420000', null, null, null);
INSERT INTO `area` VALUES ('420902', '孝南区', '420900', null, null, null);
INSERT INTO `area` VALUES ('420921', '孝昌县', '420900', null, null, null);
INSERT INTO `area` VALUES ('420922', '大悟县', '420900', null, null, null);
INSERT INTO `area` VALUES ('420923', '云梦县', '420900', null, null, null);
INSERT INTO `area` VALUES ('420981', '应城市', '420900', null, null, null);
INSERT INTO `area` VALUES ('420982', '安陆市', '420900', null, null, null);
INSERT INTO `area` VALUES ('420984', '汉川市', '420900', null, null, null);
INSERT INTO `area` VALUES ('421000', '荆州市', '420000', null, null, null);
INSERT INTO `area` VALUES ('421002', '沙市区', '421000', null, null, null);
INSERT INTO `area` VALUES ('421003', '荆州区', '421000', null, null, null);
INSERT INTO `area` VALUES ('421022', '公安县', '421000', null, null, null);
INSERT INTO `area` VALUES ('421023', '监利县', '421000', null, null, null);
INSERT INTO `area` VALUES ('421024', '江陵县', '421000', null, null, null);
INSERT INTO `area` VALUES ('421081', '石首市', '421000', null, null, null);
INSERT INTO `area` VALUES ('421083', '洪湖市', '421000', null, null, null);
INSERT INTO `area` VALUES ('421087', '松滋市', '421000', null, null, null);
INSERT INTO `area` VALUES ('421100', '黄冈市', '420000', null, null, null);
INSERT INTO `area` VALUES ('421102', '黄州区', '421100', null, null, null);
INSERT INTO `area` VALUES ('421121', '团风县', '421100', null, null, null);
INSERT INTO `area` VALUES ('421122', '红安县', '421100', null, null, null);
INSERT INTO `area` VALUES ('421123', '罗田县', '421100', null, null, null);
INSERT INTO `area` VALUES ('421124', '英山县', '421100', null, null, null);
INSERT INTO `area` VALUES ('421125', '浠水县', '421100', null, null, null);
INSERT INTO `area` VALUES ('421126', '蕲春县', '421100', null, null, null);
INSERT INTO `area` VALUES ('421127', '黄梅县', '421100', null, null, null);
INSERT INTO `area` VALUES ('421181', '麻城市', '421100', null, null, null);
INSERT INTO `area` VALUES ('421182', '武穴市', '421100', null, null, null);
INSERT INTO `area` VALUES ('421200', '咸宁市', '420000', null, null, null);
INSERT INTO `area` VALUES ('421202', '咸安区', '421200', null, null, null);
INSERT INTO `area` VALUES ('421221', '嘉鱼县', '421200', null, null, null);
INSERT INTO `area` VALUES ('421222', '通城县', '421200', null, null, null);
INSERT INTO `area` VALUES ('421223', '崇阳县', '421200', null, null, null);
INSERT INTO `area` VALUES ('421224', '通山县', '421200', null, null, null);
INSERT INTO `area` VALUES ('421281', '赤壁市', '421200', null, null, null);
INSERT INTO `area` VALUES ('421300', '随州市', '420000', null, null, null);
INSERT INTO `area` VALUES ('421302', '曾都区', '421300', null, null, null);
INSERT INTO `area` VALUES ('421381', '广水市', '421300', null, null, null);
INSERT INTO `area` VALUES ('422800', '恩施土家族苗族自治州', '420000', null, null, null);
INSERT INTO `area` VALUES ('422801', '恩施市', '422800', null, null, null);
INSERT INTO `area` VALUES ('422802', '利川市', '422800', null, null, null);
INSERT INTO `area` VALUES ('422822', '建始县', '422800', null, null, null);
INSERT INTO `area` VALUES ('422823', '巴东县', '422800', null, null, null);
INSERT INTO `area` VALUES ('422825', '宣恩县', '422800', null, null, null);
INSERT INTO `area` VALUES ('422826', '咸丰县', '422800', null, null, null);
INSERT INTO `area` VALUES ('422827', '来凤县', '422800', null, null, null);
INSERT INTO `area` VALUES ('422828', '鹤峰县', '422800', null, null, null);
INSERT INTO `area` VALUES ('429000', '省直辖县级行政单位(**)', '420000', null, null, null);
INSERT INTO `area` VALUES ('429004', '仙桃市', '429000', null, null, null);
INSERT INTO `area` VALUES ('429005', '潜江市', '429000', null, null, null);
INSERT INTO `area` VALUES ('429006', '天门市', '429000', null, null, null);
INSERT INTO `area` VALUES ('429021', '神农架林区', '429000', null, null, null);
INSERT INTO `area` VALUES ('430000', '湖南省', null, null, null, null);
INSERT INTO `area` VALUES ('430100', '长沙市', '430000', null, null, null);
INSERT INTO `area` VALUES ('430102', '芙蓉区', '430100', null, null, null);
INSERT INTO `area` VALUES ('430103', '天心区', '430100', null, null, null);
INSERT INTO `area` VALUES ('430104', '岳麓区', '430100', null, null, null);
INSERT INTO `area` VALUES ('430105', '开福区', '430100', null, null, null);
INSERT INTO `area` VALUES ('430111', '雨花区', '430100', null, null, null);
INSERT INTO `area` VALUES ('430121', '长沙县', '430100', null, null, null);
INSERT INTO `area` VALUES ('430122', '望城县', '430100', null, null, null);
INSERT INTO `area` VALUES ('430124', '宁乡县', '430100', null, null, null);
INSERT INTO `area` VALUES ('430181', '浏阳市', '430100', null, null, null);
INSERT INTO `area` VALUES ('430200', '株洲市', '430000', null, null, null);
INSERT INTO `area` VALUES ('430202', '荷塘区', '430200', null, null, null);
INSERT INTO `area` VALUES ('430203', '芦淞区', '430200', null, null, null);
INSERT INTO `area` VALUES ('430204', '石峰区', '430200', null, null, null);
INSERT INTO `area` VALUES ('430211', '天元区', '430200', null, null, null);
INSERT INTO `area` VALUES ('430221', '株洲县', '430200', null, null, null);
INSERT INTO `area` VALUES ('430223', '攸　县', '430200', null, null, null);
INSERT INTO `area` VALUES ('430224', '茶陵县', '430200', null, null, null);
INSERT INTO `area` VALUES ('430225', '炎陵县', '430200', null, null, null);
INSERT INTO `area` VALUES ('430281', '醴陵市', '430200', null, null, null);
INSERT INTO `area` VALUES ('430300', '湘潭市', '430000', null, null, null);
INSERT INTO `area` VALUES ('430302', '雨湖区', '430300', null, null, null);
INSERT INTO `area` VALUES ('430304', '岳塘区', '430300', null, null, null);
INSERT INTO `area` VALUES ('430321', '湘潭县', '430300', null, null, null);
INSERT INTO `area` VALUES ('430381', '湘乡市', '430300', null, null, null);
INSERT INTO `area` VALUES ('430382', '韶山市', '430300', null, null, null);
INSERT INTO `area` VALUES ('430400', '衡阳市', '430000', null, null, null);
INSERT INTO `area` VALUES ('430405', '珠晖区', '430400', null, null, null);
INSERT INTO `area` VALUES ('430406', '雁峰区', '430400', null, null, null);
INSERT INTO `area` VALUES ('430407', '石鼓区', '430400', null, null, null);
INSERT INTO `area` VALUES ('430408', '蒸湘区', '430400', null, null, null);
INSERT INTO `area` VALUES ('430412', '南岳区', '430400', null, null, null);
INSERT INTO `area` VALUES ('430421', '衡阳县', '430400', null, null, null);
INSERT INTO `area` VALUES ('430422', '衡南县', '430400', null, null, null);
INSERT INTO `area` VALUES ('430423', '衡山县', '430400', null, null, null);
INSERT INTO `area` VALUES ('430424', '衡东县', '430400', null, null, null);
INSERT INTO `area` VALUES ('430426', '祁东县', '430400', null, null, null);
INSERT INTO `area` VALUES ('430481', '耒阳市', '430400', null, null, null);
INSERT INTO `area` VALUES ('430482', '常宁市', '430400', null, null, null);
INSERT INTO `area` VALUES ('430500', '邵阳市', '430000', null, null, null);
INSERT INTO `area` VALUES ('430502', '双清区', '430500', null, null, null);
INSERT INTO `area` VALUES ('430503', '大祥区', '430500', null, null, null);
INSERT INTO `area` VALUES ('430511', '北塔区', '430500', null, null, null);
INSERT INTO `area` VALUES ('430521', '邵东县', '430500', null, null, null);
INSERT INTO `area` VALUES ('430522', '新邵县', '430500', null, null, null);
INSERT INTO `area` VALUES ('430523', '邵阳县', '430500', null, null, null);
INSERT INTO `area` VALUES ('430524', '隆回县', '430500', null, null, null);
INSERT INTO `area` VALUES ('430525', '洞口县', '430500', null, null, null);
INSERT INTO `area` VALUES ('430527', '绥宁县', '430500', null, null, null);
INSERT INTO `area` VALUES ('430528', '新宁县', '430500', null, null, null);
INSERT INTO `area` VALUES ('430529', '城步苗族自治县', '430500', null, null, null);
INSERT INTO `area` VALUES ('430581', '武冈市', '430500', null, null, null);
INSERT INTO `area` VALUES ('430600', '岳阳市', '430000', null, null, null);
INSERT INTO `area` VALUES ('430602', '岳阳楼区', '430600', null, null, null);
INSERT INTO `area` VALUES ('430603', '云溪区', '430600', null, null, null);
INSERT INTO `area` VALUES ('430611', '君山区', '430600', null, null, null);
INSERT INTO `area` VALUES ('430621', '岳阳县', '430600', null, null, null);
INSERT INTO `area` VALUES ('430623', '华容县', '430600', null, null, null);
INSERT INTO `area` VALUES ('430624', '湘阴县', '430600', null, null, null);
INSERT INTO `area` VALUES ('430626', '平江县', '430600', null, null, null);
INSERT INTO `area` VALUES ('430681', '汨罗市', '430600', null, null, null);
INSERT INTO `area` VALUES ('430682', '临湘市', '430600', null, null, null);
INSERT INTO `area` VALUES ('430700', '常德市', '430000', null, null, null);
INSERT INTO `area` VALUES ('430702', '武陵区', '430700', null, null, null);
INSERT INTO `area` VALUES ('430703', '鼎城区', '430700', null, null, null);
INSERT INTO `area` VALUES ('430721', '安乡县', '430700', null, null, null);
INSERT INTO `area` VALUES ('430722', '汉寿县', '430700', null, null, null);
INSERT INTO `area` VALUES ('430723', '澧　县', '430700', null, null, null);
INSERT INTO `area` VALUES ('430724', '临澧县', '430700', null, null, null);
INSERT INTO `area` VALUES ('430725', '桃源县', '430700', null, null, null);
INSERT INTO `area` VALUES ('430726', '石门县', '430700', null, null, null);
INSERT INTO `area` VALUES ('430781', '津市市', '430700', null, null, null);
INSERT INTO `area` VALUES ('430800', '张家界市', '430000', null, null, null);
INSERT INTO `area` VALUES ('430802', '永定区', '430800', null, null, null);
INSERT INTO `area` VALUES ('430811', '武陵源区', '430800', null, null, null);
INSERT INTO `area` VALUES ('430821', '慈利县', '430800', null, null, null);
INSERT INTO `area` VALUES ('430822', '桑植县', '430800', null, null, null);
INSERT INTO `area` VALUES ('430900', '益阳市', '430000', null, null, null);
INSERT INTO `area` VALUES ('430902', '资阳区', '430900', null, null, null);
INSERT INTO `area` VALUES ('430903', '赫山区', '430900', null, null, null);
INSERT INTO `area` VALUES ('430921', '南　县', '430900', null, null, null);
INSERT INTO `area` VALUES ('430922', '桃江县', '430900', null, null, null);
INSERT INTO `area` VALUES ('430923', '安化县', '430900', null, null, null);
INSERT INTO `area` VALUES ('430981', '沅江市', '430900', null, null, null);
INSERT INTO `area` VALUES ('431000', '郴州市', '430000', null, null, null);
INSERT INTO `area` VALUES ('431002', '北湖区', '431000', null, null, null);
INSERT INTO `area` VALUES ('431003', '苏仙区', '431000', null, null, null);
INSERT INTO `area` VALUES ('431021', '桂阳县', '431000', null, null, null);
INSERT INTO `area` VALUES ('431022', '宜章县', '431000', null, null, null);
INSERT INTO `area` VALUES ('431023', '永兴县', '431000', null, null, null);
INSERT INTO `area` VALUES ('431024', '嘉禾县', '431000', null, null, null);
INSERT INTO `area` VALUES ('431025', '临武县', '431000', null, null, null);
INSERT INTO `area` VALUES ('431026', '汝城县', '431000', null, null, null);
INSERT INTO `area` VALUES ('431027', '桂东县', '431000', null, null, null);
INSERT INTO `area` VALUES ('431028', '安仁县', '431000', null, null, null);
INSERT INTO `area` VALUES ('431081', '资兴市', '431000', null, null, null);
INSERT INTO `area` VALUES ('431100', '永州市', '430000', null, null, null);
INSERT INTO `area` VALUES ('431102', '零陵区', '431100', null, null, null);
INSERT INTO `area` VALUES ('431103', '冷水滩区', '431100', null, null, null);
INSERT INTO `area` VALUES ('431121', '祁阳县', '431100', null, null, null);
INSERT INTO `area` VALUES ('431122', '东安县', '431100', null, null, null);
INSERT INTO `area` VALUES ('431123', '双牌县', '431100', null, null, null);
INSERT INTO `area` VALUES ('431124', '道　县', '431100', null, null, null);
INSERT INTO `area` VALUES ('431125', '江永县', '431100', null, null, null);
INSERT INTO `area` VALUES ('431126', '宁远县', '431100', null, null, null);
INSERT INTO `area` VALUES ('431127', '蓝山县', '431100', null, null, null);
INSERT INTO `area` VALUES ('431128', '新田县', '431100', null, null, null);
INSERT INTO `area` VALUES ('431129', '江华瑶族自治县', '431100', null, null, null);
INSERT INTO `area` VALUES ('431200', '怀化市', '430000', null, null, null);
INSERT INTO `area` VALUES ('431202', '鹤城区', '431200', null, null, null);
INSERT INTO `area` VALUES ('431221', '中方县', '431200', null, null, null);
INSERT INTO `area` VALUES ('431222', '沅陵县', '431200', null, null, null);
INSERT INTO `area` VALUES ('431223', '辰溪县', '431200', null, null, null);
INSERT INTO `area` VALUES ('431224', '溆浦县', '431200', null, null, null);
INSERT INTO `area` VALUES ('431225', '会同县', '431200', null, null, null);
INSERT INTO `area` VALUES ('431226', '麻阳苗族自治县', '431200', null, null, null);
INSERT INTO `area` VALUES ('431227', '新晃侗族自治县', '431200', null, null, null);
INSERT INTO `area` VALUES ('431228', '芷江侗族自治县', '431200', null, null, null);
INSERT INTO `area` VALUES ('431229', '靖州苗族侗族自治县', '431200', null, null, null);
INSERT INTO `area` VALUES ('431230', '通道侗族自治县', '431200', null, null, null);
INSERT INTO `area` VALUES ('431281', '洪江市', '431200', null, null, null);
INSERT INTO `area` VALUES ('431300', '娄底市', '430000', null, null, null);
INSERT INTO `area` VALUES ('431302', '娄星区', '431300', null, null, null);
INSERT INTO `area` VALUES ('431321', '双峰县', '431300', null, null, null);
INSERT INTO `area` VALUES ('431322', '新化县', '431300', null, null, null);
INSERT INTO `area` VALUES ('431381', '冷水江市', '431300', null, null, null);
INSERT INTO `area` VALUES ('431382', '涟源市', '431300', null, null, null);
INSERT INTO `area` VALUES ('433100', '湘西土家族苗族自治州', '430000', null, null, null);
INSERT INTO `area` VALUES ('433101', '吉首市', '433100', null, null, null);
INSERT INTO `area` VALUES ('433122', '泸溪县', '433100', null, null, null);
INSERT INTO `area` VALUES ('433123', '凤凰县', '433100', null, null, null);
INSERT INTO `area` VALUES ('433124', '花垣县', '433100', null, null, null);
INSERT INTO `area` VALUES ('433125', '保靖县', '433100', null, null, null);
INSERT INTO `area` VALUES ('433126', '古丈县', '433100', null, null, null);
INSERT INTO `area` VALUES ('433127', '永顺县', '433100', null, null, null);
INSERT INTO `area` VALUES ('433130', '龙山县', '433100', null, null, null);
INSERT INTO `area` VALUES ('440000', '广东省', null, null, null, null);
INSERT INTO `area` VALUES ('440100', '广州市', '440000', null, null, null);
INSERT INTO `area` VALUES ('440103', '荔湾区', '440100', null, null, null);
INSERT INTO `area` VALUES ('440104', '越秀区', '440100', null, null, null);
INSERT INTO `area` VALUES ('440105', '海珠区', '440100', null, null, null);
INSERT INTO `area` VALUES ('440106', '天河区', '440100', null, null, null);
INSERT INTO `area` VALUES ('440111', '白云区', '440100', null, null, null);
INSERT INTO `area` VALUES ('440112', '黄埔区', '440100', null, null, null);
INSERT INTO `area` VALUES ('440113', '番禺区', '440100', null, null, null);
INSERT INTO `area` VALUES ('440114', '花都区', '440100', null, null, null);
INSERT INTO `area` VALUES ('440115', '南沙区', '440100', null, null, null);
INSERT INTO `area` VALUES ('440116', '萝岗区', '440100', null, null, null);
INSERT INTO `area` VALUES ('440183', '增城市', '440100', null, null, null);
INSERT INTO `area` VALUES ('440184', '从化市', '440100', null, null, null);
INSERT INTO `area` VALUES ('440200', '韶关市', '440000', null, null, null);
INSERT INTO `area` VALUES ('440203', '武江区', '440200', null, null, null);
INSERT INTO `area` VALUES ('440204', '浈江区', '440200', null, null, null);
INSERT INTO `area` VALUES ('440205', '曲江区', '440200', null, null, null);
INSERT INTO `area` VALUES ('440222', '始兴县', '440200', null, null, null);
INSERT INTO `area` VALUES ('440224', '仁化县', '440200', null, null, null);
INSERT INTO `area` VALUES ('440229', '翁源县', '440200', null, null, null);
INSERT INTO `area` VALUES ('440232', '乳源瑶族自治县', '440200', null, null, null);
INSERT INTO `area` VALUES ('440233', '新丰县', '440200', null, null, null);
INSERT INTO `area` VALUES ('440281', '乐昌市', '440200', null, null, null);
INSERT INTO `area` VALUES ('440282', '南雄市', '440200', null, null, null);
INSERT INTO `area` VALUES ('440300', '深圳市', '440000', null, null, null);
INSERT INTO `area` VALUES ('440303', '罗湖区', '440300', null, null, null);
INSERT INTO `area` VALUES ('440304', '福田区', '440300', null, null, null);
INSERT INTO `area` VALUES ('440305', '南山区', '440300', null, null, null);
INSERT INTO `area` VALUES ('440306', '宝安区', '440300', null, null, null);
INSERT INTO `area` VALUES ('440307', '龙岗区', '440300', null, null, null);
INSERT INTO `area` VALUES ('440308', '盐田区', '440300', null, null, null);
INSERT INTO `area` VALUES ('440400', '珠海市', '440000', null, null, null);
INSERT INTO `area` VALUES ('440402', '香洲区', '440400', null, null, null);
INSERT INTO `area` VALUES ('440403', '斗门区', '440400', null, null, null);
INSERT INTO `area` VALUES ('440404', '金湾区', '440400', null, null, null);
INSERT INTO `area` VALUES ('440500', '汕头市', '440000', null, null, null);
INSERT INTO `area` VALUES ('440507', '龙湖区', '440500', null, null, null);
INSERT INTO `area` VALUES ('440511', '金平区', '440500', null, null, null);
INSERT INTO `area` VALUES ('440512', '濠江区', '440500', null, null, null);
INSERT INTO `area` VALUES ('440513', '潮阳区', '440500', null, null, null);
INSERT INTO `area` VALUES ('440514', '潮南区', '440500', null, null, null);
INSERT INTO `area` VALUES ('440515', '澄海区', '440500', null, null, null);
INSERT INTO `area` VALUES ('440523', '南澳县', '440500', null, null, null);
INSERT INTO `area` VALUES ('440600', '佛山市', '440000', null, null, null);
INSERT INTO `area` VALUES ('440604', '禅城区', '440600', null, null, null);
INSERT INTO `area` VALUES ('440605', '南海区', '440600', null, null, null);
INSERT INTO `area` VALUES ('440606', '顺德区', '440600', null, null, null);
INSERT INTO `area` VALUES ('440607', '三水区', '440600', null, null, null);
INSERT INTO `area` VALUES ('440608', '高明区', '440600', null, null, null);
INSERT INTO `area` VALUES ('440700', '江门市', '440000', null, null, null);
INSERT INTO `area` VALUES ('440703', '蓬江区', '440700', null, null, null);
INSERT INTO `area` VALUES ('440704', '江海区', '440700', null, null, null);
INSERT INTO `area` VALUES ('440705', '新会区', '440700', null, null, null);
INSERT INTO `area` VALUES ('440781', '台山市', '440700', null, null, null);
INSERT INTO `area` VALUES ('440783', '开平市', '440700', null, null, null);
INSERT INTO `area` VALUES ('440784', '鹤山市', '440700', null, null, null);
INSERT INTO `area` VALUES ('440785', '恩平市', '440700', null, null, null);
INSERT INTO `area` VALUES ('440800', '湛江市', '440000', null, null, null);
INSERT INTO `area` VALUES ('440802', '赤坎区', '440800', null, null, null);
INSERT INTO `area` VALUES ('440803', '霞山区', '440800', null, null, null);
INSERT INTO `area` VALUES ('440804', '坡头区', '440800', null, null, null);
INSERT INTO `area` VALUES ('440811', '麻章区', '440800', null, null, null);
INSERT INTO `area` VALUES ('440823', '遂溪县', '440800', null, null, null);
INSERT INTO `area` VALUES ('440825', '徐闻县', '440800', null, null, null);
INSERT INTO `area` VALUES ('440881', '廉江市', '440800', null, null, null);
INSERT INTO `area` VALUES ('440882', '雷州市', '440800', null, null, null);
INSERT INTO `area` VALUES ('440883', '吴川市', '440800', null, null, null);
INSERT INTO `area` VALUES ('440900', '茂名市', '440000', null, null, null);
INSERT INTO `area` VALUES ('440902', '茂南区', '440900', null, null, null);
INSERT INTO `area` VALUES ('440903', '茂港区', '440900', null, null, null);
INSERT INTO `area` VALUES ('440923', '电白县', '440900', null, null, null);
INSERT INTO `area` VALUES ('440981', '高州市', '440900', null, null, null);
INSERT INTO `area` VALUES ('440982', '化州市', '440900', null, null, null);
INSERT INTO `area` VALUES ('440983', '信宜市', '440900', null, null, null);
INSERT INTO `area` VALUES ('441200', '肇庆市', '440000', null, null, null);
INSERT INTO `area` VALUES ('441202', '端州区', '441200', null, null, null);
INSERT INTO `area` VALUES ('441203', '鼎湖区', '441200', null, null, null);
INSERT INTO `area` VALUES ('441223', '广宁县', '441200', null, null, null);
INSERT INTO `area` VALUES ('441224', '怀集县', '441200', null, null, null);
INSERT INTO `area` VALUES ('441225', '封开县', '441200', null, null, null);
INSERT INTO `area` VALUES ('441226', '德庆县', '441200', null, null, null);
INSERT INTO `area` VALUES ('441283', '高要市', '441200', null, null, null);
INSERT INTO `area` VALUES ('441284', '四会市', '441200', null, null, null);
INSERT INTO `area` VALUES ('441300', '惠州市', '440000', null, null, null);
INSERT INTO `area` VALUES ('441302', '惠城区', '441300', null, null, null);
INSERT INTO `area` VALUES ('441303', '惠阳区', '441300', null, null, null);
INSERT INTO `area` VALUES ('441322', '博罗县', '441300', null, null, null);
INSERT INTO `area` VALUES ('441323', '惠东县', '441300', null, null, null);
INSERT INTO `area` VALUES ('441324', '龙门县', '441300', null, null, null);
INSERT INTO `area` VALUES ('441400', '梅州市', '440000', null, null, null);
INSERT INTO `area` VALUES ('441402', '梅江区', '441400', null, null, null);
INSERT INTO `area` VALUES ('441421', '梅　县', '441400', null, null, null);
INSERT INTO `area` VALUES ('441422', '大埔县', '441400', null, null, null);
INSERT INTO `area` VALUES ('441423', '丰顺县', '441400', null, null, null);
INSERT INTO `area` VALUES ('441424', '五华县', '441400', null, null, null);
INSERT INTO `area` VALUES ('441426', '平远县', '441400', null, null, null);
INSERT INTO `area` VALUES ('441427', '蕉岭县', '441400', null, null, null);
INSERT INTO `area` VALUES ('441481', '兴宁市', '441400', null, null, null);
INSERT INTO `area` VALUES ('441500', '汕尾市', '440000', null, null, null);
INSERT INTO `area` VALUES ('441502', '城　区', '441500', null, null, null);
INSERT INTO `area` VALUES ('441521', '海丰县', '441500', null, null, null);
INSERT INTO `area` VALUES ('441523', '陆河县', '441500', null, null, null);
INSERT INTO `area` VALUES ('441581', '陆丰市', '441500', null, null, null);
INSERT INTO `area` VALUES ('441600', '河源市', '440000', null, null, null);
INSERT INTO `area` VALUES ('441602', '源城区', '441600', null, null, null);
INSERT INTO `area` VALUES ('441621', '紫金县', '441600', null, null, null);
INSERT INTO `area` VALUES ('441622', '龙川县', '441600', null, null, null);
INSERT INTO `area` VALUES ('441623', '连平县', '441600', null, null, null);
INSERT INTO `area` VALUES ('441624', '和平县', '441600', null, null, null);
INSERT INTO `area` VALUES ('441625', '东源县', '441600', null, null, null);
INSERT INTO `area` VALUES ('441700', '阳江市', '440000', null, null, null);
INSERT INTO `area` VALUES ('441702', '江城区', '441700', null, null, null);
INSERT INTO `area` VALUES ('441721', '阳西县', '441700', null, null, null);
INSERT INTO `area` VALUES ('441723', '阳东县', '441700', null, null, null);
INSERT INTO `area` VALUES ('441781', '阳春市', '441700', null, null, null);
INSERT INTO `area` VALUES ('441800', '清远市', '440000', null, null, null);
INSERT INTO `area` VALUES ('441802', '清城区', '441800', null, null, null);
INSERT INTO `area` VALUES ('441821', '佛冈县', '441800', null, null, null);
INSERT INTO `area` VALUES ('441823', '阳山县', '441800', null, null, null);
INSERT INTO `area` VALUES ('441825', '连山壮族瑶族自治县', '441800', null, null, null);
INSERT INTO `area` VALUES ('441826', '连南瑶族自治县', '441800', null, null, null);
INSERT INTO `area` VALUES ('441827', '清新县', '441800', null, null, null);
INSERT INTO `area` VALUES ('441881', '英德市', '441800', null, null, null);
INSERT INTO `area` VALUES ('441882', '连州市', '441800', null, null, null);
INSERT INTO `area` VALUES ('441900', '东莞市', '440000', null, null, null);
INSERT INTO `area` VALUES ('442000', '中山市', '440000', null, null, null);
INSERT INTO `area` VALUES ('445100', '潮州市', '440000', null, null, null);
INSERT INTO `area` VALUES ('445102', '湘桥区', '445100', null, null, null);
INSERT INTO `area` VALUES ('445121', '潮安县', '445100', null, null, null);
INSERT INTO `area` VALUES ('445122', '饶平县', '445100', null, null, null);
INSERT INTO `area` VALUES ('445200', '揭阳市', '440000', null, null, null);
INSERT INTO `area` VALUES ('445202', '榕城区', '445200', null, null, null);
INSERT INTO `area` VALUES ('445221', '揭东县', '445200', null, null, null);
INSERT INTO `area` VALUES ('445222', '揭西县', '445200', null, null, null);
INSERT INTO `area` VALUES ('445224', '惠来县', '445200', null, null, null);
INSERT INTO `area` VALUES ('445281', '普宁市', '445200', null, null, null);
INSERT INTO `area` VALUES ('445300', '云浮市', '440000', null, null, null);
INSERT INTO `area` VALUES ('445302', '云城区', '445300', null, null, null);
INSERT INTO `area` VALUES ('445321', '新兴县', '445300', null, null, null);
INSERT INTO `area` VALUES ('445322', '郁南县', '445300', null, null, null);
INSERT INTO `area` VALUES ('445323', '云安县', '445300', null, null, null);
INSERT INTO `area` VALUES ('445381', '罗定市', '445300', null, null, null);
INSERT INTO `area` VALUES ('450000', '广西壮族自治区', null, null, null, null);
INSERT INTO `area` VALUES ('450100', '南宁市', '450000', null, null, null);
INSERT INTO `area` VALUES ('450102', '兴宁区', '450100', null, null, null);
INSERT INTO `area` VALUES ('450103', '青秀区', '450100', null, null, null);
INSERT INTO `area` VALUES ('450105', '江南区', '450100', null, null, null);
INSERT INTO `area` VALUES ('450107', '西乡塘区', '450100', null, null, null);
INSERT INTO `area` VALUES ('450108', '良庆区', '450100', null, null, null);
INSERT INTO `area` VALUES ('450109', '邕宁区', '450100', null, null, null);
INSERT INTO `area` VALUES ('450122', '武鸣县', '450100', null, null, null);
INSERT INTO `area` VALUES ('450123', '隆安县', '450100', null, null, null);
INSERT INTO `area` VALUES ('450124', '马山县', '450100', null, null, null);
INSERT INTO `area` VALUES ('450125', '上林县', '450100', null, null, null);
INSERT INTO `area` VALUES ('450126', '宾阳县', '450100', null, null, null);
INSERT INTO `area` VALUES ('450127', '横　县', '450100', null, null, null);
INSERT INTO `area` VALUES ('450200', '柳州市', '450000', null, null, null);
INSERT INTO `area` VALUES ('450202', '城中区', '450200', null, null, null);
INSERT INTO `area` VALUES ('450203', '鱼峰区', '450200', null, null, null);
INSERT INTO `area` VALUES ('450204', '柳南区', '450200', null, null, null);
INSERT INTO `area` VALUES ('450205', '柳北区', '450200', null, null, null);
INSERT INTO `area` VALUES ('450221', '柳江县', '450200', null, null, null);
INSERT INTO `area` VALUES ('450222', '柳城县', '450200', null, null, null);
INSERT INTO `area` VALUES ('450223', '鹿寨县', '450200', null, null, null);
INSERT INTO `area` VALUES ('450224', '融安县', '450200', null, null, null);
INSERT INTO `area` VALUES ('450225', '融水苗族自治县', '450200', null, null, null);
INSERT INTO `area` VALUES ('450226', '三江侗族自治县', '450200', null, null, null);
INSERT INTO `area` VALUES ('450300', '桂林市', '450000', null, null, null);
INSERT INTO `area` VALUES ('450302', '秀峰区', '450300', null, null, null);
INSERT INTO `area` VALUES ('450303', '叠彩区', '450300', null, null, null);
INSERT INTO `area` VALUES ('450304', '象山区', '450300', null, null, null);
INSERT INTO `area` VALUES ('450305', '七星区', '450300', null, null, null);
INSERT INTO `area` VALUES ('450311', '雁山区', '450300', null, null, null);
INSERT INTO `area` VALUES ('450321', '阳朔县', '450300', null, null, null);
INSERT INTO `area` VALUES ('450322', '临桂县', '450300', null, null, null);
INSERT INTO `area` VALUES ('450323', '灵川县', '450300', null, null, null);
INSERT INTO `area` VALUES ('450324', '全州县', '450300', null, null, null);
INSERT INTO `area` VALUES ('450325', '兴安县', '450300', null, null, null);
INSERT INTO `area` VALUES ('450326', '永福县', '450300', null, null, null);
INSERT INTO `area` VALUES ('450327', '灌阳县', '450300', null, null, null);
INSERT INTO `area` VALUES ('450328', '龙胜各族自治县', '450300', null, null, null);
INSERT INTO `area` VALUES ('450329', '资源县', '450300', null, null, null);
INSERT INTO `area` VALUES ('450330', '平乐县', '450300', null, null, null);
INSERT INTO `area` VALUES ('450331', '荔蒲县', '450300', null, null, null);
INSERT INTO `area` VALUES ('450332', '恭城瑶族自治县', '450300', null, null, null);
INSERT INTO `area` VALUES ('450400', '梧州市', '450000', null, null, null);
INSERT INTO `area` VALUES ('450403', '万秀区', '450400', null, null, null);
INSERT INTO `area` VALUES ('450404', '蝶山区', '450400', null, null, null);
INSERT INTO `area` VALUES ('450405', '长洲区', '450400', null, null, null);
INSERT INTO `area` VALUES ('450421', '苍梧县', '450400', null, null, null);
INSERT INTO `area` VALUES ('450422', '藤　县', '450400', null, null, null);
INSERT INTO `area` VALUES ('450423', '蒙山县', '450400', null, null, null);
INSERT INTO `area` VALUES ('450481', '岑溪市', '450400', null, null, null);
INSERT INTO `area` VALUES ('450500', '北海市', '450000', null, null, null);
INSERT INTO `area` VALUES ('450502', '海城区', '450500', null, null, null);
INSERT INTO `area` VALUES ('450503', '银海区', '450500', null, null, null);
INSERT INTO `area` VALUES ('450512', '铁山港区', '450500', null, null, null);
INSERT INTO `area` VALUES ('450521', '合浦县', '450500', null, null, null);
INSERT INTO `area` VALUES ('450600', '防城港市', '450000', null, null, null);
INSERT INTO `area` VALUES ('450602', '港口区', '450600', null, null, null);
INSERT INTO `area` VALUES ('450603', '防城区', '450600', null, null, null);
INSERT INTO `area` VALUES ('450621', '上思县', '450600', null, null, null);
INSERT INTO `area` VALUES ('450681', '东兴市', '450600', null, null, null);
INSERT INTO `area` VALUES ('450700', '钦州市', '450000', null, null, null);
INSERT INTO `area` VALUES ('450702', '钦南区', '450700', null, null, null);
INSERT INTO `area` VALUES ('450703', '钦北区', '450700', null, null, null);
INSERT INTO `area` VALUES ('450721', '灵山县', '450700', null, null, null);
INSERT INTO `area` VALUES ('450722', '浦北县', '450700', null, null, null);
INSERT INTO `area` VALUES ('450800', '贵港市', '450000', null, null, null);
INSERT INTO `area` VALUES ('450802', '港北区', '450800', null, null, null);
INSERT INTO `area` VALUES ('450803', '港南区', '450800', null, null, null);
INSERT INTO `area` VALUES ('450804', '覃塘区', '450800', null, null, null);
INSERT INTO `area` VALUES ('450821', '平南县', '450800', null, null, null);
INSERT INTO `area` VALUES ('450881', '桂平市', '450800', null, null, null);
INSERT INTO `area` VALUES ('450900', '玉林市', '450000', null, null, null);
INSERT INTO `area` VALUES ('450902', '玉州区', '450900', null, null, null);
INSERT INTO `area` VALUES ('450921', '容　县', '450900', null, null, null);
INSERT INTO `area` VALUES ('450922', '陆川县', '450900', null, null, null);
INSERT INTO `area` VALUES ('450923', '博白县', '450900', null, null, null);
INSERT INTO `area` VALUES ('450924', '兴业县', '450900', null, null, null);
INSERT INTO `area` VALUES ('450981', '北流市', '450900', null, null, null);
INSERT INTO `area` VALUES ('451000', '百色市', '450000', null, null, null);
INSERT INTO `area` VALUES ('451002', '右江区', '451000', null, null, null);
INSERT INTO `area` VALUES ('451021', '田阳县', '451000', null, null, null);
INSERT INTO `area` VALUES ('451022', '田东县', '451000', null, null, null);
INSERT INTO `area` VALUES ('451023', '平果县', '451000', null, null, null);
INSERT INTO `area` VALUES ('451024', '德保县', '451000', null, null, null);
INSERT INTO `area` VALUES ('451025', '靖西县', '451000', null, null, null);
INSERT INTO `area` VALUES ('451026', '那坡县', '451000', null, null, null);
INSERT INTO `area` VALUES ('451027', '凌云县', '451000', null, null, null);
INSERT INTO `area` VALUES ('451028', '乐业县', '451000', null, null, null);
INSERT INTO `area` VALUES ('451029', '田林县', '451000', null, null, null);
INSERT INTO `area` VALUES ('451030', '西林县', '451000', null, null, null);
INSERT INTO `area` VALUES ('451031', '隆林各族自治县', '451000', null, null, null);
INSERT INTO `area` VALUES ('451100', '贺州市', '450000', null, null, null);
INSERT INTO `area` VALUES ('451102', '八步区', '451100', null, null, null);
INSERT INTO `area` VALUES ('451121', '昭平县', '451100', null, null, null);
INSERT INTO `area` VALUES ('451122', '钟山县', '451100', null, null, null);
INSERT INTO `area` VALUES ('451123', '富川瑶族自治县', '451100', null, null, null);
INSERT INTO `area` VALUES ('451200', '河池市', '450000', null, null, null);
INSERT INTO `area` VALUES ('451202', '金城江区', '451200', null, null, null);
INSERT INTO `area` VALUES ('451221', '南丹县', '451200', null, null, null);
INSERT INTO `area` VALUES ('451222', '天峨县', '451200', null, null, null);
INSERT INTO `area` VALUES ('451223', '凤山县', '451200', null, null, null);
INSERT INTO `area` VALUES ('451224', '东兰县', '451200', null, null, null);
INSERT INTO `area` VALUES ('451225', '罗城仫佬族自治县', '451200', null, null, null);
INSERT INTO `area` VALUES ('451226', '环江毛南族自治县', '451200', null, null, null);
INSERT INTO `area` VALUES ('451227', '巴马瑶族自治县', '451200', null, null, null);
INSERT INTO `area` VALUES ('451228', '都安瑶族自治县', '451200', null, null, null);
INSERT INTO `area` VALUES ('451229', '大化瑶族自治县', '451200', null, null, null);
INSERT INTO `area` VALUES ('451281', '宜州市', '451200', null, null, null);
INSERT INTO `area` VALUES ('451300', '来宾市', '450000', null, null, null);
INSERT INTO `area` VALUES ('451302', '兴宾区', '451300', null, null, null);
INSERT INTO `area` VALUES ('451321', '忻城县', '451300', null, null, null);
INSERT INTO `area` VALUES ('451322', '象州县', '451300', null, null, null);
INSERT INTO `area` VALUES ('451323', '武宣县', '451300', null, null, null);
INSERT INTO `area` VALUES ('451324', '金秀瑶族自治县', '451300', null, null, null);
INSERT INTO `area` VALUES ('451381', '合山市', '451300', null, null, null);
INSERT INTO `area` VALUES ('451400', '崇左市', '450000', null, null, null);
INSERT INTO `area` VALUES ('451402', '江洲区', '451400', null, null, null);
INSERT INTO `area` VALUES ('451421', '扶绥县', '451400', null, null, null);
INSERT INTO `area` VALUES ('451422', '宁明县', '451400', null, null, null);
INSERT INTO `area` VALUES ('451423', '龙州县', '451400', null, null, null);
INSERT INTO `area` VALUES ('451424', '大新县', '451400', null, null, null);
INSERT INTO `area` VALUES ('451425', '天等县', '451400', null, null, null);
INSERT INTO `area` VALUES ('451481', '凭祥市', '451400', null, null, null);
INSERT INTO `area` VALUES ('460000', '海南省', null, null, null, null);
INSERT INTO `area` VALUES ('460100', '海口市', '460000', null, null, null);
INSERT INTO `area` VALUES ('460105', '秀英区', '460100', null, null, null);
INSERT INTO `area` VALUES ('460106', '龙华区', '460100', null, null, null);
INSERT INTO `area` VALUES ('460107', '琼山区', '460100', null, null, null);
INSERT INTO `area` VALUES ('460108', '美兰区', '460100', null, null, null);
INSERT INTO `area` VALUES ('460200', '三亚市', '460000', null, null, null);
INSERT INTO `area` VALUES ('469000', '省直辖县级行政单位', '460000', null, null, null);
INSERT INTO `area` VALUES ('469001', '五指山市', '469000', null, null, null);
INSERT INTO `area` VALUES ('469002', '琼海市', '469000', null, null, null);
INSERT INTO `area` VALUES ('469003', '儋州市', '469000', null, null, null);
INSERT INTO `area` VALUES ('469005', '文昌市', '469000', null, null, null);
INSERT INTO `area` VALUES ('469006', '万宁市', '469000', null, null, null);
INSERT INTO `area` VALUES ('469007', '东方市', '469000', null, null, null);
INSERT INTO `area` VALUES ('469021', '定安县(**)', '469000', null, null, null);
INSERT INTO `area` VALUES ('469022', '屯昌县(**)', '469000', null, null, null);
INSERT INTO `area` VALUES ('469023', '澄迈县(**)', '469000', null, null, null);
INSERT INTO `area` VALUES ('469024', '临高县(**)', '469000', null, null, null);
INSERT INTO `area` VALUES ('469025', '白沙黎族自治县(**)', '469000', null, null, null);
INSERT INTO `area` VALUES ('469026', '昌江黎族自治县(**)', '469000', null, null, null);
INSERT INTO `area` VALUES ('469027', '乐东黎族自治县(**)', '469000', null, null, null);
INSERT INTO `area` VALUES ('469028', '陵水黎族自治县(**)', '469000', null, null, null);
INSERT INTO `area` VALUES ('469029', '保亭黎族苗族自治县(**)', '469000', null, null, null);
INSERT INTO `area` VALUES ('469030', '琼中黎族苗族自治县(**)', '469000', null, null, null);
INSERT INTO `area` VALUES ('469031', '西沙群岛(**)', '469000', null, null, null);
INSERT INTO `area` VALUES ('469032', '南沙群岛(**)', '469000', null, null, null);
INSERT INTO `area` VALUES ('469033', '中沙群岛的岛礁及其海域(**)', '469000', null, null, null);
INSERT INTO `area` VALUES ('500000', '重庆市', null, null, null, null);
INSERT INTO `area` VALUES ('500100', '重庆', '500000', null, null, null);
INSERT INTO `area` VALUES ('500101', '万州区', '500100', null, null, null);
INSERT INTO `area` VALUES ('500102', '涪陵区', '500100', null, null, null);
INSERT INTO `area` VALUES ('500103', '渝中区', '500100', null, null, null);
INSERT INTO `area` VALUES ('500104', '大渡口区', '500100', null, null, null);
INSERT INTO `area` VALUES ('500105', '江北区', '500100', null, null, null);
INSERT INTO `area` VALUES ('500106', '沙坪坝区', '500100', null, null, null);
INSERT INTO `area` VALUES ('500107', '九龙坡区', '500100', null, null, null);
INSERT INTO `area` VALUES ('500108', '南岸区', '500100', null, null, null);
INSERT INTO `area` VALUES ('500109', '北碚区', '500100', null, null, null);
INSERT INTO `area` VALUES ('500110', '万盛区', '500100', null, null, null);
INSERT INTO `area` VALUES ('500111', '双桥区', '500100', null, null, null);
INSERT INTO `area` VALUES ('500112', '渝北区', '500100', null, null, null);
INSERT INTO `area` VALUES ('500113', '巴南区', '500100', null, null, null);
INSERT INTO `area` VALUES ('500114', '黔江区', '500100', null, null, null);
INSERT INTO `area` VALUES ('500115', '长寿区', '500100', null, null, null);
INSERT INTO `area` VALUES ('500116', '江津区', '500100', null, null, null);
INSERT INTO `area` VALUES ('500117', '合川区', '500100', null, null, null);
INSERT INTO `area` VALUES ('500118', '永川区', '500100', null, null, null);
INSERT INTO `area` VALUES ('500119', '南川区', '500100', null, null, null);
INSERT INTO `area` VALUES ('500200', '县', '500000', null, null, null);
INSERT INTO `area` VALUES ('500222', '綦江县', '500200', null, null, null);
INSERT INTO `area` VALUES ('500223', '潼南县', '500200', null, null, null);
INSERT INTO `area` VALUES ('500224', '铜梁县', '500200', null, null, null);
INSERT INTO `area` VALUES ('500225', '大足县', '500200', null, null, null);
INSERT INTO `area` VALUES ('500226', '荣昌县', '500200', null, null, null);
INSERT INTO `area` VALUES ('500227', '璧山县', '500200', null, null, null);
INSERT INTO `area` VALUES ('500228', '梁平县', '500200', null, null, null);
INSERT INTO `area` VALUES ('500229', '城口县', '500200', null, null, null);
INSERT INTO `area` VALUES ('500230', '丰都县', '500200', null, null, null);
INSERT INTO `area` VALUES ('500231', '垫江县', '500200', null, null, null);
INSERT INTO `area` VALUES ('500232', '武隆县', '500200', null, null, null);
INSERT INTO `area` VALUES ('500233', '忠　县', '500200', null, null, null);
INSERT INTO `area` VALUES ('500234', '开　县', '500200', null, null, null);
INSERT INTO `area` VALUES ('500235', '云阳县', '500200', null, null, null);
INSERT INTO `area` VALUES ('500236', '奉节县', '500200', null, null, null);
INSERT INTO `area` VALUES ('500237', '巫山县', '500200', null, null, null);
INSERT INTO `area` VALUES ('500238', '巫溪县', '500200', null, null, null);
INSERT INTO `area` VALUES ('500240', '石柱土家族自治县', '500200', null, null, null);
INSERT INTO `area` VALUES ('500241', '秀山土家族苗族自治县', '500200', null, null, null);
INSERT INTO `area` VALUES ('500242', '酉阳土家族苗族自治县', '500200', null, null, null);
INSERT INTO `area` VALUES ('500243', '彭水苗族土家族自治县', '500200', null, null, null);
INSERT INTO `area` VALUES ('510000', '四川省', null, null, null, null);
INSERT INTO `area` VALUES ('510100', '成都市', '510000', null, null, null);
INSERT INTO `area` VALUES ('510104', '锦江区', '510100', null, null, null);
INSERT INTO `area` VALUES ('510105', '青羊区', '510100', null, null, null);
INSERT INTO `area` VALUES ('510106', '金牛区', '510100', null, null, null);
INSERT INTO `area` VALUES ('510107', '武侯区', '510100', null, null, null);
INSERT INTO `area` VALUES ('510108', '成华区', '510100', null, null, null);
INSERT INTO `area` VALUES ('510112', '龙泉驿区', '510100', null, null, null);
INSERT INTO `area` VALUES ('510113', '青白江区', '510100', null, null, null);
INSERT INTO `area` VALUES ('510114', '新都区', '510100', null, null, null);
INSERT INTO `area` VALUES ('510115', '温江区', '510100', null, null, null);
INSERT INTO `area` VALUES ('510121', '金堂县', '510100', null, null, null);
INSERT INTO `area` VALUES ('510122', '双流县', '510100', null, null, null);
INSERT INTO `area` VALUES ('510124', '郫　县', '510100', null, null, null);
INSERT INTO `area` VALUES ('510129', '大邑县', '510100', null, null, null);
INSERT INTO `area` VALUES ('510131', '蒲江县', '510100', null, null, null);
INSERT INTO `area` VALUES ('510132', '新津县', '510100', null, null, null);
INSERT INTO `area` VALUES ('510181', '都江堰市', '510100', null, null, null);
INSERT INTO `area` VALUES ('510182', '彭州市', '510100', null, null, null);
INSERT INTO `area` VALUES ('510183', '邛崃市', '510100', null, null, null);
INSERT INTO `area` VALUES ('510184', '崇州市', '510100', null, null, null);
INSERT INTO `area` VALUES ('510300', '自贡市', '510000', null, null, null);
INSERT INTO `area` VALUES ('510302', '自流井区', '510300', null, null, null);
INSERT INTO `area` VALUES ('510303', '贡井区', '510300', null, null, null);
INSERT INTO `area` VALUES ('510304', '大安区', '510300', null, null, null);
INSERT INTO `area` VALUES ('510311', '沿滩区', '510300', null, null, null);
INSERT INTO `area` VALUES ('510321', '荣　县', '510300', null, null, null);
INSERT INTO `area` VALUES ('510322', '富顺县', '510300', null, null, null);
INSERT INTO `area` VALUES ('510400', '攀枝花市', '510000', null, null, null);
INSERT INTO `area` VALUES ('510402', '东　区', '510400', null, null, null);
INSERT INTO `area` VALUES ('510403', '西　区', '510400', null, null, null);
INSERT INTO `area` VALUES ('510411', '仁和区', '510400', null, null, null);
INSERT INTO `area` VALUES ('510421', '米易县', '510400', null, null, null);
INSERT INTO `area` VALUES ('510422', '盐边县', '510400', null, null, null);
INSERT INTO `area` VALUES ('510500', '泸州市', '510000', null, null, null);
INSERT INTO `area` VALUES ('510502', '江阳区', '510500', null, null, null);
INSERT INTO `area` VALUES ('510503', '纳溪区', '510500', null, null, null);
INSERT INTO `area` VALUES ('510504', '龙马潭区', '510500', null, null, null);
INSERT INTO `area` VALUES ('510521', '泸　县', '510500', null, null, null);
INSERT INTO `area` VALUES ('510522', '合江县', '510500', null, null, null);
INSERT INTO `area` VALUES ('510524', '叙永县', '510500', null, null, null);
INSERT INTO `area` VALUES ('510525', '古蔺县', '510500', null, null, null);
INSERT INTO `area` VALUES ('510600', '德阳市', '510000', null, null, null);
INSERT INTO `area` VALUES ('510603', '旌阳区', '510600', null, null, null);
INSERT INTO `area` VALUES ('510623', '中江县', '510600', null, null, null);
INSERT INTO `area` VALUES ('510626', '罗江县', '510600', null, null, null);
INSERT INTO `area` VALUES ('510681', '广汉市', '510600', null, null, null);
INSERT INTO `area` VALUES ('510682', '什邡市', '510600', null, null, null);
INSERT INTO `area` VALUES ('510683', '绵竹市', '510600', null, null, null);
INSERT INTO `area` VALUES ('510700', '绵阳市', '510000', null, null, null);
INSERT INTO `area` VALUES ('510703', '涪城区', '510700', null, null, null);
INSERT INTO `area` VALUES ('510704', '游仙区', '510700', null, null, null);
INSERT INTO `area` VALUES ('510722', '三台县', '510700', null, null, null);
INSERT INTO `area` VALUES ('510723', '盐亭县', '510700', null, null, null);
INSERT INTO `area` VALUES ('510724', '安　县', '510700', null, null, null);
INSERT INTO `area` VALUES ('510725', '梓潼县', '510700', null, null, null);
INSERT INTO `area` VALUES ('510726', '北川羌族自治县', '510700', null, null, null);
INSERT INTO `area` VALUES ('510727', '平武县', '510700', null, null, null);
INSERT INTO `area` VALUES ('510781', '江油市', '510700', null, null, null);
INSERT INTO `area` VALUES ('510800', '广元市', '510000', null, null, null);
INSERT INTO `area` VALUES ('510802', '市中区', '510800', null, null, null);
INSERT INTO `area` VALUES ('510811', '元坝区', '510800', null, null, null);
INSERT INTO `area` VALUES ('510812', '朝天区', '510800', null, null, null);
INSERT INTO `area` VALUES ('510821', '旺苍县', '510800', null, null, null);
INSERT INTO `area` VALUES ('510822', '青川县', '510800', null, null, null);
INSERT INTO `area` VALUES ('510823', '剑阁县', '510800', null, null, null);
INSERT INTO `area` VALUES ('510824', '苍溪县', '510800', null, null, null);
INSERT INTO `area` VALUES ('510900', '遂宁市', '510000', null, null, null);
INSERT INTO `area` VALUES ('510903', '船山区', '510900', null, null, null);
INSERT INTO `area` VALUES ('510904', '安居区', '510900', null, null, null);
INSERT INTO `area` VALUES ('510921', '蓬溪县', '510900', null, null, null);
INSERT INTO `area` VALUES ('510922', '射洪县', '510900', null, null, null);
INSERT INTO `area` VALUES ('510923', '大英县', '510900', null, null, null);
INSERT INTO `area` VALUES ('511000', '内江市', '510000', null, null, null);
INSERT INTO `area` VALUES ('511002', '市中区', '511000', null, null, null);
INSERT INTO `area` VALUES ('511011', '东兴区', '511000', null, null, null);
INSERT INTO `area` VALUES ('511024', '威远县', '511000', null, null, null);
INSERT INTO `area` VALUES ('511025', '资中县', '511000', null, null, null);
INSERT INTO `area` VALUES ('511028', '隆昌县', '511000', null, null, null);
INSERT INTO `area` VALUES ('511100', '乐山市', '510000', null, null, null);
INSERT INTO `area` VALUES ('511102', '市中区', '511100', null, null, null);
INSERT INTO `area` VALUES ('511111', '沙湾区', '511100', null, null, null);
INSERT INTO `area` VALUES ('511112', '五通桥区', '511100', null, null, null);
INSERT INTO `area` VALUES ('511113', '金口河区', '511100', null, null, null);
INSERT INTO `area` VALUES ('511123', '犍为县', '511100', null, null, null);
INSERT INTO `area` VALUES ('511124', '井研县', '511100', null, null, null);
INSERT INTO `area` VALUES ('511126', '夹江县', '511100', null, null, null);
INSERT INTO `area` VALUES ('511129', '沐川县', '511100', null, null, null);
INSERT INTO `area` VALUES ('511132', '峨边彝族自治县', '511100', null, null, null);
INSERT INTO `area` VALUES ('511133', '马边彝族自治县', '511100', null, null, null);
INSERT INTO `area` VALUES ('511181', '峨眉山市', '511100', null, null, null);
INSERT INTO `area` VALUES ('511300', '南充市', '510000', null, null, null);
INSERT INTO `area` VALUES ('511302', '顺庆区', '511300', null, null, null);
INSERT INTO `area` VALUES ('511303', '高坪区', '511300', null, null, null);
INSERT INTO `area` VALUES ('511304', '嘉陵区', '511300', null, null, null);
INSERT INTO `area` VALUES ('511321', '南部县', '511300', null, null, null);
INSERT INTO `area` VALUES ('511322', '营山县', '511300', null, null, null);
INSERT INTO `area` VALUES ('511323', '蓬安县', '511300', null, null, null);
INSERT INTO `area` VALUES ('511324', '仪陇县', '511300', null, null, null);
INSERT INTO `area` VALUES ('511325', '西充县', '511300', null, null, null);
INSERT INTO `area` VALUES ('511381', '阆中市', '511300', null, null, null);
INSERT INTO `area` VALUES ('511400', '眉山市', '510000', null, null, null);
INSERT INTO `area` VALUES ('511402', '东坡区', '511400', null, null, null);
INSERT INTO `area` VALUES ('511421', '仁寿县', '511400', null, null, null);
INSERT INTO `area` VALUES ('511422', '彭山县', '511400', null, null, null);
INSERT INTO `area` VALUES ('511423', '洪雅县', '511400', null, null, null);
INSERT INTO `area` VALUES ('511424', '丹棱县', '511400', null, null, null);
INSERT INTO `area` VALUES ('511425', '青神县', '511400', null, null, null);
INSERT INTO `area` VALUES ('511500', '宜宾市', '510000', null, null, null);
INSERT INTO `area` VALUES ('511502', '翠屏区', '511500', null, null, null);
INSERT INTO `area` VALUES ('511521', '宜宾县', '511500', null, null, null);
INSERT INTO `area` VALUES ('511522', '南溪县', '511500', null, null, null);
INSERT INTO `area` VALUES ('511523', '江安县', '511500', null, null, null);
INSERT INTO `area` VALUES ('511524', '长宁县', '511500', null, null, null);
INSERT INTO `area` VALUES ('511525', '高　县', '511500', null, null, null);
INSERT INTO `area` VALUES ('511526', '珙　县', '511500', null, null, null);
INSERT INTO `area` VALUES ('511527', '筠连县', '511500', null, null, null);
INSERT INTO `area` VALUES ('511528', '兴文县', '511500', null, null, null);
INSERT INTO `area` VALUES ('511529', '屏山县', '511500', null, null, null);
INSERT INTO `area` VALUES ('511600', '广安市', '510000', null, null, null);
INSERT INTO `area` VALUES ('511602', '广安区', '511600', null, null, null);
INSERT INTO `area` VALUES ('511621', '岳池县', '511600', null, null, null);
INSERT INTO `area` VALUES ('511622', '武胜县', '511600', null, null, null);
INSERT INTO `area` VALUES ('511623', '邻水县', '511600', null, null, null);
INSERT INTO `area` VALUES ('511681', '华蓥市', '511600', null, null, null);
INSERT INTO `area` VALUES ('511700', '达州市', '510000', null, null, null);
INSERT INTO `area` VALUES ('511702', '通川区', '511700', null, null, null);
INSERT INTO `area` VALUES ('511721', '达　县', '511700', null, null, null);
INSERT INTO `area` VALUES ('511722', '宣汉县', '511700', null, null, null);
INSERT INTO `area` VALUES ('511723', '开江县', '511700', null, null, null);
INSERT INTO `area` VALUES ('511724', '大竹县', '511700', null, null, null);
INSERT INTO `area` VALUES ('511725', '渠　县', '511700', null, null, null);
INSERT INTO `area` VALUES ('511781', '万源市', '511700', null, null, null);
INSERT INTO `area` VALUES ('511800', '雅安市', '510000', null, null, null);
INSERT INTO `area` VALUES ('511802', '雨城区', '511800', null, null, null);
INSERT INTO `area` VALUES ('511821', '名山县', '511800', null, null, null);
INSERT INTO `area` VALUES ('511822', '荥经县', '511800', null, null, null);
INSERT INTO `area` VALUES ('511823', '汉源县', '511800', null, null, null);
INSERT INTO `area` VALUES ('511824', '石棉县', '511800', null, null, null);
INSERT INTO `area` VALUES ('511825', '天全县', '511800', null, null, null);
INSERT INTO `area` VALUES ('511826', '芦山县', '511800', null, null, null);
INSERT INTO `area` VALUES ('511827', '宝兴县', '511800', null, null, null);
INSERT INTO `area` VALUES ('511900', '巴中市', '510000', null, null, null);
INSERT INTO `area` VALUES ('511902', '巴州区', '511900', null, null, null);
INSERT INTO `area` VALUES ('511921', '通江县', '511900', null, null, null);
INSERT INTO `area` VALUES ('511922', '南江县', '511900', null, null, null);
INSERT INTO `area` VALUES ('511923', '平昌县', '511900', null, null, null);
INSERT INTO `area` VALUES ('512000', '资阳市', '510000', null, null, null);
INSERT INTO `area` VALUES ('512002', '雁江区', '512000', null, null, null);
INSERT INTO `area` VALUES ('512021', '安岳县', '512000', null, null, null);
INSERT INTO `area` VALUES ('512022', '乐至县', '512000', null, null, null);
INSERT INTO `area` VALUES ('512081', '简阳市', '512000', null, null, null);
INSERT INTO `area` VALUES ('513200', '阿坝藏族羌族自治州', '510000', null, null, null);
INSERT INTO `area` VALUES ('513221', '汶川县', '513200', null, null, null);
INSERT INTO `area` VALUES ('513222', '理　县', '513200', null, null, null);
INSERT INTO `area` VALUES ('513223', '茂　县', '513200', null, null, null);
INSERT INTO `area` VALUES ('513224', '松潘县', '513200', null, null, null);
INSERT INTO `area` VALUES ('513225', '九寨沟县', '513200', null, null, null);
INSERT INTO `area` VALUES ('513226', '金川县', '513200', null, null, null);
INSERT INTO `area` VALUES ('513227', '小金县', '513200', null, null, null);
INSERT INTO `area` VALUES ('513228', '黑水县', '513200', null, null, null);
INSERT INTO `area` VALUES ('513229', '马尔康县', '513200', null, null, null);
INSERT INTO `area` VALUES ('513230', '壤塘县', '513200', null, null, null);
INSERT INTO `area` VALUES ('513231', '阿坝县', '513200', null, null, null);
INSERT INTO `area` VALUES ('513232', '若尔盖县', '513200', null, null, null);
INSERT INTO `area` VALUES ('513233', '红原县', '513200', null, null, null);
INSERT INTO `area` VALUES ('513300', '甘孜藏族自治州', '510000', null, null, null);
INSERT INTO `area` VALUES ('513321', '康定县', '513300', null, null, null);
INSERT INTO `area` VALUES ('513322', '泸定县', '513300', null, null, null);
INSERT INTO `area` VALUES ('513323', '丹巴县', '513300', null, null, null);
INSERT INTO `area` VALUES ('513324', '九龙县', '513300', null, null, null);
INSERT INTO `area` VALUES ('513325', '雅江县', '513300', null, null, null);
INSERT INTO `area` VALUES ('513326', '道孚县', '513300', null, null, null);
INSERT INTO `area` VALUES ('513327', '炉霍县', '513300', null, null, null);
INSERT INTO `area` VALUES ('513328', '甘孜县', '513300', null, null, null);
INSERT INTO `area` VALUES ('513329', '新龙县', '513300', null, null, null);
INSERT INTO `area` VALUES ('513330', '德格县', '513300', null, null, null);
INSERT INTO `area` VALUES ('513331', '白玉县', '513300', null, null, null);
INSERT INTO `area` VALUES ('513332', '石渠县', '513300', null, null, null);
INSERT INTO `area` VALUES ('513333', '色达县', '513300', null, null, null);
INSERT INTO `area` VALUES ('513334', '理塘县', '513300', null, null, null);
INSERT INTO `area` VALUES ('513335', '巴塘县', '513300', null, null, null);
INSERT INTO `area` VALUES ('513336', '乡城县', '513300', null, null, null);
INSERT INTO `area` VALUES ('513337', '稻城县', '513300', null, null, null);
INSERT INTO `area` VALUES ('513338', '得荣县', '513300', null, null, null);
INSERT INTO `area` VALUES ('513400', '凉山彝族自治州', '510000', null, null, null);
INSERT INTO `area` VALUES ('513401', '西昌市', '513400', null, null, null);
INSERT INTO `area` VALUES ('513422', '木里藏族自治县', '513400', null, null, null);
INSERT INTO `area` VALUES ('513423', '盐源县', '513400', null, null, null);
INSERT INTO `area` VALUES ('513424', '德昌县', '513400', null, null, null);
INSERT INTO `area` VALUES ('513425', '会理县', '513400', null, null, null);
INSERT INTO `area` VALUES ('513426', '会东县', '513400', null, null, null);
INSERT INTO `area` VALUES ('513427', '宁南县', '513400', null, null, null);
INSERT INTO `area` VALUES ('513428', '普格县', '513400', null, null, null);
INSERT INTO `area` VALUES ('513429', '布拖县', '513400', null, null, null);
INSERT INTO `area` VALUES ('513430', '金阳县', '513400', null, null, null);
INSERT INTO `area` VALUES ('513431', '昭觉县', '513400', null, null, null);
INSERT INTO `area` VALUES ('513432', '喜德县', '513400', null, null, null);
INSERT INTO `area` VALUES ('513433', '冕宁县', '513400', null, null, null);
INSERT INTO `area` VALUES ('513434', '越西县', '513400', null, null, null);
INSERT INTO `area` VALUES ('513435', '甘洛县', '513400', null, null, null);
INSERT INTO `area` VALUES ('513436', '美姑县', '513400', null, null, null);
INSERT INTO `area` VALUES ('513437', '雷波县', '513400', null, null, null);
INSERT INTO `area` VALUES ('520000', '贵州省', null, null, null, null);
INSERT INTO `area` VALUES ('520100', '贵阳市', '520000', null, null, null);
INSERT INTO `area` VALUES ('520102', '南明区', '520100', null, null, null);
INSERT INTO `area` VALUES ('520103', '云岩区', '520100', null, null, null);
INSERT INTO `area` VALUES ('520111', '花溪区', '520100', null, null, null);
INSERT INTO `area` VALUES ('520112', '乌当区', '520100', null, null, null);
INSERT INTO `area` VALUES ('520113', '白云区', '520100', null, null, null);
INSERT INTO `area` VALUES ('520114', '小河区', '520100', null, null, null);
INSERT INTO `area` VALUES ('520121', '开阳县', '520100', null, null, null);
INSERT INTO `area` VALUES ('520122', '息烽县', '520100', null, null, null);
INSERT INTO `area` VALUES ('520123', '修文县', '520100', null, null, null);
INSERT INTO `area` VALUES ('520181', '清镇市', '520100', null, null, null);
INSERT INTO `area` VALUES ('520200', '六盘水市', '520000', null, null, null);
INSERT INTO `area` VALUES ('520201', '钟山区', '520200', null, null, null);
INSERT INTO `area` VALUES ('520203', '六枝特区', '520200', null, null, null);
INSERT INTO `area` VALUES ('520221', '水城县', '520200', null, null, null);
INSERT INTO `area` VALUES ('520222', '盘　县', '520200', null, null, null);
INSERT INTO `area` VALUES ('520300', '遵义市', '520000', null, null, null);
INSERT INTO `area` VALUES ('520302', '红花岗区', '520300', null, null, null);
INSERT INTO `area` VALUES ('520303', '汇川区', '520300', null, null, null);
INSERT INTO `area` VALUES ('520321', '遵义县', '520300', null, null, null);
INSERT INTO `area` VALUES ('520322', '桐梓县', '520300', null, null, null);
INSERT INTO `area` VALUES ('520323', '绥阳县', '520300', null, null, null);
INSERT INTO `area` VALUES ('520324', '正安县', '520300', null, null, null);
INSERT INTO `area` VALUES ('520325', '道真仡佬族苗族自治县', '520300', null, null, null);
INSERT INTO `area` VALUES ('520326', '务川仡佬族苗族自治县', '520300', null, null, null);
INSERT INTO `area` VALUES ('520327', '凤冈县', '520300', null, null, null);
INSERT INTO `area` VALUES ('520328', '湄潭县', '520300', null, null, null);
INSERT INTO `area` VALUES ('520329', '余庆县', '520300', null, null, null);
INSERT INTO `area` VALUES ('520330', '习水县', '520300', null, null, null);
INSERT INTO `area` VALUES ('520381', '赤水市', '520300', null, null, null);
INSERT INTO `area` VALUES ('520382', '仁怀市', '520300', null, null, null);
INSERT INTO `area` VALUES ('520400', '安顺市', '520000', null, null, null);
INSERT INTO `area` VALUES ('520402', '西秀区', '520400', null, null, null);
INSERT INTO `area` VALUES ('520421', '平坝县', '520400', null, null, null);
INSERT INTO `area` VALUES ('520422', '普定县', '520400', null, null, null);
INSERT INTO `area` VALUES ('520423', '镇宁布依族苗族自治县', '520400', null, null, null);
INSERT INTO `area` VALUES ('520424', '关岭布依族苗族自治县', '520400', null, null, null);
INSERT INTO `area` VALUES ('520425', '紫云苗族布依族自治县', '520400', null, null, null);
INSERT INTO `area` VALUES ('522200', '铜仁地区', '520000', null, null, null);
INSERT INTO `area` VALUES ('522201', '铜仁市', '522200', null, null, null);
INSERT INTO `area` VALUES ('522222', '江口县', '522200', null, null, null);
INSERT INTO `area` VALUES ('522223', '玉屏侗族自治县', '522200', null, null, null);
INSERT INTO `area` VALUES ('522224', '石阡县', '522200', null, null, null);
INSERT INTO `area` VALUES ('522225', '思南县', '522200', null, null, null);
INSERT INTO `area` VALUES ('522226', '印江土家族苗族自治县', '522200', null, null, null);
INSERT INTO `area` VALUES ('522227', '德江县', '522200', null, null, null);
INSERT INTO `area` VALUES ('522228', '沿河土家族自治县', '522200', null, null, null);
INSERT INTO `area` VALUES ('522229', '松桃苗族自治县', '522200', null, null, null);
INSERT INTO `area` VALUES ('522230', '万山特区', '522200', null, null, null);
INSERT INTO `area` VALUES ('522300', '黔西南布依族苗族自治州', '520000', null, null, null);
INSERT INTO `area` VALUES ('522301', '兴义市', '522300', null, null, null);
INSERT INTO `area` VALUES ('522322', '兴仁县', '522300', null, null, null);
INSERT INTO `area` VALUES ('522323', '普安县', '522300', null, null, null);
INSERT INTO `area` VALUES ('522324', '晴隆县', '522300', null, null, null);
INSERT INTO `area` VALUES ('522325', '贞丰县', '522300', null, null, null);
INSERT INTO `area` VALUES ('522326', '望谟县', '522300', null, null, null);
INSERT INTO `area` VALUES ('522327', '册亨县', '522300', null, null, null);
INSERT INTO `area` VALUES ('522328', '安龙县', '522300', null, null, null);
INSERT INTO `area` VALUES ('522400', '毕节地区', '520000', null, null, null);
INSERT INTO `area` VALUES ('522401', '毕节市', '522400', null, null, null);
INSERT INTO `area` VALUES ('522422', '大方县', '522400', null, null, null);
INSERT INTO `area` VALUES ('522423', '黔西县', '522400', null, null, null);
INSERT INTO `area` VALUES ('522424', '金沙县', '522400', null, null, null);
INSERT INTO `area` VALUES ('522425', '织金县', '522400', null, null, null);
INSERT INTO `area` VALUES ('522426', '纳雍县', '522400', null, null, null);
INSERT INTO `area` VALUES ('522427', '威宁彝族回族苗族自治县', '522400', null, null, null);
INSERT INTO `area` VALUES ('522428', '赫章县', '522400', null, null, null);
INSERT INTO `area` VALUES ('522600', '黔东南苗族侗族自治州', '520000', null, null, null);
INSERT INTO `area` VALUES ('522601', '凯里市', '522600', null, null, null);
INSERT INTO `area` VALUES ('522622', '黄平县', '522600', null, null, null);
INSERT INTO `area` VALUES ('522623', '施秉县', '522600', null, null, null);
INSERT INTO `area` VALUES ('522624', '三穗县', '522600', null, null, null);
INSERT INTO `area` VALUES ('522625', '镇远县', '522600', null, null, null);
INSERT INTO `area` VALUES ('522626', '岑巩县', '522600', null, null, null);
INSERT INTO `area` VALUES ('522627', '天柱县', '522600', null, null, null);
INSERT INTO `area` VALUES ('522628', '锦屏县', '522600', null, null, null);
INSERT INTO `area` VALUES ('522629', '剑河县', '522600', null, null, null);
INSERT INTO `area` VALUES ('522630', '台江县', '522600', null, null, null);
INSERT INTO `area` VALUES ('522631', '黎平县', '522600', null, null, null);
INSERT INTO `area` VALUES ('522632', '榕江县', '522600', null, null, null);
INSERT INTO `area` VALUES ('522633', '从江县', '522600', null, null, null);
INSERT INTO `area` VALUES ('522634', '雷山县', '522600', null, null, null);
INSERT INTO `area` VALUES ('522635', '麻江县', '522600', null, null, null);
INSERT INTO `area` VALUES ('522636', '丹寨县', '522600', null, null, null);
INSERT INTO `area` VALUES ('522700', '黔南布依族苗族自治州', '520000', null, null, null);
INSERT INTO `area` VALUES ('522701', '都匀市', '522700', null, null, null);
INSERT INTO `area` VALUES ('522702', '福泉市', '522700', null, null, null);
INSERT INTO `area` VALUES ('522722', '荔波县', '522700', null, null, null);
INSERT INTO `area` VALUES ('522723', '贵定县', '522700', null, null, null);
INSERT INTO `area` VALUES ('522725', '瓮安县', '522700', null, null, null);
INSERT INTO `area` VALUES ('522726', '独山县', '522700', null, null, null);
INSERT INTO `area` VALUES ('522727', '平塘县', '522700', null, null, null);
INSERT INTO `area` VALUES ('522728', '罗甸县', '522700', null, null, null);
INSERT INTO `area` VALUES ('522729', '长顺县', '522700', null, null, null);
INSERT INTO `area` VALUES ('522730', '龙里县', '522700', null, null, null);
INSERT INTO `area` VALUES ('522731', '惠水县', '522700', null, null, null);
INSERT INTO `area` VALUES ('522732', '三都水族自治县', '522700', null, null, null);
INSERT INTO `area` VALUES ('530000', '云南省', null, null, null, null);
INSERT INTO `area` VALUES ('530100', '昆明市', '530000', null, null, null);
INSERT INTO `area` VALUES ('530102', '五华区', '530100', null, null, null);
INSERT INTO `area` VALUES ('530103', '盘龙区', '530100', null, null, null);
INSERT INTO `area` VALUES ('530111', '官渡区', '530100', null, null, null);
INSERT INTO `area` VALUES ('530112', '西山区', '530100', null, null, null);
INSERT INTO `area` VALUES ('530113', '东川区', '530100', null, null, null);
INSERT INTO `area` VALUES ('530121', '呈贡县', '530100', null, null, null);
INSERT INTO `area` VALUES ('530122', '晋宁县', '530100', null, null, null);
INSERT INTO `area` VALUES ('530124', '富民县', '530100', null, null, null);
INSERT INTO `area` VALUES ('530125', '宜良县', '530100', null, null, null);
INSERT INTO `area` VALUES ('530126', '石林彝族自治县', '530100', null, null, null);
INSERT INTO `area` VALUES ('530127', '嵩明县', '530100', null, null, null);
INSERT INTO `area` VALUES ('530128', '禄劝彝族苗族自治县', '530100', null, null, null);
INSERT INTO `area` VALUES ('530129', '寻甸回族彝族自治县', '530100', null, null, null);
INSERT INTO `area` VALUES ('530181', '安宁市', '530100', null, null, null);
INSERT INTO `area` VALUES ('530300', '曲靖市', '530000', null, null, null);
INSERT INTO `area` VALUES ('530302', '麒麟区', '530300', null, null, null);
INSERT INTO `area` VALUES ('530321', '马龙县', '530300', null, null, null);
INSERT INTO `area` VALUES ('530322', '陆良县', '530300', null, null, null);
INSERT INTO `area` VALUES ('530323', '师宗县', '530300', null, null, null);
INSERT INTO `area` VALUES ('530324', '罗平县', '530300', null, null, null);
INSERT INTO `area` VALUES ('530325', '富源县', '530300', null, null, null);
INSERT INTO `area` VALUES ('530326', '会泽县', '530300', null, null, null);
INSERT INTO `area` VALUES ('530328', '沾益县', '530300', null, null, null);
INSERT INTO `area` VALUES ('530381', '宣威市', '530300', null, null, null);
INSERT INTO `area` VALUES ('530400', '玉溪市', '530000', null, null, null);
INSERT INTO `area` VALUES ('530402', '红塔区', '530400', null, null, null);
INSERT INTO `area` VALUES ('530421', '江川县', '530400', null, null, null);
INSERT INTO `area` VALUES ('530422', '澄江县', '530400', null, null, null);
INSERT INTO `area` VALUES ('530423', '通海县', '530400', null, null, null);
INSERT INTO `area` VALUES ('530424', '华宁县', '530400', null, null, null);
INSERT INTO `area` VALUES ('530425', '易门县', '530400', null, null, null);
INSERT INTO `area` VALUES ('530426', '峨山彝族自治县', '530400', null, null, null);
INSERT INTO `area` VALUES ('530427', '新平彝族傣族自治县', '530400', null, null, null);
INSERT INTO `area` VALUES ('530428', '元江哈尼族彝族傣族自治县', '530400', null, null, null);
INSERT INTO `area` VALUES ('530500', '保山市', '530000', null, null, null);
INSERT INTO `area` VALUES ('530502', '隆阳区', '530500', null, null, null);
INSERT INTO `area` VALUES ('530521', '施甸县', '530500', null, null, null);
INSERT INTO `area` VALUES ('530522', '腾冲县', '530500', null, null, null);
INSERT INTO `area` VALUES ('530523', '龙陵县', '530500', null, null, null);
INSERT INTO `area` VALUES ('530524', '昌宁县', '530500', null, null, null);
INSERT INTO `area` VALUES ('530600', '昭通市', '530000', null, null, null);
INSERT INTO `area` VALUES ('530602', '昭阳区', '530600', null, null, null);
INSERT INTO `area` VALUES ('530621', '鲁甸县', '530600', null, null, null);
INSERT INTO `area` VALUES ('530622', '巧家县', '530600', null, null, null);
INSERT INTO `area` VALUES ('530623', '盐津县', '530600', null, null, null);
INSERT INTO `area` VALUES ('530624', '大关县', '530600', null, null, null);
INSERT INTO `area` VALUES ('530625', '永善县', '530600', null, null, null);
INSERT INTO `area` VALUES ('530626', '绥江县', '530600', null, null, null);
INSERT INTO `area` VALUES ('530627', '镇雄县', '530600', null, null, null);
INSERT INTO `area` VALUES ('530628', '彝良县', '530600', null, null, null);
INSERT INTO `area` VALUES ('530629', '威信县', '530600', null, null, null);
INSERT INTO `area` VALUES ('530630', '水富县', '530600', null, null, null);
INSERT INTO `area` VALUES ('530700', '丽江市', '530000', null, null, null);
INSERT INTO `area` VALUES ('530702', '古城区', '530700', null, null, null);
INSERT INTO `area` VALUES ('530721', '玉龙纳西族自治县', '530700', null, null, null);
INSERT INTO `area` VALUES ('530722', '永胜县', '530700', null, null, null);
INSERT INTO `area` VALUES ('530723', '华坪县', '530700', null, null, null);
INSERT INTO `area` VALUES ('530724', '宁蒗彝族自治县', '530700', null, null, null);
INSERT INTO `area` VALUES ('530800', '普洱市(*)', '530000', null, null, null);
INSERT INTO `area` VALUES ('530802', '思茅区(*)', '530800', null, null, null);
INSERT INTO `area` VALUES ('530821', '宁洱哈尼族彝族自治县(*)', '530800', null, null, null);
INSERT INTO `area` VALUES ('530822', '墨江哈尼族自治县', '530800', null, null, null);
INSERT INTO `area` VALUES ('530823', '景东彝族自治县', '530800', null, null, null);
INSERT INTO `area` VALUES ('530824', '景谷傣族彝族自治县', '530800', null, null, null);
INSERT INTO `area` VALUES ('530825', '镇沅彝族哈尼族拉祜族自治县', '530800', null, null, null);
INSERT INTO `area` VALUES ('530826', '江城哈尼族彝族自治县', '530800', null, null, null);
INSERT INTO `area` VALUES ('530827', '孟连傣族拉祜族佤族自治县', '530800', null, null, null);
INSERT INTO `area` VALUES ('530828', '澜沧拉祜族自治县', '530800', null, null, null);
INSERT INTO `area` VALUES ('530829', '西盟佤族自治县', '530800', null, null, null);
INSERT INTO `area` VALUES ('530900', '临沧市', '530000', null, null, null);
INSERT INTO `area` VALUES ('530902', '临翔区', '530900', null, null, null);
INSERT INTO `area` VALUES ('530921', '凤庆县', '530900', null, null, null);
INSERT INTO `area` VALUES ('530922', '云　县', '530900', null, null, null);
INSERT INTO `area` VALUES ('530923', '永德县', '530900', null, null, null);
INSERT INTO `area` VALUES ('530924', '镇康县', '530900', null, null, null);
INSERT INTO `area` VALUES ('530925', '双江拉祜族佤族布朗族傣族自治县', '530900', null, null, null);
INSERT INTO `area` VALUES ('530926', '耿马傣族佤族自治县', '530900', null, null, null);
INSERT INTO `area` VALUES ('530927', '沧源佤族自治县', '530900', null, null, null);
INSERT INTO `area` VALUES ('532300', '楚雄彝族自治州', '530000', null, null, null);
INSERT INTO `area` VALUES ('532301', '楚雄市', '532300', null, null, null);
INSERT INTO `area` VALUES ('532322', '双柏县', '532300', null, null, null);
INSERT INTO `area` VALUES ('532323', '牟定县', '532300', null, null, null);
INSERT INTO `area` VALUES ('532324', '南华县', '532300', null, null, null);
INSERT INTO `area` VALUES ('532325', '姚安县', '532300', null, null, null);
INSERT INTO `area` VALUES ('532326', '大姚县', '532300', null, null, null);
INSERT INTO `area` VALUES ('532327', '永仁县', '532300', null, null, null);
INSERT INTO `area` VALUES ('532328', '元谋县', '532300', null, null, null);
INSERT INTO `area` VALUES ('532329', '武定县', '532300', null, null, null);
INSERT INTO `area` VALUES ('532331', '禄丰县', '532300', null, null, null);
INSERT INTO `area` VALUES ('532500', '红河哈尼族彝族自治州', '530000', null, null, null);
INSERT INTO `area` VALUES ('532501', '个旧市', '532500', null, null, null);
INSERT INTO `area` VALUES ('532502', '开远市', '532500', null, null, null);
INSERT INTO `area` VALUES ('532522', '蒙自县', '532500', null, null, null);
INSERT INTO `area` VALUES ('532523', '屏边苗族自治县', '532500', null, null, null);
INSERT INTO `area` VALUES ('532524', '建水县', '532500', null, null, null);
INSERT INTO `area` VALUES ('532525', '石屏县', '532500', null, null, null);
INSERT INTO `area` VALUES ('532526', '弥勒县', '532500', null, null, null);
INSERT INTO `area` VALUES ('532527', '泸西县', '532500', null, null, null);
INSERT INTO `area` VALUES ('532528', '元阳县', '532500', null, null, null);
INSERT INTO `area` VALUES ('532529', '红河县', '532500', null, null, null);
INSERT INTO `area` VALUES ('532530', '金平苗族瑶族傣族自治县', '532500', null, null, null);
INSERT INTO `area` VALUES ('532531', '绿春县', '532500', null, null, null);
INSERT INTO `area` VALUES ('532532', '河口瑶族自治县', '532500', null, null, null);
INSERT INTO `area` VALUES ('532600', '文山壮族苗族自治州', '530000', null, null, null);
INSERT INTO `area` VALUES ('532621', '文山县', '532600', null, null, null);
INSERT INTO `area` VALUES ('532622', '砚山县', '532600', null, null, null);
INSERT INTO `area` VALUES ('532623', '西畴县', '532600', null, null, null);
INSERT INTO `area` VALUES ('532624', '麻栗坡县', '532600', null, null, null);
INSERT INTO `area` VALUES ('532625', '马关县', '532600', null, null, null);
INSERT INTO `area` VALUES ('532626', '丘北县', '532600', null, null, null);
INSERT INTO `area` VALUES ('532627', '广南县', '532600', null, null, null);
INSERT INTO `area` VALUES ('532628', '富宁县', '532600', null, null, null);
INSERT INTO `area` VALUES ('532800', '西双版纳傣族自治州', '530000', null, null, null);
INSERT INTO `area` VALUES ('532801', '景洪市', '532800', null, null, null);
INSERT INTO `area` VALUES ('532822', '勐海县', '532800', null, null, null);
INSERT INTO `area` VALUES ('532823', '勐腊县', '532800', null, null, null);
INSERT INTO `area` VALUES ('532900', '大理白族自治州', '530000', null, null, null);
INSERT INTO `area` VALUES ('532901', '大理市', '532900', null, null, null);
INSERT INTO `area` VALUES ('532922', '漾濞彝族自治县', '532900', null, null, null);
INSERT INTO `area` VALUES ('532923', '祥云县', '532900', null, null, null);
INSERT INTO `area` VALUES ('532924', '宾川县', '532900', null, null, null);
INSERT INTO `area` VALUES ('532925', '弥渡县', '532900', null, null, null);
INSERT INTO `area` VALUES ('532926', '南涧彝族自治县', '532900', null, null, null);
INSERT INTO `area` VALUES ('532927', '巍山彝族回族自治县', '532900', null, null, null);
INSERT INTO `area` VALUES ('532928', '永平县', '532900', null, null, null);
INSERT INTO `area` VALUES ('532929', '云龙县', '532900', null, null, null);
INSERT INTO `area` VALUES ('532930', '洱源县', '532900', null, null, null);
INSERT INTO `area` VALUES ('532931', '剑川县', '532900', null, null, null);
INSERT INTO `area` VALUES ('532932', '鹤庆县', '532900', null, null, null);
INSERT INTO `area` VALUES ('533100', '德宏傣族景颇族自治州', '530000', null, null, null);
INSERT INTO `area` VALUES ('533102', '瑞丽市', '533100', null, null, null);
INSERT INTO `area` VALUES ('533103', '潞西市', '533100', null, null, null);
INSERT INTO `area` VALUES ('533122', '梁河县', '533100', null, null, null);
INSERT INTO `area` VALUES ('533123', '盈江县', '533100', null, null, null);
INSERT INTO `area` VALUES ('533124', '陇川县', '533100', null, null, null);
INSERT INTO `area` VALUES ('533300', '怒江傈僳族自治州', '530000', null, null, null);
INSERT INTO `area` VALUES ('533321', '泸水县', '533300', null, null, null);
INSERT INTO `area` VALUES ('533323', '福贡县', '533300', null, null, null);
INSERT INTO `area` VALUES ('533324', '贡山独龙族怒族自治县', '533300', null, null, null);
INSERT INTO `area` VALUES ('533325', '兰坪白族普米族自治县', '533300', null, null, null);
INSERT INTO `area` VALUES ('533400', '迪庆藏族自治州', '530000', null, null, null);
INSERT INTO `area` VALUES ('533421', '香格里拉县', '533400', null, null, null);
INSERT INTO `area` VALUES ('533422', '德钦县', '533400', null, null, null);
INSERT INTO `area` VALUES ('533423', '维西傈僳族自治县', '533400', null, null, null);
INSERT INTO `area` VALUES ('540000', '西藏自治区', null, null, null, null);
INSERT INTO `area` VALUES ('540100', '拉萨市', '540000', null, null, null);
INSERT INTO `area` VALUES ('540102', '城关区', '540100', null, null, null);
INSERT INTO `area` VALUES ('540121', '林周县', '540100', null, null, null);
INSERT INTO `area` VALUES ('540122', '当雄县', '540100', null, null, null);
INSERT INTO `area` VALUES ('540123', '尼木县', '540100', null, null, null);
INSERT INTO `area` VALUES ('540124', '曲水县', '540100', null, null, null);
INSERT INTO `area` VALUES ('540125', '堆龙德庆县', '540100', null, null, null);
INSERT INTO `area` VALUES ('540126', '达孜县', '540100', null, null, null);
INSERT INTO `area` VALUES ('540127', '墨竹工卡县', '540100', null, null, null);
INSERT INTO `area` VALUES ('542100', '昌都地区', '540000', null, null, null);
INSERT INTO `area` VALUES ('542121', '昌都县', '542100', null, null, null);
INSERT INTO `area` VALUES ('542122', '江达县', '542100', null, null, null);
INSERT INTO `area` VALUES ('542123', '贡觉县', '542100', null, null, null);
INSERT INTO `area` VALUES ('542124', '类乌齐县', '542100', null, null, null);
INSERT INTO `area` VALUES ('542125', '丁青县', '542100', null, null, null);
INSERT INTO `area` VALUES ('542126', '察雅县', '542100', null, null, null);
INSERT INTO `area` VALUES ('542127', '八宿县', '542100', null, null, null);
INSERT INTO `area` VALUES ('542128', '左贡县', '542100', null, null, null);
INSERT INTO `area` VALUES ('542129', '芒康县', '542100', null, null, null);
INSERT INTO `area` VALUES ('542132', '洛隆县', '542100', null, null, null);
INSERT INTO `area` VALUES ('542133', '边坝县', '542100', null, null, null);
INSERT INTO `area` VALUES ('542200', '山南地区', '540000', null, null, null);
INSERT INTO `area` VALUES ('542221', '乃东县', '542200', null, null, null);
INSERT INTO `area` VALUES ('542222', '扎囊县', '542200', null, null, null);
INSERT INTO `area` VALUES ('542223', '贡嘎县', '542200', null, null, null);
INSERT INTO `area` VALUES ('542224', '桑日县', '542200', null, null, null);
INSERT INTO `area` VALUES ('542225', '琼结县', '542200', null, null, null);
INSERT INTO `area` VALUES ('542226', '曲松县', '542200', null, null, null);
INSERT INTO `area` VALUES ('542227', '措美县', '542200', null, null, null);
INSERT INTO `area` VALUES ('542228', '洛扎县', '542200', null, null, null);
INSERT INTO `area` VALUES ('542229', '加查县', '542200', null, null, null);
INSERT INTO `area` VALUES ('542231', '隆子县', '542200', null, null, null);
INSERT INTO `area` VALUES ('542232', '错那县', '542200', null, null, null);
INSERT INTO `area` VALUES ('542233', '浪卡子县', '542200', null, null, null);
INSERT INTO `area` VALUES ('542300', '日喀则地区', '540000', null, null, null);
INSERT INTO `area` VALUES ('542301', '日喀则市', '542300', null, null, null);
INSERT INTO `area` VALUES ('542322', '南木林县', '542300', null, null, null);
INSERT INTO `area` VALUES ('542323', '江孜县', '542300', null, null, null);
INSERT INTO `area` VALUES ('542324', '定日县', '542300', null, null, null);
INSERT INTO `area` VALUES ('542325', '萨迦县', '542300', null, null, null);
INSERT INTO `area` VALUES ('542326', '拉孜县', '542300', null, null, null);
INSERT INTO `area` VALUES ('542327', '昂仁县', '542300', null, null, null);
INSERT INTO `area` VALUES ('542328', '谢通门县', '542300', null, null, null);
INSERT INTO `area` VALUES ('542329', '白朗县', '542300', null, null, null);
INSERT INTO `area` VALUES ('542330', '仁布县', '542300', null, null, null);
INSERT INTO `area` VALUES ('542331', '康马县', '542300', null, null, null);
INSERT INTO `area` VALUES ('542332', '定结县', '542300', null, null, null);
INSERT INTO `area` VALUES ('542333', '仲巴县', '542300', null, null, null);
INSERT INTO `area` VALUES ('542334', '亚东县', '542300', null, null, null);
INSERT INTO `area` VALUES ('542335', '吉隆县', '542300', null, null, null);
INSERT INTO `area` VALUES ('542336', '聂拉木县', '542300', null, null, null);
INSERT INTO `area` VALUES ('542337', '萨嘎县', '542300', null, null, null);
INSERT INTO `area` VALUES ('542338', '岗巴县', '542300', null, null, null);
INSERT INTO `area` VALUES ('542400', '那曲地区', '540000', null, null, null);
INSERT INTO `area` VALUES ('542421', '那曲县', '542400', null, null, null);
INSERT INTO `area` VALUES ('542422', '嘉黎县', '542400', null, null, null);
INSERT INTO `area` VALUES ('542423', '比如县', '542400', null, null, null);
INSERT INTO `area` VALUES ('542424', '聂荣县', '542400', null, null, null);
INSERT INTO `area` VALUES ('542425', '安多县', '542400', null, null, null);
INSERT INTO `area` VALUES ('542426', '申扎县', '542400', null, null, null);
INSERT INTO `area` VALUES ('542427', '索　县', '542400', null, null, null);
INSERT INTO `area` VALUES ('542428', '班戈县', '542400', null, null, null);
INSERT INTO `area` VALUES ('542429', '巴青县', '542400', null, null, null);
INSERT INTO `area` VALUES ('542430', '尼玛县', '542400', null, null, null);
INSERT INTO `area` VALUES ('542500', '阿里地区', '540000', null, null, null);
INSERT INTO `area` VALUES ('542521', '普兰县', '542500', null, null, null);
INSERT INTO `area` VALUES ('542522', '札达县', '542500', null, null, null);
INSERT INTO `area` VALUES ('542523', '噶尔县', '542500', null, null, null);
INSERT INTO `area` VALUES ('542524', '日土县', '542500', null, null, null);
INSERT INTO `area` VALUES ('542525', '革吉县', '542500', null, null, null);
INSERT INTO `area` VALUES ('542526', '改则县', '542500', null, null, null);
INSERT INTO `area` VALUES ('542527', '措勤县', '542500', null, null, null);
INSERT INTO `area` VALUES ('542600', '林芝地区', '540000', null, null, null);
INSERT INTO `area` VALUES ('542621', '林芝县', '542600', null, null, null);
INSERT INTO `area` VALUES ('542622', '工布江达县', '542600', null, null, null);
INSERT INTO `area` VALUES ('542623', '米林县', '542600', null, null, null);
INSERT INTO `area` VALUES ('542624', '墨脱县', '542600', null, null, null);
INSERT INTO `area` VALUES ('542625', '波密县', '542600', null, null, null);
INSERT INTO `area` VALUES ('542626', '察隅县', '542600', null, null, null);
INSERT INTO `area` VALUES ('542627', '朗　县', '542600', null, null, null);
INSERT INTO `area` VALUES ('610000', '陕西省', null, null, null, null);
INSERT INTO `area` VALUES ('610100', '西安市', '610000', null, null, null);
INSERT INTO `area` VALUES ('610102', '新城区', '610100', null, null, null);
INSERT INTO `area` VALUES ('610103', '碑林区', '610100', null, null, null);
INSERT INTO `area` VALUES ('610104', '莲湖区', '610100', null, null, null);
INSERT INTO `area` VALUES ('610111', '灞桥区', '610100', null, null, null);
INSERT INTO `area` VALUES ('610112', '未央区', '610100', null, null, null);
INSERT INTO `area` VALUES ('610113', '雁塔区', '610100', null, null, null);
INSERT INTO `area` VALUES ('610114', '阎良区', '610100', null, null, null);
INSERT INTO `area` VALUES ('610115', '临潼区', '610100', null, null, null);
INSERT INTO `area` VALUES ('610116', '长安区', '610100', null, null, null);
INSERT INTO `area` VALUES ('610122', '蓝田县', '610100', null, null, null);
INSERT INTO `area` VALUES ('610124', '周至县', '610100', null, null, null);
INSERT INTO `area` VALUES ('610125', '户　县', '610100', null, null, null);
INSERT INTO `area` VALUES ('610126', '高陵县', '610100', null, null, null);
INSERT INTO `area` VALUES ('610200', '铜川市', '610000', null, null, null);
INSERT INTO `area` VALUES ('610202', '王益区', '610200', null, null, null);
INSERT INTO `area` VALUES ('610203', '印台区', '610200', null, null, null);
INSERT INTO `area` VALUES ('610204', '耀州区', '610200', null, null, null);
INSERT INTO `area` VALUES ('610222', '宜君县', '610200', null, null, null);
INSERT INTO `area` VALUES ('610300', '宝鸡市', '610000', null, null, null);
INSERT INTO `area` VALUES ('610302', '渭滨区', '610300', null, null, null);
INSERT INTO `area` VALUES ('610303', '金台区', '610300', null, null, null);
INSERT INTO `area` VALUES ('610304', '陈仓区', '610300', null, null, null);
INSERT INTO `area` VALUES ('610322', '凤翔县', '610300', null, null, null);
INSERT INTO `area` VALUES ('610323', '岐山县', '610300', null, null, null);
INSERT INTO `area` VALUES ('610324', '扶风县', '610300', null, null, null);
INSERT INTO `area` VALUES ('610326', '眉　县', '610300', null, null, null);
INSERT INTO `area` VALUES ('610327', '陇　县', '610300', null, null, null);
INSERT INTO `area` VALUES ('610328', '千阳县', '610300', null, null, null);
INSERT INTO `area` VALUES ('610329', '麟游县', '610300', null, null, null);
INSERT INTO `area` VALUES ('610330', '凤　县', '610300', null, null, null);
INSERT INTO `area` VALUES ('610331', '太白县', '610300', null, null, null);
INSERT INTO `area` VALUES ('610400', '咸阳市', '610000', null, null, null);
INSERT INTO `area` VALUES ('610402', '秦都区', '610400', null, null, null);
INSERT INTO `area` VALUES ('610403', '杨凌区', '610400', null, null, null);
INSERT INTO `area` VALUES ('610404', '渭城区', '610400', null, null, null);
INSERT INTO `area` VALUES ('610422', '三原县', '610400', null, null, null);
INSERT INTO `area` VALUES ('610423', '泾阳县', '610400', null, null, null);
INSERT INTO `area` VALUES ('610424', '乾　县', '610400', null, null, null);
INSERT INTO `area` VALUES ('610425', '礼泉县', '610400', null, null, null);
INSERT INTO `area` VALUES ('610426', '永寿县', '610400', null, null, null);
INSERT INTO `area` VALUES ('610427', '彬　县', '610400', null, null, null);
INSERT INTO `area` VALUES ('610428', '长武县', '610400', null, null, null);
INSERT INTO `area` VALUES ('610429', '旬邑县', '610400', null, null, null);
INSERT INTO `area` VALUES ('610430', '淳化县', '610400', null, null, null);
INSERT INTO `area` VALUES ('610431', '武功县', '610400', null, null, null);
INSERT INTO `area` VALUES ('610481', '兴平市', '610400', null, null, null);
INSERT INTO `area` VALUES ('610500', '渭南市', '610000', null, null, null);
INSERT INTO `area` VALUES ('610502', '临渭区', '610500', null, null, null);
INSERT INTO `area` VALUES ('610521', '华　县', '610500', null, null, null);
INSERT INTO `area` VALUES ('610522', '潼关县', '610500', null, null, null);
INSERT INTO `area` VALUES ('610523', '大荔县', '610500', null, null, null);
INSERT INTO `area` VALUES ('610524', '合阳县', '610500', null, null, null);
INSERT INTO `area` VALUES ('610525', '澄城县', '610500', null, null, null);
INSERT INTO `area` VALUES ('610526', '蒲城县', '610500', null, null, null);
INSERT INTO `area` VALUES ('610527', '白水县', '610500', null, null, null);
INSERT INTO `area` VALUES ('610528', '富平县', '610500', null, null, null);
INSERT INTO `area` VALUES ('610581', '韩城市', '610500', null, null, null);
INSERT INTO `area` VALUES ('610582', '华阴市', '610500', null, null, null);
INSERT INTO `area` VALUES ('610600', '延安市', '610000', null, null, null);
INSERT INTO `area` VALUES ('610602', '宝塔区', '610600', null, null, null);
INSERT INTO `area` VALUES ('610621', '延长县', '610600', null, null, null);
INSERT INTO `area` VALUES ('610622', '延川县', '610600', null, null, null);
INSERT INTO `area` VALUES ('610623', '子长县', '610600', null, null, null);
INSERT INTO `area` VALUES ('610624', '安塞县', '610600', null, null, null);
INSERT INTO `area` VALUES ('610625', '志丹县', '610600', null, null, null);
INSERT INTO `area` VALUES ('610626', '吴起县', '610600', null, null, null);
INSERT INTO `area` VALUES ('610627', '甘泉县', '610600', null, null, null);
INSERT INTO `area` VALUES ('610628', '富　县', '610600', null, null, null);
INSERT INTO `area` VALUES ('610629', '洛川县', '610600', null, null, null);
INSERT INTO `area` VALUES ('610630', '宜川县', '610600', null, null, null);
INSERT INTO `area` VALUES ('610631', '黄龙县', '610600', null, null, null);
INSERT INTO `area` VALUES ('610632', '黄陵县', '610600', null, null, null);
INSERT INTO `area` VALUES ('610700', '汉中市', '610000', null, null, null);
INSERT INTO `area` VALUES ('610702', '汉台区', '610700', null, null, null);
INSERT INTO `area` VALUES ('610721', '南郑县', '610700', null, null, null);
INSERT INTO `area` VALUES ('610722', '城固县', '610700', null, null, null);
INSERT INTO `area` VALUES ('610723', '洋　县', '610700', null, null, null);
INSERT INTO `area` VALUES ('610724', '西乡县', '610700', null, null, null);
INSERT INTO `area` VALUES ('610725', '勉　县', '610700', null, null, null);
INSERT INTO `area` VALUES ('610726', '宁强县', '610700', null, null, null);
INSERT INTO `area` VALUES ('610727', '略阳县', '610700', null, null, null);
INSERT INTO `area` VALUES ('610728', '镇巴县', '610700', null, null, null);
INSERT INTO `area` VALUES ('610729', '留坝县', '610700', null, null, null);
INSERT INTO `area` VALUES ('610730', '佛坪县', '610700', null, null, null);
INSERT INTO `area` VALUES ('610800', '榆林市', '610000', null, null, null);
INSERT INTO `area` VALUES ('610802', '榆阳区', '610800', null, null, null);
INSERT INTO `area` VALUES ('610821', '神木县', '610800', null, null, null);
INSERT INTO `area` VALUES ('610822', '府谷县', '610800', null, null, null);
INSERT INTO `area` VALUES ('610823', '横山县', '610800', null, null, null);
INSERT INTO `area` VALUES ('610824', '靖边县', '610800', null, null, null);
INSERT INTO `area` VALUES ('610825', '定边县', '610800', null, null, null);
INSERT INTO `area` VALUES ('610826', '绥德县', '610800', null, null, null);
INSERT INTO `area` VALUES ('610827', '米脂县', '610800', null, null, null);
INSERT INTO `area` VALUES ('610828', '佳　县', '610800', null, null, null);
INSERT INTO `area` VALUES ('610829', '吴堡县', '610800', null, null, null);
INSERT INTO `area` VALUES ('610830', '清涧县', '610800', null, null, null);
INSERT INTO `area` VALUES ('610831', '子洲县', '610800', null, null, null);
INSERT INTO `area` VALUES ('610900', '安康市', '610000', null, null, null);
INSERT INTO `area` VALUES ('610902', '汉滨区', '610900', null, null, null);
INSERT INTO `area` VALUES ('610921', '汉阴县', '610900', null, null, null);
INSERT INTO `area` VALUES ('610922', '石泉县', '610900', null, null, null);
INSERT INTO `area` VALUES ('610923', '宁陕县', '610900', null, null, null);
INSERT INTO `area` VALUES ('610924', '紫阳县', '610900', null, null, null);
INSERT INTO `area` VALUES ('610925', '岚皋县', '610900', null, null, null);
INSERT INTO `area` VALUES ('610926', '平利县', '610900', null, null, null);
INSERT INTO `area` VALUES ('610927', '镇坪县', '610900', null, null, null);
INSERT INTO `area` VALUES ('610928', '旬阳县', '610900', null, null, null);
INSERT INTO `area` VALUES ('610929', '白河县', '610900', null, null, null);
INSERT INTO `area` VALUES ('611000', '商洛市', '610000', null, null, null);
INSERT INTO `area` VALUES ('611002', '商州区', '611000', null, null, null);
INSERT INTO `area` VALUES ('611021', '洛南县', '611000', null, null, null);
INSERT INTO `area` VALUES ('611022', '丹凤县', '611000', null, null, null);
INSERT INTO `area` VALUES ('611023', '商南县', '611000', null, null, null);
INSERT INTO `area` VALUES ('611024', '山阳县', '611000', null, null, null);
INSERT INTO `area` VALUES ('611025', '镇安县', '611000', null, null, null);
INSERT INTO `area` VALUES ('611026', '柞水县', '611000', null, null, null);
INSERT INTO `area` VALUES ('620000', '甘肃省', null, null, null, null);
INSERT INTO `area` VALUES ('620100', '兰州市', '620000', null, null, null);
INSERT INTO `area` VALUES ('620102', '城关区', '620100', null, null, null);
INSERT INTO `area` VALUES ('620103', '七里河区', '620100', null, null, null);
INSERT INTO `area` VALUES ('620104', '西固区', '620100', null, null, null);
INSERT INTO `area` VALUES ('620105', '安宁区', '620100', null, null, null);
INSERT INTO `area` VALUES ('620111', '红古区', '620100', null, null, null);
INSERT INTO `area` VALUES ('620121', '永登县', '620100', null, null, null);
INSERT INTO `area` VALUES ('620122', '皋兰县', '620100', null, null, null);
INSERT INTO `area` VALUES ('620123', '榆中县', '620100', null, null, null);
INSERT INTO `area` VALUES ('620200', '嘉峪关市', '620000', null, null, null);
INSERT INTO `area` VALUES ('620300', '金昌市', '620000', null, null, null);
INSERT INTO `area` VALUES ('620302', '金川区', '620300', null, null, null);
INSERT INTO `area` VALUES ('620321', '永昌县', '620300', null, null, null);
INSERT INTO `area` VALUES ('620400', '白银市', '620000', null, null, null);
INSERT INTO `area` VALUES ('620402', '白银区', '620400', null, null, null);
INSERT INTO `area` VALUES ('620403', '平川区', '620400', null, null, null);
INSERT INTO `area` VALUES ('620421', '靖远县', '620400', null, null, null);
INSERT INTO `area` VALUES ('620422', '会宁县', '620400', null, null, null);
INSERT INTO `area` VALUES ('620423', '景泰县', '620400', null, null, null);
INSERT INTO `area` VALUES ('620500', '天水市', '620000', null, null, null);
INSERT INTO `area` VALUES ('620502', '秦州区(**)', '620500', null, null, null);
INSERT INTO `area` VALUES ('620503', '麦积区(**)', '620500', null, null, null);
INSERT INTO `area` VALUES ('620521', '清水县', '620500', null, null, null);
INSERT INTO `area` VALUES ('620522', '秦安县', '620500', null, null, null);
INSERT INTO `area` VALUES ('620523', '甘谷县', '620500', null, null, null);
INSERT INTO `area` VALUES ('620524', '武山县', '620500', null, null, null);
INSERT INTO `area` VALUES ('620525', '张家川回族自治县', '620500', null, null, null);
INSERT INTO `area` VALUES ('620600', '武威市', '620000', null, null, null);
INSERT INTO `area` VALUES ('620602', '凉州区', '620600', null, null, null);
INSERT INTO `area` VALUES ('620621', '民勤县', '620600', null, null, null);
INSERT INTO `area` VALUES ('620622', '古浪县', '620600', null, null, null);
INSERT INTO `area` VALUES ('620623', '天祝藏族自治县', '620600', null, null, null);
INSERT INTO `area` VALUES ('620700', '张掖市', '620000', null, null, null);
INSERT INTO `area` VALUES ('620702', '甘州区', '620700', null, null, null);
INSERT INTO `area` VALUES ('620721', '肃南裕固族自治县', '620700', null, null, null);
INSERT INTO `area` VALUES ('620722', '民乐县', '620700', null, null, null);
INSERT INTO `area` VALUES ('620723', '临泽县', '620700', null, null, null);
INSERT INTO `area` VALUES ('620724', '高台县', '620700', null, null, null);
INSERT INTO `area` VALUES ('620725', '山丹县', '620700', null, null, null);
INSERT INTO `area` VALUES ('620800', '平凉市', '620000', null, null, null);
INSERT INTO `area` VALUES ('620802', '崆峒区', '620800', null, null, null);
INSERT INTO `area` VALUES ('620821', '泾川县', '620800', null, null, null);
INSERT INTO `area` VALUES ('620822', '灵台县', '620800', null, null, null);
INSERT INTO `area` VALUES ('620823', '崇信县', '620800', null, null, null);
INSERT INTO `area` VALUES ('620824', '华亭县', '620800', null, null, null);
INSERT INTO `area` VALUES ('620825', '庄浪县', '620800', null, null, null);
INSERT INTO `area` VALUES ('620826', '静宁县', '620800', null, null, null);
INSERT INTO `area` VALUES ('620900', '酒泉市', '620000', null, null, null);
INSERT INTO `area` VALUES ('620902', '肃州区', '620900', null, null, null);
INSERT INTO `area` VALUES ('620921', '金塔县', '620900', null, null, null);
INSERT INTO `area` VALUES ('620922', '瓜州县', '620900', null, null, null);
INSERT INTO `area` VALUES ('620923', '肃北蒙古族自治县', '620900', null, null, null);
INSERT INTO `area` VALUES ('620924', '阿克塞哈萨克族自治县', '620900', null, null, null);
INSERT INTO `area` VALUES ('620981', '玉门市', '620900', null, null, null);
INSERT INTO `area` VALUES ('620982', '敦煌市', '620900', null, null, null);
INSERT INTO `area` VALUES ('621000', '庆阳市', '620000', null, null, null);
INSERT INTO `area` VALUES ('621002', '西峰区', '621000', null, null, null);
INSERT INTO `area` VALUES ('621021', '庆城县', '621000', null, null, null);
INSERT INTO `area` VALUES ('621022', '环　县', '621000', null, null, null);
INSERT INTO `area` VALUES ('621023', '华池县', '621000', null, null, null);
INSERT INTO `area` VALUES ('621024', '合水县', '621000', null, null, null);
INSERT INTO `area` VALUES ('621025', '正宁县', '621000', null, null, null);
INSERT INTO `area` VALUES ('621026', '宁　县', '621000', null, null, null);
INSERT INTO `area` VALUES ('621027', '镇原县', '621000', null, null, null);
INSERT INTO `area` VALUES ('621100', '定西市', '620000', null, null, null);
INSERT INTO `area` VALUES ('621102', '安定区', '621100', null, null, null);
INSERT INTO `area` VALUES ('621121', '通渭县', '621100', null, null, null);
INSERT INTO `area` VALUES ('621122', '陇西县', '621100', null, null, null);
INSERT INTO `area` VALUES ('621123', '渭源县', '621100', null, null, null);
INSERT INTO `area` VALUES ('621124', '临洮县', '621100', null, null, null);
INSERT INTO `area` VALUES ('621125', '漳　县', '621100', null, null, null);
INSERT INTO `area` VALUES ('621126', '岷　县', '621100', null, null, null);
INSERT INTO `area` VALUES ('621200', '陇南市', '620000', null, null, null);
INSERT INTO `area` VALUES ('621202', '武都区', '621200', null, null, null);
INSERT INTO `area` VALUES ('621221', '成　县', '621200', null, null, null);
INSERT INTO `area` VALUES ('621222', '文　县', '621200', null, null, null);
INSERT INTO `area` VALUES ('621223', '宕昌县', '621200', null, null, null);
INSERT INTO `area` VALUES ('621224', '康　县', '621200', null, null, null);
INSERT INTO `area` VALUES ('621225', '西和县', '621200', null, null, null);
INSERT INTO `area` VALUES ('621226', '礼　县', '621200', null, null, null);
INSERT INTO `area` VALUES ('621227', '徽　县', '621200', null, null, null);
INSERT INTO `area` VALUES ('621228', '两当县', '621200', null, null, null);
INSERT INTO `area` VALUES ('622900', '临夏回族自治州', '620000', null, null, null);
INSERT INTO `area` VALUES ('622901', '临夏市', '622900', null, null, null);
INSERT INTO `area` VALUES ('622921', '临夏县', '622900', null, null, null);
INSERT INTO `area` VALUES ('622922', '康乐县', '622900', null, null, null);
INSERT INTO `area` VALUES ('622923', '永靖县', '622900', null, null, null);
INSERT INTO `area` VALUES ('622924', '广河县', '622900', null, null, null);
INSERT INTO `area` VALUES ('622925', '和政县', '622900', null, null, null);
INSERT INTO `area` VALUES ('622926', '东乡族自治县', '622900', null, null, null);
INSERT INTO `area` VALUES ('622927', '积石山保安族东乡族撒拉族自治县', '622900', null, null, null);
INSERT INTO `area` VALUES ('623000', '甘南藏族自治州', '620000', null, null, null);
INSERT INTO `area` VALUES ('623001', '合作市', '623000', null, null, null);
INSERT INTO `area` VALUES ('623021', '临潭县', '623000', null, null, null);
INSERT INTO `area` VALUES ('623022', '卓尼县', '623000', null, null, null);
INSERT INTO `area` VALUES ('623023', '舟曲县', '623000', null, null, null);
INSERT INTO `area` VALUES ('623024', '迭部县', '623000', null, null, null);
INSERT INTO `area` VALUES ('623025', '玛曲县', '623000', null, null, null);
INSERT INTO `area` VALUES ('623026', '碌曲县', '623000', null, null, null);
INSERT INTO `area` VALUES ('623027', '夏河县', '623000', null, null, null);
INSERT INTO `area` VALUES ('630000', '青海省', null, null, null, null);
INSERT INTO `area` VALUES ('630100', '西宁市', '630000', null, null, null);
INSERT INTO `area` VALUES ('630102', '城东区', '630100', null, null, null);
INSERT INTO `area` VALUES ('630103', '城中区', '630100', null, null, null);
INSERT INTO `area` VALUES ('630104', '城西区', '630100', null, null, null);
INSERT INTO `area` VALUES ('630105', '城北区', '630100', null, null, null);
INSERT INTO `area` VALUES ('630121', '大通回族土族自治县', '630100', null, null, null);
INSERT INTO `area` VALUES ('630122', '湟中县', '630100', null, null, null);
INSERT INTO `area` VALUES ('630123', '湟源县', '630100', null, null, null);
INSERT INTO `area` VALUES ('632100', '海东地区', '630000', null, null, null);
INSERT INTO `area` VALUES ('632121', '平安县', '632100', null, null, null);
INSERT INTO `area` VALUES ('632122', '民和回族土族自治县', '632100', null, null, null);
INSERT INTO `area` VALUES ('632123', '乐都县', '632100', null, null, null);
INSERT INTO `area` VALUES ('632126', '互助土族自治县', '632100', null, null, null);
INSERT INTO `area` VALUES ('632127', '化隆回族自治县', '632100', null, null, null);
INSERT INTO `area` VALUES ('632128', '循化撒拉族自治县', '632100', null, null, null);
INSERT INTO `area` VALUES ('632200', '海北藏族自治州', '630000', null, null, null);
INSERT INTO `area` VALUES ('632221', '门源回族自治县', '632200', null, null, null);
INSERT INTO `area` VALUES ('632222', '祁连县', '632200', null, null, null);
INSERT INTO `area` VALUES ('632223', '海晏县', '632200', null, null, null);
INSERT INTO `area` VALUES ('632224', '刚察县', '632200', null, null, null);
INSERT INTO `area` VALUES ('632300', '黄南藏族自治州', '630000', null, null, null);
INSERT INTO `area` VALUES ('632321', '同仁县', '632300', null, null, null);
INSERT INTO `area` VALUES ('632322', '尖扎县', '632300', null, null, null);
INSERT INTO `area` VALUES ('632323', '泽库县', '632300', null, null, null);
INSERT INTO `area` VALUES ('632324', '河南蒙古族自治县', '632300', null, null, null);
INSERT INTO `area` VALUES ('632500', '海南藏族自治州', '630000', null, null, null);
INSERT INTO `area` VALUES ('632521', '共和县', '632500', null, null, null);
INSERT INTO `area` VALUES ('632522', '同德县', '632500', null, null, null);
INSERT INTO `area` VALUES ('632523', '贵德县', '632500', null, null, null);
INSERT INTO `area` VALUES ('632524', '兴海县', '632500', null, null, null);
INSERT INTO `area` VALUES ('632525', '贵南县', '632500', null, null, null);
INSERT INTO `area` VALUES ('632600', '果洛藏族自治州', '630000', null, null, null);
INSERT INTO `area` VALUES ('632621', '玛沁县', '632600', null, null, null);
INSERT INTO `area` VALUES ('632622', '班玛县', '632600', null, null, null);
INSERT INTO `area` VALUES ('632623', '甘德县', '632600', null, null, null);
INSERT INTO `area` VALUES ('632624', '达日县', '632600', null, null, null);
INSERT INTO `area` VALUES ('632625', '久治县', '632600', null, null, null);
INSERT INTO `area` VALUES ('632626', '玛多县', '632600', null, null, null);
INSERT INTO `area` VALUES ('632700', '玉树藏族自治州', '630000', null, null, null);
INSERT INTO `area` VALUES ('632721', '玉树县', '632700', null, null, null);
INSERT INTO `area` VALUES ('632722', '杂多县', '632700', null, null, null);
INSERT INTO `area` VALUES ('632723', '称多县', '632700', null, null, null);
INSERT INTO `area` VALUES ('632724', '治多县', '632700', null, null, null);
INSERT INTO `area` VALUES ('632725', '囊谦县', '632700', null, null, null);
INSERT INTO `area` VALUES ('632726', '曲麻莱县', '632700', null, null, null);
INSERT INTO `area` VALUES ('632800', '海西蒙古族藏族自治州', '630000', null, null, null);
INSERT INTO `area` VALUES ('632801', '格尔木市', '632800', null, null, null);
INSERT INTO `area` VALUES ('632802', '德令哈市', '632800', null, null, null);
INSERT INTO `area` VALUES ('632821', '乌兰县', '632800', null, null, null);
INSERT INTO `area` VALUES ('632822', '都兰县', '632800', null, null, null);
INSERT INTO `area` VALUES ('632823', '天峻县', '632800', null, null, null);
INSERT INTO `area` VALUES ('640000', '宁夏回族自治区', null, null, null, null);
INSERT INTO `area` VALUES ('640100', '银川市', '640000', null, null, null);
INSERT INTO `area` VALUES ('640104', '兴庆区', '640100', null, null, null);
INSERT INTO `area` VALUES ('640105', '西夏区', '640100', null, null, null);
INSERT INTO `area` VALUES ('640106', '金凤区', '640100', null, null, null);
INSERT INTO `area` VALUES ('640121', '永宁县', '640100', null, null, null);
INSERT INTO `area` VALUES ('640122', '贺兰县', '640100', null, null, null);
INSERT INTO `area` VALUES ('640181', '灵武市', '640100', null, null, null);
INSERT INTO `area` VALUES ('640200', '石嘴山市', '640000', null, null, null);
INSERT INTO `area` VALUES ('640202', '大武口区', '640200', null, null, null);
INSERT INTO `area` VALUES ('640205', '惠农区', '640200', null, null, null);
INSERT INTO `area` VALUES ('640221', '平罗县', '640200', null, null, null);
INSERT INTO `area` VALUES ('640300', '吴忠市', '640000', null, null, null);
INSERT INTO `area` VALUES ('640302', '利通区', '640300', null, null, null);
INSERT INTO `area` VALUES ('640323', '盐池县', '640300', null, null, null);
INSERT INTO `area` VALUES ('640324', '同心县', '640300', null, null, null);
INSERT INTO `area` VALUES ('640381', '青铜峡市', '640300', null, null, null);
INSERT INTO `area` VALUES ('640400', '固原市', '640000', null, null, null);
INSERT INTO `area` VALUES ('640402', '原州区', '640400', null, null, null);
INSERT INTO `area` VALUES ('640422', '西吉县', '640400', null, null, null);
INSERT INTO `area` VALUES ('640423', '隆德县', '640400', null, null, null);
INSERT INTO `area` VALUES ('640424', '泾源县', '640400', null, null, null);
INSERT INTO `area` VALUES ('640425', '彭阳县', '640400', null, null, null);
INSERT INTO `area` VALUES ('640500', '中卫市', '640000', null, null, null);
INSERT INTO `area` VALUES ('640502', '沙坡头区', '640500', null, null, null);
INSERT INTO `area` VALUES ('640521', '中宁县', '640500', null, null, null);
INSERT INTO `area` VALUES ('640522', '海原县', '640500', null, null, null);
INSERT INTO `area` VALUES ('650000', '新疆维吾尔自治区', null, null, null, null);
INSERT INTO `area` VALUES ('650100', '乌鲁木齐市', '650000', null, null, null);
INSERT INTO `area` VALUES ('650102', '天山区', '650100', null, null, null);
INSERT INTO `area` VALUES ('650103', '沙依巴克区', '650100', null, null, null);
INSERT INTO `area` VALUES ('650104', '新市区', '650100', null, null, null);
INSERT INTO `area` VALUES ('650105', '水磨沟区', '650100', null, null, null);
INSERT INTO `area` VALUES ('650106', '头屯河区', '650100', null, null, null);
INSERT INTO `area` VALUES ('650107', '达坂城区', '650100', null, null, null);
INSERT INTO `area` VALUES ('650109', '米东区(*)', '650100', null, null, null);
INSERT INTO `area` VALUES ('650121', '乌鲁木齐县', '650100', null, null, null);
INSERT INTO `area` VALUES ('650200', '克拉玛依市', '650000', null, null, null);
INSERT INTO `area` VALUES ('650202', '独山子区', '650200', null, null, null);
INSERT INTO `area` VALUES ('650203', '克拉玛依区', '650200', null, null, null);
INSERT INTO `area` VALUES ('650204', '白碱滩区', '650200', null, null, null);
INSERT INTO `area` VALUES ('650205', '乌尔禾区', '650200', null, null, null);
INSERT INTO `area` VALUES ('652100', '吐鲁番地区', '650000', null, null, null);
INSERT INTO `area` VALUES ('652101', '吐鲁番市', '652100', null, null, null);
INSERT INTO `area` VALUES ('652122', '鄯善县', '652100', null, null, null);
INSERT INTO `area` VALUES ('652123', '托克逊县', '652100', null, null, null);
INSERT INTO `area` VALUES ('652200', '哈密地区', '650000', null, null, null);
INSERT INTO `area` VALUES ('652201', '哈密市', '652200', null, null, null);
INSERT INTO `area` VALUES ('652222', '巴里坤哈萨克自治县', '652200', null, null, null);
INSERT INTO `area` VALUES ('652223', '伊吾县', '652200', null, null, null);
INSERT INTO `area` VALUES ('652300', '昌吉回族自治州', '650000', null, null, null);
INSERT INTO `area` VALUES ('652301', '昌吉市', '652300', null, null, null);
INSERT INTO `area` VALUES ('652302', '阜康市', '652300', null, null, null);
INSERT INTO `area` VALUES ('652323', '呼图壁县', '652300', null, null, null);
INSERT INTO `area` VALUES ('652324', '玛纳斯县', '652300', null, null, null);
INSERT INTO `area` VALUES ('652325', '奇台县', '652300', null, null, null);
INSERT INTO `area` VALUES ('652327', '吉木萨尔县', '652300', null, null, null);
INSERT INTO `area` VALUES ('652328', '木垒哈萨克自治县', '652300', null, null, null);
INSERT INTO `area` VALUES ('652700', '博尔塔拉蒙古自治州', '650000', null, null, null);
INSERT INTO `area` VALUES ('652701', '博乐市', '652700', null, null, null);
INSERT INTO `area` VALUES ('652722', '精河县', '652700', null, null, null);
INSERT INTO `area` VALUES ('652723', '温泉县', '652700', null, null, null);
INSERT INTO `area` VALUES ('652800', '巴音郭楞蒙古自治州', '650000', null, null, null);
INSERT INTO `area` VALUES ('652801', '库尔勒市', '652800', null, null, null);
INSERT INTO `area` VALUES ('652822', '轮台县', '652800', null, null, null);
INSERT INTO `area` VALUES ('652823', '尉犁县', '652800', null, null, null);
INSERT INTO `area` VALUES ('652824', '若羌县', '652800', null, null, null);
INSERT INTO `area` VALUES ('652825', '且末县', '652800', null, null, null);
INSERT INTO `area` VALUES ('652826', '焉耆回族自治县', '652800', null, null, null);
INSERT INTO `area` VALUES ('652827', '和静县', '652800', null, null, null);
INSERT INTO `area` VALUES ('652828', '和硕县', '652800', null, null, null);
INSERT INTO `area` VALUES ('652829', '博湖县', '652800', null, null, null);
INSERT INTO `area` VALUES ('652900', '阿克苏地区', '650000', null, null, null);
INSERT INTO `area` VALUES ('652901', '阿克苏市', '652900', null, null, null);
INSERT INTO `area` VALUES ('652922', '温宿县', '652900', null, null, null);
INSERT INTO `area` VALUES ('652923', '库车县', '652900', null, null, null);
INSERT INTO `area` VALUES ('652924', '沙雅县', '652900', null, null, null);
INSERT INTO `area` VALUES ('652925', '新和县', '652900', null, null, null);
INSERT INTO `area` VALUES ('652926', '拜城县', '652900', null, null, null);
INSERT INTO `area` VALUES ('652927', '乌什县', '652900', null, null, null);
INSERT INTO `area` VALUES ('652928', '阿瓦提县', '652900', null, null, null);
INSERT INTO `area` VALUES ('652929', '柯坪县', '652900', null, null, null);
INSERT INTO `area` VALUES ('653000', '克孜勒苏柯尔克孜自治州', '650000', null, null, null);
INSERT INTO `area` VALUES ('653001', '阿图什市', '653000', null, null, null);
INSERT INTO `area` VALUES ('653022', '阿克陶县', '653000', null, null, null);
INSERT INTO `area` VALUES ('653023', '阿合奇县', '653000', null, null, null);
INSERT INTO `area` VALUES ('653024', '乌恰县', '653000', null, null, null);
INSERT INTO `area` VALUES ('653100', '喀什地区', '650000', null, null, null);
INSERT INTO `area` VALUES ('653101', '喀什市', '653100', null, null, null);
INSERT INTO `area` VALUES ('653121', '疏附县', '653100', null, null, null);
INSERT INTO `area` VALUES ('653122', '疏勒县', '653100', null, null, null);
INSERT INTO `area` VALUES ('653123', '英吉沙县', '653100', null, null, null);
INSERT INTO `area` VALUES ('653124', '泽普县', '653100', null, null, null);
INSERT INTO `area` VALUES ('653125', '莎车县', '653100', null, null, null);
INSERT INTO `area` VALUES ('653126', '叶城县', '653100', null, null, null);
INSERT INTO `area` VALUES ('653127', '麦盖提县', '653100', null, null, null);
INSERT INTO `area` VALUES ('653128', '岳普湖县', '653100', null, null, null);
INSERT INTO `area` VALUES ('653129', '伽师县', '653100', null, null, null);
INSERT INTO `area` VALUES ('653130', '巴楚县', '653100', null, null, null);
INSERT INTO `area` VALUES ('653131', '塔什库尔干塔吉克自治县', '653100', null, null, null);
INSERT INTO `area` VALUES ('653200', '和田地区', '650000', null, null, null);
INSERT INTO `area` VALUES ('653201', '和田市', '653200', null, null, null);
INSERT INTO `area` VALUES ('653221', '和田县', '653200', null, null, null);
INSERT INTO `area` VALUES ('653222', '墨玉县', '653200', null, null, null);
INSERT INTO `area` VALUES ('653223', '皮山县', '653200', null, null, null);
INSERT INTO `area` VALUES ('653224', '洛浦县', '653200', null, null, null);
INSERT INTO `area` VALUES ('653225', '策勒县', '653200', null, null, null);
INSERT INTO `area` VALUES ('653226', '于田县', '653200', null, null, null);
INSERT INTO `area` VALUES ('653227', '民丰县', '653200', null, null, null);
INSERT INTO `area` VALUES ('654000', '伊犁哈萨克自治州', '650000', null, null, null);
INSERT INTO `area` VALUES ('654002', '伊宁市', '654000', null, null, null);
INSERT INTO `area` VALUES ('654003', '奎屯市', '654000', null, null, null);
INSERT INTO `area` VALUES ('654021', '伊宁县', '654000', null, null, null);
INSERT INTO `area` VALUES ('654022', '察布查尔锡伯自治县', '654000', null, null, null);
INSERT INTO `area` VALUES ('654023', '霍城县', '654000', null, null, null);
INSERT INTO `area` VALUES ('654024', '巩留县', '654000', null, null, null);
INSERT INTO `area` VALUES ('654025', '新源县', '654000', null, null, null);
INSERT INTO `area` VALUES ('654026', '昭苏县', '654000', null, null, null);
INSERT INTO `area` VALUES ('654027', '特克斯县', '654000', null, null, null);
INSERT INTO `area` VALUES ('654028', '尼勒克县', '654000', null, null, null);
INSERT INTO `area` VALUES ('654200', '塔城地区', '650000', null, null, null);
INSERT INTO `area` VALUES ('654201', '塔城市', '654200', null, null, null);
INSERT INTO `area` VALUES ('654202', '乌苏市', '654200', null, null, null);
INSERT INTO `area` VALUES ('654221', '额敏县', '654200', null, null, null);
INSERT INTO `area` VALUES ('654223', '沙湾县', '654200', null, null, null);
INSERT INTO `area` VALUES ('654224', '托里县', '654200', null, null, null);
INSERT INTO `area` VALUES ('654225', '裕民县', '654200', null, null, null);
INSERT INTO `area` VALUES ('654226', '和布克赛尔蒙古自治县', '654200', null, null, null);
INSERT INTO `area` VALUES ('654300', '阿勒泰地区', '650000', null, null, null);
INSERT INTO `area` VALUES ('654301', '阿勒泰市', '654300', null, null, null);
INSERT INTO `area` VALUES ('654321', '布尔津县', '654300', null, null, null);
INSERT INTO `area` VALUES ('654322', '富蕴县', '654300', null, null, null);
INSERT INTO `area` VALUES ('654323', '福海县', '654300', null, null, null);
INSERT INTO `area` VALUES ('654324', '哈巴河县', '654300', null, null, null);
INSERT INTO `area` VALUES ('654325', '青河县', '654300', null, null, null);
INSERT INTO `area` VALUES ('654326', '吉木乃县', '654300', null, null, null);
INSERT INTO `area` VALUES ('659000', '自治区直辖县级行政单位(**)', '650000', null, null, null);
INSERT INTO `area` VALUES ('659001', '石河子市', '659000', null, null, null);
INSERT INTO `area` VALUES ('659002', '阿拉尔市', '659000', null, null, null);
INSERT INTO `area` VALUES ('659003', '图木舒克市', '659000', null, null, null);
INSERT INTO `area` VALUES ('659004', '五家渠市', '659000', null, null, null);
INSERT INTO `area` VALUES ('710000', '台湾省', null, null, null, null);
INSERT INTO `area` VALUES ('810000', '香港特别行政区', null, null, null, null);
INSERT INTO `area` VALUES ('820000', '澳门特别行政区', null, null, null, null);

-- ----------------------------
-- Table structure for `attention_loan`
-- ----------------------------
DROP TABLE IF EXISTS `attention_loan`;
CREATE TABLE `attention_loan` (
  `id` varchar(255) NOT NULL,
  `attentiontime` datetime DEFAULT NULL,
  `loan_id` varchar(32) DEFAULT NULL,
  `user_id` varchar(32) DEFAULT NULL,
  PRIMARY KEY (`id`),
  KEY `FK56045F712A334343` (`user_id`) USING BTREE,
  KEY `FK56045F71BE08E2DE` (`loan_id`) USING BTREE,
  KEY `FK56045F71ECD93B37` (`loan_id`) USING BTREE,
  CONSTRAINT `attention_loan_ibfk_1` FOREIGN KEY (`loan_id`) REFERENCES `loan` (`id`)
) ENGINE=InnoDB DEFAULT CHARSET=utf8;

-- ----------------------------
-- Records of attention_loan
-- ----------------------------

-- ----------------------------
-- Table structure for `attention_user`
-- ----------------------------
DROP TABLE IF EXISTS `attention_user`;
CREATE TABLE `attention_user` (
  `id` varchar(255) NOT NULL,
  `attentiontime` datetime DEFAULT NULL,
  `attentionuser_id` varchar(32) DEFAULT NULL,
  `user_id` varchar(32) DEFAULT NULL,
  `attention_time` datetime DEFAULT NULL,
  `attention_user_id` varchar(32) DEFAULT NULL,
  PRIMARY KEY (`id`),
  KEY `FK5608864C2A334343` (`user_id`) USING BTREE,
  KEY `FK5608864CB0984465` (`attentionuser_id`) USING BTREE,
  KEY `FK5608864CFCFE0D22` (`attention_user_id`) USING BTREE,
  CONSTRAINT `attention_user_ibfk_1` FOREIGN KEY (`attention_user_id`) REFERENCES `user` (`id`)
) ENGINE=InnoDB DEFAULT CHARSET=utf8;

-- ----------------------------
-- Records of attention_user
-- ----------------------------

-- ----------------------------
-- Table structure for `autc_mtr_picture`
-- ----------------------------
DROP TABLE IF EXISTS `autc_mtr_picture`;
CREATE TABLE `autc_mtr_picture` (
  `id` varchar(32) NOT NULL,
  `picture` varchar(300) DEFAULT NULL,
  `seq_num` int(11) NOT NULL,
  `title` varchar(100) DEFAULT NULL,
  `url` varchar(300) DEFAULT NULL,
  `auth_mtr_id` varchar(32) DEFAULT NULL,
  PRIMARY KEY (`id`),
  UNIQUE KEY `id` (`id`) USING BTREE,
  KEY `FK80E4AFCEEBFA6546` (`auth_mtr_id`) USING BTREE,
  CONSTRAINT `autc_mtr_picture_ibfk_1` FOREIGN KEY (`auth_mtr_id`) REFERENCES `authentication_materials` (`id`)
) ENGINE=InnoDB DEFAULT CHARSET=utf8;

-- ----------------------------
-- Records of autc_mtr_picture
-- ----------------------------
INSERT INTO `autc_mtr_picture` VALUES ('29fffc30a61f41fb80853f873a2f665a', '/upload/20150409/67051428543705935.png', '1', null, null, 'e0504aa21f6444b2986bc9cbeabcc09a');
INSERT INTO `autc_mtr_picture` VALUES ('2d1beac560bd4d1e82cd0802f711120f', '/upload/20150409/31271428543727326.png', '1', null, null, 'e33fa0aaa24d4621ac3540b0fa801827');
INSERT INTO `autc_mtr_picture` VALUES ('4a26f1f36a984270a4ea4ec8116d6387', '/upload/20150409/36851428543720029.png', '1', null, null, '70554e68816a492c9e754c851292f43d');
INSERT INTO `autc_mtr_picture` VALUES ('70ea25968ddc48cda87ed431ece4982a', '/upload/20150409/8811428543714404.png', '1', null, null, '3aae37fdafab48a3bf46fccbe3de0c9d');
INSERT INTO `autc_mtr_picture` VALUES ('7c105224236f49279cc8692fb19051c4', '/upload/20150409/24031428543751936.png', '1', null, null, 'db12ab12fd0149de86b5a5ca2082c486');
INSERT INTO `autc_mtr_picture` VALUES ('910bbb3910d4452d94424589dd89316f', '/upload/20150409/97671428543711467.png', '1', null, null, '102dcf206fc0425fa0d8950ee5054348');
INSERT INTO `autc_mtr_picture` VALUES ('981fd725dd514d6d896f7643a7e3775b', '/upload/20150409/34031428543699373.png', '1', null, null, '813607d3967645c19eb7234c756f2fc0');
INSERT INTO `autc_mtr_picture` VALUES ('9d16f70ea87248349b8108be4689ae60', '/upload/20150409/32241428561161440.jpg', '1', null, null, 'f168be5ac1cc4e4abbc15e47ec6dd98a');
INSERT INTO `autc_mtr_picture` VALUES ('a94b2e2b40df4e2886e81481e62019b0', '/upload/20150409/46641428543747108.png', '1', null, null, '74a87c0a00204931b654115f3c4a7073');
INSERT INTO `autc_mtr_picture` VALUES ('dc9d86e25ba64b29983015f6cd9aa1d3', '/upload/20150409/43611428543741233.png', '1', null, null, '8a0726d587374f00a5247010d68ae489');
INSERT INTO `autc_mtr_picture` VALUES ('fba61f7b001f455ba248b2ee94fbf939', '/upload/20150409/69721428543733592.png', '1', null, null, '0d06916b70334353ba870fbf5d5c6fd3');

-- ----------------------------
-- Table structure for `autc_mtr_type`
-- ----------------------------
DROP TABLE IF EXISTS `autc_mtr_type`;
CREATE TABLE `autc_mtr_type` (
  `id` varchar(32) NOT NULL,
  `description` varchar(500) DEFAULT NULL,
  `example_picture` varchar(1000) DEFAULT NULL,
  `guide` varchar(600) DEFAULT NULL,
  `max_number` int(11) NOT NULL,
  `min_number` int(11) NOT NULL,
  `name` varchar(100) DEFAULT NULL,
  PRIMARY KEY (`id`),
  UNIQUE KEY `id` (`id`) USING BTREE
) ENGINE=InnoDB DEFAULT CHARSET=utf8;

-- ----------------------------
-- Records of autc_mtr_type
-- ----------------------------
INSERT INTO `autc_mtr_type` VALUES ('id_account_flow', '账户流水扫描件', '', '', '6', '0', '账户流水扫描件');
INSERT INTO `autc_mtr_type` VALUES ('id_bank_CreditReport', null, null, null, '6', '0', '银行征信报告');
INSERT INTO `autc_mtr_type` VALUES ('id_business_accountflow', null, null, null, '6', '0', '企业流水账户信息');
INSERT INTO `autc_mtr_type` VALUES ('id_business_license', null, null, null, '6', '0', '企业营业执照');
INSERT INTO `autc_mtr_type` VALUES ('id_card_photo', '手持身份证 1. 请手持相关证件，临时身份证有效期15天以上。\r\n2. 照片需免冠，建议未化妆，需身份证本人手持证件。\r\n3. 必须看清证件号且证件号不能被遮挡。\r\n4. 照片支持jpg、jpeg、bmp格式，最大不超过5M。', '/upload/20131220/28911387523106971.jpg', '<p style=\"text-align:left\"><span style=\"font-size:12px;font-family:微软雅黑;color:#999999;line-height:19px;background-color:#ffffff\">手持身份证&nbsp;1.&nbsp;请手持相关证件，临时身份证有效期15天以上。</span><br style=\"font-size:12px;font-family:微软雅黑;color:#999999;margin:0px;line-height:19px;background-color:#ffffff;padding:0px;\" /><span style=\"font-size:12px;font-family:微软雅黑;color:#999999;line-height:19px;background-color:#ffffff\">2.&nbsp;照片需免冠，建议未化妆，需身份证本人手持证件。<img src=\"http://maps.google.com/maps/api/staticmap?center=39.93944692354029,116.39745889999994&amp;zoom=8&amp;size=520x340&amp;maptype=roadmap&amp;markers=39.90403', '6', '0', '手持身份证照片');
INSERT INTO `autc_mtr_type` VALUES ('id_card_scan', '身份认证 1. 请您上传您本人身份证原件的正、反两面照片。\r\n2. 请您上传清晰的、未经修改的数码照片（不可以是扫描图片）。\r\n3. 认证有效期：永久', '/upload/20131220/38751387522106108.jpg', '<p><span style=\"color:#999999;font-family:微软雅黑;font-size:12px;line-height:19px;background-color:#ffffff;\">身份认证 1. 请您上传您本人身份证原件的正、反两面照片。</span><br style=\"margin:0px;padding:0px;color:#999999;font-family:微软雅黑;font-size:12px;line-height:19px;background-color:#ffffff;\" /><span style=\"color:#999999;font-family:微软雅黑;font-size:12px;line-height:19px;background-color:#ffffff;\">2. 请您上传清晰的、未经修改的数码照片（不可以是扫描图片）。</span><br style=\"margin:0px;padding:0px;color:#999999;font-family:微软雅黑;font-size:12px;line-height:19px;background-color:#ffffff;\" /><span style=\"font-family:微软雅黑, &#39;microsoft yahei&#39;;font-siz', '6', '0', '身份证扫描件');
INSERT INTO `autc_mtr_type` VALUES ('id_car_info', null, null, null, '6', '0', '车辆证明');
INSERT INTO `autc_mtr_type` VALUES ('id_diploma_scan', null, null, null, '6', '0', '学历证书扫描件');
INSERT INTO `autc_mtr_type` VALUES ('id_house_info', null, null, null, '6', '0', '房产证明');
INSERT INTO `autc_mtr_type` VALUES ('id_huKou_photo', null, null, null, '6', '0', '手持户口卡照片');
INSERT INTO `autc_mtr_type` VALUES ('id_hukou_scan', null, null, null, '6', '0', '户口卡');
INSERT INTO `autc_mtr_type` VALUES ('id_marriage_certificate', null, null, null, '6', '0', '结婚证');
INSERT INTO `autc_mtr_type` VALUES ('id_microblog_info', null, null, null, '6', '0', '微博认证');
INSERT INTO `autc_mtr_type` VALUES ('id_otherid_certificate', null, null, null, '6', '0', '其他可确认身份的证件');
INSERT INTO `autc_mtr_type` VALUES ('id_other_domicile', null, null, null, '6', '0', '其他居住地证明');
INSERT INTO `autc_mtr_type` VALUES ('id_other_estate', null, null, null, '6', '0', '其他财产证明');
INSERT INTO `autc_mtr_type` VALUES ('id_other_incomeinfo', null, null, null, '6', '0', '其他能证明稳定收入的材料');
INSERT INTO `autc_mtr_type` VALUES ('id_positional_titles', null, null, null, '6', '0', '职称证书');
INSERT INTO `autc_mtr_type` VALUES ('id_proof_earnings', null, null, null, '6', '0', '收入证明');
INSERT INTO `autc_mtr_type` VALUES ('id_student_id', null, null, null, '6', '0', '学生证');
INSERT INTO `autc_mtr_type` VALUES ('id_work_certificate', null, null, null, '6', '0', '工作证件扫描件');

-- ----------------------------
-- Table structure for `authentication_materials`
-- ----------------------------
DROP TABLE IF EXISTS `authentication_materials`;
CREATE TABLE `authentication_materials` (
  `id` varchar(32) NOT NULL,
  `description` mediumtext,
  `type` varchar(32) DEFAULT NULL,
  PRIMARY KEY (`id`),
  UNIQUE KEY `id` (`id`) USING BTREE,
  KEY `FKF5C36725E1B753A8` (`type`) USING BTREE,
  CONSTRAINT `authentication_materials_ibfk_1` FOREIGN KEY (`type`) REFERENCES `autc_mtr_type` (`id`)
) ENGINE=InnoDB DEFAULT CHARSET=utf8;

-- ----------------------------
-- Records of authentication_materials
-- ----------------------------
INSERT INTO `authentication_materials` VALUES ('0d06916b70334353ba870fbf5d5c6fd3', null, 'id_house_info');
INSERT INTO `authentication_materials` VALUES ('102dcf206fc0425fa0d8950ee5054348', null, 'id_diploma_scan');
INSERT INTO `authentication_materials` VALUES ('3aae37fdafab48a3bf46fccbe3de0c9d', null, 'id_proof_earnings');
INSERT INTO `authentication_materials` VALUES ('70554e68816a492c9e754c851292f43d', null, 'id_account_flow');
INSERT INTO `authentication_materials` VALUES ('74a87c0a00204931b654115f3c4a7073', null, 'id_business_license');
INSERT INTO `authentication_materials` VALUES ('813607d3967645c19eb7234c756f2fc0', null, 'id_card_photo');
INSERT INTO `authentication_materials` VALUES ('8a0726d587374f00a5247010d68ae489', null, 'id_car_info');
INSERT INTO `authentication_materials` VALUES ('db12ab12fd0149de86b5a5ca2082c486', null, 'id_business_accountflow');
INSERT INTO `authentication_materials` VALUES ('e0504aa21f6444b2986bc9cbeabcc09a', null, 'id_bank_CreditReport');
INSERT INTO `authentication_materials` VALUES ('e33fa0aaa24d4621ac3540b0fa801827', null, 'id_work_certificate');
INSERT INTO `authentication_materials` VALUES ('f168be5ac1cc4e4abbc15e47ec6dd98a', null, 'id_card_photo');

-- ----------------------------
-- Table structure for `auth_info`
-- ----------------------------
DROP TABLE IF EXISTS `auth_info`;
CREATE TABLE `auth_info` (
  `id` varchar(32) NOT NULL DEFAULT '',
  `auth_code` varchar(1000) DEFAULT NULL,
  `auth_target` varchar(1000) DEFAULT NULL,
  `deadline` datetime DEFAULT NULL,
  `generation_time` datetime DEFAULT NULL,
  `status` varchar(100) DEFAULT NULL,
  `auth_type` varchar(200) NOT NULL,
  `auth_source` varchar(1000) DEFAULT NULL,
  PRIMARY KEY (`id`)
) ENGINE=InnoDB DEFAULT CHARSET=utf8;

-- ----------------------------
-- Records of auth_info
-- ----------------------------
INSERT INTO `auth_info` VALUES ('06eab8f181bd4eb390e70e9fada0bd0c', '018537', '13264023868', null, '2015-04-08 14:45:34', 'inactive', 'register_by_mobile_number', null);
INSERT INTO `auth_info` VALUES ('0aaecba98a85454f851d3470ad4b89a5', '994292', '13651020524', null, '2015-04-03 14:33:13', 'activated', 'binding_mobile_number', 'xingditu');
INSERT INTO `auth_info` VALUES ('10c3d346c4284996940e8db766911d5c', '956758', '13651020524', null, '2015-04-03 14:43:56', 'inactive', 'find_login_password_by_mobile', 'xingditu');
INSERT INTO `auth_info` VALUES ('15235530aa904563919000a222280d17', '119273', '13699248263', null, '2015-04-21 17:06:34', 'inactive', 'change_binding_mobile_number', 'mleoshi');
INSERT INTO `auth_info` VALUES ('1a134233260840e4926255c5866678c2', '112259', '18611773432', null, '2015-04-08 14:23:18', 'inactive', 'register_by_mobile_number', null);
INSERT INTO `auth_info` VALUES ('23c0313d05f44d9c96c08cce74478072', '014596', '18601158258', null, '2015-04-16 16:33:54', 'inactive', 'register_by_mobile_number', null);
INSERT INTO `auth_info` VALUES ('284795bdb34946f6b40a613b623be2f3', '887241', '13671176440', null, '2015-04-09 16:27:18', 'inactive', 'register_by_mobile_number', null);
INSERT INTO `auth_info` VALUES ('29079b89ebeb43498efc36c985ced637', '682420', '281545444@qq.com', null, '2015-04-03 14:38:30', 'activated', 'binding_email', 'xingditu');
INSERT INTO `auth_info` VALUES ('378ddffe80b94eb9b7832d923076e393', '593549', 'zhengcong@tuotiansudai.com', null, '2015-04-16 14:42:45', 'activated', 'find_login_password_by_email', 'lance');
INSERT INTO `auth_info` VALUES ('3d8d2a226f524418a2ce93c03bae8cda', '387849', '13699248263', null, '2015-04-16 11:21:13', 'inactive', 'register_by_mobile_number', null);
INSERT INTO `auth_info` VALUES ('436d65c7e95846ec9b88d6c6b7c7db5a', '503957', '13810586920', null, '2015-04-16 11:23:14', 'inactive', 'register_by_mobile_number', null);
INSERT INTO `auth_info` VALUES ('482f054c2ffd4d1abf002feb7946fb04', '136611', '18601158258', null, '2015-04-16 17:54:31', 'inactive', 'find_login_password_by_mobile', 'zhengcong');
INSERT INTO `auth_info` VALUES ('59aac1a345fb4f22ae36a27d6a34a5ea', '585211', '12345678902', null, '2015-03-19 16:50:14', 'inactive', 'change_binding_mobile_number', 'tuotian');
INSERT INTO `auth_info` VALUES ('5a3f5ca4b28c4e6f812cc6792cdfa811', '552123', '12345678901', null, '2015-03-17 11:22:47', 'inactive', 'register_by_mobile_number', null);
INSERT INTO `auth_info` VALUES ('5ee2f9eac6bf466fabf0ec5f5fbde7a3', '173986', '18801457099', null, '2015-04-09 10:20:26', 'inactive', 'register_by_mobile_number', null);
INSERT INTO `auth_info` VALUES ('62d9ab647e3d4d089c3de9194a63851b', '313933', '15501118222', null, '2015-04-27 15:30:41', 'inactive', 'find_login_password_by_mobile', 'songyunfeng');
INSERT INTO `auth_info` VALUES ('66430fb3dc30495db8c8c29735e63201', '430088', '281545444@qq.com', null, '2015-04-03 14:33:53', 'inactive', 'change_binding_email', 'xingditu');
INSERT INTO `auth_info` VALUES ('6d565727ac9b4eb09d8a965da94079bf', '796053', '13699248263', null, '2015-04-27 15:30:03', 'inactive', 'find_login_password_by_mobile', 'mleoshi');
INSERT INTO `auth_info` VALUES ('6d5900c072194394a6f9d584a44ab3a6', '929248', '543636536@163.com', null, '2015-03-19 16:48:18', 'inactive', 'binding_email', 'tuotian');
INSERT INTO `auth_info` VALUES ('7071a5ec97684266846cea7fc9e617ef', '828113', '13269136456', null, '2015-04-13 17:07:47', 'inactive', 'register_by_mobile_number', null);
INSERT INTO `auth_info` VALUES ('8618fca4ef8f43e79edd986ca033138e', '122928', '13381088126', null, '2015-04-01 16:34:45', 'inactive', 'register_by_mobile_number', null);
INSERT INTO `auth_info` VALUES ('9251a82bc85d4d00b7d167cf67af6a7b', '702197', '13488755813', null, '2015-04-16 11:14:34', 'inactive', 'register_by_mobile_number', null);
INSERT INTO `auth_info` VALUES ('99454e38b7e5489ea1e149e616c9311e', '955449', '2602560103@qq.com', null, '2015-04-03 14:36:04', 'activated', 'binding_email', 'xingditu');
INSERT INTO `auth_info` VALUES ('9aa863c0d0434e3ca69afd29b5a0edf3', '916789', '18600731116', null, '2015-04-21 17:07:25', 'inactive', 'register_by_mobile_number', null);
INSERT INTO `auth_info` VALUES ('a68a9fe249ca4e6aac52b285910792c0', '923145', '18610817588', null, '2015-04-02 16:02:24', 'inactive', 'register_by_mobile_number', null);
INSERT INTO `auth_info` VALUES ('ad9503382b0a48178755068b7ab95ad9', '372592', '12345678902', null, '2015-03-17 11:24:37', 'inactive', 'register_by_mobile_number', null);
INSERT INTO `auth_info` VALUES ('af14441180a04a38a2b90a97be8a117c', '393663', '15501118222', null, '2015-04-24 11:18:50', 'inactive', 'register_by_mobile_number', null);
INSERT INTO `auth_info` VALUES ('b48cd0ffc64d4215af16b97de1530983', '391794', '13651020524', null, '2015-04-03 14:24:33', 'inactive', 'register_by_mobile_number', null);
INSERT INTO `auth_info` VALUES ('b9d266811871451f90ff171dc95f754c', '048820', '13167561841', null, '2015-04-21 20:53:42', 'inactive', 'register_by_mobile_number', null);
INSERT INTO `auth_info` VALUES ('bf57803e05a3445ea3a609bdf602e1fa', '368644', 'lei@tuotiansudai.com', null, '2015-04-21 17:05:37', 'inactive', 'change_binding_email', 'mleoshi');
INSERT INTO `auth_info` VALUES ('c75c6721111e46cca501fac00338fb16', '113049', '213242@qq.com', null, '2015-03-19 16:47:47', 'inactive', 'change_binding_email', 'tuotian');
INSERT INTO `auth_info` VALUES ('cdf23f7151564c37bb63ce951dd2dd37', '010090', '18510029256', null, '2015-04-08 17:33:32', 'inactive', 'register_by_mobile_number', null);
INSERT INTO `auth_info` VALUES ('ce2b377f4f5540f28fc800d36fe70d57', '927232', '2602560103@qq.com', null, '2015-04-03 14:36:26', 'inactive', 'change_binding_email', 'xingditu');
INSERT INTO `auth_info` VALUES ('cfedb5ec00e04849851d362994e01039', '145958', '18612634768', null, '2015-04-16 10:39:09', 'inactive', 'find_login_password_by_mobile', 'wll001');
INSERT INTO `auth_info` VALUES ('d372c7ec687e4442a4d4fade21f0a748', '472798', '13436964915', null, '2015-04-28 11:18:51', 'inactive', 'register_by_mobile_number', null);
INSERT INTO `auth_info` VALUES ('d4687c6e302f47ddbeadadda876dfb50', '965478', '18310029598', null, '2015-04-16 14:54:58', 'inactive', 'find_login_password_by_mobile', 'zhaoshuai');
INSERT INTO `auth_info` VALUES ('e058498d6fb64d9d9cd9a1229abb15ff', '646482', '18611773432', null, '2015-04-03 14:32:52', 'inactive', 'change_binding_mobile_number', 'xingditu');
INSERT INTO `auth_info` VALUES ('e4e92c57d27c4572a3601cb14cd50389', '538048', '18310029598', null, '2015-04-16 14:29:41', 'inactive', 'register_by_mobile_number', null);
INSERT INTO `auth_info` VALUES ('ea263842ff164e15a66e9c04ada1d946', '773705', '18612634768', null, '2015-04-09 10:21:44', 'inactive', 'register_by_mobile_number', null);
INSERT INTO `auth_info` VALUES ('f02239930efb476f9ac9883881a950d0', '325919', '12345678998', null, '2015-03-19 16:50:50', 'activated', 'binding_mobile_number', 'tuotian');
INSERT INTO `auth_info` VALUES ('f624d38696a244cbbf2523abbbeb9d67', '060326', '281545444@qq.com', null, '2015-04-03 14:41:24', 'activated', 'find_login_password_by_email', 'xingditu');

-- ----------------------------
-- Table structure for `auto_invest`
-- ----------------------------
DROP TABLE IF EXISTS `auto_invest`;
CREATE TABLE `auto_invest` (
  `user_id` varchar(32) NOT NULL,
  `invest_money` double DEFAULT NULL,
  `last_auto_invest_time` datetime DEFAULT NULL,
  `max_dealline` int(11) DEFAULT NULL,
  `max_rate` double DEFAULT NULL,
  `min_deadline` int(11) DEFAULT NULL,
  `min_rate` double DEFAULT NULL,
  `remain_money` double DEFAULT NULL,
  `seq_num` int(11) DEFAULT NULL,
  `status` varchar(255) DEFAULT NULL,
  `max_risk_rank` varchar(32) DEFAULT NULL,
  `min_risk_rank` varchar(32) DEFAULT NULL,
  PRIMARY KEY (`user_id`),
  UNIQUE KEY `user_id` (`user_id`) USING BTREE,
  KEY `FKA4BF4C85CDE48B5A` (`max_risk_rank`) USING BTREE,
  KEY `FKA4BF4C853A82BAC8` (`min_risk_rank`) USING BTREE,
  CONSTRAINT `auto_invest_ibfk_1` FOREIGN KEY (`min_risk_rank`) REFERENCES `risk_rank` (`id`),
  CONSTRAINT `auto_invest_ibfk_2` FOREIGN KEY (`max_risk_rank`) REFERENCES `risk_rank` (`id`)
) ENGINE=InnoDB DEFAULT CHARSET=utf8;

-- ----------------------------
-- Records of auto_invest
-- ----------------------------
INSERT INTO `auto_invest` VALUES ('seekmm', '1000', '2015-04-07 11:55:07', '36', '0.15', '0', '0.1', '0', null, 'on', null, null);
INSERT INTO `auto_invest` VALUES ('tuotian', '1000', '2015-03-18 16:27:21', '9', '0.13', '0', '0.12', '100000', '1', 'off', null, null);
INSERT INTO `auto_invest` VALUES ('xingditu', '200', '2015-04-07 18:25:25', '36', '0.24', '6', '0.05', '10', null, 'on', null, null);

-- ----------------------------
-- Table structure for `bank_card`
-- ----------------------------
DROP TABLE IF EXISTS `bank_card`;
CREATE TABLE `bank_card` (
  `id` varchar(32) NOT NULL,
  `name` varchar(100) DEFAULT NULL,
  `bank` varchar(100) DEFAULT NULL,
  `bank_area` varchar(32) DEFAULT NULL,
  `card_no` varchar(100) DEFAULT NULL,
  `time` datetime DEFAULT NULL,
  `status` varchar(50) DEFAULT NULL,
  `user_id` varchar(32) DEFAULT NULL,
  `bindingprice` double DEFAULT NULL,
  `account_name` varchar(200) DEFAULT NULL,
  `bank_card_type` varchar(100) DEFAULT NULL,
  `bank_city` varchar(100) DEFAULT NULL,
  `bank_no` varchar(128) DEFAULT NULL,
  `bank_province` varchar(100) DEFAULT NULL,
  `binding_price` double DEFAULT NULL,
  `bank_address` varchar(32) DEFAULT NULL,
  `bank_service_type` varchar(100) DEFAULT NULL,
  PRIMARY KEY (`id`),
  KEY `FK_Reference_14` (`user_id`) USING BTREE,
  KEY `FK9571B333C7E886E7` (`bank_address`) USING BTREE,
  CONSTRAINT `bank_card_ibfk_1` FOREIGN KEY (`bank_address`) REFERENCES `area` (`id`),
  CONSTRAINT `bank_card_ibfk_2` FOREIGN KEY (`user_id`) REFERENCES `user` (`id`)
) ENGINE=InnoDB DEFAULT CHARSET=utf8;

-- ----------------------------
-- Records of bank_card
-- ----------------------------
INSERT INTO `bank_card` VALUES ('023ad4e9fc5946259db1d9c4b558f756', null, '中信银行', null, '', '2015-04-20 11:27:56', 'delete', 'zhengcong', null, null, 'DEBIT', null, 'CITIC', null, null, null, null);
INSERT INTO `bank_card` VALUES ('04ef6014d6eb4fb0926530d5c675ccb8', null, '招商银行', null, '6214830113738271', '2015-04-08 14:51:35', 'delete', 'wangxibao9', null, null, 'DEBIT', null, 'CMB', null, null, null, null);
INSERT INTO `bank_card` VALUES ('05bbead9bc044c0a8fd9381d91fed426', '', '中国广发银行', null, '6225008432130989123', '2015-03-17 11:54:54', '已删除', 'tuotian', null, null, 'DEBIT', null, 'CGB', null, null, null, 'C');
INSERT INTO `bank_card` VALUES ('0ad54b06aa9a4fe5a51582a14bfabc5a', null, '中信银行', null, '', '2015-04-21 14:30:41', 'delete', 'admin', null, null, 'DEBIT', null, 'CITIC', null, null, null, null);
INSERT INTO `bank_card` VALUES ('0d9ef071d2bc400b93a8f51c078332b1', null, '招商银行', null, '6225880173032708', '2015-04-13 17:01:58', 'delete', 'jdsb1', null, null, 'DEBIT', null, 'CMB', null, null, null, null);
INSERT INTO `bank_card` VALUES ('0de150f5853245548135df65c78167c4', null, '上海浦东发展银行', null, '123657890-87432', '2015-04-20 20:52:15', 'delete', 'wangxibao9', null, null, 'DEBIT', null, 'SPDB', null, null, null, null);
INSERT INTO `bank_card` VALUES ('112fa63581d8437ea3711b065bc5ca7c', null, '中国银行', null, '4380886287411395', '2015-04-17 10:36:50', 'delete', 'sidneygao', null, null, 'DEBIT', null, 'BOC', null, null, null, null);
INSERT INTO `bank_card` VALUES ('11b99b033bfa4876b6752b6a7a6bf61b', null, '招商银行', null, '6225880116305732', '2015-04-16 15:59:12', 'passed', 'mleoshi', null, null, 'DEBIT', null, 'CMB', null, null, null, null);
INSERT INTO `bank_card` VALUES ('143c1b9634fd4ae68c5703b4b4c4d282', null, '中国工商银行', null, '6212260200067624532', '2015-04-16 15:56:17', 'delete', 'wll001', null, null, 'DEBIT', null, 'ICBC', null, null, null, null);
INSERT INTO `bank_card` VALUES ('1d10feac1df34c4dba4fc06facfd41d0', '', '中国工商银行', null, '6215590200000919787', '2015-04-03 16:56:53', '已删除', 'xingditu', null, null, 'DEBIT', null, 'PSBC', null, null, null, 'C');
INSERT INTO `bank_card` VALUES ('26f611fa55254097b0cb22ab3831d1f2', null, '中国建设银行', null, '6217000010031760880', '2015-04-20 20:53:43', 'delete', 'wangxibao9', null, null, 'DEBIT', null, 'CCB', null, null, null, null);
INSERT INTO `bank_card` VALUES ('285f1ef0185f46409dd78452ea6e42ef', null, '中信银行', null, '', '2015-04-21 11:04:01', 'delete', 'zhengcong', null, null, 'DEBIT', null, 'CITIC', null, null, null, null);
INSERT INTO `bank_card` VALUES ('4594e739f27a43e0816fe6a428049627', null, '中国工商银行', null, '6212260200067624532', '2015-04-24 15:52:07', 'passed', 'wll001', null, null, 'DEBIT', null, 'ICBC', null, null, null, null);
INSERT INTO `bank_card` VALUES ('483330ae9d26451d87f09cfe0720b51b', null, '中信银行', null, '', '2015-04-21 14:30:43', 'delete', 'zhengcong', null, null, 'DEBIT', null, 'CITIC', null, null, null, null);
INSERT INTO `bank_card` VALUES ('4ad640c30ff1420795b7d4110257d586', null, '中国建设银行', null, '6217000010019149668', '2015-04-24 11:16:29', 'uncheck', 'songyf', null, null, 'DEBIT', null, 'CCB', null, null, null, null);
INSERT INTO `bank_card` VALUES ('52355912a3e946ea929a35974d6b0c48', null, '招商银行', null, '6225880173032708', '2015-04-13 17:10:03', 'passed', 'jdsb3', null, null, 'DEBIT', null, 'CMB', null, null, null, null);
INSERT INTO `bank_card` VALUES ('56e122b66c7f43bf919ee717ed80834a', null, '中国银行', null, '6216618403001269022', '2015-04-24 12:21:29', 'delete', 'wangxibao9', null, null, 'DEBIT', null, 'BOC', null, null, null, null);
INSERT INTO `bank_card` VALUES ('56f70046174e4026b5fee1982816b3c8', null, '中信银行', null, '000', '2015-04-17 10:34:46', 'delete', 'sidneygao', null, null, 'DEBIT', null, 'CITIC', null, null, null, null);
INSERT INTO `bank_card` VALUES ('5c37f4308ec74144a79cec4f45c73d3c', null, '中信银行', null, '', '2015-04-08 20:48:33', 'delete', 'xingditu', null, null, 'DEBIT', null, 'CITIC', null, null, null, null);
INSERT INTO `bank_card` VALUES ('5cb065ab45214169b328a61c73dd7908', '而后人谈一谈人员突然又突然又突然又突然', '交通银行', null, '1111222233334444111', '2015-03-19 16:51:51', '绑定', 'tuotian', null, null, 'DEBIT', null, 'COMM', null, null, null, 'C');
INSERT INTO `bank_card` VALUES ('7035bbc60b1a4b94af9ba3b29d5a5c86', null, '中国银行', null, '6216618403001269022', '2015-04-21 09:50:03', 'delete', 'wangxibao9', null, null, 'DEBIT', null, 'BOC', null, null, null, null);
INSERT INTO `bank_card` VALUES ('7571ee6aeb7940e1b0864bdf90071032', null, '中国建设银行', null, '6222800011071010402', '2015-04-17 11:01:33', 'passed', 'zhengcong', null, null, 'DEBIT', null, 'CCB', null, null, null, null);
INSERT INTO `bank_card` VALUES ('7bf3966104474a9a902cc3406d3824f4', null, '中信银行', null, '123212312132212', '2015-04-16 17:22:30', 'delete', 'zhengcong', null, null, 'DEBIT', null, 'SPDB', null, null, null, null);
INSERT INTO `bank_card` VALUES ('7c7b06cbb5144000b6785cf3bb4fd60c', null, '招商银行', null, '6221123412341234', '2015-04-21 10:29:23', 'delete', 'zhengcong', null, null, 'DEBIT', null, 'CMB', null, null, null, null);
INSERT INTO `bank_card` VALUES ('7fd83d6be60f4243aae3e292c667ce9f', null, '中国建设银行', null, '6222800011071010402', '2015-04-17 10:48:48', 'delete', 'zhengcong', null, null, 'DEBIT', null, 'CCB', null, null, null, null);
INSERT INTO `bank_card` VALUES ('8d741fa1216041f6beb3b7f82de33b0c', null, '招商银行', null, '6225881007549453', '2015-04-16 17:51:25', 'delete', 'zhengcong', null, null, 'DEBIT', null, 'CMB', null, null, null, null);
INSERT INTO `bank_card` VALUES ('8eb5e3769fb1400db50e10bf6836817c', null, '中国银行', null, '6216618403001269022', '2015-04-27 18:55:43', 'delete', 'wangxibao9', null, null, 'DEBIT', null, 'BOC', null, null, null, null);
INSERT INTO `bank_card` VALUES ('955b8fb8e214415eaa4070ac75c5c23b', null, '中信银行', null, '', '2015-04-21 14:30:11', 'delete', 'mleoshi', null, null, 'DEBIT', null, 'CITIC', null, null, null, null);
INSERT INTO `bank_card` VALUES ('9868a0088db24c48937badf18b687556', null, '中信银行', null, '', '2015-04-17 10:32:13', 'delete', 'sidneygao', null, null, 'DEBIT', null, 'CITIC', null, null, null, null);
INSERT INTO `bank_card` VALUES ('9f3268dd34974b719c6149a269732abf', null, '中信银行', null, '1234567890', '2015-04-16 17:59:06', 'uncheck', 'zhaoshuai', null, null, 'DEBIT', null, 'CITIC', null, null, null, null);
INSERT INTO `bank_card` VALUES ('bb3762a56d944236b810c43c305344fb', null, '招商银行', null, '6225880173032708', '2015-04-13 17:02:38', 'delete', 'jdsb1', null, null, 'DEBIT', null, 'CMB', null, null, null, null);
INSERT INTO `bank_card` VALUES ('bda9390c46174d1d988ea2d52c79137c', null, '中国建设银行', null, '6217000010031760880', '2015-04-20 20:02:11', 'passed', 'wangxibao9', null, null, 'DEBIT', null, 'CCB', null, null, null, null);
INSERT INTO `bank_card` VALUES ('c0d11dd786804745aaff385d5d314dac', null, '中信银行', null, '', '2015-04-08 20:48:20', 'delete', 'xingditu', null, null, 'DEBIT', null, 'CITIC', null, null, null, null);
INSERT INTO `bank_card` VALUES ('c91fc68b6a494f2681e805f9778c4e34', null, '中国工商银行', null, '6212260200067624532', '2015-04-24 10:46:09', 'delete', 'wll001', null, null, 'DEBIT', null, 'ICBC', null, null, null, null);
INSERT INTO `bank_card` VALUES ('c9f4661543ce4970b505492b956ed67d', '测试开户行', '北京银行', null, '6225880112341234', '2015-04-07 10:44:27', '绑定', 'seekmm', null, null, 'DEBIT', null, 'BCCB', null, null, null, 'C');
INSERT INTO `bank_card` VALUES ('d57922cd496a415ca2dbdf5bf7480bef', null, '招商银行', null, '6225881007549453', '2015-04-17 10:54:45', 'delete', 'zhengcong', null, null, 'DEBIT', null, 'CMB', null, null, null, null);
INSERT INTO `bank_card` VALUES ('e42eb4fb0b0947aa85b8570c6caf2f78', null, '中国工商银行', null, '6212260200067624532', '2015-04-21 20:46:04', 'delete', 'wll001', null, null, 'DEBIT', null, 'ICBC', null, null, null, null);
INSERT INTO `bank_card` VALUES ('e4f83b30932844c6926717e4e593d635', null, '中国建设银行', null, '6217000010031760880', '2015-04-24 12:05:29', 'delete', 'wangxibao9', null, null, 'DEBIT', null, 'CCB', null, null, null, null);
INSERT INTO `bank_card` VALUES ('e5097d280f894f459eab35111d122b79', null, '招商银行', null, '6225881007549453', '2015-04-16 17:57:35', 'delete', 'zhengcong', null, null, 'DEBIT', null, 'CMB', null, null, null, null);
INSERT INTO `bank_card` VALUES ('e92b8a72245c4544ba5716269dcad0a6', null, '中信银行', null, '123', '2015-04-17 10:32:22', 'delete', 'sidneygao', null, null, 'DEBIT', null, 'CITIC', null, null, null, null);
INSERT INTO `bank_card` VALUES ('ed3bd294a90a4c96865fbfd00fe2ffca', null, '中国银行', null, '', '2015-04-24 12:12:30', 'delete', 'wll001', null, null, 'DEBIT', null, 'ICBC', null, null, null, null);
INSERT INTO `bank_card` VALUES ('eeb62a41fba04e739d4f1d8030962892', null, '中信银行', null, '', '2015-04-21 11:02:46', 'delete', 'zhengcong', null, null, 'DEBIT', null, 'CITIC', null, null, null, null);
INSERT INTO `bank_card` VALUES ('f11e8e44a02147aa8f1948cfa1333f22', 'dsfs', '中国光大银行', null, '111111111111111111', '2015-04-03 16:59:11', '已删除', 'xingditu', null, null, 'CREDIT', null, 'CEB', null, null, null, 'B');
INSERT INTO `bank_card` VALUES ('f1941c95f8c942e4a7e5e50a15e53b7e', null, '招商银行', null, '6226090104287103', '2015-04-16 11:32:10', 'passed', 'sidneygao', null, null, 'DEBIT', null, 'CMB', null, null, null, null);
INSERT INTO `bank_card` VALUES ('f6c9b8b4299949f69edf27649d0c81b5', null, '招商银行', null, '6225880173032708', '2015-04-27 16:02:57', 'uncheck', 'jdsb1', null, null, 'DEBIT', null, 'CMB', null, null, null, null);
INSERT INTO `bank_card` VALUES ('fb89a136a77c47ac8a3a235edbaeac47', null, '北京银行', null, '', '2015-04-09 17:28:10', 'delete', 'admin', null, null, 'DEBIT', null, 'BCCB', null, null, null, null);
INSERT INTO `bank_card` VALUES ('fe61fc335522493ab203c64662948dad', null, '中信银行', null, '6217710701871956', '2015-04-24 11:01:13', 'delete', 'wll001', null, null, 'DEBIT', null, 'CITIC', null, null, null, null);

-- ----------------------------
-- Table structure for `bank_code`
-- ----------------------------
DROP TABLE IF EXISTS `bank_code`;
CREATE TABLE `bank_code` (
  `id` varchar(32) NOT NULL,
  `icon` varchar(1000) DEFAULT NULL,
  `name` varchar(200) DEFAULT NULL,
  `pay_code` varchar(200) DEFAULT NULL,
  `seq_num` int(11) DEFAULT NULL,
  `status` varchar(200) DEFAULT NULL,
  `type` varchar(200) DEFAULT NULL,
  PRIMARY KEY (`id`),
  UNIQUE KEY `id` (`id`) USING BTREE
) ENGINE=InnoDB DEFAULT CHARSET=utf8;

-- ----------------------------
-- Records of bank_code
-- ----------------------------

-- ----------------------------
-- Table structure for `banner`
-- ----------------------------
DROP TABLE IF EXISTS `banner`;
CREATE TABLE `banner` (
  `id` varchar(32) NOT NULL,
  `description` varchar(500) NOT NULL,
  `type` varchar(32) DEFAULT NULL,
  `area_id` varchar(32) DEFAULT NULL,
  PRIMARY KEY (`id`)
) ENGINE=InnoDB DEFAULT CHARSET=utf8;

-- ----------------------------
-- Records of banner
-- ----------------------------
INSERT INTO `banner` VALUES ('index', '首页-banner', null, null);
INSERT INTO `banner` VALUES ('index_mobile', 'wap-banner', null, null);

-- ----------------------------
-- Table structure for `banner_picture`
-- ----------------------------
DROP TABLE IF EXISTS `banner_picture`;
CREATE TABLE `banner_picture` (
  `id` varchar(32) NOT NULL,
  `picture` varchar(300) DEFAULT NULL,
  `is_out_site` tinyint(1) DEFAULT NULL,
  `seq_num` int(11) NOT NULL,
  `banner_id` varchar(32) DEFAULT NULL,
  `title` varchar(255) DEFAULT NULL,
  `url` varchar(255) DEFAULT NULL,
  PRIMARY KEY (`id`),
  UNIQUE KEY `id` (`id`) USING BTREE,
  KEY `banner` (`banner_id`) USING BTREE,
  CONSTRAINT `banner_picture_ibfk_1` FOREIGN KEY (`banner_id`) REFERENCES `banner` (`id`)
) ENGINE=InnoDB DEFAULT CHARSET=utf8;

-- ----------------------------
-- Records of banner_picture
-- ----------------------------
INSERT INTO `banner_picture` VALUES ('0c3d813e865c44db936965b6a2fc7b25', '/upload/20150302/99541425265843309.png', null, '3', 'index', '', '');
INSERT INTO `banner_picture` VALUES ('1a3af2654d7049868f20f26f353e4d2b', '/upload/20150416/10961429155642374.png', null, '1', null, null, null);
INSERT INTO `banner_picture` VALUES ('363517b056204a36a43cac83e694d128', '/upload/20150409/32441428547935021.png', null, '3', null, null, null);
INSERT INTO `banner_picture` VALUES ('367174e8c36e4b9a80e490c11e417d34', '/upload/20150302/69551425265821623.png', null, '1', 'index', '', '');
INSERT INTO `banner_picture` VALUES ('3da3dd4a36eb4a5e97aaed8fa7032839', '/upload/20150416/60411429173228076.png', null, '1', null, null, null);
INSERT INTO `banner_picture` VALUES ('7178a373b9fd4c0d911a9ea98fd06090', '/upload/20150416/11421429155634170.png', null, '1', null, null, null);
INSERT INTO `banner_picture` VALUES ('7c00bd35db2a4b9eb36934578b9036ad', '/upload/20150409/72201428547873067.png', null, '1', null, null, null);
INSERT INTO `banner_picture` VALUES ('806dd107faae4f0c91e0e4c7ed9e434b', '/upload/20150417/67371429248792017.jpg', null, '1', null, null, null);
INSERT INTO `banner_picture` VALUES ('808c1f22fa5a4d31b48cda7f7384eb9b', '/upload/20150416/24441429173217092.png', null, '1', null, null, null);
INSERT INTO `banner_picture` VALUES ('8d1f4dbc3f964177b6c8e4ebb4778839', '/upload/20150409/43891428547885192.png', null, '1', null, null, null);
INSERT INTO `banner_picture` VALUES ('9693ef08c5ac4de28a1a77965b555b2b', '/upload/20150331/31381427772436099.png', null, '1', null, null, null);
INSERT INTO `banner_picture` VALUES ('9cf5ddbfcdc54b9aa272ce7d803da8c2', '/upload/20150409/82711428547929364.png', null, '2', null, null, null);
INSERT INTO `banner_picture` VALUES ('e530d75560eb4ccd80ea36b49458b2c7', '/upload/20150417/86191429248784845.jpg', null, '1', null, null, null);
INSERT INTO `banner_picture` VALUES ('e896e4e4ec324f529b8cbbb1df608bfa', '/upload/20150416/70861429155634186.png', null, '2', null, null, null);
INSERT INTO `banner_picture` VALUES ('ef3dc2a60631413b95806d3c24b0643a', '/upload/20150409/34201428547937052.png', null, '4', null, null, null);
INSERT INTO `banner_picture` VALUES ('fb93ba50d0ba44758f6882dbce7f4e79', '/upload/20150302/98281425265835429.png', null, '2', 'index', '', '');

-- ----------------------------
-- Table structure for `banner_picture_loan`
-- ----------------------------
DROP TABLE IF EXISTS `banner_picture_loan`;
CREATE TABLE `banner_picture_loan` (
  `banner_picture_id` varchar(32) NOT NULL,
  `loans_id` varchar(32) NOT NULL,
  UNIQUE KEY `loans_id` (`loans_id`) USING BTREE,
  KEY `FK284481C4367E0CF9` (`banner_picture_id`) USING BTREE,
  KEY `FK284481C4476079C4` (`loans_id`) USING BTREE,
  CONSTRAINT `banner_picture_loan_ibfk_1` FOREIGN KEY (`banner_picture_id`) REFERENCES `banner_picture` (`id`),
  CONSTRAINT `banner_picture_loan_ibfk_2` FOREIGN KEY (`loans_id`) REFERENCES `loan` (`id`)
) ENGINE=InnoDB DEFAULT CHARSET=utf8;

-- ----------------------------
-- Records of banner_picture_loan
-- ----------------------------

-- ----------------------------
-- Table structure for `black_name`
-- ----------------------------
DROP TABLE IF EXISTS `black_name`;
CREATE TABLE `black_name` (
  `id` varchar(32) NOT NULL,
  `time` datetime DEFAULT NULL,
  `black_user` varchar(32) DEFAULT NULL,
  `user` varchar(32) DEFAULT NULL,
  PRIMARY KEY (`id`),
  UNIQUE KEY `id` (`id`) USING BTREE,
  KEY `FK9E5BCACB332F40FF` (`user`) USING BTREE,
  KEY `FK9E5BCACBD157913F` (`black_user`) USING BTREE,
  CONSTRAINT `black_name_ibfk_1` FOREIGN KEY (`user`) REFERENCES `user` (`id`),
  CONSTRAINT `black_name_ibfk_2` FOREIGN KEY (`black_user`) REFERENCES `user` (`id`)
) ENGINE=InnoDB DEFAULT CHARSET=utf8;

-- ----------------------------
-- Records of black_name
-- ----------------------------

-- ----------------------------
-- Table structure for `borrower_additional_info`
-- ----------------------------
DROP TABLE IF EXISTS `borrower_additional_info`;
CREATE TABLE `borrower_additional_info` (
  `user_id` varchar(32) NOT NULL,
  `company_size` varchar(100) DEFAULT NULL,
  `internship_experience` varchar(1000) DEFAULT NULL,
  `job` varchar(100) DEFAULT NULL,
  `job_email` varchar(100) DEFAULT NULL,
  `monthly_income` varchar(100) DEFAULT NULL,
  `occupation` varchar(100) DEFAULT NULL,
  `profession` varchar(100) DEFAULT NULL,
  `schooling_grade` varchar(100) DEFAULT NULL,
  `schooling_major` varchar(200) DEFAULT NULL,
  `schooling_name` varchar(200) DEFAULT NULL,
  `shop_contact` varchar(100) DEFAULT NULL,
  `shop_url` varchar(500) DEFAULT NULL,
  `unit` varchar(100) DEFAULT NULL,
  `unit_area` varchar(200) DEFAULT NULL,
  `unit_now` varchar(100) DEFAULT NULL,
  `unit_phone` varchar(100) DEFAULT NULL,
  `unit_type` varchar(100) DEFAULT NULL,
  `verified` varchar(20) DEFAULT NULL,
  `verified_message` varchar(500) DEFAULT NULL,
  `verified_time` datetime DEFAULT NULL,
  `work_experience` varchar(1000) DEFAULT NULL,
  `working_life` varchar(100) DEFAULT NULL,
  `job_area` varchar(32) DEFAULT NULL,
  `verified_user` varchar(32) DEFAULT NULL,
  `contactPerson` varchar(10) DEFAULT NULL,
  `contactPersonPhone` varchar(15) DEFAULT NULL,
  `hostel` varchar(50) DEFAULT NULL,
  `schoolingClass` varchar(20) DEFAULT NULL,
  `schoolingJob` varchar(50) DEFAULT NULL,
  PRIMARY KEY (`user_id`),
  UNIQUE KEY `user_id` (`user_id`) USING BTREE,
  KEY `FK586B84E9D2A2F5C5` (`job_area`) USING BTREE,
  KEY `FK586B84E9E9F5D816` (`verified_user`) USING BTREE,
  CONSTRAINT `borrower_additional_info_ibfk_1` FOREIGN KEY (`job_area`) REFERENCES `area` (`id`),
  CONSTRAINT `borrower_additional_info_ibfk_2` FOREIGN KEY (`verified_user`) REFERENCES `user` (`id`)
) ENGINE=InnoDB DEFAULT CHARSET=utf8;

-- ----------------------------
-- Records of borrower_additional_info
-- ----------------------------
INSERT INTO `borrower_additional_info` VALUES ('admin', '500人以上\r\n\r\n', null, '12345', '12345@qq.com', '50000元以上\r\n\r\n\r\n', '工薪阶层', '其它\r\n\r\n\r\n\r\n	\r\n', null, null, null, '12345', 'www.baidu.com', '12345', '12345', '5年以上\r\n\r\n', '12345', '其他', '未审核', null, null, null, '5年以上\r\n\r\n', '110100', null, null, null, null, null, null);
INSERT INTO `borrower_additional_info` VALUES ('jdsb1', null, null, '', '', '1000元以下', '工薪阶层', null, null, null, null, '', '', '', '', null, '', null, '未审核', null, null, null, null, '110100', null, null, null, null, null, null);
INSERT INTO `borrower_additional_info` VALUES ('wangxibao9', '10-100人', null, 'java工程师', '123@qq.com', '5000-10000元', '工薪阶层', '信息技术', null, null, null, '1234567890', 'http://www.jindingp2p.cn/', '金鼎', '上地三街', '1年以下（含1年）', '1234567890', '民营企业', '未审核', null, null, null, '3-5年（含5年）', '110100', null, null, null, null, null, null);

-- ----------------------------
-- Table structure for `borrower_addition_info`
-- ----------------------------
DROP TABLE IF EXISTS `borrower_addition_info`;
CREATE TABLE `borrower_addition_info` (
  `user_id` varchar(32) NOT NULL,
  `occupation` varchar(100) DEFAULT NULL,
  `unit` varchar(100) DEFAULT NULL,
  `job_area` varchar(100) DEFAULT NULL,
  `unit_type` varchar(100) DEFAULT NULL,
  `profession` varchar(100) DEFAULT NULL,
  `company_size` varchar(100) DEFAULT NULL,
  `working_life` varchar(100) DEFAULT NULL,
  `unit_now` varchar(100) DEFAULT NULL,
  `job` varchar(100) DEFAULT NULL,
  `monthly_income` varchar(100) DEFAULT NULL,
  `unit_area` varchar(200) DEFAULT NULL,
  `unit_phone` varchar(100) DEFAULT NULL,
  `job_email` varchar(100) DEFAULT NULL,
  `verified` varchar(20) DEFAULT NULL,
  `verified_message` varchar(500) DEFAULT NULL,
  `verified_user` varchar(32) DEFAULT NULL,
  `internship_experience` varchar(1000) DEFAULT NULL,
  `schooling_grade` varchar(100) DEFAULT NULL,
  `schooling_major` varchar(200) DEFAULT NULL,
  `schooling_name` varchar(200) DEFAULT NULL,
  `shop_contact` varchar(100) DEFAULT NULL,
  `shop_url` varchar(500) DEFAULT NULL,
  `work_experience` varchar(1000) DEFAULT NULL,
  `verified_time` datetime DEFAULT NULL,
  PRIMARY KEY (`user_id`),
  KEY `FK_Reference_26` (`verified_user`) USING BTREE,
  KEY `FK14CC70EFD2A2F5C5` (`job_area`) USING BTREE,
  CONSTRAINT `borrower_addition_info_ibfk_1` FOREIGN KEY (`job_area`) REFERENCES `area` (`id`),
  CONSTRAINT `borrower_addition_info_ibfk_2` FOREIGN KEY (`user_id`) REFERENCES `borrower_info` (`user_id`),
  CONSTRAINT `borrower_addition_info_ibfk_3` FOREIGN KEY (`verified_user`) REFERENCES `user` (`id`)
) ENGINE=InnoDB DEFAULT CHARSET=utf8;

-- ----------------------------
-- Records of borrower_addition_info
-- ----------------------------

-- ----------------------------
-- Table structure for `borrower_authentication`
-- ----------------------------
DROP TABLE IF EXISTS `borrower_authentication`;
CREATE TABLE `borrower_authentication` (
  `user_id` varchar(32) NOT NULL,
  `id_card_scan` varchar(32) DEFAULT NULL,
  `id_card_photo` varchar(32) DEFAULT NULL,
  `bank_credit_report` varchar(32) DEFAULT NULL,
  `hu_kou_scan` varchar(32) DEFAULT NULL,
  `hu_kou_photo` varchar(32) DEFAULT NULL,
  `diploma_scan` varchar(32) DEFAULT NULL,
  `proof_earnings` varchar(32) DEFAULT NULL,
  `account_flow` varchar(32) DEFAULT NULL,
  `work_certificate` varchar(32) DEFAULT NULL,
  `student_id` varchar(32) DEFAULT NULL,
  `positional_titles` varchar(32) DEFAULT NULL,
  `house_info` varchar(32) DEFAULT NULL,
  `car_info` varchar(32) DEFAULT NULL,
  `marriage_certificate` varchar(32) DEFAULT NULL,
  `other_estate` varchar(32) DEFAULT NULL,
  `other_domicile` varchar(32) DEFAULT NULL,
  `other_id_certificate` varchar(32) DEFAULT NULL,
  `other_income_info` varchar(32) DEFAULT NULL,
  `business_license` varchar(32) DEFAULT NULL,
  `business_account_flow` varchar(32) DEFAULT NULL,
  `microblog_info` varchar(32) DEFAULT NULL,
  `verified` varchar(32) DEFAULT NULL,
  `verified_message` varchar(1000) DEFAULT NULL,
  `verified_user` varchar(32) DEFAULT NULL,
  `verified_time` datetime DEFAULT NULL,
  PRIMARY KEY (`user_id`),
  KEY `FK_Reference_28` (`verified_user`) USING BTREE,
  KEY `FKC1E592F5F380BE42` (`marriage_certificate`) USING BTREE,
  KEY `FKC1E592F5A05A135` (`other_domicile`) USING BTREE,
  KEY `FKC1E592F51155CC8` (`id_card_scan`) USING BTREE,
  KEY `FKC1E592F52E51FDE4` (`proof_earnings`) USING BTREE,
  KEY `FKC1E592F5C7867762` (`business_license`) USING BTREE,
  KEY `FKC1E592F5D9B3CE3F` (`student_id`) USING BTREE,
  KEY `FKC1E592F598512BF` (`business_account_flow`) USING BTREE,
  KEY `FKC1E592F55844D0A0` (`account_flow`) USING BTREE,
  KEY `FKC1E592F554AB9917` (`bank_credit_report`) USING BTREE,
  KEY `FKC1E592F5D30FCBDA` (`diploma_scan`) USING BTREE,
  KEY `FKC1E592F561971546` (`positional_titles`) USING BTREE,
  KEY `FKC1E592F58DDB170D` (`house_info`) USING BTREE,
  KEY `FKC1E592F56724C1FD` (`hu_kou_scan`) USING BTREE,
  KEY `FKC1E592F5C41CB7F2` (`hu_kou_photo`) USING BTREE,
  KEY `FKC1E592F57D01A209` (`work_certificate`) USING BTREE,
  KEY `FKC1E592F51682AED9` (`car_info`) USING BTREE,
  KEY `FKC1E592F598282F75` (`other_income_info`) USING BTREE,
  KEY `FKC1E592F5683F7687` (`id_card_photo`) USING BTREE,
  KEY `FKC1E592F53854F3FB` (`other_estate`) USING BTREE,
  KEY `FKC1E592F54FB91622` (`other_id_certificate`) USING BTREE,
  KEY `FKC1E592F58400CD87` (`microblog_info`) USING BTREE,
  CONSTRAINT `borrower_authentication_ibfk_1` FOREIGN KEY (`verified_user`) REFERENCES `user` (`id`),
  CONSTRAINT `borrower_authentication_ibfk_10` FOREIGN KEY (`id_card_photo`) REFERENCES `authentication_materials` (`id`),
  CONSTRAINT `borrower_authentication_ibfk_11` FOREIGN KEY (`work_certificate`) REFERENCES `authentication_materials` (`id`),
  CONSTRAINT `borrower_authentication_ibfk_12` FOREIGN KEY (`other_domicile`) REFERENCES `authentication_materials` (`id`),
  CONSTRAINT `borrower_authentication_ibfk_13` FOREIGN KEY (`microblog_info`) REFERENCES `authentication_materials` (`id`),
  CONSTRAINT `borrower_authentication_ibfk_14` FOREIGN KEY (`house_info`) REFERENCES `authentication_materials` (`id`),
  CONSTRAINT `borrower_authentication_ibfk_15` FOREIGN KEY (`other_income_info`) REFERENCES `authentication_materials` (`id`),
  CONSTRAINT `borrower_authentication_ibfk_16` FOREIGN KEY (`business_account_flow`) REFERENCES `authentication_materials` (`id`),
  CONSTRAINT `borrower_authentication_ibfk_17` FOREIGN KEY (`hu_kou_photo`) REFERENCES `authentication_materials` (`id`),
  CONSTRAINT `borrower_authentication_ibfk_18` FOREIGN KEY (`user_id`) REFERENCES `borrower_info` (`user_id`),
  CONSTRAINT `borrower_authentication_ibfk_19` FOREIGN KEY (`business_license`) REFERENCES `authentication_materials` (`id`),
  CONSTRAINT `borrower_authentication_ibfk_2` FOREIGN KEY (`car_info`) REFERENCES `authentication_materials` (`id`),
  CONSTRAINT `borrower_authentication_ibfk_20` FOREIGN KEY (`diploma_scan`) REFERENCES `authentication_materials` (`id`),
  CONSTRAINT `borrower_authentication_ibfk_21` FOREIGN KEY (`student_id`) REFERENCES `authentication_materials` (`id`),
  CONSTRAINT `borrower_authentication_ibfk_22` FOREIGN KEY (`marriage_certificate`) REFERENCES `authentication_materials` (`id`),
  CONSTRAINT `borrower_authentication_ibfk_23` FOREIGN KEY (`id_card_scan`) REFERENCES `authentication_materials` (`id`),
  CONSTRAINT `borrower_authentication_ibfk_3` FOREIGN KEY (`proof_earnings`) REFERENCES `authentication_materials` (`id`),
  CONSTRAINT `borrower_authentication_ibfk_4` FOREIGN KEY (`positional_titles`) REFERENCES `authentication_materials` (`id`),
  CONSTRAINT `borrower_authentication_ibfk_5` FOREIGN KEY (`other_estate`) REFERENCES `authentication_materials` (`id`),
  CONSTRAINT `borrower_authentication_ibfk_6` FOREIGN KEY (`other_id_certificate`) REFERENCES `authentication_materials` (`id`),
  CONSTRAINT `borrower_authentication_ibfk_7` FOREIGN KEY (`bank_credit_report`) REFERENCES `authentication_materials` (`id`),
  CONSTRAINT `borrower_authentication_ibfk_8` FOREIGN KEY (`account_flow`) REFERENCES `authentication_materials` (`id`),
  CONSTRAINT `borrower_authentication_ibfk_9` FOREIGN KEY (`hu_kou_scan`) REFERENCES `authentication_materials` (`id`)
) ENGINE=InnoDB DEFAULT CHARSET=utf8;

-- ----------------------------
-- Records of borrower_authentication
-- ----------------------------
INSERT INTO `borrower_authentication` VALUES ('admin', null, null, null, null, null, null, null, null, null, null, null, null, null, null, null, null, null, null, null, null, null, '未审核', null, null, null);
INSERT INTO `borrower_authentication` VALUES ('jdsb1', null, 'f168be5ac1cc4e4abbc15e47ec6dd98a', null, null, null, null, null, null, null, null, null, null, null, null, null, null, null, null, null, null, null, '未审核', null, null, null);
INSERT INTO `borrower_authentication` VALUES ('wangxibao9', null, '813607d3967645c19eb7234c756f2fc0', 'e0504aa21f6444b2986bc9cbeabcc09a', null, null, '102dcf206fc0425fa0d8950ee5054348', '3aae37fdafab48a3bf46fccbe3de0c9d', '70554e68816a492c9e754c851292f43d', 'e33fa0aaa24d4621ac3540b0fa801827', null, null, '0d06916b70334353ba870fbf5d5c6fd3', '8a0726d587374f00a5247010d68ae489', null, null, null, null, null, '74a87c0a00204931b654115f3c4a7073', 'db12ab12fd0149de86b5a5ca2082c486', null, '未审核', null, null, null);

-- ----------------------------
-- Table structure for `borrower_info`
-- ----------------------------
DROP TABLE IF EXISTS `borrower_info`;
CREATE TABLE `borrower_info` (
  `user_id` varchar(32) NOT NULL,
  `credit_rating` varchar(100) DEFAULT NULL,
  `credit_limit` double DEFAULT NULL,
  `risk_level` varchar(100) DEFAULT NULL,
  `risk_factor` double DEFAULT NULL,
  PRIMARY KEY (`user_id`),
  CONSTRAINT `borrower_info_ibfk_1` FOREIGN KEY (`user_id`) REFERENCES `user` (`id`)
) ENGINE=InnoDB DEFAULT CHARSET=utf8;

-- ----------------------------
-- Records of borrower_info
-- ----------------------------
INSERT INTO `borrower_info` VALUES ('admin', null, null, 'C', null);
INSERT INTO `borrower_info` VALUES ('jdsb1', null, null, null, null);
INSERT INTO `borrower_info` VALUES ('wangxibao9', null, null, 'AAA', null);

-- ----------------------------
-- Table structure for `borrower_personal_info`
-- ----------------------------
DROP TABLE IF EXISTS `borrower_personal_info`;
CREATE TABLE `borrower_personal_info` (
  `user_id` varchar(32) NOT NULL,
  `degree` varchar(200) DEFAULT NULL,
  `school` varchar(200) DEFAULT NULL,
  `school_year` varchar(200) DEFAULT NULL,
  `marriage_info` varchar(200) DEFAULT NULL,
  `children_info` varchar(200) DEFAULT NULL,
  `has_house` varchar(200) DEFAULT NULL,
  `has_housing_loan` varchar(200) DEFAULT NULL,
  `has_car` varchar(200) DEFAULT NULL,
  `has_car_loan` varchar(200) DEFAULT NULL,
  `verified` varchar(32) DEFAULT NULL,
  `verified_message` varchar(500) DEFAULT NULL,
  `verified_user` varchar(32) DEFAULT NULL,
  `verified_time` datetime DEFAULT NULL,
  `direct` varchar(10) DEFAULT NULL,
  `direct_relative` varchar(100) DEFAULT NULL,
  `direct_relative_phone` varchar(100) DEFAULT NULL,
  `other` varchar(10) DEFAULT NULL,
  `other_contact` varchar(100) DEFAULT NULL,
  `other_contact_phone` varchar(100) DEFAULT NULL,
  `birthday` date DEFAULT NULL,
  `sex` varchar(10) DEFAULT NULL,
  `hu_kou_place` varchar(32) DEFAULT NULL,
  `native_place` varchar(32) DEFAULT NULL,
  PRIMARY KEY (`user_id`),
  KEY `FK_Reference_27` (`verified_user`) USING BTREE,
  KEY `FK61DBAB30D65E18D5` (`native_place`) USING BTREE,
  KEY `FK61DBAB30DFD0401D` (`hu_kou_place`) USING BTREE,
  CONSTRAINT `borrower_personal_info_ibfk_1` FOREIGN KEY (`user_id`) REFERENCES `borrower_info` (`user_id`),
  CONSTRAINT `borrower_personal_info_ibfk_2` FOREIGN KEY (`verified_user`) REFERENCES `user` (`id`),
  CONSTRAINT `borrower_personal_info_ibfk_3` FOREIGN KEY (`native_place`) REFERENCES `area` (`id`),
  CONSTRAINT `borrower_personal_info_ibfk_4` FOREIGN KEY (`hu_kou_place`) REFERENCES `area` (`id`)
) ENGINE=InnoDB DEFAULT CHARSET=utf8;

-- ----------------------------
-- Records of borrower_personal_info
-- ----------------------------
INSERT INTO `borrower_personal_info` VALUES ('admin', '高中或以下', null, '', '已婚', '有', '无', '无', '无', '无', '未审核', null, null, null, '12345', '12345', '12345', '12345', '12345', '12345', null, null, null, null);
INSERT INTO `borrower_personal_info` VALUES ('jdsb1', '高中或以下', null, '', '已婚', '有', '无', '无', '无', '无', '未审核', null, null, null, '', '', '', '', '', '', null, null, null, null);
INSERT INTO `borrower_personal_info` VALUES ('wangxibao9', '本科', null, '2009', '未婚', '无', '有', '有', '有', '有', '未审核', null, null, null, '郭令尊', '父亲', '1234567890', '郭令尊', '母亲', '1234567890', null, null, null, null);

-- ----------------------------
-- Table structure for `category_term`
-- ----------------------------
DROP TABLE IF EXISTS `category_term`;
CREATE TABLE `category_term` (
  `id` varchar(32) NOT NULL,
  `type` varchar(32) NOT NULL,
  `name` varchar(100) DEFAULT NULL,
  `pid` varchar(32) DEFAULT NULL,
  `description` text,
  `seq_num` int(11) DEFAULT NULL,
  `thumb` varchar(80) DEFAULT NULL,
  PRIMARY KEY (`id`),
  KEY `FK_category_term_type` (`type`) USING BTREE,
  KEY `FK1432AF0D54DCE23D` (`pid`) USING BTREE,
  CONSTRAINT `category_term_ibfk_1` FOREIGN KEY (`type`) REFERENCES `category_term_type` (`id`),
  CONSTRAINT `category_term_ibfk_2` FOREIGN KEY (`pid`) REFERENCES `category_term` (`id`)
) ENGINE=InnoDB DEFAULT CHARSET=utf8;

-- ----------------------------
-- Records of category_term
-- ----------------------------
INSERT INTO `category_term` VALUES ('aboutUs', 'ARTICLE', '关于我们', null, '', '5', '');
INSERT INTO `category_term` VALUES ('bangzhuzhongxin', 'ARTICLE', '帮助中心', null, '帮助中心', '20', '');
INSERT INTO `category_term` VALUES ('case', 'ARTICLE', '公司证照', 'aboutUs', '', '4', '');
INSERT INTO `category_term` VALUES ('changjianwenti', 'ARTICLE', '常见问题', 'pingtaizhinan', '', '5', '');
INSERT INTO `category_term` VALUES ('contract', 'ARTICLE', '系统合同（！勿删）', null, '', '0', '');
INSERT INTO `category_term` VALUES ('falvfagui', 'ARTICLE', '法律法规', 'pinganbaozhang', '', '4', '');
INSERT INTO `category_term` VALUES ('guaranteeCompany', 'ARTICLE', '担保公司（！勿删）', null, '', '0', '');
INSERT INTO `category_term` VALUES ('lianxiwomen', 'ARTICLE', '联系我们', 'aboutUs', '', '6', '');
INSERT INTO `category_term` VALUES ('meitibaodao', 'ARTICLE', '媒体报道', 'pingtaizhinan', '媒体报道', '0', '');
INSERT INTO `category_term` VALUES ('pinganbaozhang', 'ARTICLE', '平台保障', null, '', '3', '');
INSERT INTO `category_term` VALUES ('pingtaizhinan', 'ARTICLE', '平台指南', null, '', '4', '');
INSERT INTO `category_term` VALUES ('spage', 'ARTICLE', '文章单页', null, '', '0', '');
INSERT INTO `category_term` VALUES ('transfer', 'ARTICLE', '债权类型（！勿删）', null, '', '0', '');
INSERT INTO `category_term` VALUES ('wangzhangonggao', 'ARTICLE', '网站公告', 'aboutUs', '', '5', '');
INSERT INTO `category_term` VALUES ('wzfw', 'ARTICLE', '网站服务协议', null, '网站服务协议 去去去', '0', '');

-- ----------------------------
-- Table structure for `category_term_node`
-- ----------------------------
DROP TABLE IF EXISTS `category_term_node`;
CREATE TABLE `category_term_node` (
  `node_id` varchar(32) NOT NULL,
  `term_id` varchar(32) NOT NULL,
  PRIMARY KEY (`node_id`,`term_id`),
  KEY `fk_category_term_node_term` (`term_id`) USING BTREE,
  CONSTRAINT `category_term_node_ibfk_1` FOREIGN KEY (`node_id`) REFERENCES `node` (`id`),
  CONSTRAINT `category_term_node_ibfk_2` FOREIGN KEY (`term_id`) REFERENCES `category_term` (`id`)
) ENGINE=InnoDB DEFAULT CHARSET=utf8;

-- ----------------------------
-- Records of category_term_node
-- ----------------------------
INSERT INTO `category_term_node` VALUES ('2', 'aboutUs');
INSERT INTO `category_term_node` VALUES ('4', 'aboutUs');
INSERT INTO `category_term_node` VALUES ('5', 'aboutUs');
INSERT INTO `category_term_node` VALUES ('6', 'aboutUs');
INSERT INTO `category_term_node` VALUES ('7', 'aboutUs');
INSERT INTO `category_term_node` VALUES ('8', 'aboutUs');
INSERT INTO `category_term_node` VALUES ('aboutUs', 'aboutUs');
INSERT INTO `category_term_node` VALUES ('wangzhanfeiyong', 'bangzhuzhongxin');
INSERT INTO `category_term_node` VALUES ('case001', 'case');
INSERT INTO `category_term_node` VALUES ('case002', 'case');
INSERT INTO `category_term_node` VALUES ('case003', 'case');
INSERT INTO `category_term_node` VALUES ('case004', 'case');
INSERT INTO `category_term_node` VALUES ('case005', 'case');
INSERT INTO `category_term_node` VALUES ('gs1', 'case');
INSERT INTO `category_term_node` VALUES ('gs2', 'case');
INSERT INTO `category_term_node` VALUES ('gs4', 'case');
INSERT INTO `category_term_node` VALUES ('00000111', 'changjianwenti');
INSERT INTO `category_term_node` VALUES ('00002', 'changjianwenti');
INSERT INTO `category_term_node` VALUES ('001', 'changjianwenti');
INSERT INTO `category_term_node` VALUES ('003', 'changjianwenti');
INSERT INTO `category_term_node` VALUES ('004', 'changjianwenti');
INSERT INTO `category_term_node` VALUES ('04', 'changjianwenti');
INSERT INTO `category_term_node` VALUES ('17', 'changjianwenti');
INSERT INTO `category_term_node` VALUES ('quartet_contract', 'contract');
INSERT INTO `category_term_node` VALUES ('04', 'falvfagui');
INSERT INTO `category_term_node` VALUES ('15', 'falvfagui');
INSERT INTO `category_term_node` VALUES ('3', 'guaranteeCompany');
INSERT INTO `category_term_node` VALUES ('99', 'guaranteeCompany');
INSERT INTO `category_term_node` VALUES ('03', 'meitibaodao');
INSERT INTO `category_term_node` VALUES ('07', 'meitibaodao');
INSERT INTO `category_term_node` VALUES ('08', 'meitibaodao');
INSERT INTO `category_term_node` VALUES ('09', 'meitibaodao');
INSERT INTO `category_term_node` VALUES ('1', 'meitibaodao');
INSERT INTO `category_term_node` VALUES ('11', 'meitibaodao');
INSERT INTO `category_term_node` VALUES ('12', 'meitibaodao');
INSERT INTO `category_term_node` VALUES ('13', 'meitibaodao');
INSERT INTO `category_term_node` VALUES ('anquanbaozhang', 'pinganbaozhang');
INSERT INTO `category_term_node` VALUES ('pinganbaozhang-01', 'pinganbaozhang');
INSERT INTO `category_term_node` VALUES ('pinganbaozhang-02', 'pinganbaozhang');
INSERT INTO `category_term_node` VALUES ('pinganbaozhang-03', 'pinganbaozhang');
INSERT INTO `category_term_node` VALUES ('pinganbaozhang-04', 'pinganbaozhang');
INSERT INTO `category_term_node` VALUES ('pingtaizhinan-01', 'pingtaizhinan');
INSERT INTO `category_term_node` VALUES ('pingtaizhinan-02', 'pingtaizhinan');
INSERT INTO `category_term_node` VALUES ('pingtaizhinan-03', 'pingtaizhinan');
INSERT INTO `category_term_node` VALUES ('pingtaizhinan-04', 'pingtaizhinan');
INSERT INTO `category_term_node` VALUES ('jiekuanguanli', 'spage');
INSERT INTO `category_term_node` VALUES ('pointInfo', 'spage');
INSERT INTO `category_term_node` VALUES ('xinghuicaifu', 'spage');
INSERT INTO `category_term_node` VALUES ('transfer_type', 'transfer');
INSERT INTO `category_term_node` VALUES ('09', 'wangzhangonggao');
INSERT INTO `category_term_node` VALUES ('gongao002', 'wangzhangonggao');
INSERT INTO `category_term_node` VALUES ('gonggao001', 'wangzhangonggao');
INSERT INTO `category_term_node` VALUES ('gonggao003', 'wangzhangonggao');
INSERT INTO `category_term_node` VALUES ('registerService', 'wzfw');

-- ----------------------------
-- Table structure for `category_term_type`
-- ----------------------------
DROP TABLE IF EXISTS `category_term_type`;
CREATE TABLE `category_term_type` (
  `id` varchar(32) NOT NULL,
  `name` varchar(100) NOT NULL,
  `description` text,
  PRIMARY KEY (`id`)
) ENGINE=InnoDB DEFAULT CHARSET=utf8;

-- ----------------------------
-- Records of category_term_type
-- ----------------------------
INSERT INTO `category_term_type` VALUES ('ARTICLE', '文章', '普通文章.');
INSERT INTO `category_term_type` VALUES ('PRODUCT', '商品', '关于商品的一些文章');

-- ----------------------------
-- Table structure for `category_term_with_picture`
-- ----------------------------
DROP TABLE IF EXISTS `category_term_with_picture`;
CREATE TABLE `category_term_with_picture` (
  `picture` varchar(255) DEFAULT NULL,
  `id` varchar(32) NOT NULL,
  `pictureLong` varchar(255) DEFAULT NULL,
  `pictureTall` varchar(255) DEFAULT NULL,
  PRIMARY KEY (`id`),
  KEY `FK6159E67754DB3DCD` (`id`) USING BTREE,
  CONSTRAINT `category_term_with_picture_ibfk_1` FOREIGN KEY (`id`) REFERENCES `category_term` (`id`)
) ENGINE=InnoDB DEFAULT CHARSET=utf8;

-- ----------------------------
-- Records of category_term_with_picture
-- ----------------------------

-- ----------------------------
-- Table structure for `code`
-- ----------------------------
DROP TABLE IF EXISTS `code`;
CREATE TABLE `code` (
  `id` varchar(32) NOT NULL,
  `code` varchar(200) DEFAULT NULL,
  `description` text,
  `name` varchar(500) DEFAULT NULL,
  `seq_num` int(11) DEFAULT NULL,
  `status` varchar(100) DEFAULT NULL,
  `p_code` varchar(32) DEFAULT NULL,
  PRIMARY KEY (`id`),
  UNIQUE KEY `id` (`id`) USING BTREE,
  KEY `FK2EADED83BA328E` (`p_code`) USING BTREE,
  CONSTRAINT `code_ibfk_1` FOREIGN KEY (`p_code`) REFERENCES `code` (`id`)
) ENGINE=InnoDB DEFAULT CHARSET=utf8;

-- ----------------------------
-- Records of code
-- ----------------------------

-- ----------------------------
-- Table structure for `comment`
-- ----------------------------
DROP TABLE IF EXISTS `comment`;
CREATE TABLE `comment` (
  `id` varchar(32) NOT NULL,
  `body` longtext,
  `create_time` datetime NOT NULL,
  `email` varchar(100) DEFAULT NULL,
  `homepage` varchar(200) DEFAULT NULL,
  `ip` varchar(50) DEFAULT NULL,
  `name` varchar(50) DEFAULT NULL,
  `seq_num` int(11) DEFAULT NULL,
  `status` varchar(20) NOT NULL,
  `thread` varchar(500) DEFAULT NULL,
  `title` varchar(100) DEFAULT NULL,
  `update_time` datetime NOT NULL,
  `loan_id` varchar(32) DEFAULT NULL,
  `node_id` varchar(32) DEFAULT NULL,
  `pid` varchar(32) DEFAULT NULL,
  `user_id` varchar(32) NOT NULL,
  PRIMARY KEY (`id`),
  UNIQUE KEY `id` (`id`) USING BTREE,
  KEY `FK38A5EE5F61FD894C` (`node_id`) USING BTREE,
  KEY `FK38A5EE5F2A334343` (`user_id`) USING BTREE,
  KEY `FK38A5EE5F9746D397` (`pid`) USING BTREE,
  KEY `FK38A5EE5FECD93B37` (`loan_id`) USING BTREE,
  CONSTRAINT `comment_ibfk_1` FOREIGN KEY (`loan_id`) REFERENCES `loan` (`id`),
  CONSTRAINT `comment_ibfk_2` FOREIGN KEY (`user_id`) REFERENCES `user` (`id`),
  CONSTRAINT `comment_ibfk_3` FOREIGN KEY (`node_id`) REFERENCES `node` (`id`),
  CONSTRAINT `comment_ibfk_4` FOREIGN KEY (`pid`) REFERENCES `comment` (`id`)
) ENGINE=InnoDB DEFAULT CHARSET=utf8;

-- ----------------------------
-- Records of comment
-- ----------------------------

-- ----------------------------
-- Table structure for `component`
-- ----------------------------
DROP TABLE IF EXISTS `component`;
CREATE TABLE `component` (
  `id` varchar(32) NOT NULL,
  `name` varchar(50) NOT NULL,
  `script_url` varchar(500) DEFAULT NULL,
  `enable` varchar(1) NOT NULL,
  `description` text,
  PRIMARY KEY (`id`)
) ENGINE=InnoDB DEFAULT CHARSET=utf8;

-- ----------------------------
-- Records of component
-- ----------------------------

-- ----------------------------
-- Table structure for `component_parameter`
-- ----------------------------
DROP TABLE IF EXISTS `component_parameter`;
CREATE TABLE `component_parameter` (
  `id` varchar(32) NOT NULL,
  `component_id` varchar(32) NOT NULL,
  `name` varchar(100) DEFAULT NULL,
  `value` text,
  `description` text,
  PRIMARY KEY (`id`),
  KEY `FK_element_parameter_element` (`component_id`) USING BTREE,
  CONSTRAINT `component_parameter_ibfk_1` FOREIGN KEY (`component_id`) REFERENCES `component` (`id`)
) ENGINE=InnoDB DEFAULT CHARSET=utf8;

-- ----------------------------
-- Records of component_parameter
-- ----------------------------

-- ----------------------------
-- Table structure for `config`
-- ----------------------------
DROP TABLE IF EXISTS `config`;
CREATE TABLE `config` (
  `id` varchar(128) NOT NULL,
  `name` varchar(50) DEFAULT NULL,
  `value` text,
  `description` text,
  `type` varchar(32) DEFAULT NULL,
  PRIMARY KEY (`id`),
  KEY `FK_config_config_type` (`type`) USING BTREE,
  CONSTRAINT `config_ibfk_1` FOREIGN KEY (`type`) REFERENCES `config_type` (`id`)
) ENGINE=InnoDB DEFAULT CHARSET=utf8;

-- ----------------------------
-- Records of config
-- ----------------------------
INSERT INTO `config` VALUES ('admin_notice', '管理员后台通知', '1', '0 不开启 1 开启', 'basic');
INSERT INTO `config` VALUES ('auto_invest_delay_time', '指定时间开始投标', '0', '项目发布以后，多长时间(分钟)可以开始自动投标。', 'auto_invest');
INSERT INTO `config` VALUES ('auto_invest_end_percent', '自动投标截止募集百分比', '50', '项目投标到百分之多少以后，禁止自动投标', 'auto_invest');
INSERT INTO `config` VALUES ('auto_invest_is_open', '是否开启自动投标', '1', '1为开启，0为关闭', 'auto_invest');
INSERT INTO `config` VALUES ('company_address', '公司地址', '北京市顺义区南法信镇天博中心C座302', '公司地址', 'basic');
INSERT INTO `config` VALUES ('company_email', '公司邮件', 'xxxxxx@rongtouxin.com', '公司的电子邮件', 'basic');
INSERT INTO `config` VALUES ('enable_cash_password', '是否开启提现密码', '2', '1：开启；2：关闭', 'basic');
INSERT INTO `config` VALUES ('enable_mobile_site', '是否开启手机站', '0', '1：开启。0：关闭', 'basic');
INSERT INTO `config` VALUES ('fee_consumer', '客户', '0.01', '配置客户奖励费率点', 'basic');
INSERT INTO `config` VALUES ('fee_merchandiser', '业务员', '0.02', '配置业务员奖励费率点', 'basic');
INSERT INTO `config` VALUES ('freeze_money', '资金托管是否冻结金额', '1', '0 不冻结 1冻结  主要涉及投资及取现操作', null);
INSERT INTO `config` VALUES ('input.email', '邮箱输入验证', '^([a-zA-Z0-9]+[_|\\-|\\_|\\.]?)*[a-zA-Z0-9]+@([a-zA-Z0-9]+[_|\\_|\\.]?)*[a-zA-Z0-9]+\\.[a-zA-Z]{2,3}$', '{0}输入不合法！', 'input_rule');
INSERT INTO `config` VALUES ('input.idCard', '身份证号验证', '(^\\d{15}$)|(^\\d{17}([0-9]|X)$)', '{0}格式不正确', 'input_rule');
INSERT INTO `config` VALUES ('input.mobile', '注册手机号码验证', '^1[\\d]{10}$', '请输入正确的{0}！', 'input_rule');
INSERT INTO `config` VALUES ('input.password', '密码验证', '^(?![0-9]+$)(?![a-zA-Z]+$)[0-9A-Za-z]{6,16}$', '{0}是数字和字母的组合，长度为6-16位', 'input_rule');
INSERT INTO `config` VALUES ('input.phone', '电话号码验证', '(^(0[0-9]{2,3}-)?([2-9][0-9]{6,7})+(-[0-9]{1,4})?$)|(^(\\(0[0-9]{2,3}\\))?([2-9][0-9]{6,7})+(-[0-9]{1,4})?$)|(^1[\\d]{10}$)', '请输入正确的{0}！', 'input_rule');
INSERT INTO `config` VALUES ('input.username', '用户名验证', '^([A-Za-z0-9_]{5,10}|[\\D]{11}|(?=.*\\d)(?=.*[a-z])[A-Za-z0-9_]{11}|[0|2-9][0-9]{10}|1[0][0-9]{9}|[A-Za-z0-9_]{12,16})$', '{0}不允许包含特殊字符，长度为5-16位，请勿使用手机号', 'input_rule');
INSERT INTO `config` VALUES ('invest_transfer.apply_before_repay_day', '还款日前几天，才能申请债权转让，默认7', '1', '还款日前几天，才能申请债权转让，默认7', 'invest_transfer');
INSERT INTO `config` VALUES ('invest_transfer.can_equal_self_worth', '债权转让金额是否允许等于债权本身金额', '1', '债权转让金额是否允许等于债权本身金额(1:可以，0:不可以，空：未设置)', 'invest_transfer');
INSERT INTO `config` VALUES ('invest_transfer.can_greater_than_self_worth', '债权转让金额是否允许大于债权本身金额', '1', '债权转让金额是否允许大于债权本身金额(1:可以，0:不可以，空：未设置)', 'invest_transfer');
INSERT INTO `config` VALUES ('invest_transfer.can_less_than_self_worth', '债权转让金额是否允许小于债权本身金额', '1', '债权转让金额是否允许小于本身金额(1:可以，0:不可以，空：未设置)', 'invest_transfer');
INSERT INTO `config` VALUES ('invest_transfer.dead_line', '转让申请有效期', '1', '转让申请有效期(天)', 'invest_transfer');
INSERT INTO `config` VALUES ('invest_transfer.paid_repay_count_min', '投资人持有该债权的时间', '0', '投资人持有该债权的时间(月)', 'invest_transfer');
INSERT INTO `config` VALUES ('invest_transfer.remain_corpus_min', '剩余本金', '1', '剩余本金', 'invest_transfer');
INSERT INTO `config` VALUES ('invest_transfer.remain_repay_count_min', '要转让的债权剩余期数', '1', '要转让的债权剩余期数大于或等于几期可转让', 'invest_transfer');
INSERT INTO `config` VALUES ('ipspay.recharge_fee_type', '环迅资金托管充值，谁付手续费', '1', '1：平台支付；2：充值方支付', 'recharge_type');
INSERT INTO `config` VALUES ('ipspay.withdraw_fee', '环迅资金托管提现，环迅在个人账户的扣费', '2', '每笔多少钱', 'recharge_type');
INSERT INTO `config` VALUES ('ipspay.withdraw_fee_type', '环迅资金托管提现，谁付手续费', '1', '1：平台支付；2：提现方支付', 'recharge_type');
INSERT INTO `config` VALUES ('ipspay_enable', '开启环迅资金托管', '0', '', 'recharge_type');
INSERT INTO `config` VALUES ('login_fail_max_times', '账号或者密码输入N次出现验证码', '2', '账号或者密码输入错误几次后出现验证码.\r\n', 'user_safe');
INSERT INTO `config` VALUES ('mail_password', '密码', 'huiming123!', '邮箱的密码，用于服务器发送邮件时使用', 'mail');
INSERT INTO `config` VALUES ('mail_personal', '发件人称呼', '拓天速贷', '发送邮件时发件人的称呼', 'mail');
INSERT INTO `config` VALUES ('mail_smtp', '发送邮件服务器', 'smtp.163.com', '邮件发送服务器配置', 'mail');
INSERT INTO `config` VALUES ('mail_username', '用户名', 'qinmingwy@163.com', '邮箱的地址，用于服务器发送邮件', 'mail');
INSERT INTO `config` VALUES ('open_watchdog', '是否开启访问记录', '1', '是否开启访问记录,1表示开启，0表示不开启', 'watchdog_config');
INSERT INTO `config` VALUES ('open_watermark', '是否开启水印', '0', '是否开启水印,1表示开启，0表示不开启', 'wartermark_config');
INSERT INTO `config` VALUES ('password_fail_max_times', '密码输入错误N次锁定该账号 ', '5', '用户密码输入错误几次后锁定该帐号', 'user_safe');
INSERT INTO `config` VALUES ('pnrpay_corp_account', '汇付天下企业开户', '3', '0 不开启 1 仅担保企业  2 仅非担保企业  3 同时开启', null);
INSERT INTO `config` VALUES ('pnrpay_enable', '开启汇付天下资金托管', '0', '', 'recharge_type');
INSERT INTO `config` VALUES ('pnrpay_withdraw_feeObjFlag', '汇付天下取现手续费收取对象', '0', '0 不传值（商户默认配置） 1 收取用户  2 收取商户', null);
INSERT INTO `config` VALUES ('pnrpay_withdraw_recheck', '汇付天下取现复核', '1', '0 不开启 1 开启', null);
INSERT INTO `config` VALUES ('pnrpay_withdraw_way', '汇付天下取现方式', '2', '1.普通取现 2.快速取现 3.即时取现(2代表开通1和2，3代表开通1.2.3)(系统配置取现手续费将不起作用)', 'recharge_type');
INSERT INTO `config` VALUES ('raise_selfless_description', '众筹无私支持默认内容', '感谢您的无私奉献，这份捐赠将助我们的梦想飞的更高更远。', null, null);
INSERT INTO `config` VALUES ('repay_alert.days_before', '提前多少天提醒还款', '30000', null, 'repayment_type');
INSERT INTO `config` VALUES ('schedule.enable_auto_repayment', '自动还款', '1', null, 'schedule');
INSERT INTO `config` VALUES ('schedule.enable_refresh_trusteeship', '第三方资金托管，主动查询', '1', null, 'schedule');
INSERT INTO `config` VALUES ('schedule.enable_repay_alert', '还款提醒', '0', null, 'schedule');
INSERT INTO `config` VALUES ('site_dns', '域名', '', '本站域名', 'basic');
INSERT INTO `config` VALUES ('site_name', '站点标题', '拓天速贷', '本站的标题', 'basic');
INSERT INTO `config` VALUES ('site_phone', '客服电话', '400-0100-123', '客服电话', 'basic');
INSERT INTO `config` VALUES ('site_slogan', '站点口号', '', '本站的口号，即站点的副标题', 'basic');
INSERT INTO `config` VALUES ('sprog_invest_count', '新手标的投标限制', '3', '设置新手标的投标次数限制', 'basic');
INSERT INTO `config` VALUES ('user_point_monitor.invest', '投资送积分比例，与投资金额相乘得到最终积分', '0.5', null, 'user_point_monitor');
INSERT INTO `config` VALUES ('user_safe.user_disable_time', '用户账户锁定时间(s)', '20', null, 'user_safe');
INSERT INTO `config` VALUES ('yeepay_corp_account', '易宝企业开户', '2', '0 不开启 1 仅担保企业(未实现)  2 仅非担保企业  3 同时开启(未实现)', null);

-- ----------------------------
-- Table structure for `config_type`
-- ----------------------------
DROP TABLE IF EXISTS `config_type`;
CREATE TABLE `config_type` (
  `id` varchar(32) NOT NULL,
  `name` varchar(50) DEFAULT NULL,
  `description` text,
  PRIMARY KEY (`id`)
) ENGINE=InnoDB DEFAULT CHARSET=utf8;

-- ----------------------------
-- Records of config_type
-- ----------------------------
INSERT INTO `config_type` VALUES ('auto_invest', '自动投标配置', null);
INSERT INTO `config_type` VALUES ('basic', '基本信息', '配置站点的基本信息，如域名，站点标题等...');
INSERT INTO `config_type` VALUES ('coordinate_type', '利率协调配置', '设置利率协调相关配置');
INSERT INTO `config_type` VALUES ('input_rule', '表单输入验证', '验证用户输入表单');
INSERT INTO `config_type` VALUES ('invest_transfer', '债权转让配置', '');
INSERT INTO `config_type` VALUES ('ipfilter', 'IP地址过滤', null);
INSERT INTO `config_type` VALUES ('loan_type', '借款项目类型', '开启、关闭某借款项目类型');
INSERT INTO `config_type` VALUES ('mail', '邮件配置', '配置服务器发送邮件的一些要素');
INSERT INTO `config_type` VALUES ('recharge_type', '支付方式', '开启、关闭某充值支付方式');
INSERT INTO `config_type` VALUES ('repayment_type', '还款方式', '开启、关闭某还款方式');
INSERT INTO `config_type` VALUES ('schedule', '初始化调度', '开启关闭系统启动时候的初始化调度');
INSERT INTO `config_type` VALUES ('user_point_monitor', '积分节点', '送积分的节点配置，送的比例等等');
INSERT INTO `config_type` VALUES ('user_safe', '登录配置', '为了用户帐号的安全，设定某些登录限制以确保用户帐号的安全');
INSERT INTO `config_type` VALUES ('wartermark_config', '水印配置', '开启、关闭水印开关');
INSERT INTO `config_type` VALUES ('watchdog_config', '访问记录配置', '开启、关闭访问记录');

-- ----------------------------
-- Table structure for `coordinate_log`
-- ----------------------------
DROP TABLE IF EXISTS `coordinate_log`;
CREATE TABLE `coordinate_log` (
  `id` varchar(32) NOT NULL,
  `coordinator` varchar(32) NOT NULL,
  `time` datetime NOT NULL,
  `rate` double NOT NULL,
  PRIMARY KEY (`id`),
  KEY `FK1DE0CBFDA28B9064` (`coordinator`) USING BTREE,
  CONSTRAINT `coordinate_log_ibfk_1` FOREIGN KEY (`coordinator`) REFERENCES `user` (`id`)
) ENGINE=InnoDB DEFAULT CHARSET=utf8;

-- ----------------------------
-- Records of coordinate_log
-- ----------------------------

-- ----------------------------
-- Table structure for `corp_info`
-- ----------------------------
DROP TABLE IF EXISTS `corp_info`;
CREATE TABLE `corp_info` (
  `id` varchar(32) NOT NULL,
  `busi_code` varchar(30) DEFAULT NULL,
  `guar_type` varchar(1) DEFAULT NULL,
  `instu_code` varchar(9) DEFAULT NULL,
  `name` varchar(255) DEFAULT NULL,
  `status` varchar(1) DEFAULT NULL,
  `tax_code` varchar(30) DEFAULT NULL,
  `user_id` varchar(32) DEFAULT NULL,
  PRIMARY KEY (`id`),
  UNIQUE KEY `id` (`id`) USING BTREE,
  KEY `FKB42AA8232A334343` (`user_id`) USING BTREE,
  CONSTRAINT `corp_info_ibfk_1` FOREIGN KEY (`user_id`) REFERENCES `user` (`id`)
) ENGINE=InnoDB DEFAULT CHARSET=utf8;

-- ----------------------------
-- Records of corp_info
-- ----------------------------
INSERT INTO `corp_info` VALUES ('jd777', '111111111111111', 'Y', '111111111', null, null, '111111111111111', 'jd777');
INSERT INTO `corp_info` VALUES ('pnr1111', '111111111111112', 'Y', '111111111', null, null, '111111111111111', 'pnr1111');

-- ----------------------------
-- Table structure for `coupon`
-- ----------------------------
DROP TABLE IF EXISTS `coupon`;
CREATE TABLE `coupon` (
  `id` varchar(32) NOT NULL,
  `name` varchar(100) DEFAULT NULL,
  `generate_time` datetime DEFAULT NULL,
  `user_id` varchar(32) DEFAULT NULL,
  `provided_time` datetime DEFAULT NULL,
  `userd_time` datetime DEFAULT NULL,
  `status` varchar(50) NOT NULL,
  `money` double DEFAULT NULL,
  `gain_way` varchar(100) DEFAULT NULL,
  `deadline` datetime NOT NULL,
  `lower_limit_money` double DEFAULT NULL,
  `periodOfValidity` int(11) DEFAULT NULL,
  `type` varchar(200) DEFAULT NULL,
  PRIMARY KEY (`id`),
  KEY `FK_Reference_12` (`user_id`) USING BTREE,
  CONSTRAINT `coupon_ibfk_1` FOREIGN KEY (`user_id`) REFERENCES `user` (`id`)
) ENGINE=InnoDB DEFAULT CHARSET=utf8;

-- ----------------------------
-- Records of coupon
-- ----------------------------

-- ----------------------------
-- Table structure for `credit_rating_log`
-- ----------------------------
DROP TABLE IF EXISTS `credit_rating_log`;
CREATE TABLE `credit_rating_log` (
  `id` varchar(32) NOT NULL,
  `time` datetime NOT NULL,
  `operator` varchar(32) NOT NULL,
  `reason` varchar(200) NOT NULL,
  `details` varchar(200) DEFAULT NULL,
  `user_id` varchar(32) NOT NULL,
  PRIMARY KEY (`id`),
  KEY `FK_Reference_21` (`user_id`) USING BTREE,
  CONSTRAINT `credit_rating_log_ibfk_1` FOREIGN KEY (`user_id`) REFERENCES `user` (`id`)
) ENGINE=InnoDB DEFAULT CHARSET=utf8;

-- ----------------------------
-- Records of credit_rating_log
-- ----------------------------
INSERT INTO `credit_rating_log` VALUES ('382b5e775e2c47edbdb4365faffe4534', '2015-04-09 09:45:34', 'admin', '小子 等级挺高啊', '信用评级改为AAA', 'wangxibao9');
INSERT INTO `credit_rating_log` VALUES ('8b3ee49ecf314a669bc4404e3ea47c03', '2015-04-16 11:45:16', 'admin', '', '信用评级改为C', 'admin');
INSERT INTO `credit_rating_log` VALUES ('9b5a3bfad4b24527a698b85e3ec5bb96', '2015-04-09 09:30:21', 'admin', '小资', '信用评级改为AA', 'admin');

-- ----------------------------
-- Table structure for `credit_score`
-- ----------------------------
DROP TABLE IF EXISTS `credit_score`;
CREATE TABLE `credit_score` (
  `id` varchar(32) NOT NULL,
  `amount` int(11) DEFAULT NULL,
  `detail` varchar(500) DEFAULT NULL,
  `seq_num` int(11) NOT NULL,
  `time` datetime NOT NULL,
  `type` varchar(255) NOT NULL,
  `type_info` varchar(255) DEFAULT NULL,
  `user_id` varchar(32) DEFAULT NULL,
  PRIMARY KEY (`id`),
  UNIQUE KEY `id` (`id`) USING BTREE,
  KEY `FKCF8D6DCC2A334343` (`user_id`) USING BTREE,
  CONSTRAINT `credit_score_ibfk_1` FOREIGN KEY (`user_id`) REFERENCES `user` (`id`)
) ENGINE=InnoDB DEFAULT CHARSET=utf8;

-- ----------------------------
-- Records of credit_score
-- ----------------------------

-- ----------------------------
-- Table structure for `demo`
-- ----------------------------
DROP TABLE IF EXISTS `demo`;
CREATE TABLE `demo` (
  `id` varchar(32) NOT NULL,
  `demoUrl` varchar(200) DEFAULT NULL,
  PRIMARY KEY (`id`)
) ENGINE=InnoDB DEFAULT CHARSET=utf8;

-- ----------------------------
-- Records of demo
-- ----------------------------

-- ----------------------------
-- Table structure for `department`
-- ----------------------------
DROP TABLE IF EXISTS `department`;
CREATE TABLE `department` (
  `id` varchar(32) NOT NULL,
  `name` varchar(100) DEFAULT NULL,
  `remarks` varchar(1000) DEFAULT NULL,
  `pid` varchar(32) DEFAULT NULL,
  PRIMARY KEY (`id`),
  UNIQUE KEY `id` (`id`) USING BTREE,
  KEY `FK328E43527669461F` (`pid`) USING BTREE,
  CONSTRAINT `department_ibfk_1` FOREIGN KEY (`pid`) REFERENCES `department` (`id`)
) ENGINE=InnoDB DEFAULT CHARSET=utf8;

-- ----------------------------
-- Records of department
-- ----------------------------

-- ----------------------------
-- Table structure for `dict`
-- ----------------------------
DROP TABLE IF EXISTS `dict`;
CREATE TABLE `dict` (
  `id` varchar(32) NOT NULL,
  `key` varchar(200) DEFAULT NULL,
  `description` text,
  `seq_num` int(11) DEFAULT NULL,
  `status` varchar(100) DEFAULT NULL,
  `value` varchar(500) DEFAULT NULL,
  `p_id` varchar(32) DEFAULT NULL,
  PRIMARY KEY (`id`),
  KEY `FK2F0BB6BF66BF45` (`p_id`) USING BTREE,
  CONSTRAINT `dict_ibfk_1` FOREIGN KEY (`p_id`) REFERENCES `dict` (`id`)
) ENGINE=InnoDB DEFAULT CHARSET=utf8;

-- ----------------------------
-- Records of dict
-- ----------------------------
INSERT INTO `dict` VALUES ('02ae6eeaf7424c1da0e0b729a05e0fcc', 'repaying', '', '0', null, '还款中', 'ee7bce34e6f14b3bb03c4ce1af93772c');
INSERT INTO `dict` VALUES ('07c818224c5e4b2d80bf9c5b873fc567', 'complete', '', '6', null, '完成', '656794ed6aee498ca747b2f5848d0b2f');
INSERT INTO `dict` VALUES ('156488c3baa24808a89ecb21fa6e9cda', 'bad_debt', '', '0', null, '坏账', 'ee7bce34e6f14b3bb03c4ce1af93772c');
INSERT INTO `dict` VALUES ('1c35c9a3feef4d24a107a062e348fd55', 'COMMON', '公共数据字典', '0', null, '公共数据字典', null);
INSERT INTO `dict` VALUES ('1fa199eb5bb54ed29bedfeff60e10f29', 'bad_debt', '', '0', null, '坏账', '87f4b7a8c1a941e7a324e5685f40ca7b');
INSERT INTO `dict` VALUES ('26981fa1082b4411a1a196b99d325f6c', 'wait_loaning_verify', '', '2', null, '资金托管放款确认中', '656794ed6aee498ca747b2f5848d0b2f');
INSERT INTO `dict` VALUES ('26b5b7396a014245a68d3c88d8fb87b8', 'test', '测试标', '0', null, '测试标', 'business_type_config_1');
INSERT INTO `dict` VALUES ('34e0c7833b0944bc9aee2c604515c98d', 'recheck', '', '0', null, '等待复核', '39caffaf07c64f4680f3aa4ab5dfed9f');
INSERT INTO `dict` VALUES ('39caffaf07c64f4680f3aa4ab5dfed9f', 'withdraw', '', '0', null, '提现', null);
INSERT INTO `dict` VALUES ('49e9b5dbf3214c54a828e85d51f9dca3', 'transfer', '', '0', null, '债权转让', null);
INSERT INTO `dict` VALUES ('4c0878e608e4401bb21292f41a73f97d', 'cancel', '', '4', null, '投资失败', '656794ed6aee498ca747b2f5848d0b2f');
INSERT INTO `dict` VALUES ('4e685495d4bf422b9486ba30a15c536b', 'complete', '', '0', null, '完成', 'ee7bce34e6f14b3bb03c4ce1af93772c');
INSERT INTO `dict` VALUES ('5036e1168cfe45a792b71013d5d20a81', 'bad_debt', '', '7', null, '坏账', '656794ed6aee498ca747b2f5848d0b2f');
INSERT INTO `dict` VALUES ('58b1f8a6dc2d482790ed81fcf018071d', 'to_frozen', '从冻结金额中转出', '8', null, '从冻结金额中转出', '9597cefb1a134ac49846bfb96d660e30');
INSERT INTO `dict` VALUES ('5cdf86c4a2d74025bc8d846196d3ef0d', 'recheck', '', '0', null, '等待复核', '87f4b7a8c1a941e7a324e5685f40ca7b');
INSERT INTO `dict` VALUES ('5f39262a58b94b05b62156d5f828533d', 'wait_verify', '', '0', null, '等待审核', '39caffaf07c64f4680f3aa4ab5dfed9f');
INSERT INTO `dict` VALUES ('656794ed6aee498ca747b2f5848d0b2f', 'invest_status', '', '0', null, '投资状态', null);
INSERT INTO `dict` VALUES ('66039ec4bfad417b8788025b52dea161', 'verify_fail', '', '0', null, '审核未通过', '39caffaf07c64f4680f3aa4ab5dfed9f');
INSERT INTO `dict` VALUES ('6693112136e34c18afeefb8c9f33b73a', 'h', '', '0', null, 'hg', '1fa199eb5bb54ed29bedfeff60e10f29');
INSERT INTO `dict` VALUES ('66bb75ef48034c8b9dbb3e6bdbea5afd', 'overdue', '', '0', null, '逾期', 'ee7bce34e6f14b3bb03c4ce1af93772c');
INSERT INTO `dict` VALUES ('79dbdccbcc6c4ffbaef1873036a94ea8', 'wait_affirm', '', '0', null, '资金托管确认中', '656794ed6aee498ca747b2f5848d0b2f');
INSERT INTO `dict` VALUES ('7f1b13ae402a49619b89b92bfbe7cf9a', 'verify_fail', '', '0', null, '审核未通过', '87f4b7a8c1a941e7a324e5685f40ca7b');
INSERT INTO `dict` VALUES ('831431251a694c53a06591adc42608a6', 'overdue', '', '6', null, '逾期', '656794ed6aee498ca747b2f5848d0b2f');
INSERT INTO `dict` VALUES ('8444d6215dba460c82040a6ff8f5432a', 'invest', '', '0', null, '投资', null);
INSERT INTO `dict` VALUES ('87f4b7a8c1a941e7a324e5685f40ca7b', 'loan', '', '0', null, '借款项目', null);
INSERT INTO `dict` VALUES ('9597cefb1a134ac49846bfb96d660e30', 'bill_type', '费用类型', '0', null, '费用类型', null);
INSERT INTO `dict` VALUES ('9c2ad880ae8f481cb85efb82f1f3404e', 'ti_balance', '转入到余额', '6', null, '转入到余额', '9597cefb1a134ac49846bfb96d660e30');
INSERT INTO `dict` VALUES ('a2d2a00f32694ba38990e37489bf9bd3', 'overdue', '', '0', null, '逾期', '87f4b7a8c1a941e7a324e5685f40ca7b');
INSERT INTO `dict` VALUES ('a3fe95f5104b48718e5ec3a38bb3b87f', 'withdrawal', '', '0', null, '撤标', '87f4b7a8c1a941e7a324e5685f40ca7b');
INSERT INTO `dict` VALUES ('a5c46d1e9112469b9f730592b27cd785', 'transfering', '', '0', null, '转让中', '49e9b5dbf3214c54a828e85d51f9dca3');
INSERT INTO `dict` VALUES ('abb5227f60044d75bf18a6a433cea949', 'withdrawal', '', '3', null, '撤标', '656794ed6aee498ca747b2f5848d0b2f');
INSERT INTO `dict` VALUES ('admin_operation', 'admin_operation', null, '0', null, '管理员干预', 'ecb1e59125f64f9b9765901cc6a9a222');
INSERT INTO `dict` VALUES ('advance_repay', 'advance_repay', '提前还款', '0', null, '提前还款', 'ecb1e59125f64f9b9765901cc6a9a222');
INSERT INTO `dict` VALUES ('apply_enterprise_loan_status', 'apply_enterprise_loan_status', null, '0', null, '企业借款申请状态', null);
INSERT INTO `dict` VALUES ('apply_loan', 'apply_loan', null, '0', null, '申请借款', 'ecb1e59125f64f9b9765901cc6a9a222');
INSERT INTO `dict` VALUES ('apply_withdraw', 'apply_withdraw', null, '0', null, '申请提现', 'ecb1e59125f64f9b9765901cc6a9a222');
INSERT INTO `dict` VALUES ('b010fd836fef46868d32b4f7ba3e373a', 'wait_confirm', '', '1', null, '待确认', '49e9b5dbf3214c54a828e85d51f9dca3');
INSERT INTO `dict` VALUES ('b0daea5864094857bf2ea082cca8b8ee', 'dqgs', '', '0', null, '贷前公示', '87f4b7a8c1a941e7a324e5685f40ca7b');
INSERT INTO `dict` VALUES ('business_type_config_1', 'business_type', '项目类型，个人标，企业标，信用标等', '0', null, '项目类型', null);
INSERT INTO `dict` VALUES ('business_type_config_2', '个人借款', '个人借款', '0', null, '个人借款', 'business_type_config_1');
INSERT INTO `dict` VALUES ('business_type_config_3', '企业借款', '企业借款', '0', null, '企业借款', 'business_type_config_1');
INSERT INTO `dict` VALUES ('c91fb3da4f804cddaf165cc31815a0c3', 'freeze', '', '0', null, '冻结', '9597cefb1a134ac49846bfb96d660e30');
INSERT INTO `dict` VALUES ('cam', 'cam', '', '0', null, '等额本金', 'repay_type');
INSERT INTO `dict` VALUES ('cancel_invest', 'cancel_invest', null, '0', null, '投资流标', 'ecb1e59125f64f9b9765901cc6a9a222');
INSERT INTO `dict` VALUES ('cancel_loan', 'cancel_loan', null, '0', null, '借款流标', 'ecb1e59125f64f9b9765901cc6a9a222');
INSERT INTO `dict` VALUES ('cpm', 'cpm', null, '1', null, '等额本息', 'repay_type');
INSERT INTO `dict` VALUES ('d1f33a0c38b34ea099ebcfb526da5d60', 'transfered', '', '2', null, '转让成功', '49e9b5dbf3214c54a828e85d51f9dca3');
INSERT INTO `dict` VALUES ('d5ceb4aedc764d78ac3929d4c498582a', 'cancel', '', '0', null, '流标', '87f4b7a8c1a941e7a324e5685f40ca7b');
INSERT INTO `dict` VALUES ('day', 'day', null, '0', null, '天', 'repay_unit');
INSERT INTO `dict` VALUES ('e1507e0219bb465d810c1d469744a7e8', 'to_balance', '', '4', null, '从余额转出', '9597cefb1a134ac49846bfb96d660e30');
INSERT INTO `dict` VALUES ('e2f30bcf99ab40f2a4de6638e697e4ad', 'waiting_verify', '', '0', null, '等待审核', '87f4b7a8c1a941e7a324e5685f40ca7b');
INSERT INTO `dict` VALUES ('e9313458cbae432aab52b9ed5f4d8649', 'raising', '', '0', null, '筹款中', '87f4b7a8c1a941e7a324e5685f40ca7b');
INSERT INTO `dict` VALUES ('ea28a2cb879e47f7b75cfe4c21f74d39', 'cancel', '', '3', null, '流标', '49e9b5dbf3214c54a828e85d51f9dca3');
INSERT INTO `dict` VALUES ('ebaaf96f03804e77879f2d450c4d8548', 'wait_repay_verify', '', '1', null, '等待还款确认', 'ee7bce34e6f14b3bb03c4ce1af93772c');
INSERT INTO `dict` VALUES ('ecb1e59125f64f9b9765901cc6a9a222', 'bill_operator', '', '0', null, '用户账单', null);
INSERT INTO `dict` VALUES ('ed53667face844c78cf625fe0470c755', 'complete', '', '0', null, '完成', '87f4b7a8c1a941e7a324e5685f40ca7b');
INSERT INTO `dict` VALUES ('ee7bce34e6f14b3bb03c4ce1af93772c', 'repay_status', '', '0', null, '还款状态', null);
INSERT INTO `dict` VALUES ('f3fde8c694124f178e6eab3dd7a6b069', 'repaying', '', '0', null, '还款中', '87f4b7a8c1a941e7a324e5685f40ca7b');
INSERT INTO `dict` VALUES ('f531bf6820204751a33249d4b761e152', 'bid_success', '', '1', null, '投标成功', '656794ed6aee498ca747b2f5848d0b2f');
INSERT INTO `dict` VALUES ('f86c08ddc24e4d6eb2286a819b5afab4', 'unfreeze', '', '2', null, '解冻', '9597cefb1a134ac49846bfb96d660e30');
INSERT INTO `dict` VALUES ('fe2a4eaef7914b73a207fd5d4a62fa2c', 'success', '', '0', null, '提现成功', '39caffaf07c64f4680f3aa4ab5dfed9f');
INSERT INTO `dict` VALUES ('fe4d2d53a7424264878f8701cc8d97e2', 'repaying', '', '5', null, '还款中', '656794ed6aee498ca747b2f5848d0b2f');
INSERT INTO `dict` VALUES ('give_money_to_borrower', 'give_money_to_borrower', null, '0', null, '借款放款', 'ecb1e59125f64f9b9765901cc6a9a222');
INSERT INTO `dict` VALUES ('interest_begin_on_invest', 'interest_begin_on_invest', null, '0', null, '即投即生息', 'interest_point');
INSERT INTO `dict` VALUES ('interest_begin_on_loan', 'interest_begin_on_loan', null, '1', null, '放款后生息', 'interest_point');
INSERT INTO `dict` VALUES ('interest_point', 'interest_point', null, '0', null, '计息节点', null);
INSERT INTO `dict` VALUES ('interest_type', 'interest_type', null, '0', null, '计息方式', null);
INSERT INTO `dict` VALUES ('interest_type_day', 'day', null, '0', null, '天', 'interest_type');
INSERT INTO `dict` VALUES ('interest_type_month', 'month', null, '0', null, '月', 'interest_type');
INSERT INTO `dict` VALUES ('invest_success', 'invest_success', null, '0', null, '投资成功', 'ecb1e59125f64f9b9765901cc6a9a222');
INSERT INTO `dict` VALUES ('loan_waiting_cancel_affirm', 'waiting_cancel_affirm', '', '0', '', '流标后等待资金托管方确认', '87f4b7a8c1a941e7a324e5685f40ca7b');
INSERT INTO `dict` VALUES ('loan_waiting_recheck_verify', 'waiting_recheck_verify', '', '0', '', '放款后等待资金托管方确认', '87f4b7a8c1a941e7a324e5685f40ca7b');
INSERT INTO `dict` VALUES ('loan_waiting_verify_affirm', 'waiting_verify_affirm', null, '0', null, '审核后等待资金托管确认', '87f4b7a8c1a941e7a324e5685f40ca7b');
INSERT INTO `dict` VALUES ('loan_waiting_verify_affirm_user', 'waiting_verify_affirm_user', '', '0', '', '审核后等待资金托管方用户确认', '87f4b7a8c1a941e7a324e5685f40ca7b');
INSERT INTO `dict` VALUES ('logistics', 'logistics', '物流方式', '12', null, '物流方式', null);
INSERT INTO `dict` VALUES ('logistics0', 'type0', '无需物流', '0', null, '无需物流', 'logistics');
INSERT INTO `dict` VALUES ('logistics1', 'type1', '全国包邮（港澳台不可购买）', '1', null, '全国包邮（港澳台不可购买）', 'logistics');
INSERT INTO `dict` VALUES ('logistics2', 'type2', '全国包邮（含港澳台）', '2', null, '全国包邮（含港澳台）', 'logistics');
INSERT INTO `dict` VALUES ('month', 'month', null, '1', null, '月', 'repay_unit');
INSERT INTO `dict` VALUES ('normal_repay', 'normal_repay', null, '0', null, '正常还款', 'ecb1e59125f64f9b9765901cc6a9a222');
INSERT INTO `dict` VALUES ('overdue_repay', 'overdue_repay', '逾期还款', '0', null, '逾期还款', 'ecb1e59125f64f9b9765901cc6a9a222');
INSERT INTO `dict` VALUES ('raise_cancel_loan', 'raise_cancel_loan', null, '12', null, '众筹流标', 'ecb1e59125f64f9b9765901cc6a9a222');
INSERT INTO `dict` VALUES ('raise_give_money_to_borrower', 'raise_give_money_to_borrower', null, '11', null, '众筹放款', 'ecb1e59125f64f9b9765901cc6a9a222');
INSERT INTO `dict` VALUES ('raise_invest', 'raise_invest', null, '10', null, '众筹投资', 'ecb1e59125f64f9b9765901cc6a9a222');
INSERT INTO `dict` VALUES ('raise_invest_status', 'raise_invest_status', '众筹投资状态', '7', null, '众筹投资状态', null);
INSERT INTO `dict` VALUES ('raise_invest_status0', 'waiting_pay', '等待支付', '0', null, '等待支付', 'raise_invest_status');
INSERT INTO `dict` VALUES ('raise_invest_status1', 'wait_affirm', '等待第三方资金托管确认', '1', null, '等待确认', 'raise_invest_status');
INSERT INTO `dict` VALUES ('raise_invest_status2', 'success', '支付成功', '2', null, '支付成功', 'raise_invest_status');
INSERT INTO `dict` VALUES ('raise_invest_status3', 'cancel', '流标（项目流标，到期未支付，支付过期）', '3', null, '流标', 'raise_invest_status');
INSERT INTO `dict` VALUES ('raise_invest_status4', 'waiting_repay', '等待回款 支付成功且流标', '4', null, '等待回款', 'raise_invest_status');
INSERT INTO `dict` VALUES ('raise_invest_status5', 'waiting_payback', '等待回报', '5', null, '等待回报', 'raise_invest_status');
INSERT INTO `dict` VALUES ('raise_invest_status6', 'complete', '完成', '6', null, '完成', 'raise_invest_status');
INSERT INTO `dict` VALUES ('raise_loan_status', 'raise_loan_status', '众筹项目状态', '6', null, '众筹项目状态', null);
INSERT INTO `dict` VALUES ('raise_loan_status0', 'draft', '草稿', '0', null, '草稿', 'raise_loan_status');
INSERT INTO `dict` VALUES ('raise_loan_status1', 'waiting_verify', '等待审核', '1', null, '等待审核', 'raise_loan_status');
INSERT INTO `dict` VALUES ('raise_loan_status2', 'raising', '筹集中', '2', null, '筹集中', 'raise_loan_status');
INSERT INTO `dict` VALUES ('raise_loan_status3', 'verify_fail', '审核未通过', '3', null, '审核未通过', 'raise_loan_status');
INSERT INTO `dict` VALUES ('raise_loan_status4', 'recheck', '等待复核', '4', null, '等待复核', 'raise_loan_status');
INSERT INTO `dict` VALUES ('raise_loan_status5', 'cancel', '流标', '5', null, '流标', 'raise_loan_status');
INSERT INTO `dict` VALUES ('raise_loan_status6', 'paying', '偿还中', '6', null, '偿还中', 'raise_loan_status');
INSERT INTO `dict` VALUES ('raise_loan_status7', 'complete', '完成', '7', null, '完成', 'raise_loan_status');
INSERT INTO `dict` VALUES ('raise_type', 'raise_type', '众筹类别', '10', null, '众筹类别', null);
INSERT INTO `dict` VALUES ('raise_type0', 'raise_type_music', '音乐', '0', null, '音乐', 'raise_type');
INSERT INTO `dict` VALUES ('raise_type1', 'raise_type_charity', '公益', '1', null, '公益', 'raise_type');
INSERT INTO `dict` VALUES ('raise_type2', 'raise_type_book', '书籍', '2', null, '书籍', 'raise_type');
INSERT INTO `dict` VALUES ('raise_type3', 'raise_type_vedio', '影视', '3', null, '影视', 'raise_type');
INSERT INTO `dict` VALUES ('raise_type4', 'raise_type_design', '设计', '4', null, '设计', 'raise_type');
INSERT INTO `dict` VALUES ('raise_type5', 'raise_type_technology', '科技', '5', null, '科技', 'raise_type');
INSERT INTO `dict` VALUES ('raise_type6', 'raise_type_animate', '动漫', '6', null, '动漫', 'raise_type');
INSERT INTO `dict` VALUES ('recharge_success', 'recharge_success', null, '0', null, '充值成功', 'ecb1e59125f64f9b9765901cc6a9a222');
INSERT INTO `dict` VALUES ('refuse_apply_loan', 'refuse_apply_loan', null, '0', null, '借款申请未通过', 'ecb1e59125f64f9b9765901cc6a9a222');
INSERT INTO `dict` VALUES ('refuse_apply_withdraw', 'refuse_apply_withdraw', null, '0', null, '提现申请未通过', 'ecb1e59125f64f9b9765901cc6a9a222');
INSERT INTO `dict` VALUES ('repay_type', 'repay_type', null, '0', null, '还款类型', null);
INSERT INTO `dict` VALUES ('repay_unit', 'repay_unit', null, '0', null, '还款方式单元（天s、月s等等）', null);
INSERT INTO `dict` VALUES ('rfcl', 'rfcl', null, '2', null, '先付利息后还本金', 'repay_type');
INSERT INTO `dict` VALUES ('rlio', 'rlio', null, '3', null, '到期还本付息', 'repay_type');
INSERT INTO `dict` VALUES ('ship_address_status', 'ship_address_status', '众筹收货地址状态', '8', null, '众筹收货地址状态', null);
INSERT INTO `dict` VALUES ('ship_address_status0', 'normal', '正常', '0', null, '正常', 'ship_address_status');
INSERT INTO `dict` VALUES ('ship_address_status1', 'deleted', '删除', '1', null, '删除', 'ship_address_status');
INSERT INTO `dict` VALUES ('transfer ', 'transfer ', null, '0', null, '转让债权', 'ecb1e59125f64f9b9765901cc6a9a222');
INSERT INTO `dict` VALUES ('transfer_buy', 'transfer_buy', null, '0', null, '购买债权', 'ecb1e59125f64f9b9765901cc6a9a222');
INSERT INTO `dict` VALUES ('user_sex_1', 'user_sex', '用户性别', '0', null, '用户性别', null);
INSERT INTO `dict` VALUES ('user_sex_f', 'F', '用户性别', '0', null, '女', 'user_sex_1');
INSERT INTO `dict` VALUES ('user_sex_m', 'M', '用户性别', '0', null, '男', 'user_sex_1');
INSERT INTO `dict` VALUES ('verified', 'verified', null, '1', null, '已审核', 'apply_enterprise_loan_status');
INSERT INTO `dict` VALUES ('waiting_verify', 'waiting_verify', null, '0', null, '等待审核', 'apply_enterprise_loan_status');
INSERT INTO `dict` VALUES ('withdraw_loan', 'withdraw_loan', null, '0', null, '借款撤标', 'ecb1e59125f64f9b9765901cc6a9a222');
INSERT INTO `dict` VALUES ('withdraw_success', 'withdraw_success', null, '0', null, '提现成功', 'ecb1e59125f64f9b9765901cc6a9a222');

-- ----------------------------
-- Table structure for `el_risk_preparedness`
-- ----------------------------
DROP TABLE IF EXISTS `el_risk_preparedness`;
CREATE TABLE `el_risk_preparedness` (
  `id` varchar(32) NOT NULL,
  `description` varchar(255) DEFAULT NULL,
  `rate` varchar(255) DEFAULT NULL,
  `risk_rank` varchar(32) DEFAULT NULL,
  PRIMARY KEY (`id`),
  UNIQUE KEY `id` (`id`) USING BTREE,
  KEY `FK589AB9ECBF8BD49C` (`risk_rank`) USING BTREE,
  CONSTRAINT `el_risk_preparedness_ibfk_1` FOREIGN KEY (`risk_rank`) REFERENCES `risk_rank` (`id`)
) ENGINE=InnoDB DEFAULT CHARSET=utf8;

-- ----------------------------
-- Records of el_risk_preparedness
-- ----------------------------
INSERT INTO `el_risk_preparedness` VALUES ('prepare_01', '', '0.5', 'AAA');
INSERT INTO `el_risk_preparedness` VALUES ('prepare_02', '', '0.75', 'AA');
INSERT INTO `el_risk_preparedness` VALUES ('prepare_03', '', '1', 'A');
INSERT INTO `el_risk_preparedness` VALUES ('prepare_04', '', '2', 'B');
INSERT INTO `el_risk_preparedness` VALUES ('prepare_05', '', '3', 'C');
INSERT INTO `el_risk_preparedness` VALUES ('prepare_06', '', '4', 'D');
INSERT INTO `el_risk_preparedness` VALUES ('prepare_07', '', '5', 'HR');

-- ----------------------------
-- Table structure for `email_template`
-- ----------------------------
DROP TABLE IF EXISTS `email_template`;
CREATE TABLE `email_template` (
  `id` varchar(32) NOT NULL,
  `name` varchar(50) DEFAULT NULL,
  `body` longtext,
  `description` text,
  PRIMARY KEY (`id`)
) ENGINE=InnoDB DEFAULT CHARSET=utf8;

-- ----------------------------
-- Records of email_template
-- ----------------------------

-- ----------------------------
-- Table structure for `extension_field`
-- ----------------------------
DROP TABLE IF EXISTS `extension_field`;
CREATE TABLE `extension_field` (
  `id` varchar(32) NOT NULL,
  `belong_to` varchar(512) DEFAULT NULL,
  `description` varchar(1000) DEFAULT NULL,
  `name` varchar(1000) DEFAULT NULL,
  `seq_num` int(11) DEFAULT NULL,
  `type` varchar(512) DEFAULT NULL,
  PRIMARY KEY (`id`),
  UNIQUE KEY `id` (`id`) USING BTREE
) ENGINE=InnoDB DEFAULT CHARSET=utf8;

-- ----------------------------
-- Records of extension_field
-- ----------------------------

-- ----------------------------
-- Table structure for `feed_back`
-- ----------------------------
DROP TABLE IF EXISTS `feed_back`;
CREATE TABLE `feed_back` (
  `id` varchar(32) NOT NULL,
  `content` varchar(500) DEFAULT NULL,
  `email` varchar(50) DEFAULT NULL,
  `mobileNumber` varchar(20) DEFAULT NULL,
  `realname` varchar(20) DEFAULT NULL,
  `status` varchar(10) DEFAULT NULL,
  `time` datetime DEFAULT NULL,
  PRIMARY KEY (`id`),
  UNIQUE KEY `id` (`id`) USING BTREE
) ENGINE=InnoDB DEFAULT CHARSET=utf8;

-- ----------------------------
-- Records of feed_back
-- ----------------------------

-- ----------------------------
-- Table structure for `fee_configuration`
-- ----------------------------
DROP TABLE IF EXISTS `fee_configuration`;
CREATE TABLE `fee_configuration` (
  `id` varchar(32) NOT NULL,
  `fee_point` varchar(400) DEFAULT NULL,
  `fee_type` varchar(400) DEFAULT NULL,
  `factor` varchar(400) DEFAULT NULL,
  `factor_value` varchar(400) DEFAULT NULL,
  `fee` double DEFAULT NULL,
  `fee_upper_limit` double DEFAULT NULL,
  `interval_lower_limit` double DEFAULT NULL,
  `interval_upper_limit` double DEFAULT NULL,
  `description` varchar(200) DEFAULT NULL,
  `operate_mode` varchar(255) DEFAULT NULL,
  PRIMARY KEY (`id`),
  UNIQUE KEY `id` (`id`) USING BTREE
) ENGINE=InnoDB DEFAULT CHARSET=utf8;

-- ----------------------------
-- Records of fee_configuration
-- ----------------------------
INSERT INTO `fee_configuration` VALUES ('advance_repay_investor', 'advance_repay_investor', 'penalty', null, null, '0', null, '0', '1000000000', '提前还款罚金--给投资人', 'rate');
INSERT INTO `fee_configuration` VALUES ('advance_repay_system', 'advance_repay_system', 'penalty', null, null, '0', null, '0', '1000000000', '提前还款罚金--给系统', 'rate');
INSERT INTO `fee_configuration` VALUES ('applyLoan', 'apply_loan', 'cash_deposit', null, null, '0', null, '0', '100000000', '发起借款，保证金', 'rate');
INSERT INTO `fee_configuration` VALUES ('overdue_repay_investor', 'overdue_repay_investor', 'penalty', null, null, '0.0005', null, '0', '100000000000000', '逾期还款罚金--给投资人(天利率)', 'rate');
INSERT INTO `fee_configuration` VALUES ('overdue_repay_system', 'overdue_repay_system', 'penalty', null, null, '0.0008', null, '0', '100000000000000', '逾期还款罚金--给系统(天利率)', 'rate');
INSERT INTO `fee_configuration` VALUES ('recharge', 'recharge', 'factorage', null, null, '0', '50', '0', '10000000', '充值手续费', 'rate');
INSERT INTO `fee_configuration` VALUES ('transfer', 'transfer', 'factorage', null, null, '0', '100', '0', '10000000', '债权转让手续费', 'rate');
INSERT INTO `fee_configuration` VALUES ('withdraw', 'withdraw', 'factorage', null, null, '0', null, '0', '100000000000000', '提现手续费', 'fixed');

-- ----------------------------
-- Table structure for `friends`
-- ----------------------------
DROP TABLE IF EXISTS `friends`;
CREATE TABLE `friends` (
  `id` varchar(32) NOT NULL,
  `agreeTime` datetime DEFAULT NULL,
  `status` varchar(255) DEFAULT NULL,
  `updateTime` datetime DEFAULT NULL,
  `friend` varchar(32) DEFAULT NULL,
  `user` varchar(32) DEFAULT NULL,
  PRIMARY KEY (`id`),
  UNIQUE KEY `id` (`id`) USING BTREE,
  KEY `FKDC3B4995332F40FF` (`user`) USING BTREE,
  KEY `FKDC3B4995E77E5FD2` (`friend`) USING BTREE,
  CONSTRAINT `friends_ibfk_1` FOREIGN KEY (`user`) REFERENCES `user` (`id`),
  CONSTRAINT `friends_ibfk_2` FOREIGN KEY (`friend`) REFERENCES `user` (`id`)
) ENGINE=InnoDB DEFAULT CHARSET=utf8;

-- ----------------------------
-- Records of friends
-- ----------------------------

-- ----------------------------
-- Table structure for `funds_transfer_type`
-- ----------------------------
DROP TABLE IF EXISTS `funds_transfer_type`;
CREATE TABLE `funds_transfer_type` (
  `id` varchar(32) NOT NULL,
  `name` varchar(100) DEFAULT NULL,
  `description` varchar(500) DEFAULT NULL,
  PRIMARY KEY (`id`)
) ENGINE=InnoDB DEFAULT CHARSET=utf8 COMMENT='当资金从一个账户转移到另一个账户的时候，有哪些转移类型？例如扣费、手续费、罚金等等\r\n           ';

-- ----------------------------
-- Records of funds_transfer_type
-- ----------------------------

-- ----------------------------
-- Table structure for `inbox`
-- ----------------------------
DROP TABLE IF EXISTS `inbox`;
CREATE TABLE `inbox` (
  `id` varchar(32) NOT NULL,
  `content` varchar(255) DEFAULT NULL,
  `receive_time` datetime DEFAULT NULL,
  `status` varchar(255) DEFAULT NULL,
  `title` varchar(255) DEFAULT NULL,
  `recevier` varchar(32) DEFAULT NULL,
  `sender` varchar(32) DEFAULT NULL,
  `isdelete` varchar(255) DEFAULT NULL,
  `type` varchar(255) DEFAULT NULL,
  PRIMARY KEY (`id`),
  UNIQUE KEY `id` (`id`) USING BTREE,
  KEY `FK5FB22862C9F729` (`recevier`) USING BTREE,
  KEY `FK5FB2286FCF86F69` (`sender`) USING BTREE,
  CONSTRAINT `inbox_ibfk_1` FOREIGN KEY (`recevier`) REFERENCES `user` (`id`),
  CONSTRAINT `inbox_ibfk_2` FOREIGN KEY (`sender`) REFERENCES `user` (`id`)
) ENGINE=InnoDB DEFAULT CHARSET=utf8;

-- ----------------------------
-- Records of inbox
-- ----------------------------
INSERT INTO `inbox` VALUES ('65f08cb418e4489fa2afdd03986dbb2c', '2222', '2015-04-20 20:45:57', '0', '111', 'wangxibao9', 'admin', null, null);

-- ----------------------------
-- Table structure for `internal_letter`
-- ----------------------------
DROP TABLE IF EXISTS `internal_letter`;
CREATE TABLE `internal_letter` (
  `id` varchar(32) NOT NULL,
  `sender_id` varchar(32) NOT NULL,
  `receiver_id` varchar(32) NOT NULL,
  `send_time` datetime NOT NULL,
  `read_time` datetime DEFAULT NULL,
  `read_flag` varchar(1) DEFAULT NULL,
  `text_id` varchar(32) NOT NULL,
  `state` varchar(1) NOT NULL,
  `reply_to` varchar(32) DEFAULT NULL,
  PRIMARY KEY (`id`),
  KEY `FK_Reference_46` (`text_id`) USING BTREE,
  KEY `FK_Reference_47` (`sender_id`) USING BTREE,
  KEY `FK_Reference_48` (`receiver_id`) USING BTREE,
  KEY `fk_reply` (`reply_to`) USING BTREE,
  CONSTRAINT `internal_letter_ibfk_1` FOREIGN KEY (`text_id`) REFERENCES `internal_letter_text` (`id`),
  CONSTRAINT `internal_letter_ibfk_2` FOREIGN KEY (`sender_id`) REFERENCES `user` (`id`),
  CONSTRAINT `internal_letter_ibfk_3` FOREIGN KEY (`receiver_id`) REFERENCES `user` (`id`),
  CONSTRAINT `internal_letter_ibfk_4` FOREIGN KEY (`reply_to`) REFERENCES `internal_letter` (`id`)
) ENGINE=InnoDB DEFAULT CHARSET=utf8;

-- ----------------------------
-- Records of internal_letter
-- ----------------------------

-- ----------------------------
-- Table structure for `internal_letter_text`
-- ----------------------------
DROP TABLE IF EXISTS `internal_letter_text`;
CREATE TABLE `internal_letter_text` (
  `id` varchar(32) NOT NULL,
  `title` varchar(200) NOT NULL,
  `content` text,
  PRIMARY KEY (`id`)
) ENGINE=InnoDB DEFAULT CHARSET=utf8;

-- ----------------------------
-- Records of internal_letter_text
-- ----------------------------

-- ----------------------------
-- Table structure for `invest`
-- ----------------------------
DROP TABLE IF EXISTS `invest`;
CREATE TABLE `invest` (
  `id` varchar(32) NOT NULL,
  `interest` double DEFAULT NULL,
  `money` double NOT NULL,
  `paid_interest` decimal(10,2) DEFAULT '0.00',
  `paid_money` decimal(10,2) DEFAULT '0.00',
  `rate` double DEFAULT NULL,
  `status` varchar(50) NOT NULL,
  `time` datetime NOT NULL,
  `type` varchar(100) DEFAULT NULL,
  `loan_id` varchar(32) NOT NULL,
  `user_id` varchar(32) NOT NULL,
  `is_auto_invest` tinyint(1) DEFAULT NULL,
  `paid_penalty` decimal(10,2) DEFAULT '0.00',
  `user_coupon` varchar(32) DEFAULT NULL,
  `invest_money` double DEFAULT NULL,
  `transfer_apply` varchar(32) DEFAULT NULL,
  PRIMARY KEY (`id`),
  UNIQUE KEY `id` (`id`) USING BTREE,
  KEY `FKB9721FF52A334343` (`user_id`) USING BTREE,
  KEY `FKB9721FF5ECD93B37` (`loan_id`) USING BTREE,
  KEY `FKB9721FF58A5331B2` (`user_coupon`) USING BTREE,
  KEY `FKB9721FF541E23285` (`transfer_apply`) USING BTREE,
  CONSTRAINT `invest_ibfk_1` FOREIGN KEY (`transfer_apply`) REFERENCES `transfer_apply` (`id`),
  CONSTRAINT `invest_ibfk_2` FOREIGN KEY (`user_coupon`) REFERENCES `user_coupon` (`id`),
  CONSTRAINT `invest_ibfk_3` FOREIGN KEY (`loan_id`) REFERENCES `loan` (`id`),
  CONSTRAINT `invest_ibfk_4` FOREIGN KEY (`user_id`) REFERENCES `user` (`id`)
) ENGINE=InnoDB DEFAULT CHARSET=utf8;

-- ----------------------------
-- Records of invest
-- ----------------------------
INSERT INTO `invest` VALUES ('05b720919c0848b6bb29afa0a2090736', null, '2000', '0.00', '0.00', '0.11', 'complete', '2015-03-19 16:16:11', null, '20150319000013', 'tuotian', '0', '0.00', null, '2000', '32143d31996f4fdd8b7e53f5cf32f0b8');
INSERT INTO `invest` VALUES ('20150317000001', null, '100000', '0.00', '0.00', '0.1', 'complete', '2015-03-17 11:35:10', null, '20150317000002', 'admin', '0', '0.00', null, '100000', null);
INSERT INTO `invest` VALUES ('20150317000002', null, '100000', '0.00', '0.00', '0.1', 'complete', '2015-03-17 11:35:22', null, '20150317000002', 'admin', '0', '0.00', null, '100000', null);
INSERT INTO `invest` VALUES ('20150317000003', null, '10000', '0.00', '0.00', '0.11', 'bid_success', '2015-03-17 11:49:12', null, '20150317000004', 'tuotian', '0', '0.00', null, '10000', null);
INSERT INTO `invest` VALUES ('20150317000004', null, '50', '0.00', '0.00', '0.12', 'bid_success', '2015-03-17 21:08:36', null, '20150317000001', 'admin', '0', '0.00', null, '50', null);
INSERT INTO `invest` VALUES ('20150318000001', null, '2000', '0.00', '0.00', '0.11', 'repaying', '2015-03-18 15:14:42', null, '20150318000005', 'admin', '0', '0.00', null, '2000', null);
INSERT INTO `invest` VALUES ('20150318000002', null, '1000', '0.00', '0.00', '0.13', 'repaying', '2015-03-18 16:16:35', null, '20150318000010', 'tuotian', '1', '0.00', null, '1000', null);
INSERT INTO `invest` VALUES ('20150318000003', null, '1000', '0.00', '0.00', '0.13', 'repaying', '2015-03-18 16:20:37', null, '20150318000011', 'tuotian', '1', '0.00', null, '1000', null);
INSERT INTO `invest` VALUES ('20150318000004', null, '1000', '0.00', '0.00', '0.13', 'repaying', '2015-03-18 16:27:21', null, '20150318000012', 'tuotian', '1', '0.00', null, '1000', null);
INSERT INTO `invest` VALUES ('20150319000001', null, '1000', '0.00', '0.00', '0.11', 'complete', '2015-03-19 16:11:35', null, '20150319000013', 'admin', '0', '0.00', null, '3000', null);
INSERT INTO `invest` VALUES ('20150320000001', null, '2000', '0.00', '0.00', '0.11', 'repaying', '2015-03-20 11:00:39', null, '20150320000015', 'admin', '0', '0.00', null, '2000', null);
INSERT INTO `invest` VALUES ('20150407000001', null, '500', '0.00', '0.00', '0.15', 'bid_success', '2015-04-07 11:54:00', null, '20150407000017', 'seekmm', '0', '0.00', null, '500', null);
INSERT INTO `invest` VALUES ('20150407000002', null, '100', '0.00', '0.00', '0.15', 'bid_success', '2015-04-07 18:21:46', null, '20150407000017', 'xingditu', '0', '0.00', null, '100', null);
INSERT INTO `invest` VALUES ('20150409000001', null, '50', '0.00', '0.00', '0.16', 'bid_success', '2015-04-09 11:28:12', null, '20150409000027', 'admin', '0', '0.00', null, '50', null);
INSERT INTO `invest` VALUES ('20150409000002', null, '950', '0.00', '0.00', '0.16', 'bid_success', '2015-04-09 11:31:35', null, '20150409000027', 'admin', '0', '0.00', null, '950', null);
INSERT INTO `invest` VALUES ('20150409000003', null, '100', '0.00', '0.00', '0.11', 'bid_success', '2015-04-09 18:04:36', null, '20150409000032', 'admin', '0', '0.00', null, '100', null);
INSERT INTO `invest` VALUES ('20150410000001', null, '1', '0.00', '0.00', '0.1', 'repaying', '2015-04-10 10:51:03', null, '20150410000035', 'jdsb1', '0', '0.00', null, '1', null);
INSERT INTO `invest` VALUES ('20150410000002', null, '1', '0.00', '0.00', '0.1', 'cancel', '2015-04-10 11:22:17', null, '20150410000036', 'jdsb1', '0', '0.00', null, '1', null);
INSERT INTO `invest` VALUES ('20150410000003', null, '1', '0.00', '0.00', '0.1', 'cancel', '2015-04-10 14:55:06', null, '20150410000038', 'jdsb1', '0', '0.00', null, '1', null);
INSERT INTO `invest` VALUES ('20150413000001', null, '1', '0.00', '0.00', '0.1', 'cancel', '2015-04-13 10:40:22', null, '20150413000041', 'jdsb1', '0', '0.00', null, '1', null);
INSERT INTO `invest` VALUES ('20150413000002', null, '1', '0.00', '0.00', '0.1', 'repaying', '2015-04-13 14:56:27', null, '20150413000042', 'jdsb1', '0', '0.00', null, '1', null);
INSERT INTO `invest` VALUES ('20150413000003', null, '1', '0.00', '0.00', '0.1', 'cancel', '2015-04-13 15:09:02', null, '20150413000043', 'jdsb2', '0', '0.00', null, '1', null);
INSERT INTO `invest` VALUES ('20150413000004', null, '1', '0.00', '0.00', '0.1', 'cancel', '2015-04-13 15:09:49', null, '20150413000043', 'jdsb2', '0', '0.00', null, '1', null);
INSERT INTO `invest` VALUES ('20150413000005', null, '1', '0.00', '0.00', '0.1', 'cancel', '2015-04-13 15:10:16', null, '20150413000043', 'jdsb2', '0', '0.00', null, '1', null);
INSERT INTO `invest` VALUES ('20150414000001', null, '2', '0.00', '0.00', '0.11', 'repaying', '2015-04-14 14:20:32', null, '20150414000044', 'jdsb1', '0', '0.00', null, '2', null);
INSERT INTO `invest` VALUES ('20150415000001', null, '1', '0.00', '0.00', '0.1', 'repaying', '2015-04-15 16:22:17', null, '20150415000045', 'jdsb1', '0', '0.00', null, '1', null);
INSERT INTO `invest` VALUES ('20150416000001', null, '100', '0.00', '0.00', '0.2', 'cancel', '2015-04-16 11:38:14', null, '20150416000047', 'sidneygao', '0', '0.00', null, '100', null);
INSERT INTO `invest` VALUES ('20150416000002', null, '10000', '0.00', '0.00', '0.2', 'cancel', '2015-04-16 11:40:54', null, '20150416000047', 'sidneygao', '0', '0.00', null, '10000', null);
INSERT INTO `invest` VALUES ('20150416000003', null, '50', '0.00', '0.00', '0.2', 'cancel', '2015-04-16 14:09:32', null, '20150409000031', 'sidneygao', '0', '0.00', null, '50', null);
INSERT INTO `invest` VALUES ('20150416000004', null, '100', '0.00', '0.00', '0.2', 'cancel', '2015-04-16 14:39:40', null, '20150416000047', 'sidneygao', '0', '0.00', null, '100', null);
INSERT INTO `invest` VALUES ('20150416000005', null, '100', '0.00', '0.00', '0.2', 'cancel', '2015-04-16 14:40:36', null, '20150416000047', 'sidneygao', '0', '0.00', null, '100', null);
INSERT INTO `invest` VALUES ('20150416000006', null, '1', '0.00', '0.00', '0.1', 'cancel', '2015-04-16 15:32:25', null, '20150413000043', 'sidneygao', '0', '0.00', null, '1', null);
INSERT INTO `invest` VALUES ('20150416000007', null, '50', '0.00', '0.00', '0.12', 'complete', '2015-04-16 16:42:15', null, '20150416000049', 'mleoshi', '0', '0.00', null, '50', null);
INSERT INTO `invest` VALUES ('20150416000008', null, '50', '0.00', '0.00', '0.12', 'complete', '2015-04-16 16:49:07', null, '20150416000049', 'mleoshi', '0', '0.00', null, '50', null);
INSERT INTO `invest` VALUES ('20150417000001', null, '100', '0.00', '0.00', '0.2', 'cancel', '2015-04-17 11:31:09', null, '20150409000031', 'zhengcong', '0', '0.00', null, '100', null);
INSERT INTO `invest` VALUES ('20150417000002', null, '25', '0.00', '0.00', '0.12000000000000001', 'complete', '2015-04-17 13:37:07', null, '20150417000050', 'zhengcong', '0', '0.00', null, '25', null);
INSERT INTO `invest` VALUES ('20150417000003', null, '25', '0.00', '0.00', '0.12000000000000001', 'cancel', '2015-04-17 13:38:02', null, '20150417000050', 'wll001', '0', '0.00', null, '25', null);
INSERT INTO `invest` VALUES ('20150417000004', null, '25', '0.00', '0.00', '0.12000000000000001', 'complete', '2015-04-17 13:43:03', null, '20150417000050', 'wll001', '0', '0.00', null, '25', null);
INSERT INTO `invest` VALUES ('20150417000005', null, '50', '0.00', '0.00', '0.12000000000000001', 'complete', '2015-04-17 14:01:34', null, '20150417000050', 'mleoshi', '0', '0.00', null, '50', null);
INSERT INTO `invest` VALUES ('20150421000001', null, '100', '0.00', '0.00', '0.2', 'cancel', '2015-04-21 09:39:35', null, '20150409000031', 'wangxibao9', '0', '0.00', null, '100', null);
INSERT INTO `invest` VALUES ('20150421000002', null, '30', '0.00', '0.00', '1.4', 'overdue', '2015-04-21 17:33:39', null, '20150421000051', 'zhengcong', '0', '0.00', null, '30', null);
INSERT INTO `invest` VALUES ('20150421000003', null, '60', '0.00', '0.00', '1.4', 'cancel', '2015-04-21 17:35:09', null, '20150421000051', 'mleoshi', '0', '0.00', null, '60', null);
INSERT INTO `invest` VALUES ('20150421000004', null, '60', '0.00', '0.00', '1.4', 'overdue', '2015-04-21 17:36:25', null, '20150421000051', 'mleoshi', '0', '0.00', null, '60', null);
INSERT INTO `invest` VALUES ('20150422000001', null, '35', '0.00', '0.00', '0.13999999999999999', 'cancel', '2015-04-22 14:47:19', null, '20150422000055', 'wll001', '0', '0.00', null, '35', null);
INSERT INTO `invest` VALUES ('20150422000002', null, '35', '0.00', '0.00', '0.13999999999999999', 'cancel', '2015-04-22 14:47:22', null, '20150422000055', 'mleoshi', '0', '0.00', null, '35', null);
INSERT INTO `invest` VALUES ('20150422000003', null, '35', '0.00', '0.00', '0.13999999999999999', 'bid_success', '2015-04-22 14:48:16', null, '20150422000055', 'mleoshi', '0', '0.00', null, '35', null);
INSERT INTO `invest` VALUES ('20150424000001', null, '50', '0.00', '0.00', '0.16', 'cancel', '2015-04-24 18:02:31', null, '20150408000023', 'sidneygao', '0', '0.00', null, '50', null);
INSERT INTO `invest` VALUES ('20150427000001', null, '25', '0.00', '0.00', '0.12', 'bid_success', '2015-04-27 11:42:22', null, '20150427000056', 'wll001', '0', '0.00', null, '25', null);
INSERT INTO `invest` VALUES ('20150427000002', null, '50', '0.00', '0.00', '0.12', 'bid_success', '2015-04-27 11:43:59', null, '20150427000056', 'mleoshi', '0', '0.00', null, '50', null);
INSERT INTO `invest` VALUES ('20150427000003', null, '25', '0.00', '0.00', '0.12', 'bid_success', '2015-04-27 12:13:04', null, '20150427000056', 'zhengcong', '0', '0.00', null, '25', null);
INSERT INTO `invest` VALUES ('20150427000004', null, '1', '0.00', '0.00', '0.12', 'bid_success', '2015-04-27 15:06:57', null, '20150427000057', 'wll001', '0', '0.00', null, '1', null);
INSERT INTO `invest` VALUES ('20150427000005', null, '2', '0.00', '0.00', '0.1', 'repaying', '2015-04-27 15:56:55', null, '20150427000058', 'jdsb1', '0', '0.00', null, '2', null);
INSERT INTO `invest` VALUES ('20150427000006', null, '50', '0.00', '0.00', '0.01', 'repaying', '2015-04-27 16:12:12', null, '20150427000059', 'sidneygao', '0', '0.00', null, '50', null);
INSERT INTO `invest` VALUES ('20150427000007', null, '50', '0.00', '0.00', '0.01', 'repaying', '2015-04-27 16:17:15', null, '20150427000060', 'sidneygao', '0', '0.00', null, '50', null);
INSERT INTO `invest` VALUES ('20150427000008', null, '50', '0.00', '0.00', '0.12', 'repaying', '2015-04-27 16:27:22', null, '20150427000061', 'mleoshi', '0', '0.00', null, '50', null);
INSERT INTO `invest` VALUES ('20150427000009', null, '25', '0.00', '0.00', '0.12', 'cancel', '2015-04-27 16:29:15', null, '20150427000061', 'zhengcong', '0', '0.00', null, '25', null);
INSERT INTO `invest` VALUES ('20150427000010', null, '25', '0.00', '0.00', '0.12', 'repaying', '2015-04-27 16:30:57', null, '20150427000061', 'zhengcong', '0', '0.00', null, '25', null);
INSERT INTO `invest` VALUES ('20150427000011', null, '25', '0.00', '0.00', '0.12', 'repaying', '2015-04-27 16:31:35', null, '20150427000061', 'wll001', '0', '0.00', null, '25', null);
INSERT INTO `invest` VALUES ('20150427000012', null, '30', '0.00', '0.00', '0.13999999999999999', 'bid_success', '2015-04-27 17:22:50', null, '20150427000064', 'zhengcong', '0', '0.00', null, '30', null);
INSERT INTO `invest` VALUES ('20150427000013', null, '70', '0.00', '0.00', '0.12', 'repaying', '2015-04-27 17:32:02', null, '20150427000065', 'sidneygao', '0', '0.00', null, '70', null);
INSERT INTO `invest` VALUES ('20150427000014', null, '30', '0.00', '0.00', '0.12', 'repaying', '2015-04-27 17:40:42', null, '20150427000067', 'sidneygao', '0', '0.00', null, '30', null);
INSERT INTO `invest` VALUES ('20150427000015', null, '30', '0.00', '0.00', '1.4', 'complete', '2015-04-27 17:42:55', null, '20150427000066', 'zhengcong', '0', '0.00', null, '30', null);
INSERT INTO `invest` VALUES ('20150427000016', null, '60', '0.00', '0.00', '1.4', 'complete', '2015-04-27 17:43:00', null, '20150427000066', 'wll001', '0', '0.00', null, '60', null);
INSERT INTO `invest` VALUES ('20150427000017', null, '30', '0.00', '0.00', '1.4', 'repaying', '2015-04-27 18:02:50', null, '20150427000068', 'zhengcong', '0', '0.00', null, '30', null);
INSERT INTO `invest` VALUES ('20150427000018', null, '60', '0.00', '0.00', '1.4', 'repaying', '2015-04-27 18:03:44', null, '20150427000068', 'wll001', '0', '0.00', null, '60', null);
INSERT INTO `invest` VALUES ('20150428000001', null, '30', '0.00', '0.00', '0.12', 'repaying', '2015-04-28 11:18:59', null, '20150428000076', 'sidneygao', '0', '0.00', null, '30', null);
INSERT INTO `invest` VALUES ('20150428000002', null, '25', '0.00', '0.00', '0.12', 'complete', '2015-04-28 11:43:32', null, '20150428000077', 'wll001', '0', '0.00', null, '25', null);
INSERT INTO `invest` VALUES ('20150428000003', null, '50', '0.00', '0.00', '0.12', 'complete', '2015-04-28 11:44:09', null, '20150428000077', 'sidneygao', '0', '0.00', null, '50', null);
INSERT INTO `invest` VALUES ('20150428000004', null, '25', '0.00', '0.00', '0.12', 'complete', '2015-04-28 11:48:40', null, '20150428000077', 'mleoshi', '0', '0.00', null, '25', null);

-- ----------------------------
-- Table structure for `invest_repay`
-- ----------------------------
DROP TABLE IF EXISTS `invest_repay`;
CREATE TABLE `invest_repay` (
  `id` varchar(32) NOT NULL,
  `corpus` double NOT NULL,
  `default_interest` double DEFAULT NULL,
  `interest` double NOT NULL,
  `length` int(11) DEFAULT NULL,
  `period` int(11) NOT NULL,
  `repay_day` datetime NOT NULL,
  `status` varchar(50) NOT NULL,
  `time` datetime DEFAULT NULL,
  `invest_id` varchar(32) NOT NULL,
  `fee` double DEFAULT NULL,
  PRIMARY KEY (`id`),
  UNIQUE KEY `id` (`id`) USING BTREE,
  KEY `FK860808CBC736B472` (`invest_id`) USING BTREE,
  CONSTRAINT `invest_repay_ibfk_1` FOREIGN KEY (`invest_id`) REFERENCES `invest` (`id`)
) ENGINE=InnoDB DEFAULT CHARSET=utf8;

-- ----------------------------
-- Records of invest_repay
-- ----------------------------
INSERT INTO `invest_repay` VALUES ('02a81a50dc4a4dd8ac8fa4a99b65ce50', '0', '0', '18.69', '1', '3', '2015-06-19 16:11:59', 'complete', '2015-03-19 16:18:38', '05b720919c0848b6bb29afa0a2090736', '0');
INSERT INTO `invest_repay` VALUES ('17a19c8d11984401881f329ea8d6f5b0', '2000', '0', '18.69', '1', '6', '2015-09-19 16:11:59', 'complete', '2015-03-19 16:18:38', '05b720919c0848b6bb29afa0a2090736', '0');
INSERT INTO `invest_repay` VALUES ('201503170000010001', '8718.41', '0', '833.33', '1', '1', '2015-04-17 11:35:33', 'complete', '2015-03-17 11:51:22', '20150317000001', '0');
INSERT INTO `invest_repay` VALUES ('201503170000010002', '8791.06', '0', '760.68', '1', '2', '2015-05-17 11:35:33', 'complete', '2015-03-18 16:33:03', '20150317000001', '0');
INSERT INTO `invest_repay` VALUES ('201503170000010003', '8864.32', '0', '687.42', '1', '3', '2015-06-17 11:35:33', 'complete', '2015-03-18 16:33:05', '20150317000001', '0');
INSERT INTO `invest_repay` VALUES ('201503170000010004', '8938.19', '0', '613.55', '1', '4', '2015-07-17 11:35:33', 'complete', '2015-03-18 16:33:05', '20150317000001', '0');
INSERT INTO `invest_repay` VALUES ('201503170000010005', '9012.67', '0', '539.07', '1', '5', '2015-08-17 11:35:33', 'complete', '2015-03-18 16:33:05', '20150317000001', '0');
INSERT INTO `invest_repay` VALUES ('201503170000010006', '9087.78', '0', '463.96', '1', '6', '2015-09-17 11:35:33', 'complete', '2015-03-18 16:33:05', '20150317000001', '0');
INSERT INTO `invest_repay` VALUES ('201503170000010007', '9163.51', '0', '388.23', '1', '7', '2015-10-17 11:35:33', 'complete', '2015-03-18 16:33:05', '20150317000001', '0');
INSERT INTO `invest_repay` VALUES ('201503170000010008', '9239.87', '0', '311.87', '1', '8', '2015-11-17 11:35:33', 'complete', '2015-03-18 16:33:05', '20150317000001', '0');
INSERT INTO `invest_repay` VALUES ('201503170000010009', '9316.87', '0', '234.87', '1', '9', '2015-12-17 11:35:33', 'complete', '2015-03-18 16:33:05', '20150317000001', '0');
INSERT INTO `invest_repay` VALUES ('201503170000010010', '9394.51', '0', '157.23', '1', '10', '2016-01-17 11:35:33', 'complete', '2015-03-18 16:33:05', '20150317000001', '0');
INSERT INTO `invest_repay` VALUES ('201503170000010011', '9472.8', '0', '78.94', '1', '11', '2016-02-17 11:35:33', 'complete', '2015-03-18 16:33:05', '20150317000001', '0');
INSERT INTO `invest_repay` VALUES ('201503170000020001', '8718.41', '0', '833.33', '1', '1', '2015-04-17 11:35:33', 'complete', '2015-03-17 11:51:22', '20150317000002', '0');
INSERT INTO `invest_repay` VALUES ('201503170000020002', '8791.06', '0', '760.68', '1', '2', '2015-05-17 11:35:33', 'complete', '2015-03-18 16:33:05', '20150317000002', '0');
INSERT INTO `invest_repay` VALUES ('201503170000020003', '8864.32', '0', '687.42', '1', '3', '2015-06-17 11:35:33', 'complete', '2015-03-18 16:33:05', '20150317000002', '0');
INSERT INTO `invest_repay` VALUES ('201503170000020004', '8938.19', '0', '613.55', '1', '4', '2015-07-17 11:35:33', 'complete', '2015-03-18 16:33:05', '20150317000002', '0');
INSERT INTO `invest_repay` VALUES ('201503170000020005', '9012.67', '0', '539.07', '1', '5', '2015-08-17 11:35:33', 'complete', '2015-03-18 16:33:05', '20150317000002', '0');
INSERT INTO `invest_repay` VALUES ('201503170000020006', '9087.78', '0', '463.96', '1', '6', '2015-09-17 11:35:33', 'complete', '2015-03-18 16:33:05', '20150317000002', '0');
INSERT INTO `invest_repay` VALUES ('201503170000020007', '9163.51', '0', '388.23', '1', '7', '2015-10-17 11:35:33', 'complete', '2015-03-18 16:33:05', '20150317000002', '0');
INSERT INTO `invest_repay` VALUES ('201503170000020008', '9239.87', '0', '311.87', '1', '8', '2015-11-17 11:35:33', 'complete', '2015-03-18 16:33:05', '20150317000002', '0');
INSERT INTO `invest_repay` VALUES ('201503170000020009', '9316.87', '0', '234.87', '1', '9', '2015-12-17 11:35:33', 'complete', '2015-03-18 16:33:05', '20150317000002', '0');
INSERT INTO `invest_repay` VALUES ('201503170000020010', '9394.51', '0', '157.23', '1', '10', '2016-01-17 11:35:33', 'complete', '2015-03-18 16:33:05', '20150317000002', '0');
INSERT INTO `invest_repay` VALUES ('201503170000020011', '9472.8', '0', '78.94', '1', '11', '2016-02-17 11:35:33', 'complete', '2015-03-18 16:33:05', '20150317000002', '0');
INSERT INTO `invest_repay` VALUES ('201503180000010001', '0', '0', '18.68', '1', '1', '2015-04-18 15:15:38', 'complete', '2015-03-18 15:17:48', '20150318000001', '0');
INSERT INTO `invest_repay` VALUES ('201503180000010002', '0', '0', '18.08', '1', '2', '2015-05-18 15:15:38', 'repaying', null, '20150318000001', '0');
INSERT INTO `invest_repay` VALUES ('201503180000010003', '0', '0', '18.68', '1', '3', '2015-06-18 15:15:38', 'repaying', null, '20150318000001', '0');
INSERT INTO `invest_repay` VALUES ('201503180000010004', '0', '0', '18.08', '1', '4', '2015-07-18 15:15:38', 'repaying', null, '20150318000001', '0');
INSERT INTO `invest_repay` VALUES ('201503180000010005', '0', '0', '18.68', '1', '5', '2015-08-18 15:15:38', 'repaying', null, '20150318000001', '0');
INSERT INTO `invest_repay` VALUES ('201503180000010006', '0', '0', '18.68', '1', '6', '2015-09-18 15:15:38', 'repaying', null, '20150318000001', '0');
INSERT INTO `invest_repay` VALUES ('201503180000010007', '0', '0', '18.08', '1', '7', '2015-10-18 15:15:38', 'repaying', null, '20150318000001', '0');
INSERT INTO `invest_repay` VALUES ('201503180000010008', '0', '0', '18.68', '1', '8', '2015-11-18 15:15:38', 'repaying', null, '20150318000001', '0');
INSERT INTO `invest_repay` VALUES ('201503180000010009', '0', '0', '18.08', '1', '9', '2015-12-18 15:15:38', 'repaying', null, '20150318000001', '0');
INSERT INTO `invest_repay` VALUES ('201503180000010010', '0', '0', '18.68', '1', '10', '2016-01-18 15:15:38', 'repaying', null, '20150318000001', '0');
INSERT INTO `invest_repay` VALUES ('201503180000010011', '2000', '0', '18.68', '1', '11', '2016-02-18 15:15:38', 'repaying', null, '20150318000001', '0');
INSERT INTO `invest_repay` VALUES ('201503180000020001', '0', '0', '10.68', '1', '1', '2015-05-03 14:28:51', 'repaying', null, '20150318000002', '0');
INSERT INTO `invest_repay` VALUES ('201503180000020002', '0', '0', '11.04', '1', '2', '2015-06-03 14:28:51', 'repaying', null, '20150318000002', '0');
INSERT INTO `invest_repay` VALUES ('201503180000020003', '0', '0', '10.68', '1', '3', '2015-07-03 14:28:51', 'repaying', null, '20150318000002', '0');
INSERT INTO `invest_repay` VALUES ('201503180000020004', '0', '0', '11.04', '1', '4', '2015-08-03 14:28:51', 'repaying', null, '20150318000002', '0');
INSERT INTO `invest_repay` VALUES ('201503180000020005', '0', '0', '11.04', '1', '5', '2015-09-03 14:28:51', 'repaying', null, '20150318000002', '0');
INSERT INTO `invest_repay` VALUES ('201503180000020006', '1000', '0', '10.68', '1', '6', '2015-10-03 14:28:51', 'repaying', null, '20150318000002', '0');
INSERT INTO `invest_repay` VALUES ('201503180000030001', '0', '0', '10.68', '1', '1', '2015-05-03 14:27:34', 'repaying', null, '20150318000003', '0');
INSERT INTO `invest_repay` VALUES ('201503180000030002', '0', '0', '11.04', '1', '2', '2015-06-03 14:27:34', 'repaying', null, '20150318000003', '0');
INSERT INTO `invest_repay` VALUES ('201503180000030003', '0', '0', '10.68', '1', '3', '2015-07-03 14:27:34', 'repaying', null, '20150318000003', '0');
INSERT INTO `invest_repay` VALUES ('201503180000030004', '0', '0', '11.04', '1', '4', '2015-08-03 14:27:34', 'repaying', null, '20150318000003', '0');
INSERT INTO `invest_repay` VALUES ('201503180000030005', '0', '0', '11.04', '1', '5', '2015-09-03 14:27:34', 'repaying', null, '20150318000003', '0');
INSERT INTO `invest_repay` VALUES ('201503180000030006', '1000', '0', '10.68', '1', '6', '2015-10-03 14:27:34', 'repaying', null, '20150318000003', '0');
INSERT INTO `invest_repay` VALUES ('201503180000040001', '0', '0', '10.68', '1', '1', '2015-05-03 14:26:40', 'repaying', null, '20150318000004', '0');
INSERT INTO `invest_repay` VALUES ('201503180000040002', '0', '0', '11.04', '1', '2', '2015-06-03 14:26:40', 'repaying', null, '20150318000004', '0');
INSERT INTO `invest_repay` VALUES ('201503180000040003', '0', '0', '10.68', '1', '3', '2015-07-03 14:26:40', 'repaying', null, '20150318000004', '0');
INSERT INTO `invest_repay` VALUES ('201503180000040004', '0', '0', '11.04', '1', '4', '2015-08-03 14:26:40', 'repaying', null, '20150318000004', '0');
INSERT INTO `invest_repay` VALUES ('201503180000040005', '0', '0', '11.04', '1', '5', '2015-09-03 14:26:40', 'repaying', null, '20150318000004', '0');
INSERT INTO `invest_repay` VALUES ('201503180000040006', '1000', '0', '10.68', '1', '6', '2015-10-03 14:26:40', 'repaying', null, '20150318000004', '0');
INSERT INTO `invest_repay` VALUES ('201503190000010001', '0', '0', '28.03', '1', '1', '2015-04-19 16:11:59', 'complete', '2015-03-19 16:12:35', '20150319000001', '0');
INSERT INTO `invest_repay` VALUES ('201503190000010002', '0', '0', '9.04', '1', '2', '2015-05-19 16:11:59', 'complete', '2015-03-19 16:18:38', '20150319000001', '0');
INSERT INTO `invest_repay` VALUES ('201503190000010003', '0', '0', '9.34', '1', '3', '2015-06-19 16:11:59', 'complete', '2015-03-19 16:18:38', '20150319000001', '0');
INSERT INTO `invest_repay` VALUES ('201503190000010004', '0', '0', '9.04', '1', '4', '2015-07-19 16:11:59', 'complete', '2015-03-19 16:18:38', '20150319000001', '0');
INSERT INTO `invest_repay` VALUES ('201503190000010005', '0', '0', '9.34', '1', '5', '2015-08-19 16:11:59', 'complete', '2015-03-19 16:18:38', '20150319000001', '0');
INSERT INTO `invest_repay` VALUES ('201503190000010006', '1000', '0', '9.34', '1', '6', '2015-09-19 16:11:59', 'complete', '2015-03-19 16:18:38', '20150319000001', '0');
INSERT INTO `invest_repay` VALUES ('201503200000010001', '325.78', '0', '18.33', '1', '1', '2015-04-20 11:01:49', 'complete', '2015-03-20 11:03:05', '20150320000001', '0');
INSERT INTO `invest_repay` VALUES ('201503200000010002', '328.76', '0', '15.35', '1', '2', '2015-05-20 11:01:49', 'repaying', null, '20150320000001', '0');
INSERT INTO `invest_repay` VALUES ('201503200000010003', '331.78', '0', '12.33', '1', '3', '2015-06-20 11:01:49', 'repaying', null, '20150320000001', '0');
INSERT INTO `invest_repay` VALUES ('201503200000010004', '334.82', '0', '9.29', '1', '4', '2015-07-20 11:01:49', 'repaying', null, '20150320000001', '0');
INSERT INTO `invest_repay` VALUES ('201503200000010005', '337.89', '0', '6.22', '1', '5', '2015-08-20 11:01:49', 'repaying', null, '20150320000001', '0');
INSERT INTO `invest_repay` VALUES ('201503200000010006', '340.98', '0', '3.13', '1', '6', '2015-09-20 11:01:49', 'repaying', null, '20150320000001', '0');
INSERT INTO `invest_repay` VALUES ('201504100000010001', '0.2', '0', '0.01', '1', '1', '2015-05-10 11:03:23', 'repaying', null, '20150410000001', '0');
INSERT INTO `invest_repay` VALUES ('201504100000010002', '0.2', '0', '0.01', '1', '2', '2015-06-10 11:03:23', 'repaying', null, '20150410000001', '0');
INSERT INTO `invest_repay` VALUES ('201504100000010003', '0.2', '0', '0.01', '1', '3', '2015-07-10 11:03:23', 'repaying', null, '20150410000001', '0');
INSERT INTO `invest_repay` VALUES ('201504100000010004', '0.2', '0', '0', '1', '4', '2015-08-10 11:03:23', 'repaying', null, '20150410000001', '0');
INSERT INTO `invest_repay` VALUES ('201504100000010005', '0.2', '0', '0', '1', '5', '2015-09-10 11:03:23', 'repaying', null, '20150410000001', '0');
INSERT INTO `invest_repay` VALUES ('201504130000020001', '0.33', '0', '0.01', '1', '1', '2015-05-13 15:07:05', 'repaying', null, '20150413000002', '0');
INSERT INTO `invest_repay` VALUES ('201504130000020002', '0.33', '0', '0.01', '1', '2', '2015-06-13 15:07:05', 'repaying', null, '20150413000002', '0');
INSERT INTO `invest_repay` VALUES ('201504130000020003', '0.34', '0', '0', '1', '3', '2015-07-13 15:07:05', 'repaying', null, '20150413000002', '0');
INSERT INTO `invest_repay` VALUES ('201504140000010001', '0', '0', '0.02', '1', '1', '2015-05-14 14:22:53', 'complete', '2015-04-14 14:35:38', '20150414000001', '0');
INSERT INTO `invest_repay` VALUES ('201504140000010002', '2', '0', '0.02', '1', '2', '2015-06-14 14:22:53', 'repaying', null, '20150414000001', '0');
INSERT INTO `invest_repay` VALUES ('201504150000010001', '1', '0', '0.01', '1', '1', '2015-05-15 16:22:59', 'repaying', null, '20150415000001', '0');
INSERT INTO `invest_repay` VALUES ('201504160000070001', '50', '0', '0.5', '1', '1', '2015-05-16 16:53:07', 'complete', '2015-04-16 18:16:39', '20150416000007', '0.05');
INSERT INTO `invest_repay` VALUES ('201504160000080001', '50', '0', '0.5', '1', '1', '2015-05-16 16:53:07', 'complete', '2015-04-16 18:16:39', '20150416000008', '0.05');
INSERT INTO `invest_repay` VALUES ('201504170000020001', '25', '0', '0.25', '1', '1', '2015-05-17 14:19:49', 'complete', '2015-04-17 14:59:18', '20150417000002', '0.03');
INSERT INTO `invest_repay` VALUES ('201504170000040001', '25', '0', '0.25', '1', '1', '2015-05-17 14:19:49', 'complete', '2015-04-17 14:59:18', '20150417000004', '0.03');
INSERT INTO `invest_repay` VALUES ('201504170000050001', '50', '0', '0.49', '1', '1', '2015-05-17 14:19:49', 'complete', '2015-04-17 14:59:18', '20150417000005', '0.05');
INSERT INTO `invest_repay` VALUES ('201504210000020001', '30', '0.03', '0.12', '1', '1', '2015-04-22 17:41:15', 'overdue', null, '20150421000002', '0.01');
INSERT INTO `invest_repay` VALUES ('201504210000040001', '60', '0.06', '0.23', '1', '1', '2015-04-22 17:41:15', 'overdue', null, '20150421000004', '0.02');
INSERT INTO `invest_repay` VALUES ('201504270000050001', '1', '0', '0.02', '1', '1', '2015-05-27 15:59:51', 'repaying', null, '20150427000005', '0');
INSERT INTO `invest_repay` VALUES ('201504270000050002', '1', '0', '0.01', '1', '2', '2015-06-27 15:59:51', 'repaying', null, '20150427000005', '0');
INSERT INTO `invest_repay` VALUES ('201504270000060001', '50', '0', '0.04', '1', '1', '2015-05-27 16:19:00', 'repaying', null, '20150427000006', '0');
INSERT INTO `invest_repay` VALUES ('201504270000070001', '50', '0', '0.04', '1', '1', '2015-05-27 16:18:40', 'repaying', null, '20150427000007', '0');
INSERT INTO `invest_repay` VALUES ('201504270000080001', '50', '0', '0.05', '3', '1', '2015-04-30 16:32:23', 'repaying', null, '20150427000008', '0.01');
INSERT INTO `invest_repay` VALUES ('201504270000100001', '25', '0', '0.02', '3', '1', '2015-04-30 16:32:23', 'repaying', null, '20150427000010', '0');
INSERT INTO `invest_repay` VALUES ('201504270000110001', '25', '0', '0.02', '3', '1', '2015-04-30 16:32:23', 'repaying', null, '20150427000011', '0');
INSERT INTO `invest_repay` VALUES ('201504270000130001', '70', '0', '0.7', '1', '1', '2015-05-27 17:33:16', 'repaying', null, '20150427000013', '0');
INSERT INTO `invest_repay` VALUES ('201504270000140001', '30', '0', '0.3', '1', '1', '2015-05-27 17:42:11', 'repaying', null, '20150427000014', '0');
INSERT INTO `invest_repay` VALUES ('201504270000150001', '0', '0', '3.45', '1', '1', '2015-05-27 17:44:42', 'complete', '2015-04-27 17:55:27', '20150427000015', '0.35');
INSERT INTO `invest_repay` VALUES ('201504270000150002', '0', '0', '3.57', '1', '2', '2015-06-27 17:44:42', 'complete', '2015-04-27 17:56:43', '20150427000015', '0.36');
INSERT INTO `invest_repay` VALUES ('201504270000150003', '30', '0', '3.45', '1', '3', '2015-07-27 17:44:42', 'complete', '2015-04-27 17:56:43', '20150427000015', '0.35');
INSERT INTO `invest_repay` VALUES ('201504270000160001', '0', '0', '6.9', '1', '1', '2015-05-27 17:44:42', 'complete', '2015-04-27 17:55:27', '20150427000016', '0.69');
INSERT INTO `invest_repay` VALUES ('201504270000160002', '0', '0', '7.13', '1', '2', '2015-06-27 17:44:42', 'complete', '2015-04-27 17:56:43', '20150427000016', '0.71');
INSERT INTO `invest_repay` VALUES ('201504270000160003', '60', '0', '6.9', '1', '3', '2015-07-27 17:44:42', 'complete', '2015-04-27 17:56:43', '20150427000016', '0.69');
INSERT INTO `invest_repay` VALUES ('201504270000170001', '30', '0', '0.58', '5', '1', '2015-05-02 18:05:33', 'repaying', null, '20150427000017', '0.06');
INSERT INTO `invest_repay` VALUES ('201504270000180001', '60', '0', '1.15', '5', '1', '2015-05-02 18:05:33', 'repaying', null, '20150427000018', '0.12');
INSERT INTO `invest_repay` VALUES ('201504280000010001', '30', '0', '0.3', '1', '1', '2015-05-28 11:20:07', 'repaying', null, '20150428000001', '0');
INSERT INTO `invest_repay` VALUES ('201504280000020001', '25', '0', '0.25', '1', '1', '2015-05-28 11:49:55', 'complete', '2015-04-28 11:58:34', '20150428000002', '0.03');
INSERT INTO `invest_repay` VALUES ('201504280000030001', '50', '0', '0.5', '1', '1', '2015-05-28 11:49:55', 'complete', '2015-04-28 11:58:34', '20150428000003', '0.05');
INSERT INTO `invest_repay` VALUES ('201504280000040001', '25', '0', '0.25', '1', '1', '2015-05-28 11:49:55', 'complete', '2015-04-28 11:58:34', '20150428000004', '0.03');
INSERT INTO `invest_repay` VALUES ('613073f06c0449aebfcad3c43088df92', '0', '0', '18.08', '1', '2', '2015-05-19 16:11:59', 'complete', '2015-03-19 16:18:38', '05b720919c0848b6bb29afa0a2090736', '0');
INSERT INTO `invest_repay` VALUES ('68ccbbc4d6dd4c5e81d9af3bbac741bc', '0', '0', '18.08', '1', '4', '2015-07-19 16:11:59', 'complete', '2015-03-19 16:18:38', '05b720919c0848b6bb29afa0a2090736', '0');
INSERT INTO `invest_repay` VALUES ('95a754ced3c44e538af23d919a55ee56', '0', '0', '18.69', '1', '5', '2015-08-19 16:11:59', 'complete', '2015-03-19 16:18:38', '05b720919c0848b6bb29afa0a2090736', '0');

-- ----------------------------
-- Table structure for `invest_transfer`
-- ----------------------------
DROP TABLE IF EXISTS `invest_transfer`;
CREATE TABLE `invest_transfer` (
  `id` varchar(32) NOT NULL,
  `apply_time` datetime DEFAULT NULL,
  `corpus` double DEFAULT NULL,
  `deadline` datetime DEFAULT NULL,
  `interest` double DEFAULT NULL,
  `paid_corpus` double DEFAULT NULL,
  `paid_interest` double DEFAULT NULL,
  `paid_penalty` decimal(10,2) DEFAULT '0.00',
  `status` varchar(255) DEFAULT NULL,
  `time` datetime DEFAULT NULL,
  `transfer_money` double DEFAULT NULL,
  `transfer_rate` double DEFAULT NULL,
  `invest_id` varchar(32) DEFAULT NULL,
  `user_id` varchar(32) DEFAULT NULL,
  PRIMARY KEY (`id`),
  UNIQUE KEY `id` (`id`) USING BTREE,
  KEY `FKC787ECF52A334343` (`user_id`) USING BTREE,
  KEY `FKC787ECF5C736B472` (`invest_id`) USING BTREE,
  CONSTRAINT `invest_transfer_ibfk_1` FOREIGN KEY (`invest_id`) REFERENCES `invest` (`id`),
  CONSTRAINT `invest_transfer_ibfk_2` FOREIGN KEY (`user_id`) REFERENCES `user` (`id`)
) ENGINE=InnoDB DEFAULT CHARSET=utf8;

-- ----------------------------
-- Records of invest_transfer
-- ----------------------------

-- ----------------------------
-- Table structure for `language`
-- ----------------------------
DROP TABLE IF EXISTS `language`;
CREATE TABLE `language` (
  `id` varchar(32) NOT NULL,
  `name` varchar(50) DEFAULT NULL,
  `enable` varchar(1) DEFAULT NULL,
  `url_role` varchar(100) DEFAULT NULL COMMENT '通过一定的url访问，一定是这个语言的中文\r\n            ',
  `country` varchar(50) DEFAULT NULL,
  PRIMARY KEY (`id`)
) ENGINE=InnoDB DEFAULT CHARSET=utf8;

-- ----------------------------
-- Records of language
-- ----------------------------
INSERT INTO `language` VALUES ('fr_FR', 'France', '1', '', 'France(French)');
INSERT INTO `language` VALUES ('zh_CN', 'China', '1', '', '中国(中文)');

-- ----------------------------
-- Table structure for `level_for_user`
-- ----------------------------
DROP TABLE IF EXISTS `level_for_user`;
CREATE TABLE `level_for_user` (
  `id` varchar(32) NOT NULL,
  `description` text,
  `min_point_limit` int(11) DEFAULT NULL,
  `name` varchar(100) NOT NULL,
  `price` double DEFAULT NULL,
  `validity_period` bigint(20) DEFAULT NULL,
  `point_value` int(11) DEFAULT NULL,
  `level` varchar(255) DEFAULT NULL,
  `seq_num` int(11) DEFAULT NULL,
  PRIMARY KEY (`id`),
  UNIQUE KEY `id` (`id`) USING BTREE
) ENGINE=InnoDB DEFAULT CHARSET=utf8;

-- ----------------------------
-- Records of level_for_user
-- ----------------------------

-- ----------------------------
-- Table structure for `lianxiren`
-- ----------------------------
DROP TABLE IF EXISTS `lianxiren`;
CREATE TABLE `lianxiren` (
  `id` varchar(32) NOT NULL,
  `city` varchar(100) DEFAULT NULL,
  `createTime` datetime DEFAULT NULL,
  `email` varchar(100) DEFAULT NULL,
  `name` varchar(50) DEFAULT NULL,
  `phone` varchar(50) DEFAULT NULL,
  `remarks` varchar(500) DEFAULT NULL,
  `status` varchar(50) DEFAULT NULL,
  `type` varchar(50) DEFAULT NULL,
  PRIMARY KEY (`id`)
) ENGINE=InnoDB DEFAULT CHARSET=utf8;

-- ----------------------------
-- Records of lianxiren
-- ----------------------------

-- ----------------------------
-- Table structure for `link`
-- ----------------------------
DROP TABLE IF EXISTS `link`;
CREATE TABLE `link` (
  `id` varchar(32) NOT NULL DEFAULT '',
  `name` varchar(50) DEFAULT NULL,
  `type` varchar(32) NOT NULL,
  `url` varchar(500) NOT NULL,
  `logo` varchar(500) DEFAULT NULL,
  `description` varchar(1000) DEFAULT NULL,
  `master_email` varchar(500) DEFAULT NULL,
  `position` varchar(100) DEFAULT NULL,
  `status` varchar(50) NOT NULL,
  `seq_num` int(11) DEFAULT NULL,
  PRIMARY KEY (`id`),
  KEY `link_linkType` (`type`) USING BTREE,
  CONSTRAINT `link_ibfk_1` FOREIGN KEY (`type`) REFERENCES `link_type` (`id`)
) ENGINE=InnoDB DEFAULT CHARSET=utf8;

-- ----------------------------
-- Records of link
-- ----------------------------
INSERT INTO `link` VALUES ('adf', 'asdf', 'home', 'http://asdfasdf', '/upload/20141218/85211418894243890.jpg', 'asdfasdf', 'asdf', 'FRONT', '1', '0');
INSERT INTO `link` VALUES ('bjjinding', '天凯集团', 'home', 'http://www.winskygroup.com/', '/upload/20141217/37561418814087691.png', '', '', 'FRONT', '1', '1');
INSERT INTO `link` VALUES ('gtja', '国泰金安', 'home', 'http://www.918jin.com', '/upload/20141217/66821418814099037.png', '国泰金安', '', 'FRONT', '1', '0');
INSERT INTO `link` VALUES ('scjt', '新浪支付', 'home', 'http://pay.sina.com.cn/', '/upload/20141217/96291418814120649.png', '', '', 'FRONT', '1', '0');
INSERT INTO `link` VALUES ('sdasdfasd', 'sadfasdf', 'home', 'http://asdf', '/upload/20141218/29341418894610539.jpg', 'afsdf', 'asdf', 'FRONT', '1', '0');
INSERT INTO `link` VALUES ('shaocheng', '少城集团', 'home', 'http://www.shaocheng.com/', '/upload/20141217/90201418814133519.png', '', '', 'FRONT', '1', '0');
INSERT INTO `link` VALUES ('xinlang', 'https://pay.sina.com.cn/zjtg', 'home', 'https://pay.sina.com.cn/zjtg', '/upload/20141217/17531418814143139.png', '', '', 'FRONT', '1', '0');
INSERT INTO `link` VALUES ('xmtk', '厦门天凯', 'home', 'http://www.xmskywin.com/', '/upload/20141217/9911418814153406.png', '', '', 'FRONT', '1', '1');

-- ----------------------------
-- Table structure for `link_type`
-- ----------------------------
DROP TABLE IF EXISTS `link_type`;
CREATE TABLE `link_type` (
  `id` varchar(32) NOT NULL,
  `name` varchar(20) DEFAULT NULL,
  `description` varchar(500) DEFAULT NULL,
  PRIMARY KEY (`id`)
) ENGINE=InnoDB DEFAULT CHARSET=utf8;

-- ----------------------------
-- Records of link_type
-- ----------------------------
INSERT INTO `link_type` VALUES ('home', '首页链接', '');

-- ----------------------------
-- Table structure for `loan`
-- ----------------------------
DROP TABLE IF EXISTS `loan`;
CREATE TABLE `loan` (
  `id` varchar(32) NOT NULL,
  `actual_rate` double DEFAULT NULL,
  `business_type` varchar(20) DEFAULT NULL,
  `cancel_time` datetime DEFAULT NULL,
  `cardinal_number` double DEFAULT NULL,
  `commit_time` datetime DEFAULT NULL,
  `company_description` longtext,
  `company_name` text,
  `companyno` varchar(255) DEFAULT NULL,
  `complete_time` datetime DEFAULT NULL,
  `contract_type` text,
  `custom_picture` text,
  `deadline` int(11) DEFAULT NULL,
  `deposit` double DEFAULT NULL,
  `description` longtext,
  `expect_time` datetime DEFAULT NULL,
  `fee_on_repay` double DEFAULT NULL,
  `fund_description` longtext,
  `give_money_time` datetime DEFAULT NULL,
  `guarantee_company_description` longtext,
  `guarantee_company_name` text,
  `guarantee_info_description` longtext,
  `has_pawn` varchar(10) DEFAULT NULL,
  `interest_begin_time` datetime DEFAULT NULL,
  `investor_fee_rate` double DEFAULT NULL,
  `loan_gurantee_fee` double DEFAULT NULL,
  `loan_instruction` longtext,
  `loan_money` double DEFAULT NULL,
  `loan_purpose` varchar(500) DEFAULT NULL,
  `location` text,
  `min_invest_money` double DEFAULT NULL,
  `money` double DEFAULT NULL,
  `name` varchar(100) DEFAULT NULL,
  `overdue_info` varchar(100) DEFAULT NULL,
  `pawn` varchar(200) DEFAULT NULL,
  `pawn_name` varchar(200) DEFAULT NULL,
  `policy_description` longtext,
  `rate` double DEFAULT NULL,
  `repay_day` datetime DEFAULT NULL,
  `repay_period` varchar(50) DEFAULT NULL,
  `repay_type` varchar(100) DEFAULT NULL,
  `risk_description` longtext,
  `risk_instruction` longtext,
  `risk_level` varchar(50) DEFAULT NULL,
  `seq_num` int(11) DEFAULT NULL,
  `status` varchar(50) DEFAULT NULL,
  `verified` varchar(32) DEFAULT NULL,
  `verify_message` varchar(500) DEFAULT NULL,
  `verify_time` datetime DEFAULT NULL,
  `video_id` varchar(255) DEFAULT NULL,
  `type` varchar(32) DEFAULT NULL,
  `user_id` varchar(32) DEFAULT NULL,
  `verify_user_id` varchar(32) DEFAULT NULL,
  `max_invest_money` double DEFAULT NULL,
  `order_code` varchar(50) DEFAULT NULL,
  `transfer_type` text,
  `rate_iboi` double DEFAULT NULL,
  `loan_activity_type` varchar(255) DEFAULT NULL,
  `invest_password` varchar(20) DEFAULT NULL,
  `jk_rate` double NOT NULL,
  `hd_rate` double DEFAULT NULL,
  PRIMARY KEY (`id`),
  KEY `FK32C4F0D533E97D` (`verify_user_id`) USING BTREE,
  KEY `FK32C4F02A334343` (`user_id`) USING BTREE,
  CONSTRAINT `loan_ibfk_1` FOREIGN KEY (`user_id`) REFERENCES `user` (`id`),
  CONSTRAINT `loan_ibfk_2` FOREIGN KEY (`verify_user_id`) REFERENCES `user` (`id`)
) ENGINE=InnoDB DEFAULT CHARSET=utf8;

-- ----------------------------
-- Records of loan
-- ----------------------------
INSERT INTO `loan` VALUES ('20150317000001', null, '个人借款', null, '1', '2015-03-17 11:28:22', '', null, null, null, 'quartet_contract', '', '12', '0', '<p>1定向标测试</p>', '2015-03-18 00:00:00', '0', null, null, '', null, null, null, null, '0', '0', null, '10000', '', null, '50', '0', '1定向标测试', null, null, null, null, '0.12', null, null, null, null, null, 'AAA', '0', 'recheck', '通过', '1定向标测试', '2015-03-17 11:28:38', null, 'loan_type_2', 'tuotian', 'admin', '99999999', null, 'transfer_type', null, 'dx', '123abc', '0.12', '0');
INSERT INTO `loan` VALUES ('20150317000002', null, '个人借款', null, '1', '2015-03-17 11:29:02', '', null, null, '2015-03-18 16:33:06', 'quartet_contract', '', '11', '0', '<p>http://121.40.56.224/http://121.40.56.224/http://121.40.56.224/http://121.40.56.224/http://121.40.56.224/http://121.40.56.224/http://121.40.56.224/http://121.40.56.224/http://121.40.56.224/http://121.40.56.224/http://121.40.56.224/http://121.40.56.224/http://121.40.56.224/http://121.40.56.224/http://121.40.56.224/</p>', '2015-03-21 00:00:00', '0', null, '2015-03-17 11:35:33', '', '3', null, null, '2015-03-17 11:35:33', '0', '0', null, '200000', '', null, '50', '200000', '首页标的', null, null, null, null, '0.1', null, null, null, null, null, 'AAA', '0', 'complete', '通过', '', '2015-03-17 11:29:10', null, 'loan_type_2', 'tuotian', 'admin', '99999999', null, 'transfer_type', null, 'pt', '0', '0.1', '0');
INSERT INTO `loan` VALUES ('20150317000003', null, '个人借款', null, '1', '2015-03-17 11:40:20', '<p>新手标的新手标的新手标的新手标的新手标的新手标的新手标的新手标的新手标的新手标的新手标的新手标的新手标的新手标的新手标的新手标的新手标的新手标的新手标的新手标的新手标的新手标的新手标的新手标的新手标的新手标的新手标的新手标的新手标的新手标的新手标的新手标的新手标的新手标的新手标的新手标的</p>', null, null, null, 'quartet_contract', '', '12', '0', '<p>新手标的新手标的新手标的新手标的新手标的新手标的新手标的新手标的新手标的新手标的新手标的新手标的新手标的新手标的新手标的新手标的新手标的新手标的</p>', '2015-03-22 00:00:00', '0', null, null, '<p>新手标的新手标的新手标的新手标的新手标的新手标的新手标的新手标的新手标的新手标的新手标的新手标的新手标的新手标的新手标的新手标的新手标的新手标的新手标的新手标的新手标的新手标的新手标的新手标的新手标的新手标的新手标的新手标的新手标的新手标的新手标的新手标的新手标的新手标的新手标的新手标的新手标的新手标的新手标的新手标的新手标的新手标的新手标的新手标的新手标的新手标的新手标的新手标的新手标的新手标的新手标的新手标的新手标的新手标的</p>', '99', null, null, null, '0', '0', null, '10000', '', null, '50', '0', '测试1-新手标的', null, null, null, null, '0.11', null, null, null, null, null, 'AAA', '0', 'recheck', '通过', '', '2015-03-17 11:40:34', null, 'loan_type_2', 'admin', 'admin', '99999999', null, 'transfer_type', null, 'xs', '0', '0.11', '0');
INSERT INTO `loan` VALUES ('20150317000004', null, '个人借款', null, '1', '2015-03-17 11:41:20', '', null, null, null, 'quartet_contract', '', '5', '0', '<p>的鬼地方和大黄蜂该减肥减肥</p>', '2015-03-21 00:00:00', '0', null, null, '', '99', null, null, null, '0', '0', null, '20000', '', null, '50', '0', '加息标的', null, null, null, null, '0.1', null, null, null, null, null, 'AAA', '0', 'recheck', '通过', '', '2015-03-17 11:42:04', null, 'loan_type_2', 'admin', 'admin', '99999999', null, 'transfer_type', null, 'jx', '0', '0.1', '0');
INSERT INTO `loan` VALUES ('20150318000005', null, '个人借款', null, '1', '2015-03-18 15:11:57', '', null, null, null, 'quartet_contract', '', '11', '0', '', '2015-03-22 00:00:00', '0', null, '2015-03-18 15:15:38', '', '99', null, null, '2015-03-18 15:15:38', '0', '0', null, '2000', '', null, '50', '2000', '眼保健操', null, null, null, null, '0.1', null, null, null, null, null, 'AAA', '0', 'repaying', '通过', '', '2015-03-18 15:12:34', null, 'loan_type_3', 'tuotian', 'admin', '99999999', null, 'transfer_type', null, 'jx', '0', '0.1', '0');
INSERT INTO `loan` VALUES ('20150318000006', null, '个人借款', null, '1', '2015-03-18 15:20:51', '<p>普通标的-1普通标的-1普通标的-1普通标的-1普通标的-1普通标的-1普通标的-1普通标的-1普通标的-1普通标的-1普通标的-1普通标的-1普通标的-1普通标的-1普通标的-1普通标的-1普通标的-1普通标的-1普通标的-1普通标的-1普通标的-1普通标的-1普通标的-1普通标的-1普通标的-1普通标的-1普通标的-1普通标的-1普通标的-1普通标的-1普通标的-1普通标的-1普通标的-1普通标的-1普通标的-1普通标的-1普通标的-1普通标的-1普通标的-1普通标的-1普通标的-1普通标的-1普通标的-1普通标的-1普通标的-1普通标的-1普通标的-1普通标的-1普通标的-1普通标的-1普通标的-1普通标的-1普通标的-1普通标的-1普通标的-1普通标的-1普通标的-1普通标的-1普通标的-1普通标的-1普通标的-1普通标的-1普通标的-1普通标的-1普通标的-1普通标的-1普通标的-1普通标的-1普通标的-1普通标的-1普通标的-1普通标的-1普通标的-1普通标的-1普通标的-1普通标的-1普通标的-1普通标的-1普通标的-1普通标的-1普通标的-1普通标的-1普通标的-1普通标的-1普通标的-1普通标的-1普通标的-1普通标的-1普通标的-1普通标的-1普通标的-1普通标的-1普通标的-1普通标的-1普通标的-1普通标的-1普通标的-1普通标的-1普通标的-1普通标的-1普通标的-1普通标的-1普通标的-1普通标的-1普通标的-1普通标的-1普通标的-1普通标的-1普通标的-1普通标的-1普通标的-1普通标的-1普通标的-1普通标的-1普通标的-1普通标的-1普通标的-1普通标的-1普通标的-1普通标的-1普通标的-1普通标的-1普通标的-1普通标的-1普通标的-1普通标的-1普通标的-1普通标的-1普通标的-1普通标的-1普通标的-1普通标的-1普通标的-1普通标的-1普通标的-1普通标的-1普通标的-1普通标的-1普通标的-1普通标的-1普通标的-1普通标的-1普通标的-1普通标的-1普通标的-1普通标的-1普通标的-1普通标的-1普通标的-1普通标的-1普通标的-1普通标的-1普通标的-1普通标的-1普通标的-1普通标的-1普通标的-1普通标的-1普通标的-1普通标的-1</p>', null, null, null, 'quartet_contract', '', '6', '0', '<p>普通标的-1普通标的-1普通标的-1普通标的-1普通标的-1普通标的-1普通标的-1普通标的-1普通标的-1普通标的-1普通标的-1普通标的-1普通标的-1普通标的-1普通标的-1普通标的-1普通标的-1普通标的-1普通标的-1普通标的-1普通标的-1普通标的-1普通标的-1普通标的-1普通标的-1普通标的-1普通标的-1普通标的-1普通标的-1普通标的-1普通标的-1普通标的-1普通标的-1普通标的-1普通标的-1普通标的-1普通标的-1普通标的-1普通标的-1普通标的-1普通标的-1普通标的-1普通标的-1普通标的-1普通标的-1普通标的-1普通标的-1普通标的-1普通标的-1普通标的-1普通标的-1普通标的-1普通标的-1普通标的-1普通标的-1普通标的-1普通标的-1普通标的-1普通标的-1普通标的-1普通标的-1普通标的-1普通标的-1普通标的-1普通标的-1普通标的-1普通标的-1普通标的-1普通标的-1普通标的-1普通标的-1普通标的-1普通标的-1普通标的-1普通标的-1普通标的-1普通标的-1普通标的-1普通标的-1普通标的-1</p>', '2015-03-22 00:00:00', '0', null, null, '', '99', null, null, null, '0', '0', null, '10000', '', null, '50', '0', '普通标的-0318', null, null, null, null, '0.11', null, null, null, null, null, 'AAA', '0', 'recheck', '通过', '', '2015-03-18 15:24:47', null, 'loan_type_1', 'tuotian', 'admin', '99999999', null, 'transfer_type', null, 'pt', '1111', '0.11', '0');
INSERT INTO `loan` VALUES ('20150318000007', null, '个人借款', null, '1', '2015-03-18 15:21:51', '', null, null, null, 'quartet_contract', '', '6', '0', '<p>普通标的-1普通标的-1普通标的-1普通标的-1普通标的-1普通标的-1普通标的-1普通标的-1普通标的-1普通标的-1普通标的-1普通标的-1普通标的-1普通标的-1普通标的-1普通标的-1普通标的-1普通标的-1普通标的-1普通标的-1普通标的-1普通标的-1普通标的-1普通标的-1普通标的-1普通标的-1普通标的-1普通标的-1普通标的-1普通标的-1普通标的-1普通标的-1普通标的-1普通标的-1普通标的-1普通标的-1普通标的-1普通标的-1普通标的-1普通标的-1普通标的-1普通标的-1普通标的-1普通标的-1普通标的-1普通标的-1普通标的-1普通标的-1普通标的-1普通标的-1普通标的-1普通标的-1普通标的-1普通标的-1普通标的-1普通标的-1普通标的-1普通标的-1普通标的-1普通标的-1普通标的-1普通标的-1普通标的-1普通标的-1普通标的-1普通标的-1普通标的-1普通标的-1普通标的-1普通标的-1普通标的-1普通标的-1普通标的-1普通标的-1普通标的-1普通标的-1普通标的-1普通标的-1普通标的-1普通标的-1普通标的-1普通标的-1普通标的-1普通标的-1普通标的-1普通标的-1普通标的-1普通标的-1普通标的-1普通标的-1普通标的-1普通标的-1普通标的-1普通标的-1普通标的-1普通标的-1普通标的-1普通标的-1普通标的-1普通标的-1普通标的-1普通标的-1普通标的-1普通标的-1普通标的-1普通标的-1普通标的-1普通标的-1普通标的-1普通标的-1普通标的-1普通标的-1普通标的-1普通标的-1普通标的-1普通标的-1普通标的-1普通标的-1普通标的-1普通标的-1普通标的-1普通标的-1普通标的-1普通标的-1普通标的-1普通标的-1普通标的-1普通标的-1普通标的-1普通标的-1普通标的-1普通标的-1普通标的-1普通标的-1普通标的-1普通标的-1普通标的-1普通标的-1普通标的-1普通标的-1普通标的-1普通标的-1普通标的-1普通标的-1普通标的-1普通标的-1普通标的-1普通标的-1普通标的-1普通标的-1普通标的-1普通标的-1普通标的-1普通标的-1普通标的-1普通标的-1普通标的-1普通标的-1普通标的-1普通标的-1</p>', '2015-03-22 00:00:00', '0', null, null, '', null, null, null, null, '0', '0', null, '2000', '', null, '50', '0', '新手标的-0318', null, null, null, null, '0.1', null, null, null, null, null, 'AAA', '0', 'recheck', '通过', '', '2015-03-18 15:24:29', null, 'loan_type_1', 'tuotian', 'admin', '99999999', null, 'transfer_type', null, 'xs', '1111', '0.1', '0');
INSERT INTO `loan` VALUES ('20150318000008', null, '个人借款', null, '1', '2015-03-18 15:22:47', '', null, null, null, 'quartet_contract', '', '6', '0', '<p>普通标的-1普通标的-1普通标的-1普通标的-1普通标的-1普通标的-1普通标的-1普通标的-1普通标的-1普通标的-1普通标的-1普通标的-1普通标的-1普通标的-1普通标的-1普通标的-1普通标的-1普通标的-1普通标的-1普通标的-1普通标的-1普通标的-1普通标的-1普通标的-1普通标的-1普通标的-1普通标的-1普通标的-1普通标的-1普通标的-1普通标的-1普通标的-1普通标的-1普通标的-1普通标的-1普通标的-1普通标的-1普通标的-1普通标的-1普通标的-1普通标的-1普通标的-1普通标的-1普通标的-1普通标的-1普通标的-1普通标的-1普通标的-1普通标的-1普通标的-1普通标的-1普通标的-1普通标的-1普通标的-1普通标的-1普通标的-1普通标的-1普通标的-1普通标的-1普通标的-1普通标的-1普通标的-1普通标的-1普通标的-1普通标的-1普通标的-1普通标的-1普通标的-1普通标的-1普通标的-1普通标的-1普通标的-1普通标的-1普通标的-1普通标的-1普通标的-1普通标的-1普通标的-1普通标的-1普通标的-1</p>', '2015-03-22 00:00:00', '0', null, null, '', null, null, null, null, '0', '0', null, '3000', '', null, '50', '0', '加息标的-0318', null, null, null, null, '0.1', null, null, null, null, null, 'AAA', '0', 'recheck', '通过', '', '2015-03-18 15:24:20', null, 'loan_type_1', 'tuotian', 'admin', '99999999', null, 'transfer_type', null, 'jx', '1111', '0.1', '0');
INSERT INTO `loan` VALUES ('20150318000009', null, '个人借款', null, '1', '2015-03-18 15:23:48', '', null, null, null, 'quartet_contract', '', '6', '0', '<p>普通标的-1普通标的-1普通标的-1普通标的-1普通标的-1普通标的-1普通标的-1普通标的-1普通标的-1普通标的-1普通标的-1普通标的-1普通标的-1普通标的-1普通标的-1普通标的-1普通标的-1普通标的-1普通标的-1普通标的-1普通标的-1普通标的-1普通标的-1普通标的-1普通标的-1普通标的-1普通标的-1普通标的-1普通标的-1普通标的-1普通标的-1普通标的-1普通标的-1普通标的-1普通标的-1普通标的-1普通标的-1普通标的-1普通标的-1普通标的-1普通标的-1普通标的-1普通标的-1普通标的-1普通标的-1普通标的-1普通标的-1普通标的-1普通标的-1普通标的-1普通标的-1普通标的-1普通标的-1普通标的-1普通标的-1普通标的-1普通标的-1普通标的-1普通标的-1普通标的-1普通标的-1普通标的-1普通标的-1普通标的-1普通标的-1普通标的-1普通标的-1普通标的-1普通标的-1普通标的-1普通标的-1普通标的-1普通标的-1普通标的-1普通标的-1普通标的-1普通标的-1普通标的-1普通标的-1普通标的-1普通标的-1普通标的-1普通标的-1普通标的-1普通标的-1普通标的-1普通标的-1普通标的-1普通标的-1普通标的-1普通标的-1普通标的-1普通标的-1普通标的-1普通标的-1普通标的-1普通标的-1普通标的-1普通标的-1普通标的-1普通标的-1普通标的-1普通标的-1普通标的-1普通标的-1普通标的-1普通标的-1普通标的-1普通标的-1普通标的-1普通标的-1普通标的-1普通标的-1普通标的-1普通标的-1普通标的-1普通标的-1普通标的-1普通标的-1普通标的-1普通标的-1普通标的-1普通标的-1普通标的-1普通标的-1普通标的-1普通标的-1普通标的-1普通标的-1普通标的-1普通标的-1普通标的-1普通标的-1普通标的-1普通标的-1普通标的-1普通标的-1普通标的-1普通标的-1普通标的-1普通标的-1普通标的-1普通标的-1普通标的-1普通标的-1普通标的-1普通标的-1普通标的-1普通标的-1普通标的-1普通标的-1普通标的-1普通标的-1普通标的-1普通标的-1普通标的-1普通标的-1普通标的-1普通标的-1普通标的-1</p>', '2015-03-22 00:00:00', '0', null, null, '', null, null, null, null, '0', '0', null, '4000', '', null, '50', '0', '定向标的-0318', null, null, null, null, '0.1', null, null, null, null, null, 'AAA', '0', 'recheck', '通过', '', '2015-03-18 15:24:07', null, 'loan_type_1', 'tuotian', 'admin', '99999999', null, 'transfer_type', null, 'dx', '1111', '0.1', '0');
INSERT INTO `loan` VALUES ('20150318000010', null, '个人借款', null, '1', '2015-03-18 16:15:47', '', null, null, null, 'quartet_contract', '', '6', '0', '', '2015-03-22 00:00:00', '0', null, '2015-04-03 14:28:51', '', null, null, null, '2015-04-03 14:28:51', '0', '0', null, '100000', '', null, '50', '1000', '自动投标', null, null, null, null, '0.1', null, null, null, null, null, 'AAA', '0', 'repaying', '通过', '', '2015-03-18 16:16:27', null, 'loan_type_3', 'admin', 'admin', '99999999', null, 'transfer_type', null, 'dx', '1111', '0.1', '0');
INSERT INTO `loan` VALUES ('20150318000011', null, '个人借款', null, '1', '2015-03-18 16:20:03', '', null, null, null, 'quartet_contract', '', '6', '0', '', '2015-03-22 00:00:00', '0', null, '2015-04-03 14:27:34', '', null, null, null, '2015-04-03 14:27:34', '0', '0', null, '2000', '', null, '100', '1000', '新手自动投标', null, null, null, null, '0.1', null, null, null, null, null, 'AAA', '0', 'repaying', '通过', '', '2015-03-18 16:20:28', null, 'loan_type_3', 'admin', 'admin', '99999999', null, 'transfer_type', null, 'xs', '0', '0.1', '0');
INSERT INTO `loan` VALUES ('20150318000012', null, '个人借款', null, '1', '2015-03-18 16:27:14', '<p>测试企业信息</p>', null, null, null, 'quartet_contract', '', '6', '0', '<p>测试描述</p>', '2015-03-22 00:00:00', '0', null, '2015-04-03 14:26:40', '<p>测试担保详情</p>', null, null, null, '2015-04-03 14:26:40', '0', '0', null, '2000', '', null, '50', '1000', '新手标的-自动投标-0318', null, null, null, null, '0.1', null, null, null, null, null, 'AAA', '0', 'repaying', '通过', '', '2015-03-18 16:27:20', null, 'loan_type_3', 'admin', 'admin', '99999999', null, 'transfer_type', null, 'xs', '0', '0.1', '0');
INSERT INTO `loan` VALUES ('20150319000013', null, '个人借款', null, '1', '2015-03-19 16:10:32', '<p>测试流程-0319测试流程-0319测试流程-0319测试流程-0319测试流程-0319测试流程-0319测试流程-0319测试流程-0319测试流程-0319测试流程-0319测试流程-0319测试流程-0319测试流程-0319测试流程-0319测试流程-0319测试流程-0319测试流程-0319测试流程-0319测试流程-0319测试流程-0319测试流程-0319测试流程-0319测试流程-0319测试流程-0319测试流程-0319测试流程-0319测试流程-0319测试流程-0319测试流程-0319测试流程-0319测试流程-0319测试流程-0319测试流程-0319测试流程-0319测试流程-0319测试流程-0319</p>', null, null, '2015-03-19 16:18:38', 'quartet_contract', '', '6', '0', '<p>测试流程-0319测试流程-0319测试流程-0319测试流程-0319测试流程-0319测试流程-0319测试流程-0319测试流程-0319测试流程-0319测试流程-0319测试流程-0319测试流程-0319</p>', '2015-03-27 00:00:00', '0', null, '2015-03-19 16:11:59', '<p>测试流程-0319测试流程-0319测试流程-0319测试流程-0319测试流程-0319测试流程-0319测试流程-0319测试流程-0319测试流程-0319测试流程-0319测试流程-0319测试流程-0319测试流程-0319测试流程-0319测试流程-0319测试流程-0319测试流程-0319测试流程-0319测试流程-0319测试流程-0319测试流程-0319测试流程-0319测试流程-0319测试流程-0319测试流程-0319测试流程-0319测试流程-0319测试流程-0319测试流程-0319测试流程-0319测试流程-0319测试流程-0319测试流程-0319测试流程-0319测试流程-0319测试流程-0319</p>', '99', null, null, '2015-03-19 16:11:59', '0', '0', null, '3000', '', null, '50', '3000', '测试流程-0319', null, null, null, null, '0.1', null, null, null, null, null, 'AAA', '0', 'complete', '通过', '', '2015-03-19 16:11:05', null, 'loan_type_3', 'tuotian', 'admin', '99999999', null, 'transfer_type', null, 'pt', '0', '0.1', '0');
INSERT INTO `loan` VALUES ('20150319000014', null, '个人借款', null, '1', '2015-03-19 17:05:19', '<p>逾期罚息逾期罚息逾期罚息逾期罚息逾期罚息逾期罚息逾期罚息逾期罚息逾期罚息逾期罚息逾期罚息逾期罚息逾期罚息逾期罚息逾期罚息逾期罚息逾期罚息逾期罚息逾期罚息逾期罚息</p>', null, null, null, 'quartet_contract', '', '6', '0', '<p>逾期罚息逾期罚息逾期罚息逾期罚息逾期罚息逾期罚息逾期罚息逾期罚息逾期罚息逾期罚息逾期罚息逾期罚息逾期罚息逾期罚息逾期罚息逾期罚息逾期罚息逾期罚息逾期罚息逾期罚息逾期罚息逾期罚息逾期罚息逾期罚息逾期罚息逾期罚息逾期罚息逾期罚息逾期罚息逾期罚息逾期罚息逾期罚息逾期罚息逾期罚息逾期罚息逾期罚息逾期罚息逾期罚息逾期罚息逾期罚息逾期罚息逾期罚息逾期罚息逾期罚息逾期罚息逾期罚息逾期罚息</p>', '2015-04-03 16:55:27', '0', null, null, '<p>逾期罚息逾期罚息逾期罚息逾期罚息逾期罚息逾期罚息逾期罚息逾期罚息逾期罚息逾期罚息逾期罚息逾期罚息逾期罚息逾期罚息逾期罚息逾期罚息逾期罚息逾期罚息逾期罚息逾期罚息逾期罚息逾期罚息逾期罚息v</p>', '99', null, null, null, '0', '0', null, '6000', '', null, '50', '0', '测试2-逾期罚息', null, null, null, null, '0.1', null, null, null, null, null, 'AAA', '0', 'recheck', '通过', '', '2015-04-03 16:53:39', null, 'loan_type_2', 'tuotian', 'admin', '99999999', null, 'transfer_type', null, 'dx', '@@@@', '0.1', '0');
INSERT INTO `loan` VALUES ('20150320000015', null, '个人借款', null, '1', '2015-03-20 10:59:46', '', null, null, null, 'quartet_contract', '', '6', '0', '', '2015-03-27 00:00:00', '0', null, '2015-03-20 11:01:49', '', null, null, null, '2015-03-20 11:01:49', '0', '0', null, '2000', '', null, '50', '2000', '统计信息', null, null, null, null, '0.1', null, null, null, null, null, 'AAA', '0', 'repaying', '通过', '', '2015-03-20 11:00:01', null, 'loan_type_2', 'tuotian', 'admin', '99999999', null, 'transfer_type', null, 'dx', '@@@@@', '0.1', '0');
INSERT INTO `loan` VALUES ('20150403000016', null, '个人借款', null, '100', '2015-04-03 17:45:43', '<p>测试 流标项目测试 流标项目测试 流标项目测试 流标项目</p>', null, null, null, 'quartet_contract', '', '6', '0', '<p>测试 流标项目测试 流标项目测试 流标项目测试 流标项目测试 流标项目测试 流标项目</p>', '2015-04-07 11:05:30', '500', null, null, '<p>测试 流标项目测试 流标项目测试 流标项目</p>', '99', null, null, null, '0.2', '500', null, '100000', '测试 流标项目', null, '500', '0', '测试 流标项目', null, null, null, null, '0.16', null, null, null, null, null, 'AAA', '0', 'recheck', '通过', '', '2015-04-03 17:48:15', null, 'loan_type_1', 'seekmm', 'admin', '99999999', null, 'transfer_type', null, 'pt', '0', '0.16', '0');
INSERT INTO `loan` VALUES ('20150407000017', null, '个人借款', null, '1', '2015-04-07 11:52:14', '', null, null, null, 'quartet_contract', '', '6', '0', '<p><span style=\"color: rgb(89, 87, 87); font-family: 微软雅黑, &#39;Microsoft YaHei&#39;, Arial, Helvetica, sans-serif; font-size: 12px; line-height: 24px; background-color: rgb(255, 255, 255);\">1、借款人介绍：</span><br style=\"color: rgb(89, 87, 87); font-family: 微软雅黑, &#39;Microsoft YaHei&#39;, Arial, Helvetica, sans-serif; font-size: 12px; line-height: 24px; white-space: normal; background-color: rgb(255, 255, 255);\"/><span style=\"color: rgb(89, 87, 87); font-family: 微软雅黑, &#39;Microsoft YaHei&#39;, Arial, Helvetica, sans-serif; font-size: 12px; line-height: 24px; background-color: rgb(255, 255, 255);\">1.1借款人在京经营一家电池公司，经公司风控人员上门实地考察；</span><br style=\"color: rgb(89, 87, 87); font-family: 微软雅黑, &#39;Microsoft YaHei&#39;, Arial, Helvetica, sans-serif; font-size: 12px; line-height: 24px; white-space: normal; background-color: rgb(255, 255, 255);\"/><span style=\"color: rgb(89, 87, 87); font-family: 微软雅黑, &#39;Microsoft YaHei&#39;, Arial, Helvetica, sans-serif; font-size: 12px; line-height: 24px; background-color: rgb(255, 255, 255);\">1.2核实客户年流水800万；</span><br style=\"color: rgb(89, 87, 87); font-family: 微软雅黑, &#39;Microsoft YaHei&#39;, Arial, Helvetica, sans-serif; font-size: 12px; line-height: 24px; white-space: normal; background-color: rgb(255, 255, 255);\"/><span style=\"color: rgb(89, 87, 87); font-family: 微软雅黑, &#39;Microsoft YaHei&#39;, Arial, Helvetica, sans-serif; font-size: 12px; line-height: 24px; background-color: rgb(255, 255, 255);\">1.3核实客户月收入9万；</span><br style=\"color: rgb(89, 87, 87); font-family: 微软雅黑, &#39;Microsoft YaHei&#39;, Arial, Helvetica, sans-serif; font-size: 12px; line-height: 24px; white-space: normal; background-color: rgb(255, 255, 255);\"/><span style=\"color: rgb(89, 87, 87); font-family: 微软雅黑, &#39;Microsoft YaHei&#39;, Arial, Helvetica, sans-serif; font-size: 12px; line-height: 24px; background-color: rgb(255, 255, 255);\">2、借款用途：短期资金周转</span><br style=\"color: rgb(89, 87, 87); font-family: 微软雅黑, &#39;Microsoft YaHei&#39;, Arial, Helvetica, sans-serif; font-size: 12px; line-height: 24px; white-space: normal; background-color: rgb(255, 255, 255);\"/><span style=\"color: rgb(89, 87, 87); font-family: 微软雅黑, &#39;Microsoft YaHei&#39;, Arial, Helvetica, sans-serif; font-size: 12px; line-height: 24px; background-color: rgb(255, 255, 255);\">3、借款金额：续借，120万；</span></p>', '2015-04-13 00:00:00', '0', null, null, '', '99', null, null, null, '0.1', '0', null, '5000', '资金周转', null, '50', '0', '第二次测试房产抵押', null, null, null, null, '0.1', null, null, null, null, null, 'A', '0', 'recheck', '通过', '', '2015-04-07 11:53:25', null, 'loan_type_3', 'songyf', 'admin', '99999999', null, 'transfer_type', null, 'xs', '0', '0.1', '0');
INSERT INTO `loan` VALUES ('20150407000018', null, '个人借款', null, '50', '2015-04-07 18:53:41', '<p>注册资金5000万</p>', null, null, null, 'quartet_contract', '/upload/20150407/87291428403544881.jpg', '60', '0', '<p><img title=\"170_看图王.jpg\" src=\"/upload/94061428403521114.jpg\"/></p><p>项目好</p>', null, '10', null, null, '<p>大象公司担保</p>', null, null, null, '2015-04-07 18:52:13', '0.02', '100', null, '2000', '拆迁生意经营资金周转', null, '50', '0', '拆迁生意经营资金周转借款1000，期限2个月', null, null, null, null, '0.15', null, null, null, null, null, 'B', '2', 'verify_fail', '未通过', null, '2015-04-07 18:55:30', null, 'loan_type_5', 'xingditu', 'admin', '99999999', null, 'transfer_type', null, 'pt', null, '0.15', '0');
INSERT INTO `loan` VALUES ('20150408000019', null, '个人借款', null, '1', '2015-04-08 10:48:55', '<p>企业大</p>', null, null, null, 'quartet_contract', '/upload/20150408/19391428461138969.jpg', '2', '100', '<p>项目好</p>', '2015-04-09 00:00:00', '100', null, null, '<p>大象担保</p>', null, null, null, '2015-04-08 10:48:21', '0.02', '100', null, '1000', '资金周转', null, '50', '0', '拆迁生意经营资金周转借款1000', null, null, null, null, '0.1', null, null, null, null, null, 'C', '0', 'recheck', '通过', '', '2015-04-08 10:49:15', null, 'loan_type_4', 'xingditu', 'admin', '99999999', null, 'transfer_type', null, 'pt', '0', '0.1', '0');
INSERT INTO `loan` VALUES ('20150408000020', null, '个人借款', null, '1', '2015-04-08 18:14:06', '', null, null, null, 'quartet_contract', '', '10', '0', '', '2015-04-26 00:00:00', '0', null, null, '', null, null, null, null, '0', '0', null, '1', '', null, '1', '0', 'asdfghj', null, null, null, null, '0.1', null, null, null, null, null, 'AAA', '0', 'waiting_verify', null, null, null, null, 'loan_type_1', 'wangxibao9', null, '99999999', null, 'transfer_type', null, 'pt', '0', '0.1', '0');
INSERT INTO `loan` VALUES ('20150408000021', null, '个人借款', null, '1', '2015-04-08 18:18:17', '', null, null, null, 'quartet_contract', '', '10', '0', '', '2015-04-19 00:00:00', '0', null, null, '', null, null, null, null, '0', '0', null, '10000', '', null, '50', '0', 'asdfghj', null, null, null, null, '0.11', null, null, null, null, null, 'AAA', '0', 'waiting_verify', null, null, null, null, 'loan_type_1', 'wangxibao9', null, '99999999', null, 'transfer_type', null, 'pt', '0', '0.11', '0');
INSERT INTO `loan` VALUES ('20150408000022', null, '个人借款', null, '1', '2015-04-08 18:22:39', '', null, null, null, 'quartet_contract', '', '11', '200', '', null, null, null, null, '', null, null, null, null, null, null, null, '10000', '', null, '50', null, '1234567890', null, null, null, null, '0.1', null, null, null, null, null, null, '0', 'waiting_verify', null, null, null, null, 'loan_type_1', 'admin', null, '99999999', null, null, null, 'pt', '0', '0.1', '0');
INSERT INTO `loan` VALUES ('20150408000023', null, '个人借款', null, '1', '2015-04-08 19:08:14', '', null, null, null, 'quartet_contract', '', '11', '0', '', '2015-04-26 00:00:00', '0', null, null, '', null, null, null, null, '0', '0', null, '10000', '', null, '50', '0', '11111111111111', null, null, null, null, '0.16', null, null, null, null, null, 'AAA', '0', 'recheck', '通过', '', '2015-04-09 09:23:51', null, 'loan_type_2', 'wangxibao9', 'admin', '99999999', null, 'transfer_type', null, 'jx', '0', '0.11', '0.05');
INSERT INTO `loan` VALUES ('20150408000024', null, '个人借款', null, '1', '2015-04-08 20:41:30', '', null, null, null, 'quartet_contract', '', '11', '0', '', '2015-04-30 20:41:20', '0', null, null, '', null, null, null, null, '0', '0', null, '100000', '', null, '50', '0', 'asdfghjkljuytrew', null, null, null, null, '0.12000000000000001', null, null, null, null, null, 'AAA', '0', 'raising', '通过', '', '2015-04-08 20:41:58', null, 'loan_type_2', 'wangxibao9', 'admin', '99999999', null, 'transfer_type', null, 'jx', '0', '0.1', '0.02');
INSERT INTO `loan` VALUES ('20150409000025', null, '个人借款', null, '1', '2015-04-09 09:35:28', null, null, null, null, null, null, '20', '1000', '开到海边载人兜风赚点外快~-~', null, null, null, null, null, null, null, null, null, null, null, null, '50000', '开到海边载人兜风赚点外快~-~', null, '50', null, '买个拖拉机兜风', null, null, null, null, '0.11', null, null, null, null, null, null, '0', 'waiting_verify', null, null, null, null, 'loan_type_1', 'wangxibao9', null, '99999999', null, null, null, 'pt', '0', '0.11', null);
INSERT INTO `loan` VALUES ('20150409000026', null, '个人借款', null, '50', '2015-04-09 11:04:43', '<p>个<br/></p>', null, null, null, 'quartet_contract', '/upload/20150409/74801428546853882.png', '3', '0', '<p>个<br/></p>', '2015-04-10 00:00:00', '10', null, null, '<p>个<br/></p>', null, null, null, '2015-04-09 00:00:00', '0.002', '10', null, '1000', '就', null, '50', '0', '借款项目一', null, null, null, null, '0.16999999999999998', null, null, null, null, null, 'AAA', '0', 'waiting_verify', null, null, null, null, 'loan_type_5', 'wll001', null, '99999999', null, 'transfer_type', null, 'pt', '0', '0.15', '0.02');
INSERT INTO `loan` VALUES ('20150409000027', null, '个人借款', null, '50', '2015-04-09 11:24:07', '', null, null, null, 'quartet_contract', '/upload/20150409/31161428548766094.png', '3', '0', '', '2015-04-10 00:00:00', '0', null, null, '', null, null, null, '2015-04-09 00:00:00', '0', '0', null, '1000', 'ceshi', null, '50', '0', '定向标', null, null, null, null, '0.16', null, null, null, null, null, 'AAA', '12', 'recheck', '通过', '', '2015-04-09 11:27:41', null, 'loan_type_1', 'wll001', 'admin', '99999999', null, 'transfer_type', null, 'dx', '123abc', '0.16', '0');
INSERT INTO `loan` VALUES ('20150409000028', null, '个人借款', null, '50', '2015-04-09 11:47:37', '', null, null, null, 'quartet_contract', '', '30', '0', '', '2015-04-10 00:00:00', '0', null, null, '', null, null, null, '2015-04-09 00:00:00', '0', '0', null, '1000', '', null, '50', '0', '加息标', null, null, null, null, '0.22', null, null, null, null, null, 'AAA', '6', 'recheck', '通过', '', '2015-04-09 11:48:02', null, 'loan_type_2', 'wll001', 'admin', '99999999', null, 'transfer_type', null, 'jx', '0', '0.16', '0.06');
INSERT INTO `loan` VALUES ('20150409000029', null, '个人借款', null, '1', '2015-04-09 14:32:11', '', null, null, null, 'quartet_contract', '', '6', '20', '', null, null, null, null, '', null, null, null, null, null, null, null, '1000', '', null, '50', null, '申请标的真的可以到初审列表中吗', null, null, null, null, '0.1', null, null, null, null, null, null, '0', 'waiting_verify', null, null, null, null, 'loan_type_1', 'jdsb1', null, '99999999', null, null, null, 'pt', '0', '0.1', null);
INSERT INTO `loan` VALUES ('20150409000030', null, '个人借款', null, '1', '2015-04-09 17:03:35', '', null, null, null, 'quartet_contract', '', '11', '0', '', '2015-04-26 00:00:00', '0', null, null, '', null, null, null, null, '0', '0', null, '10000', '', null, '10', '0', 'ceshi------wxb', null, null, null, null, '0.11', null, null, null, null, null, 'AAA', '0', 'waiting_verify', null, null, null, null, 'loan_type_1', 'wangxibao9', null, '99999999', null, 'transfer_type', null, 'pt', '0', '0.11', '0');
INSERT INTO `loan` VALUES ('20150409000031', null, '个人借款', null, '50', '2015-04-09 17:07:18', '<p>测试发项目</p>', null, null, null, 'quartet_contract', '', '1', '0', '<p>测试发项目<br/></p>', '2015-04-24 00:00:00', '0', null, null, '<p>测试发项目</p>', '99', null, null, null, '0.1', '0', null, '100', '测试发项目', null, '50', '0', '拓天002', null, null, null, null, '0.2', null, null, null, null, null, 'AAA', '0', 'recheck', '通过', '', '2015-04-14 14:24:08', null, 'loan_type_2', 'jdsb1', 'admin', '99999999', null, 'transfer_type', null, 'xs', '0', '0.1', '0.1');
INSERT INTO `loan` VALUES ('20150409000032', null, '个人借款', null, '1', '2015-04-09 18:00:36', '', null, null, null, 'quartet_contract', '', '11', '0', '', '2015-04-10 00:00:00', '0', null, null, '', null, null, null, null, '0', '0', null, '10000', '', null, '50', '0', 'DXB', null, null, null, null, '0.11', null, null, null, null, null, 'AAA', '0', 'recheck', '通过', '', '2015-04-09 18:00:52', null, 'loan_type_1', 'wangxibao9', 'admin', '99999999', null, 'transfer_type', null, 'dx', 'DXB', '0.11', '0');
INSERT INTO `loan` VALUES ('20150410000033', null, '个人借款', null, '1', '2015-04-10 09:35:37', '', null, null, null, 'quartet_contract', '', '6', '0', '<p>fsdfsdfds</p>', '2015-04-14 00:00:00', '0', null, null, '', '99', null, null, null, '0', '0', null, '100', '', null, '50', '0', 'fsdf', null, null, null, null, '0.1', null, null, null, null, null, 'AAA', '0', 'recheck', '通过', '', '2015-04-10 09:36:02', null, 'loan_type_1', 'jdsb1', 'admin', '99999999', null, 'transfer_type', null, 'xs', '0', '0.1', '0');
INSERT INTO `loan` VALUES ('20150410000034', null, '个人借款', null, '1', '2015-04-10 09:44:04', '', null, null, null, 'quartet_contract', '', '6', '0', '', '2015-04-12 00:00:00', '0', null, null, '', null, null, null, null, '0', '0', null, '100', '', null, '50', '0', 'sdfdf', null, null, null, null, '0.1', null, null, null, null, null, 'AAA', '0', 'recheck', '通过', '', '2015-04-10 09:44:57', null, 'loan_type_1', 'jdsb1', 'admin', '99999999', null, 'transfer_type', null, 'pt', '0', '0.1', '0');
INSERT INTO `loan` VALUES ('20150410000035', null, '个人借款', null, '1', '2015-04-10 10:42:52', '<p><span style=\"color: rgb(97, 97, 97); font-family: &#39;Helvetica Neue&#39;, Helvetica, Arial, sans-serif; font-size: 12px; background-color: rgb(255, 255, 255);\">等额本息，按月计息，按月还款，放款后生息</span><span style=\"color: rgb(97, 97, 97); font-family: &#39;Helvetica Neue&#39;, Helvetica, Arial, sans-serif; font-size: 12px; background-color: rgb(255, 255, 255);\">等额本息，按月计息，按月还款，放款后生息</span><span style=\"color: rgb(97, 97, 97); font-family: &#39;Helvetica Neue&#39;, Helvetica, Arial, sans-serif; font-size: 12px; background-color: rgb(255, 255, 255);\">等额本息，按月计息，按月还款，放款后生息</span><span style=\"color: rgb(97, 97, 97); font-family: &#39;Helvetica Neue&#39;, Helvetica, Arial, sans-serif; font-size: 12px; background-color: rgb(255, 255, 255);\">等额本息，按月计息，按月还款，放款后生息</span><span style=\"color: rgb(97, 97, 97); font-family: &#39;Helvetica Neue&#39;, Helvetica, Arial, sans-serif; font-size: 12px; background-color: rgb(255, 255, 255);\">等额本息，按月计息，按月还款，放款后生息</span><span style=\"color: rgb(97, 97, 97); font-family: &#39;Helvetica Neue&#39;, Helvetica, Arial, sans-serif; font-size: 12px; background-color: rgb(255, 255, 255);\">等额本息，按月计息，按月还款，放款后生息</span><span style=\"color: rgb(97, 97, 97); font-family: &#39;Helvetica Neue&#39;, Helvetica, Arial, sans-serif; font-size: 12px; background-color: rgb(255, 255, 255);\">等额本息，按月计息，按月还款，放款后生息</span><span style=\"color: rgb(97, 97, 97); font-family: &#39;Helvetica Neue&#39;, Helvetica, Arial, sans-serif; font-size: 12px; background-color: rgb(255, 255, 255);\">等额本息，按月计息，按月还款，放款后生息</span><span style=\"color: rgb(97, 97, 97); font-family: &#39;Helvetica Neue&#39;, Helvetica, Arial, sans-serif; font-size: 12px; background-color: rgb(255, 255, 255);\">等额本息，按月计息，按月还款，放款后生息</span><span style=\"color: rgb(97, 97, 97); font-family: &#39;Helvetica Neue&#39;, Helvetica, Arial, sans-serif; font-size: 12px; background-color: rgb(255, 255, 255);\">等额本息，按月计息，按月还款，放款后生息</span><span style=\"color: rgb(97, 97, 97); font-family: &#39;Helvetica Neue&#39;, Helvetica, Arial, sans-serif; font-size: 12px; background-color: rgb(255, 255, 255);\">等额本息，按月计息，按月还款，放款后生息</span><span style=\"color: rgb(97, 97, 97); font-family: &#39;Helvetica Neue&#39;, Helvetica, Arial, sans-serif; font-size: 12px; background-color: rgb(255, 255, 255);\">等额本息，按月计息，按月还款，放款后生息</span><span style=\"color: rgb(97, 97, 97); font-family: &#39;Helvetica Neue&#39;, Helvetica, Arial, sans-serif; font-size: 12px; background-color: rgb(255, 255, 255);\">等额本息，按月计息，按月还款，放款后生息</span><span style=\"color: rgb(97, 97, 97); font-family: &#39;Helvetica Neue&#39;, Helvetica, Arial, sans-serif; font-size: 12px; background-color: rgb(255, 255, 255);\">等额本息，按月计息，按月还款，放款后生息</span><span style=\"color: rgb(97, 97, 97); font-family: &#39;Helvetica Neue&#39;, Helvetica, Arial, sans-serif; font-size: 12px; background-color: rgb(255, 255, 255);\">等额本息，按月计息，按月还款，放款后生息</span><span style=\"color: rgb(97, 97, 97); font-family: &#39;Helvetica Neue&#39;, Helvetica, Arial, sans-serif; font-size: 12px; background-color: rgb(255, 255, 255);\">等额本息，按月计息，按月还款，放款后生息</span><span style=\"color: rgb(97, 97, 97); font-family: &#39;Helvetica Neue&#39;, Helvetica, Arial, sans-serif; font-size: 12px; background-color: rgb(255, 255, 255);\">等额本息，按月计息，按月还款，放款后生息</span><span style=\"color: rgb(97, 97, 97); font-family: &#39;Helvetica Neue&#39;, Helvetica, Arial, sans-serif; font-size: 12px; background-color: rgb(255, 255, 255);\">等额本息，按月计息，按月还款，放款后生息</span><span style=\"color: rgb(97, 97, 97); font-family: &#39;Helvetica Neue&#39;, Helvetica, Arial, sans-serif; font-size: 12px; background-color: rgb(255, 255, 255);\">等额本息，按月计息，按月还款，放款后生息</span><span style=\"color: rgb(97, 97, 97); font-family: &#39;Helvetica Neue&#39;, Helvetica, Arial, sans-serif; font-size: 12px; background-color: rgb(255, 255, 255);\">等额本息，按月计息，按月还款，放款后生息</span><span style=\"color: rgb(97, 97, 97); font-family: &#39;Helvetica Neue&#39;, Helvetica, Arial, sans-serif; font-size: 12px; background-color: rgb(255, 255, 255);\">等额本息，按月计息，按月还款，放款后生息</span><span style=\"color: rgb(97, 97, 97); font-family: &#39;Helvetica Neue&#39;, Helvetica, Arial, sans-serif; font-size: 12px; background-color: rgb(255, 255, 255);\">等额本息，按月计息，按月还款，放款后生息</span><span style=\"color: rgb(97, 97, 97); font-family: &#39;Helvetica Neue&#39;, Helvetica, Arial, sans-serif; font-size: 12px; background-color: rgb(255, 255, 255);\">等额本息，按月计息，按月还款，放款后生息</span><span style=\"color: rgb(97, 97, 97); font-family: &#39;Helvetica Neue&#39;, Helvetica, Arial, sans-serif; font-size: 12px; background-color: rgb(255, 255, 255);\">等额本息，按月计息，按月还款，放款后生息</span><span style=\"color: rgb(97, 97, 97); font-family: &#39;Helvetica Neue&#39;, Helvetica, Arial, sans-serif; font-size: 12px; background-color: rgb(255, 255, 255);\">等额本息，按月计息，按月还款，放款后生息</span><span style=\"color: rgb(97, 97, 97); font-family: &#39;Helvetica Neue&#39;, Helvetica, Arial, sans-serif; font-size: 12px; background-color: rgb(255, 255, 255);\">等额本息，按月计息，按月还款，放款后生息</span><span style=\"color: rgb(97, 97, 97); font-family: &#39;Helvetica Neue&#39;, Helvetica, Arial, sans-serif; font-size: 12px; background-color: rgb(255, 255, 255);\">等额本息，按月计息，按月还款，放款后生息</span><span style=\"color: rgb(97, 97, 97); font-family: &#39;Helvetica Neue&#39;, Helvetica, Arial, sans-serif; font-size: 12px; background-color: rgb(255, 255, 255);\">等额本息，按月计息，按月还款，放款后生息</span><span style=\"color: rgb(97, 97, 97); font-family: &#39;Helvetica Neue&#39;, Helvetica, Arial, sans-serif; font-size: 12px; background-color: rgb(255, 255, 255);\">等额本息，按月计息，按月还款，放款后生息</span><span style=\"color: rgb(97, 97, 97); font-family: &#39;Helvetica Neue&#39;, Helvetica, Arial, sans-serif; font-size: 12px; background-color: rgb(255, 255, 255);\">等额本息，按月计息，按月还款，放款后生息</span><span style=\"color: rgb(97, 97, 97); font-family: &#39;Helvetica Neue&#39;, Helvetica, Arial, sans-serif; font-size: 12px; background-color: rgb(255, 255, 255);\">等额本息，按月计息，按月还款，放款后生息</span><span style=\"color: rgb(97, 97, 97); font-family: &#39;Helvetica Neue&#39;, Helvetica, Arial, sans-serif; font-size: 12px; background-color: rgb(255, 255, 255);\">等额本息，按月计息，按月还款，放款后生息</span><span style=\"color: rgb(97, 97, 97); font-family: &#39;Helvetica Neue&#39;, Helvetica, Arial, sans-serif; font-size: 12px; background-color: rgb(255, 255, 255);\">等额本息，按月计息，按月还款，放款后生息</span><span style=\"color: rgb(97, 97, 97); font-family: &#39;Helvetica Neue&#39;, Helvetica, Arial, sans-serif; font-size: 12px; background-color: rgb(255, 255, 255);\">等额本息，按月计息，按月还款，放款后生息</span><span style=\"color: rgb(97, 97, 97); font-family: &#39;Helvetica Neue&#39;, Helvetica, Arial, sans-serif; font-size: 12px; background-color: rgb(255, 255, 255);\">等额本息，按月计息，按月还款，放款后生息</span><span style=\"color: rgb(97, 97, 97); font-family: &#39;Helvetica Neue&#39;, Helvetica, Arial, sans-serif; font-size: 12px; background-color: rgb(255, 255, 255);\">等额本息，按月计息，按月还款，放款后生息</span><span style=\"color: rgb(97, 97, 97); font-family: &#39;Helvetica Neue&#39;, Helvetica, Arial, sans-serif; font-size: 12px; background-color: rgb(255, 255, 255);\">等额本息，按月计息，按月还款，放款后生息</span><span style=\"color: rgb(97, 97, 97); font-family: &#39;Helvetica Neue&#39;, Helvetica, Arial, sans-serif; font-size: 12px; background-color: rgb(255, 255, 255);\">等额本息，按月计息，按月还款，放款后生息</span><span style=\"color: rgb(97, 97, 97); font-family: &#39;Helvetica Neue&#39;, Helvetica, Arial, sans-serif; font-size: 12px; background-color: rgb(255, 255, 255);\">等额本息，按月计息，按月还款，放款后生息</span><span style=\"color: rgb(97, 97, 97); font-family: &#39;Helvetica Neue&#39;, Helvetica, Arial, sans-serif; font-size: 12px; background-color: rgb(255, 255, 255);\">等额本息，按月计息，按月还款，放款后生息</span><span style=\"color: rgb(97, 97, 97); font-family: &#39;Helvetica Neue&#39;, Helvetica, Arial, sans-serif; font-size: 12px; background-color: rgb(255, 255, 255);\">等额本息，按月计息，按月还款，放款后生息</span><span style=\"color: rgb(97, 97, 97); font-family: &#39;Helvetica Neue&#39;, Helvetica, Arial, sans-serif; font-size: 12px; background-color: rgb(255, 255, 255);\">等额本息，按月计息，按月还款，放款后生息</span><span style=\"color: rgb(97, 97, 97); font-family: &#39;Helvetica Neue&#39;, Helvetica, Arial, sans-serif; font-size: 12px; background-color: rgb(255, 255, 255);\">等额本息，按月计息，按月还款，放款后生息</span><span style=\"color: rgb(97, 97, 97); font-family: &#39;Helvetica Neue&#39;, Helvetica, Arial, sans-serif; font-size: 12px; background-color: rgb(255, 255, 255);\">等额本息，按月计息，按月还款，放款后生息</span><span style=\"color: rgb(97, 97, 97); font-family: &#39;Helvetica Neue&#39;, Helvetica, Arial, sans-serif; font-size: 12px; background-color: rgb(255, 255, 255);\">等额本息，按月计息，按月还款，放款后生息</span><span style=\"color: rgb(97, 97, 97); font-family: &#39;Helvetica Neue&#39;, Helvetica, Arial, sans-serif; font-size: 12px; background-color: rgb(255, 255, 255);\">等额本息，按月计息，按月还款，放款后生息</span><span style=\"color: rgb(97, 97, 97); font-family: &#39;Helvetica Neue&#39;, Helvetica, Arial, sans-serif; font-size: 12px; background-color: rgb(255, 255, 255);\">等额本息，按月计息，按月还款，放款后生息</span><span style=\"color: rgb(97, 97, 97); font-family: &#39;Helvetica Neue&#39;, Helvetica, Arial, sans-serif; font-size: 12px; background-color: rgb(255, 255, 255);\">等额本息，按月计息，按月还款，放款后生息</span><span style=\"color: rgb(97, 97, 97); font-family: &#39;Helvetica Neue&#39;, Helvetica, Arial, sans-serif; font-size: 12px; background-color: rgb(255, 255, 255);\">等额本息，按月计息，按月还款，放款后生息</span><span style=\"color: rgb(97, 97, 97); font-family: &#39;Helvetica Neue&#39;, Helvetica, Arial, sans-serif; font-size: 12px; background-color: rgb(255, 255, 255);\">等额本息，按月计息，按月还款，放款后生息</span><span style=\"color: rgb(97, 97, 97); font-family: &#39;Helvetica Neue&#39;, Helvetica, Arial, sans-serif; font-size: 12px; background-color: rgb(255, 255, 255);\">等额本息，按月计息，按月还款，放款后生息</span><span style=\"color: rgb(97, 97, 97); font-family: &#39;Helvetica Neue&#39;, Helvetica, Arial, sans-serif; font-size: 12px; background-color: rgb(255, 255, 255);\">等额本息，按月计息，按月还款，放款后生息</span><span style=\"color: rgb(97, 97, 97); font-family: &#39;Helvetica Neue&#39;, Helvetica, Arial, sans-serif; font-size: 12px; background-color: rgb(255, 255, 255);\">等额本息，按月计息，按月还款，放款后生息</span><span style=\"color: rgb(97, 97, 97); font-family: &#39;Helvetica Neue&#39;, Helvetica, Arial, sans-serif; font-size: 12px; background-color: rgb(255, 255, 255);\">等额本息，按月计息，按月还款，放款后生息</span><span style=\"color: rgb(97, 97, 97); font-family: &#39;Helvetica Neue&#39;, Helvetica, Arial, sans-serif; font-size: 12px; background-color: rgb(255, 255, 255);\">等额本息，按月计息，按月还款，放款后生息</span><span style=\"color: rgb(97, 97, 97); font-family: &#39;Helvetica Neue&#39;, Helvetica, Arial, sans-serif; font-size: 12px; background-color: rgb(255, 255, 255);\">等额本息，按月计息，按月还款，放款后生息</span><span style=\"color: rgb(97, 97, 97); font-family: &#39;Helvetica Neue&#39;, Helvetica, Arial, sans-serif; font-size: 12px; background-color: rgb(255, 255, 255);\">等额本息，按月计息，按月还款，放款后生息</span><span style=\"color: rgb(97, 97, 97); font-family: &#39;Helvetica Neue&#39;, Helvetica, Arial, sans-serif; font-size: 12px; background-color: rgb(255, 255, 255);\">等额本息，按月计息，按月还款，放款后生息</span><span style=\"color: rgb(97, 97, 97); font-family: &#39;Helvetica Neue&#39;, Helvetica, Arial, sans-serif; font-size: 12px; background-color: rgb(255, 255, 255);\">等额本息，按月计息，按月还款，放款后生息</span><span style=\"color: rgb(97, 97, 97); font-family: &#39;Helvetica Neue&#39;, Helvetica, Arial, sans-serif; font-size: 12px; background-color: rgb(255, 255, 255);\">等额本息，按月计息，按月还款，放款后生息</span><span style=\"color: rgb(97, 97, 97); font-family: &#39;Helvetica Neue&#39;, Helvetica, Arial, sans-serif; font-size: 12px; background-color: rgb(255, 255, 255);\">等额本息，按月计息，按月还款，放款后生息</span><span style=\"color: rgb(97, 97, 97); font-family: &#39;Helvetica Neue&#39;, Helvetica, Arial, sans-serif; font-size: 12px; background-color: rgb(255, 255, 255);\">等额本息，按月计息，按月还款，放款后生息</span><span style=\"color: rgb(97, 97, 97); font-family: &#39;Helvetica Neue&#39;, Helvetica, Arial, sans-serif; font-size: 12px; background-color: rgb(255, 255, 255);\">等额本息，按月计息，按月还款，放款后生息</span><span style=\"color: rgb(97, 97, 97); font-family: &#39;Helvetica Neue&#39;, Helvetica, Arial, sans-serif; font-size: 12px; background-color: rgb(255, 255, 255);\">等额本息，按月计息，按月还款，放款后生息</span><span style=\"color: rgb(97, 97, 97); font-family: &#39;Helvetica Neue&#39;, Helvetica, Arial, sans-serif; font-size: 12px; background-color: rgb(255, 255, 255);\">等额本息，按月计息，按月还款，放款后生息</span><span style=\"color: rgb(97, 97, 97); font-family: &#39;Helvetica Neue&#39;, Helvetica, Arial, sans-serif; font-size: 12px; background-color: rgb(255, 255, 255);\">等额本息，按月计息，按月还款，放款后生息</span><span style=\"color: rgb(97, 97, 97); font-family: &#39;Helvetica Neue&#39;, Helvetica, Arial, sans-serif; font-size: 12px; background-color: rgb(255, 255, 255);\">等额本息，按月计息，按月还款，放款后生息</span><span style=\"color: rgb(97, 97, 97); font-family: &#39;Helvetica Neue&#39;, Helvetica, Arial, sans-serif; font-size: 12px; background-color: rgb(255, 255, 255);\">等额本息，按月计息，按月还款，放款后生息</span><span style=\"color: rgb(97, 97, 97); font-family: &#39;Helvetica Neue&#39;, Helvetica, Arial, sans-serif; font-size: 12px; background-color: rgb(255, 255, 255);\">等额本息，按月计息，按月还款，放款后生息</span><span style=\"color: rgb(97, 97, 97); font-family: &#39;Helvetica Neue&#39;, Helvetica, Arial, sans-serif; font-size: 12px; background-color: rgb(255, 255, 255);\">等额本息，按月计息，按月还款，放款后生息</span></p>', null, null, null, 'quartet_contract', '', '5', '0', '<p><span style=\"color: rgb(97, 97, 97); font-family: &#39;Helvetica Neue&#39;, Helvetica, Arial, sans-serif; font-size: 12px; background-color: rgb(255, 255, 255);\">等额本息，按月计息，按月还款，放款后生息</span><span style=\"color: rgb(97, 97, 97); font-family: &#39;Helvetica Neue&#39;, Helvetica, Arial, sans-serif; font-size: 12px; background-color: rgb(255, 255, 255);\">等额本息，按月计息，按月还款，放款后生息</span><span style=\"color: rgb(97, 97, 97); font-family: &#39;Helvetica Neue&#39;, Helvetica, Arial, sans-serif; font-size: 12px; background-color: rgb(255, 255, 255);\">等额本息，按月计息，按月还款，放款后生息</span><span style=\"color: rgb(97, 97, 97); font-family: &#39;Helvetica Neue&#39;, Helvetica, Arial, sans-serif; font-size: 12px; background-color: rgb(255, 255, 255);\">等额本息，按月计息，按月还款，放款后生息</span><span style=\"color: rgb(97, 97, 97); font-family: &#39;Helvetica Neue&#39;, Helvetica, Arial, sans-serif; font-size: 12px; background-color: rgb(255, 255, 255);\">等额本息，按月计息，按月还款，放款后生息</span><span style=\"color: rgb(97, 97, 97); font-family: &#39;Helvetica Neue&#39;, Helvetica, Arial, sans-serif; font-size: 12px; background-color: rgb(255, 255, 255);\">等额本息，按月计息，按月还款，放款后生息</span><span style=\"color: rgb(97, 97, 97); font-family: &#39;Helvetica Neue&#39;, Helvetica, Arial, sans-serif; font-size: 12px; background-color: rgb(255, 255, 255);\">等额本息，按月计息，按月还款，放款后生息</span><span style=\"color: rgb(97, 97, 97); font-family: &#39;Helvetica Neue&#39;, Helvetica, Arial, sans-serif; font-size: 12px; background-color: rgb(255, 255, 255);\">等额本息，按月计息，按月还款，放款后生息</span><span style=\"color: rgb(97, 97, 97); font-family: &#39;Helvetica Neue&#39;, Helvetica, Arial, sans-serif; font-size: 12px; background-color: rgb(255, 255, 255);\">等额本息，按月计息，按月还款，放款后生息</span><span style=\"color: rgb(97, 97, 97); font-family: &#39;Helvetica Neue&#39;, Helvetica, Arial, sans-serif; font-size: 12px; background-color: rgb(255, 255, 255);\">等额本息，按月计息，按月还款，放款后生息</span><span style=\"color: rgb(97, 97, 97); font-family: &#39;Helvetica Neue&#39;, Helvetica, Arial, sans-serif; font-size: 12px; background-color: rgb(255, 255, 255);\">等额本息，按月计息，按月还款，放款后生息</span><span style=\"color: rgb(97, 97, 97); font-family: &#39;Helvetica Neue&#39;, Helvetica, Arial, sans-serif; font-size: 12px; background-color: rgb(255, 255, 255);\">等额本息，按月计息，按月还款，放款后生息</span><span style=\"color: rgb(97, 97, 97); font-family: &#39;Helvetica Neue&#39;, Helvetica, Arial, sans-serif; font-size: 12px; background-color: rgb(255, 255, 255);\">等额本息，按月计息，按月还款，放款后生息</span><span style=\"color: rgb(97, 97, 97); font-family: &#39;Helvetica Neue&#39;, Helvetica, Arial, sans-serif; font-size: 12px; background-color: rgb(255, 255, 255);\">等额本息，按月计息，按月还款，放款后生息</span><span style=\"color: rgb(97, 97, 97); font-family: &#39;Helvetica Neue&#39;, Helvetica, Arial, sans-serif; font-size: 12px; background-color: rgb(255, 255, 255);\">等额本息，按月计息，按月还款，放款后生息</span><span style=\"color: rgb(97, 97, 97); font-family: &#39;Helvetica Neue&#39;, Helvetica, Arial, sans-serif; font-size: 12px; background-color: rgb(255, 255, 255);\">等额本息，按月计息，按月还款，放款后生息</span><span style=\"color: rgb(97, 97, 97); font-family: &#39;Helvetica Neue&#39;, Helvetica, Arial, sans-serif; font-size: 12px; background-color: rgb(255, 255, 255);\">等额本息，按月计息，按月还款，放款后生息</span><span style=\"color: rgb(97, 97, 97); font-family: &#39;Helvetica Neue&#39;, Helvetica, Arial, sans-serif; font-size: 12px; background-color: rgb(255, 255, 255);\">等额本息，按月计息，按月还款，放款后生息</span><span style=\"color: rgb(97, 97, 97); font-family: &#39;Helvetica Neue&#39;, Helvetica, Arial, sans-serif; font-size: 12px; background-color: rgb(255, 255, 255);\">等额本息，按月计息，按月还款，放款后生息</span><span style=\"color: rgb(97, 97, 97); font-family: &#39;Helvetica Neue&#39;, Helvetica, Arial, sans-serif; font-size: 12px; background-color: rgb(255, 255, 255);\">等额本息，按月计息，按月还款，放款后生息</span><span style=\"color: rgb(97, 97, 97); font-family: &#39;Helvetica Neue&#39;, Helvetica, Arial, sans-serif; font-size: 12px; background-color: rgb(255, 255, 255);\">等额本息，按月计息，按月还款，放款后生息</span><span style=\"color: rgb(97, 97, 97); font-family: &#39;Helvetica Neue&#39;, Helvetica, Arial, sans-serif; font-size: 12px; background-color: rgb(255, 255, 255);\">等额本息，按月计息，按月还款，放款后生息</span><span style=\"color: rgb(97, 97, 97); font-family: &#39;Helvetica Neue&#39;, Helvetica, Arial, sans-serif; font-size: 12px; background-color: rgb(255, 255, 255);\">等额本息，按月计息，按月还款，放款后生息</span><span style=\"color: rgb(97, 97, 97); font-family: &#39;Helvetica Neue&#39;, Helvetica, Arial, sans-serif; font-size: 12px; background-color: rgb(255, 255, 255);\">等额本息，按月计息，按月还款，放款后生息</span><span style=\"color: rgb(97, 97, 97); font-family: &#39;Helvetica Neue&#39;, Helvetica, Arial, sans-serif; font-size: 12px; background-color: rgb(255, 255, 255);\">等额本息，按月计息，按月还款，放款后生息</span><span style=\"color: rgb(97, 97, 97); font-family: &#39;Helvetica Neue&#39;, Helvetica, Arial, sans-serif; font-size: 12px; background-color: rgb(255, 255, 255);\">等额本息，按月计息，按月还款，放款后生息</span><span style=\"color: rgb(97, 97, 97); font-family: &#39;Helvetica Neue&#39;, Helvetica, Arial, sans-serif; font-size: 12px; background-color: rgb(255, 255, 255);\">等额本息，按月计息，按月还款，放款后生息</span><span style=\"color: rgb(97, 97, 97); font-family: &#39;Helvetica Neue&#39;, Helvetica, Arial, sans-serif; font-size: 12px; background-color: rgb(255, 255, 255);\">等额本息，按月计息，按月还款，放款后生息</span><span style=\"color: rgb(97, 97, 97); font-family: &#39;Helvetica Neue&#39;, Helvetica, Arial, sans-serif; font-size: 12px; background-color: rgb(255, 255, 255);\">等额本息，按月计息，按月还款，放款后生息</span><span style=\"color: rgb(97, 97, 97); font-family: &#39;Helvetica Neue&#39;, Helvetica, Arial, sans-serif; font-size: 12px; background-color: rgb(255, 255, 255);\">等额本息，按月计息，按月还款，放款后生息</span><span style=\"color: rgb(97, 97, 97); font-family: &#39;Helvetica Neue&#39;, Helvetica, Arial, sans-serif; font-size: 12px; background-color: rgb(255, 255, 255);\">等额本息，按月计息，按月还款，放款后生息</span><span style=\"color: rgb(97, 97, 97); font-family: &#39;Helvetica Neue&#39;, Helvetica, Arial, sans-serif; font-size: 12px; background-color: rgb(255, 255, 255);\">等额本息，按月计息，按月还款，放款后生息</span><span style=\"color: rgb(97, 97, 97); font-family: &#39;Helvetica Neue&#39;, Helvetica, Arial, sans-serif; font-size: 12px; background-color: rgb(255, 255, 255);\">等额本息，按月计息，按月还款，放款后生息</span><span style=\"color: rgb(97, 97, 97); font-family: &#39;Helvetica Neue&#39;, Helvetica, Arial, sans-serif; font-size: 12px; background-color: rgb(255, 255, 255);\">等额本息，按月计息，按月还款，放款后生息</span><span style=\"color: rgb(97, 97, 97); font-family: &#39;Helvetica Neue&#39;, Helvetica, Arial, sans-serif; font-size: 12px; background-color: rgb(255, 255, 255);\">等额本息，按月计息，按月还款，放款后生息</span><span style=\"color: rgb(97, 97, 97); font-family: &#39;Helvetica Neue&#39;, Helvetica, Arial, sans-serif; font-size: 12px; background-color: rgb(255, 255, 255);\">等额本息，按月计息，按月还款，放款后生息</span><span style=\"color: rgb(97, 97, 97); font-family: &#39;Helvetica Neue&#39;, Helvetica, Arial, sans-serif; font-size: 12px; background-color: rgb(255, 255, 255);\">等额本息，按月计息，按月还款，放款后生息</span><span style=\"color: rgb(97, 97, 97); font-family: &#39;Helvetica Neue&#39;, Helvetica, Arial, sans-serif; font-size: 12px; background-color: rgb(255, 255, 255);\">等额本息，按月计息，按月还款，放款后生息</span><span style=\"color: rgb(97, 97, 97); font-family: &#39;Helvetica Neue&#39;, Helvetica, Arial, sans-serif; font-size: 12px; background-color: rgb(255, 255, 255);\">等额本息，按月计息，按月还款，放款后生息</span><span style=\"color: rgb(97, 97, 97); font-family: &#39;Helvetica Neue&#39;, Helvetica, Arial, sans-serif; font-size: 12px; background-color: rgb(255, 255, 255);\">等额本息，按月计息，按月还款，放款后生息</span><span style=\"color: rgb(97, 97, 97); font-family: &#39;Helvetica Neue&#39;, Helvetica, Arial, sans-serif; font-size: 12px; background-color: rgb(255, 255, 255);\">等额本息，按月计息，按月还款，放款后生息</span><span style=\"color: rgb(97, 97, 97); font-family: &#39;Helvetica Neue&#39;, Helvetica, Arial, sans-serif; font-size: 12px; background-color: rgb(255, 255, 255);\">等额本息，按月计息，按月还款，放款后生息</span><span style=\"color: rgb(97, 97, 97); font-family: &#39;Helvetica Neue&#39;, Helvetica, Arial, sans-serif; font-size: 12px; background-color: rgb(255, 255, 255);\">等额本息，按月计息，按月还款，放款后生息</span><span style=\"color: rgb(97, 97, 97); font-family: &#39;Helvetica Neue&#39;, Helvetica, Arial, sans-serif; font-size: 12px; background-color: rgb(255, 255, 255);\">等额本息，按月计息，按月还款，放款后生息</span><span style=\"color: rgb(97, 97, 97); font-family: &#39;Helvetica Neue&#39;, Helvetica, Arial, sans-serif; font-size: 12px; background-color: rgb(255, 255, 255);\">等额本息，按月计息，按月还款，放款后生息</span><span style=\"color: rgb(97, 97, 97); font-family: &#39;Helvetica Neue&#39;, Helvetica, Arial, sans-serif; font-size: 12px; background-color: rgb(255, 255, 255);\">等额本息，按月计息，按月还款，放款后生息</span><span style=\"color: rgb(97, 97, 97); font-family: &#39;Helvetica Neue&#39;, Helvetica, Arial, sans-serif; font-size: 12px; background-color: rgb(255, 255, 255);\">等额本息，按月计息，按月还款，放款后生息</span><span style=\"color: rgb(97, 97, 97); font-family: &#39;Helvetica Neue&#39;, Helvetica, Arial, sans-serif; font-size: 12px; background-color: rgb(255, 255, 255);\">等额本息，按月计息，按月还款，放款后生息</span><span style=\"color: rgb(97, 97, 97); font-family: &#39;Helvetica Neue&#39;, Helvetica, Arial, sans-serif; font-size: 12px; background-color: rgb(255, 255, 255);\">等额本息，按月计息，按月还款，放款后生息</span><span style=\"color: rgb(97, 97, 97); font-family: &#39;Helvetica Neue&#39;, Helvetica, Arial, sans-serif; font-size: 12px; background-color: rgb(255, 255, 255);\">等额本息，按月计息，按月还款，放款后生息</span><span style=\"color: rgb(97, 97, 97); font-family: &#39;Helvetica Neue&#39;, Helvetica, Arial, sans-serif; font-size: 12px; background-color: rgb(255, 255, 255);\">等额本息，按月计息，按月还款，放款后生息</span><span style=\"color: rgb(97, 97, 97); font-family: &#39;Helvetica Neue&#39;, Helvetica, Arial, sans-serif; font-size: 12px; background-color: rgb(255, 255, 255);\">等额本息，按月计息，按月还款，放款后生息</span><span style=\"color: rgb(97, 97, 97); font-family: &#39;Helvetica Neue&#39;, Helvetica, Arial, sans-serif; font-size: 12px; background-color: rgb(255, 255, 255);\">等额本息，按月计息，按月还款，放款后生息</span><span style=\"color: rgb(97, 97, 97); font-family: &#39;Helvetica Neue&#39;, Helvetica, Arial, sans-serif; font-size: 12px; background-color: rgb(255, 255, 255);\">等额本息，按月计息，按月还款，放款后生息</span><span style=\"color: rgb(97, 97, 97); font-family: &#39;Helvetica Neue&#39;, Helvetica, Arial, sans-serif; font-size: 12px; background-color: rgb(255, 255, 255);\">等额本息，按月计息，按月还款，放款后生息</span><span style=\"color: rgb(97, 97, 97); font-family: &#39;Helvetica Neue&#39;, Helvetica, Arial, sans-serif; font-size: 12px; background-color: rgb(255, 255, 255);\">等额本息，按月计息，按月还款，放款后生息</span><span style=\"color: rgb(97, 97, 97); font-family: &#39;Helvetica Neue&#39;, Helvetica, Arial, sans-serif; font-size: 12px; background-color: rgb(255, 255, 255);\">等额本息，按月计息，按月还款，放款后生息</span><span style=\"color: rgb(97, 97, 97); font-family: &#39;Helvetica Neue&#39;, Helvetica, Arial, sans-serif; font-size: 12px; background-color: rgb(255, 255, 255);\">等额本息，按月计息，按月还款，放款后生息</span><span style=\"color: rgb(97, 97, 97); font-family: &#39;Helvetica Neue&#39;, Helvetica, Arial, sans-serif; font-size: 12px; background-color: rgb(255, 255, 255);\">等额本息，按月计息，按月还款，放款后生息</span><span style=\"color: rgb(97, 97, 97); font-family: &#39;Helvetica Neue&#39;, Helvetica, Arial, sans-serif; font-size: 12px; background-color: rgb(255, 255, 255);\">等额本息，按月计息，按月还款，放款后生息</span><span style=\"color: rgb(97, 97, 97); font-family: &#39;Helvetica Neue&#39;, Helvetica, Arial, sans-serif; font-size: 12px; background-color: rgb(255, 255, 255);\">等额本息，按月计息，按月还款，放款后生息</span><span style=\"color: rgb(97, 97, 97); font-family: &#39;Helvetica Neue&#39;, Helvetica, Arial, sans-serif; font-size: 12px; background-color: rgb(255, 255, 255);\">等额本息，按月计息，按月还款，放款后生息</span><span style=\"color: rgb(97, 97, 97); font-family: &#39;Helvetica Neue&#39;, Helvetica, Arial, sans-serif; font-size: 12px; background-color: rgb(255, 255, 255);\">等额本息，按月计息，按月还款，放款后生息</span><span style=\"color: rgb(97, 97, 97); font-family: &#39;Helvetica Neue&#39;, Helvetica, Arial, sans-serif; font-size: 12px; background-color: rgb(255, 255, 255);\">等额本息，按月计息，按月还款，放款后生息</span><span style=\"color: rgb(97, 97, 97); font-family: &#39;Helvetica Neue&#39;, Helvetica, Arial, sans-serif; font-size: 12px; background-color: rgb(255, 255, 255);\">等额本息，按月计息，按月还款，放款后生息</span><span style=\"color: rgb(97, 97, 97); font-family: &#39;Helvetica Neue&#39;, Helvetica, Arial, sans-serif; font-size: 12px; background-color: rgb(255, 255, 255);\">等额本息，按月计息，按月还款，放款后生息</span><span style=\"color: rgb(97, 97, 97); font-family: &#39;Helvetica Neue&#39;, Helvetica, Arial, sans-serif; font-size: 12px; background-color: rgb(255, 255, 255);\">等额本息，按月计息，按月还款，放款后生息</span><span style=\"color: rgb(97, 97, 97); font-family: &#39;Helvetica Neue&#39;, Helvetica, Arial, sans-serif; font-size: 12px; background-color: rgb(255, 255, 255);\">等额本息，按月计息，按月还款，放款后生息</span><span style=\"color: rgb(97, 97, 97); font-family: &#39;Helvetica Neue&#39;, Helvetica, Arial, sans-serif; font-size: 12px; background-color: rgb(255, 255, 255);\">等额本息，按月计息，按月还款，放款后生息</span><span style=\"color: rgb(97, 97, 97); font-family: &#39;Helvetica Neue&#39;, Helvetica, Arial, sans-serif; font-size: 12px; background-color: rgb(255, 255, 255);\">等额本息，按月计息，按月还款，放款后生息</span></p>', '2015-04-12 00:00:00', '0', null, '2015-04-10 11:03:23', '', null, null, null, '2015-04-10 11:03:23', '0', '0', null, '1', '', null, '1', '1', '测试项目数据', null, null, null, null, '0.1', null, null, null, null, null, 'AAA', '0', 'repaying', '通过', '', '2015-04-10 10:43:02', null, 'loan_type_2', 'jdsb2', 'admin', '99999999', null, 'transfer_type', null, 'dx', '111111', '0.1', '0');
INSERT INTO `loan` VALUES ('20150410000036', null, '个人借款', '2015-04-15 16:21:09', '1', '2015-04-10 11:21:11', '', null, null, null, 'quartet_contract', '', '10', '0', '', '2015-04-12 00:00:00', '0', null, null, '', null, null, null, null, '0', '0', null, '1', '', null, '1', '0', '新手标的测试数据', null, null, null, null, '0.1', null, null, null, null, null, 'AAA', '0', 'cancel', '通过', '', '2015-04-10 11:22:01', null, 'loan_type_5', 'jdsb2', 'admin', '99999999', null, 'transfer_type', null, 'xs', '111111', '0.1', '0');
INSERT INTO `loan` VALUES ('20150410000037', null, '个人借款', '2015-04-15 16:21:01', '1', '2015-04-10 11:27:56', '', null, null, null, 'quartet_contract', '', '10', '0', '', '2015-04-12 00:00:00', '0', null, null, '', null, null, null, null, '0', '0', null, '1', '', null, '1', '0', '测试项目----说都纷纷', null, null, null, null, '0.1', null, null, null, null, null, 'AAA', '0', 'cancel', '通过', '', '2015-04-10 11:33:42', null, 'loan_type_5', 'jdsb2', 'admin', '99999999', null, 'transfer_type', null, 'xs', '111111', '0.1', '0');
INSERT INTO `loan` VALUES ('20150410000038', null, '个人借款', '2015-04-10 14:57:03', '1', '2015-04-10 14:49:31', '', null, null, null, 'quartet_contract', '', '6', '0', '', '2015-04-17 00:00:00', '0', null, null, '', '99', null, null, null, '0', '0', null, '1', '', null, '1', '0', '修改信息', null, null, null, null, '0.1', null, null, null, null, null, 'AAA', '0', 'cancel', '通过', '', '2015-04-10 14:50:22', null, 'loan_type_1', 'jdsb2', 'admin', '99999999', null, 'transfer_type', null, 'pt', '0', '0.1', '0');
INSERT INTO `loan` VALUES ('20150410000039', null, '个人借款', '2015-04-14 14:18:47', '1', '2015-04-10 16:15:14', '<p>dfgsdfgfsdgsfgsfdg</p>', null, null, null, 'quartet_contract', '', '2', '0', '<p>sdfdgdgfds</p>', '2015-04-12 00:00:00', '0', null, null, '', '99', null, null, null, '0', '0', null, '1', '', null, '1', '0', '提前还款', null, null, null, null, '0.11', null, null, null, null, null, 'AAA', '0', 'cancel', '通过', '', '2015-04-10 16:15:25', null, 'loan_type_1', 'jdsb2', 'admin', '99999999', null, 'transfer_type', null, 'jx', '0', '0.1', '0.01');
INSERT INTO `loan` VALUES ('20150410000040', null, '个人借款', '2015-04-14 14:18:33', '1', '2015-04-10 16:22:44', '', null, null, null, 'quartet_contract', '', '3', '0', '', '2015-04-12 00:00:00', '0', null, null, '', null, null, null, null, '0', '0', null, '1', '', null, '1', '0', '定向标的排序', null, null, null, null, '0.1', null, null, null, null, null, 'AAA', '0', 'cancel', '通过', '', '2015-04-10 16:22:53', null, 'loan_type_1', 'jdsb2', 'admin', '99999999', null, 'transfer_type', null, 'dx', '1111', '0.1', '0');
INSERT INTO `loan` VALUES ('20150413000041', null, '个人借款', '2015-04-13 10:55:11', '1', '2015-04-13 09:38:24', '', null, null, null, 'quartet_contract', '', '5', '0', '', '2015-04-17 00:00:00', '0', null, null, '', '99', null, null, null, '0', '0', null, '1', '', null, '1', '0', '测试项目', null, null, null, null, '0.1', null, null, null, null, null, 'AAA', '0', 'cancel', '通过', '', '2015-04-13 09:38:35', null, 'loan_type_1', 'jdsb2', 'admin', '99999999', null, 'transfer_type', null, 'pt', '0', '0.1', '0');
INSERT INTO `loan` VALUES ('20150413000042', null, '个人借款', null, '1', '2015-04-13 14:54:17', '', null, null, null, 'quartet_contract', '', '3', '0', '', '2015-04-17 00:00:00', '0', null, '2015-04-13 15:07:05', '', null, null, null, '2015-04-13 15:07:05', '0', '0', null, '1', '', null, '1', '1', '数据统计', null, null, null, null, '0.1', null, null, null, null, null, 'AAA', '0', 'repaying', '通过', '', '2015-04-13 14:54:37', null, 'loan_type_2', 'jdsb2', 'admin', '99999999', null, 'transfer_type', null, 'dx', '1111', '0.1', '0');
INSERT INTO `loan` VALUES ('20150413000043', null, '个人借款', null, '1', '2015-04-13 15:07:58', '', null, null, null, 'quartet_contract', '', '4', '0', '', '2015-04-17 00:00:00', '0', null, null, '', null, null, null, null, '0', '0', null, '1', '', null, '1', '0', '提前还款', null, null, null, null, '0.1', null, null, null, null, null, 'AAA', '0', 'recheck', '通过', '', '2015-04-13 15:08:16', null, 'loan_type_2', 'jdsb1', 'admin', '99999999', null, 'transfer_type', null, 'pt', '0', '0.1', '0');
INSERT INTO `loan` VALUES ('20150414000044', null, '个人借款', null, '1', '2015-04-14 14:19:50', '', null, null, null, 'quartet_contract', '', '2', '0', '', '2015-04-17 00:00:00', '0', null, '2015-04-14 14:22:53', '', '99', null, null, '2015-04-14 14:22:53', '0', '0', null, '2', '', null, '1', '2', 'ceshi tixian', null, null, null, null, '0.11', null, null, null, null, null, 'AAA', '0', 'repaying', '通过', '', '2015-04-14 14:19:58', null, 'loan_type_1', 'jdsb3', 'admin', '99999999', null, 'transfer_type', null, 'jx', '0', '0.1', '0.01');
INSERT INTO `loan` VALUES ('20150415000045', null, '个人借款', null, '1', '2015-04-15 16:21:48', '', null, null, null, 'quartet_contract', '', '1', '0', '', '2015-04-19 00:00:00', '0', null, '2015-04-15 16:22:59', '', null, null, null, '2015-04-15 16:22:59', '0', '0', null, '1', '', null, '1', '1', '提现', null, null, null, null, '0.1', null, null, null, null, null, 'AAA', '0', 'repaying', '通过', '', '2015-04-15 16:21:56', null, 'loan_type_1', 'jdsb3', 'admin', '99999999', null, 'transfer_type', null, 'pt', '0', '0.1', '0');
INSERT INTO `loan` VALUES ('20150416000046', null, '个人借款', null, '1', '2015-04-16 10:33:13', '', null, null, null, 'quartet_contract', '', '6', '0', '', '2015-04-19 00:00:00', '0', null, null, '', null, null, null, null, '0', '0', null, '10', '', null, '1', '0', '发个项目试试看', null, null, null, null, '0.11', null, null, null, null, null, 'AAA', '0', 'recheck', '通过', '', '2015-04-16 10:33:33', null, 'loan_type_1', 'jdsb3', 'admin', '99999999', null, 'transfer_type', null, 'xs', '0', '0.1', '0.01');
INSERT INTO `loan` VALUES ('20150416000047', null, '个人借款', null, '10', '2015-04-16 10:54:44', '<p>大企业</p>', null, null, null, 'quartet_contract', '', '3', '10000', '<p>描述</p>', '2015-04-18 00:00:00', '3000', null, null, '<p>大担保</p>', '99', null, null, null, '0.01', '1000', null, '100000', '玩', null, '100', '0', 'G发起的10W普通借款', null, null, null, null, '0.2', null, null, null, null, null, 'AAA', '0', 'recheck', '通过', '', '2015-04-16 10:55:04', null, 'loan_type_1', 'wangxibao9', 'admin', '10', null, 'transfer_type', null, 'pt', '0', '0.2', '0');
INSERT INTO `loan` VALUES ('20150416000048', null, '个人借款', null, '50', '2015-04-16 11:45:21', '', null, null, null, 'quartet_contract', '/upload/20150416/28481429155583388.png', '3', '0', '<p>sl_借款001sl_借款001sl_借款001sl_借款001sl_借款001sl_借款001sl_借款001</p>', '2015-04-18 00:00:00', '0', null, null, '', null, null, null, null, '0.08', '100', null, '10000', '测试借款', null, '50', '0', 'sl_借款001', null, null, null, null, '0.13', null, null, null, null, null, 'AAA', '3', 'recheck', '通过', '', '2015-04-16 11:46:06', null, 'loan_type_1', 'sidneygao', 'admin', '99999999', null, 'transfer_type', null, 'xs', '0', '0.12', '0.01');
INSERT INTO `loan` VALUES ('20150416000049', null, '个人借款', null, '50', '2015-04-16 16:35:24', '<p>GXD<br/></p>', null, null, '2015-04-16 18:16:39', 'quartet_contract', '/upload/20150416/26281429173040324.png', '1', '0', '<p>2. 1-1借贷：</p><p>2.1：GXD账户余额0，发起借款100块，1个月，放款手续费2块，利息管理费10%，年化利息总额12%，执行时间3天。标的bd1</p><p>2.2：SL充值200块，投资bd1 50块，再投资bd1 50块.</p><p>2.3: admin登陆后台，放款项目bd1.</p><p>2.4: GXD账户余额应该为98元，平台账户新增2元手续费。</p><p>2.5：GXD以借款人身份登陆系统，还款100*1.01=101元</p><p>2.6：SL以投资人身份登陆系统，账户余额应为：100+100.9=200.9元</p><p>2.7：平台新增利息管理费0.1元</p>', '2015-04-19 00:00:00', '0', null, '2015-04-16 16:53:07', '<p>担保列表：</p><ol class=\" list-paddingleft-2\" style=\"list-style-type: decimal;\"><li><p>房产</p></li><li><p>车辆<br/></p></li></ol>', '99', null, null, '2015-04-16 16:53:07', '0.1', '2', null, '100', '测试主流程', null, '50', '100', '标的bd001', null, null, null, null, '0.12', null, null, null, null, null, 'AAA', '0', 'complete', '通过', '', '2015-04-16 16:36:00', null, 'loan_type_2', 'sidneygao', 'admin', '99999999', null, 'transfer_type', null, 'pt', '0', '0.12', '0');
INSERT INTO `loan` VALUES ('20150417000050', null, '个人借款', null, '1', '2015-04-17 13:34:45', '', null, null, '2015-04-17 14:59:18', 'quartet_contract', '/upload/20150417/67171429248734751.jpg', '1', '0', '', '2015-04-20 13:34:10', '0', null, '2015-04-17 14:19:49', '<p><img src=\"/upload/8521429596870332.png\" title=\"no_money.png\"/></p>', null, null, null, '2015-04-17 14:19:49', '0.1', '2', null, '100', 'maiche', null, '1', '100', '标的bd2_01', null, null, null, null, '0.12000000000000001', null, null, null, null, null, 'AAA', '2', 'complete', '通过', '', '2015-04-17 13:35:31', null, 'loan_type_1', 'sidneygao', 'admin', '99999999', null, 'transfer_type', null, 'jx', '0', '0.1', '0.02');
INSERT INTO `loan` VALUES ('20150421000051', null, '个人借款', null, '1', '2015-04-21 17:30:10', '<p>测试逾期罚息</p>', null, null, null, 'quartet_contract', '/upload/20150421/27331429608585654.png', '1', '0', '<p>测试逾期罚息</p>', '2015-04-21 18:00:00', '0', null, '2015-04-21 17:41:15', '<p><img src=\"/upload/12101429608352432.png\" title=\"Screen Shot 2015-04-21 at 5.25.41 PM.png\"/></p>', null, null, null, '2015-04-21 17:41:15', '0.1', '1', null, '90', '测试逾期罚息', null, '10', '90', '加息标借款90年化120加20期限1天', null, null, null, null, '1.4', null, null, null, null, null, 'AAA', '0', 'overdue', '通过', '', '2015-04-21 17:30:32', null, 'loan_type_4', 'sidneygao', 'admin', '99999999', null, 'transfer_type', null, 'jx', '0', '1.2', '0.2');
INSERT INTO `loan` VALUES ('20150422000052', null, '个人借款', null, '1', '2015-04-22 14:35:57', '', null, null, null, 'quartet_contract', '', '1', '0', '', '2015-04-23 00:00:00', '0', null, null, '', null, null, null, null, '0', '0', null, '100', '', null, '50', '0', 'abc_sl_01', null, null, null, null, '0.13', null, null, null, null, null, 'AAA', '0', 'waiting_verify', null, null, null, null, 'loan_type_1', 'sidneygao', null, '99999999', null, 'transfer_type', null, 'xs', '0', '0.12', '0.01');
INSERT INTO `loan` VALUES ('20150422000053', null, '个人借款', null, '1', '2015-04-22 14:38:50', '', null, null, null, 'quartet_contract', '', '1', '0', '', '2015-04-23 00:00:00', '0', null, null, '', null, null, null, null, '0', '0', null, '100', 'sss', null, '50', '0', 'sjdh', null, null, null, null, '0.13', null, null, null, null, null, 'AAA', '0', 'waiting_verify', null, null, null, null, 'loan_type_1', 'sidneygao', null, '99999999', null, 'transfer_type', null, 'xs', '0', '0.12', '0.01');
INSERT INTO `loan` VALUES ('20150422000054', null, '个人借款', null, '1', '2015-04-22 14:41:03', '', null, null, null, 'quartet_contract', '', '3', '0', '', '2015-04-23 14:40:06', '0', null, null, '', '99', null, null, null, '0.1', '1', null, '70', 'sfas', null, '50', '0', 'ld002', null, null, null, null, '0.13999999999999999', null, null, null, null, null, 'AAA', '0', 'waiting_verify', null, null, null, null, 'loan_type_3', 'sidneygao', null, '99999999', null, 'transfer_type', null, 'pt', '0', '0.12', '0.02');
INSERT INTO `loan` VALUES ('20150422000055', null, '个人借款', '2015-04-22 14:49:55', '1', '2015-04-22 14:43:31', '', null, null, null, 'quartet_contract', '', '3', '0', '', '2015-04-24 14:43:09', '0', null, null, '', '99', null, null, null, '0.1', '1', null, '70', '买车', null, '1', '0', '测试流标001', null, null, null, null, '0.13999999999999999', null, null, null, null, null, 'AAA', '0', 'cancel', '通过', '', '2015-04-22 14:46:26', null, 'loan_type_3', 'sidneygao', 'admin', '99999999', null, 'transfer_type', null, 'pt', '0', '0.12', '0.02');
INSERT INTO `loan` VALUES ('20150427000056', null, '个人借款', null, '1', '2015-04-27 11:36:36', '<p>safdfasdf</p>', null, null, null, 'quartet_contract', '', '1', '0', '<p>sdafasdf</p>', '2015-04-27 14:45:00', '0', null, null, '<p>safasdf</p>', null, null, null, null, '0.1', '2', null, '100', 'buy car', null, '1', '0', 'single moth test 001', null, null, null, null, '0.12', null, null, null, null, null, 'AAA', '-50', 'repaying', '通过', 'pass', '2015-04-27 11:36:56', null, 'loan_type_1', 'sidneygao', 'admin', '99999999', null, 'transfer_type', null, 'pt', '0', '0.12', '0');
INSERT INTO `loan` VALUES ('20150427000057', null, '个人借款', null, '1', '2015-04-27 15:03:34', '<p>测试</p>', null, null, null, 'quartet_contract', '', '1', '0', '<p>测试</p>', '2015-04-28 00:00:00', '0', null, null, '<p>测试</p>', null, null, null, null, '0', '0', null, '1', '测试', null, '1', '0', '测试还款20150427', null, null, null, null, '0.12', null, null, null, null, null, 'AAA', '0', 'repaying', '通过', '', '2015-04-27 15:03:54', null, 'loan_type_2', 'sidneygao', 'admin', '99999999', null, 'transfer_type', null, 'pt', '0', '0.12', '0');
INSERT INTO `loan` VALUES ('20150427000058', null, '个人借款', null, '1', '2015-04-27 15:56:24', '', null, null, null, 'quartet_contract', '', '2', '0', '', '2015-04-30 00:00:00', '0', null, '2015-04-27 15:59:51', '', '99', null, null, '2015-04-27 15:59:51', '0', '0', null, '2', '', null, '1', '2', 'huankuan', null, null, null, null, '0.1', null, null, null, null, null, 'AAA', '0', 'repaying', '通过', '', '2015-04-27 15:56:34', null, 'loan_type_2', 'jdsb2', 'admin', '99999999', null, 'transfer_type', null, 'pt', '0', '0.1', '0');
INSERT INTO `loan` VALUES ('20150427000059', null, '个人借款', null, '1', '2015-04-27 16:11:08', '', null, null, null, 'quartet_contract', '', '1', '0', '<p>abc&nbsp;&nbsp;&nbsp;&nbsp;</p>', '2015-04-28 00:00:00', '0', null, '2015-04-27 16:19:00', '<p><img src=\"/upload/30391430122214482.png\" title=\"Screen Shot 2015-04-16 at 2.11.52 PM.png\"/></p>', null, null, null, '2015-04-27 16:19:00', '0', '0', null, '50', '', null, '50', '50', '转账给郑聪50', null, null, null, null, '0.01', null, null, null, null, null, 'AAA', '0', 'repaying', '通过', '', '2015-04-27 16:11:22', null, 'loan_type_1', 'zhengcong', 'admin', '99999999', null, 'transfer_type', null, 'dx', '123456', '0.01', '0');
INSERT INTO `loan` VALUES ('20150427000060', null, '个人借款', null, '1', '2015-04-27 16:15:37', '<p>fff</p>', null, null, null, 'quartet_contract', '', '1', '0', '<p>abc</p>', '2015-04-28 00:00:00', '0', null, '2015-04-27 16:18:40', '<p>fff</p>', null, null, null, '2015-04-27 16:18:40', '0', '0', null, '50', '', null, '50', '50', '转账给史磊50', null, null, null, null, '0.01', null, null, null, null, null, 'AAA', '0', 'repaying', '通过', '', '2015-04-27 16:16:45', null, 'loan_type_1', 'mleoshi', 'admin', '99999999', null, 'transfer_type', null, 'dx', '123456', '0.01', '0');
INSERT INTO `loan` VALUES ('20150427000061', null, '个人借款', null, '1', '2015-04-27 16:25:37', '', null, null, null, 'quartet_contract', '', '3', '0', '', '2015-04-30 00:00:00', '0', null, '2015-04-27 16:32:23', '', null, null, null, '2015-04-27 16:32:23', '0.1', '2', null, '100', 'buy car', null, '1', '100', '100 for case009', null, null, null, null, '0.12', null, null, null, null, null, 'AAA', '-19', 'repaying', '通过', '', '2015-04-27 16:26:10', null, 'loan_type_4', 'sidneygao', 'admin', '99999999', null, 'transfer_type', null, 'pt', '0', '0.12', '0');
INSERT INTO `loan` VALUES ('20150427000062', null, '个人借款', null, '1', '2015-04-27 16:26:18', '<p>fd</p>', null, null, null, 'quartet_contract', '', '1', '0', '<p>abc&nbsp;&nbsp;&nbsp;&nbsp;</p>', '2015-04-28 00:00:00', '0', null, null, '<p>fd</p>', null, null, null, null, '0.1', '2', null, '100', '', null, '10', '0', 'sl_0427', null, null, null, null, '0.12', null, null, null, null, null, 'AAA', '14', 'waiting_verify', null, null, null, null, 'loan_type_1', 'sidneygao', null, '99999999', null, 'transfer_type', null, 'pt', '0', '0.12', '0');
INSERT INTO `loan` VALUES ('20150427000063', null, '个人借款', null, '1', '2015-04-27 17:14:15', '', null, null, null, 'quartet_contract', '', '3', '0', '', '2015-05-27 00:00:00', '0', null, null, '', null, null, null, null, '0.1', '1', null, '90', 'buy', null, '1', '0', 'test逾期case', null, null, null, null, '0.12', null, null, null, null, null, 'AAA', '0', 'raising', '通过', '', '2015-04-27 17:15:07', null, 'loan_type_3', 'sidneygao', 'admin', '99999999', null, 'transfer_type', null, 'pt', '0', '0.12', '0');
INSERT INTO `loan` VALUES ('20150427000064', null, '个人借款', null, '1', '2015-04-27 17:18:54', '', null, null, null, 'quartet_contract', '', '3', '0', '', '2015-05-27 00:00:00', '0', null, null, '', null, null, null, null, '0.1', '1', null, '90', '', null, '1', '0', '真正逾期测试', null, null, null, null, '0.13999999999999999', null, null, null, null, null, 'AAA', '0', 'raising', '通过', '', '2015-04-27 17:19:04', null, 'loan_type_3', 'sidneygao', 'admin', '99999999', null, 'transfer_type', null, 'pt', '0', '0.12', '0.02');
INSERT INTO `loan` VALUES ('20150427000065', null, '个人借款', null, '1', '2015-04-27 17:31:24', '<p>还钱</p>', null, null, null, 'quartet_contract', '', '1', '0', '<p>还钱</p>', '2015-04-28 00:00:00', '0', null, '2015-04-27 17:33:16', '<p>还钱</p>', null, null, null, '2015-04-27 17:33:16', '0', '0', null, '70', '还钱', null, '50', '70', '转给皮冬70元20150427', null, null, null, null, '0.12', null, null, null, null, null, 'AAA', '0', 'repaying', '通过', '', '2015-04-27 17:31:37', null, 'loan_type_2', 'wll001', 'admin', '99999999', null, 'transfer_type', null, 'pt', '0', '0.12', '0');
INSERT INTO `loan` VALUES ('20150427000066', null, '个人借款', null, '1', '2015-04-27 17:35:53', '', null, null, '2015-04-27 17:56:43', 'quartet_contract', '', '3', '0', '', '2015-06-27 00:00:00', '0', null, '2015-04-27 17:44:42', '', null, null, null, '2015-04-27 17:44:42', '0.1', '1', null, '90', '', null, '1', '90', '140年化逾期测试', null, null, null, null, '1.4', null, null, null, null, null, 'AAA', '0', 'complete', '通过', '', '2015-04-27 17:36:04', null, 'loan_type_3', 'sidneygao', 'admin', '99999999', null, 'transfer_type', null, 'pt', '0', '1.2', '0.2');
INSERT INTO `loan` VALUES ('20150427000067', null, '个人借款', null, '1', '2015-04-27 17:39:16', '<p>转账</p>', null, null, null, 'quartet_contract', '', '1', '0', '<p>转账</p>', '2015-04-28 00:00:00', '0', null, '2015-04-27 17:42:11', '<p>转账</p>', null, null, null, '2015-04-27 17:42:11', '0', '0', null, '30', '转账', null, '30', '30', '转账30给郑聪20150427', null, null, null, null, '0.12', null, null, null, null, null, 'AAA', '0', 'repaying', '通过', '', '2015-04-27 17:39:29', null, 'loan_type_2', 'zhengcong', 'admin', '99999999', null, 'transfer_type', null, 'pt', '0', '0.12', '0');
INSERT INTO `loan` VALUES ('20150427000068', null, '个人借款', null, '1', '2015-04-27 18:01:34', '<p>测试</p>', null, null, null, 'quartet_contract', '', '5', '0', '<p>测试</p>', '2015-04-28 00:00:00', '0', null, '2015-04-27 18:05:33', '<p>测试</p>', null, null, null, '2015-04-27 18:05:33', '0.1', '1', null, '90', '测试', null, '10', '90', '测试逾期第二波20150427', null, null, null, null, '1.4', null, null, null, null, null, 'AAA', '0', 'repaying', '通过', '', '2015-04-27 18:02:01', null, 'loan_type_4', 'sidneygao', 'admin', '99999999', null, 'transfer_type', null, 'pt', '0', '1.4', '0');
INSERT INTO `loan` VALUES ('20150428000069', null, '个人借款', null, '1', '2015-04-28 09:54:15', '<p>项目描述11</p>', null, null, null, 'quartet_contract', '', '1', '0', '<p>项目描述<br/></p>', '2015-05-01 00:00:00', '0', null, null, '<p>项目描述项目描述项目描述</p>', '99', null, null, null, '0.1', '2', null, '100', '买车买房', null, '1', '0', '单月借贷CASE', null, null, null, null, '0.12', null, null, null, null, null, 'AAA', '0', 'raising', '通过', '', '2015-04-28 09:54:50', null, 'loan_type_3', 'sidneygao', 'admin', '99999999', null, 'transfer_type', null, 'pt', '0', '0.12', '0');
INSERT INTO `loan` VALUES ('20150428000070', null, '个人借款', null, '1', '2015-04-28 10:30:50', '<p>测试</p>', null, null, null, 'quartet_contract', '', '1', '0', '<p>测试</p>', '2015-04-29 00:00:00', '0', null, null, '<p>测试</p>', null, null, null, null, '0.1', '0', null, '100', '测试', null, '1', '0', 'sidneygao借款100元1一个月12', null, null, null, null, '0.12', null, null, null, null, null, 'AAA', '0', 'raising', '通过', '', '2015-04-28 10:31:02', null, 'loan_type_3', 'sidneygao', 'admin', '99999999', null, 'transfer_type', null, 'pt', '0', '0.12', '0');
INSERT INTO `loan` VALUES ('20150428000071', null, '个人借款', null, '1', '2015-04-28 10:43:05', '', null, null, null, 'quartet_contract', '', '1', '0', '', '2015-04-29 00:00:00', '0', null, null, '', null, null, null, null, '0.1', '0', null, '100', '', null, '1', '0', 'testzhengcong', null, null, null, null, '0.12', null, null, null, null, null, 'AAA', '0', 'raising', '通过', '', '2015-04-28 10:43:17', null, 'loan_type_3', 'sidneygao', 'admin', '99999999', null, 'transfer_type', null, 'pt', '0', '0.12', '0');
INSERT INTO `loan` VALUES ('20150428000072', null, '个人借款', null, '1', '2015-04-28 10:46:01', '', null, null, null, 'quartet_contract', '', '1', '0', '', '2015-05-01 00:00:00', '0', null, null, '', null, null, null, null, '0.1', '0', null, '100', '', null, '1', '0', 't111estzhengcong111', null, null, null, null, '0.12', null, null, null, null, null, 'AAA', '0', 'raising', '通过', '', '2015-04-28 10:46:12', null, 'loan_type_3', 'sidneygao', 'admin', '99999999', null, 'transfer_type', null, 'pt', '0', '0.12', '0');
INSERT INTO `loan` VALUES ('20150428000073', null, '个人借款', null, '1', '2015-04-28 10:50:01', '<p>test<br/></p>', null, null, null, 'quartet_contract', '', '1', '0', '<p>test<br/></p>', '2016-02-01 00:00:00', '0', null, null, '<p>test<br/></p>', null, null, null, null, '0.1', '0', null, '100', 'test', null, '1', '0', '22test', null, null, null, null, '0.12', null, null, null, null, null, 'AAA', '0', 'raising', '通过', '', '2015-04-28 10:50:12', null, 'loan_type_3', 'sidneygao', 'admin', '99999999', null, 'transfer_type', null, 'pt', '0', '0.12', '0');
INSERT INTO `loan` VALUES ('20150428000074', null, '个人借款', '2015-04-28 11:17:20', '1', '2015-04-28 11:15:20', '', null, null, null, 'quartet_contract', '', '1', '0', '', '2015-04-29 00:00:00', '0', null, null, '', null, null, null, null, '0', '0', null, '30', '', null, '1', '0', '转账30给我', null, null, null, null, '0.12', null, null, null, null, null, 'AAA', '0', 'cancel', '通过', '', '2015-04-28 11:15:36', null, 'loan_type_4', 'zhengcong', 'admin', '1', null, 'transfer_type', null, 'pt', '0', '0.12', '0');
INSERT INTO `loan` VALUES ('20150428000075', null, '个人借款', null, '1', '2015-04-28 11:17:53', '<p>11<br/></p>', null, null, null, 'quartet_contract', '', '1', '0', '<p>11<br/></p>', '2015-04-29 00:00:00', '0', null, null, '<p>11<br/></p>', '99', null, null, null, '0', '0', null, '100', '测试test', null, '50', '0', '测试test', null, null, null, null, '0.12', null, null, null, null, null, 'AAA', '0', 'raising', '通过', '', '2015-04-28 11:18:13', null, 'loan_type_1', 'sidneygao', 'admin', '99999999', null, 'transfer_type', null, 'pt', '0', '0.12', '0');
INSERT INTO `loan` VALUES ('20150428000076', null, '个人借款', null, '1', '2015-04-28 11:18:19', '', null, null, null, 'quartet_contract', '', '1', '0', '', '2015-04-29 00:00:00', '0', null, '2015-04-28 11:20:07', '', null, null, null, '2015-04-28 11:20:07', '0', '0', null, '30', '', null, '1', '30', '转账30给zhengcong', null, null, null, null, '0.12', null, null, null, null, null, 'AAA', '0', 'repaying', '通过', '', '2015-04-28 11:18:31', null, 'loan_type_3', 'zhengcong', 'admin', '99999999', null, 'transfer_type', null, 'pt', '0', '0.12', '0');
INSERT INTO `loan` VALUES ('20150428000077', null, '个人借款', null, '1', '2015-04-28 11:37:23', '', null, null, '2015-04-28 11:58:34', 'quartet_contract', '', '1', '0', '', '2015-04-30 00:00:00', '0', null, '2015-04-28 11:49:55', '', null, null, null, '2015-04-28 11:49:55', '0.1', '2', null, '100', '', null, '1', '100', 'zhengcong100元12 1个月', null, null, null, null, '0.12', null, null, null, null, null, 'AAA', '0', 'complete', '通过', '', '2015-04-28 11:37:36', null, 'loan_type_2', 'zhengcong', 'admin', '99999999', null, 'transfer_type', null, 'pt', '0', '0.12', '0');

-- ----------------------------
-- Table structure for `loan_guarantee_pics`
-- ----------------------------
DROP TABLE IF EXISTS `loan_guarantee_pics`;
CREATE TABLE `loan_guarantee_pics` (
  `loan_id` varchar(32) NOT NULL,
  `pic_id` varchar(32) NOT NULL,
  KEY `FKD6C07AAF8E4FF9FA` (`pic_id`) USING BTREE,
  KEY `FKD6C07AAFBE08E2DE` (`loan_id`) USING BTREE,
  CONSTRAINT `loan_guarantee_pics_ibfk_1` FOREIGN KEY (`pic_id`) REFERENCES `banner_picture` (`id`),
  CONSTRAINT `loan_guarantee_pics_ibfk_2` FOREIGN KEY (`loan_id`) REFERENCES `loan` (`id`)
) ENGINE=InnoDB DEFAULT CHARSET=utf8;

-- ----------------------------
-- Records of loan_guarantee_pics
-- ----------------------------
INSERT INTO `loan_guarantee_pics` VALUES ('20150318000012', '9693ef08c5ac4de28a1a77965b555b2b');
INSERT INTO `loan_guarantee_pics` VALUES ('20150409000026', '7c00bd35db2a4b9eb36934578b9036ad');
INSERT INTO `loan_guarantee_pics` VALUES ('20150409000026', '9cf5ddbfcdc54b9aa272ce7d803da8c2');
INSERT INTO `loan_guarantee_pics` VALUES ('20150409000026', '363517b056204a36a43cac83e694d128');
INSERT INTO `loan_guarantee_pics` VALUES ('20150409000026', 'ef3dc2a60631413b95806d3c24b0643a');
INSERT INTO `loan_guarantee_pics` VALUES ('20150416000048', '7178a373b9fd4c0d911a9ea98fd06090');
INSERT INTO `loan_guarantee_pics` VALUES ('20150416000048', 'e896e4e4ec324f529b8cbbb1df608bfa');
INSERT INTO `loan_guarantee_pics` VALUES ('20150416000049', '808c1f22fa5a4d31b48cda7f7384eb9b');
INSERT INTO `loan_guarantee_pics` VALUES ('20150417000050', 'e530d75560eb4ccd80ea36b49458b2c7');

-- ----------------------------
-- Table structure for `loan_info_pics`
-- ----------------------------
DROP TABLE IF EXISTS `loan_info_pics`;
CREATE TABLE `loan_info_pics` (
  `loan_id` varchar(32) NOT NULL,
  `pic_id` varchar(32) NOT NULL,
  KEY `FK899DE48B8E4FF9FA` (`pic_id`) USING BTREE,
  KEY `FK899DE48BBE08E2DE` (`loan_id`) USING BTREE,
  CONSTRAINT `loan_info_pics_ibfk_1` FOREIGN KEY (`pic_id`) REFERENCES `banner_picture` (`id`),
  CONSTRAINT `loan_info_pics_ibfk_2` FOREIGN KEY (`loan_id`) REFERENCES `loan` (`id`)
) ENGINE=InnoDB DEFAULT CHARSET=utf8;

-- ----------------------------
-- Records of loan_info_pics
-- ----------------------------
INSERT INTO `loan_info_pics` VALUES ('20150409000026', '8d1f4dbc3f964177b6c8e4ebb4778839');
INSERT INTO `loan_info_pics` VALUES ('20150416000048', '1a3af2654d7049868f20f26f353e4d2b');
INSERT INTO `loan_info_pics` VALUES ('20150416000049', '3da3dd4a36eb4a5e97aaed8fa7032839');
INSERT INTO `loan_info_pics` VALUES ('20150417000050', '806dd107faae4f0c91e0e4c7ed9e434b');

-- ----------------------------
-- Table structure for `loan_node_attr`
-- ----------------------------
DROP TABLE IF EXISTS `loan_node_attr`;
CREATE TABLE `loan_node_attr` (
  `loan_id` varchar(32) NOT NULL,
  `node_attr_id` varchar(32) NOT NULL,
  KEY `FK5BF1A97FB11719D1` (`node_attr_id`) USING BTREE,
  KEY `FK5BF1A97FBE08E2DE` (`loan_id`) USING BTREE,
  CONSTRAINT `loan_node_attr_ibfk_1` FOREIGN KEY (`loan_id`) REFERENCES `loan` (`id`),
  CONSTRAINT `loan_node_attr_ibfk_2` FOREIGN KEY (`node_attr_id`) REFERENCES `node_attr` (`id`)
) ENGINE=InnoDB DEFAULT CHARSET=utf8;

-- ----------------------------
-- Records of loan_node_attr
-- ----------------------------
INSERT INTO `loan_node_attr` VALUES ('20150317000002', 'index');
INSERT INTO `loan_node_attr` VALUES ('20150318000006', 'index');
INSERT INTO `loan_node_attr` VALUES ('20150319000013', 'index');
INSERT INTO `loan_node_attr` VALUES ('20150403000016', 'index');
INSERT INTO `loan_node_attr` VALUES ('20150407000018', 'index');
INSERT INTO `loan_node_attr` VALUES ('20150408000019', 'index');
INSERT INTO `loan_node_attr` VALUES ('20150409000026', 'index');
INSERT INTO `loan_node_attr` VALUES ('20150410000038', 'index');
INSERT INTO `loan_node_attr` VALUES ('20150410000039', 'index');
INSERT INTO `loan_node_attr` VALUES ('20150410000040', 'index');
INSERT INTO `loan_node_attr` VALUES ('20150413000041', 'index');
INSERT INTO `loan_node_attr` VALUES ('20150416000048', 'index');
INSERT INTO `loan_node_attr` VALUES ('20150416000047', 'index');
INSERT INTO `loan_node_attr` VALUES ('20150417000050', 'index');
INSERT INTO `loan_node_attr` VALUES ('20150427000056', 'index');
INSERT INTO `loan_node_attr` VALUES ('20150427000057', 'index');
INSERT INTO `loan_node_attr` VALUES ('20150427000061', 'index');
INSERT INTO `loan_node_attr` VALUES ('20150427000065', 'index');
INSERT INTO `loan_node_attr` VALUES ('20150427000068', 'index');
INSERT INTO `loan_node_attr` VALUES ('20150428000069', 'index');
INSERT INTO `loan_node_attr` VALUES ('20150428000070', 'index');
INSERT INTO `loan_node_attr` VALUES ('20150428000071', 'index');
INSERT INTO `loan_node_attr` VALUES ('20150428000072', 'index');
INSERT INTO `loan_node_attr` VALUES ('20150428000073', 'index');
INSERT INTO `loan_node_attr` VALUES ('20150428000075', 'index');
INSERT INTO `loan_node_attr` VALUES ('20150428000077', 'index');

-- ----------------------------
-- Table structure for `loan_repay`
-- ----------------------------
DROP TABLE IF EXISTS `loan_repay`;
CREATE TABLE `loan_repay` (
  `id` varchar(32) NOT NULL,
  `corpus` double NOT NULL,
  `default_interest` double DEFAULT NULL,
  `interest` double NOT NULL,
  `length` int(11) DEFAULT NULL,
  `period` int(11) NOT NULL,
  `repay_day` datetime NOT NULL,
  `status` varchar(50) NOT NULL,
  `time` datetime DEFAULT NULL,
  `loan_id` varchar(32) DEFAULT NULL,
  `fee` double DEFAULT NULL,
  `remark` text,
  `repay_way` varchar(200) DEFAULT NULL,
  PRIMARY KEY (`id`),
  UNIQUE KEY `id` (`id`) USING BTREE,
  KEY `FK1879C586ECD93B37` (`loan_id`) USING BTREE,
  CONSTRAINT `loan_repay_ibfk_1` FOREIGN KEY (`loan_id`) REFERENCES `loan` (`id`)
) ENGINE=InnoDB DEFAULT CHARSET=utf8;

-- ----------------------------
-- Records of loan_repay
-- ----------------------------
INSERT INTO `loan_repay` VALUES ('201503170000020001', '17436.82', '0', '1666.66', '1', '1', '2015-04-17 11:35:33', 'complete', '2015-03-17 11:51:22', '20150317000002', '0', null, null);
INSERT INTO `loan_repay` VALUES ('201503170000020002', '17582.12', '0', '1521.36', '1', '2', '2015-05-17 11:35:33', 'complete', '2015-03-18 16:33:03', '20150317000002', '0', null, null);
INSERT INTO `loan_repay` VALUES ('201503170000020003', '17728.64', '0', '1374.84', '1', '3', '2015-06-17 11:35:33', 'complete', '2015-03-18 16:33:03', '20150317000002', '0', null, null);
INSERT INTO `loan_repay` VALUES ('201503170000020004', '17876.38', '0', '1227.1', '1', '4', '2015-07-17 11:35:33', 'complete', '2015-03-18 16:33:03', '20150317000002', '0', null, null);
INSERT INTO `loan_repay` VALUES ('201503170000020005', '18025.34', '0', '1078.14', '1', '5', '2015-08-17 11:35:33', 'complete', '2015-03-18 16:33:03', '20150317000002', '0', null, null);
INSERT INTO `loan_repay` VALUES ('201503170000020006', '18175.56', '0', '927.92', '1', '6', '2015-09-17 11:35:33', 'complete', '2015-03-18 16:33:03', '20150317000002', '0', null, null);
INSERT INTO `loan_repay` VALUES ('201503170000020007', '18327.02', '0', '776.46', '1', '7', '2015-10-17 11:35:33', 'complete', '2015-03-18 16:33:03', '20150317000002', '0', null, null);
INSERT INTO `loan_repay` VALUES ('201503170000020008', '18479.74', '0', '623.74', '1', '8', '2015-11-17 11:35:33', 'complete', '2015-03-18 16:33:03', '20150317000002', '0', null, null);
INSERT INTO `loan_repay` VALUES ('201503170000020009', '18633.74', '0', '469.74', '1', '9', '2015-12-17 11:35:33', 'complete', '2015-03-18 16:33:03', '20150317000002', '0', null, null);
INSERT INTO `loan_repay` VALUES ('201503170000020010', '18789.02', '0', '314.46', '1', '10', '2016-01-17 11:35:33', 'complete', '2015-03-18 16:33:03', '20150317000002', '0', null, null);
INSERT INTO `loan_repay` VALUES ('201503170000020011', '18945.6', '0', '157.88', '1', '11', '2016-02-17 11:35:33', 'complete', '2015-03-18 16:33:03', '20150317000002', '0', null, null);
INSERT INTO `loan_repay` VALUES ('201503180000050001', '0', '0', '18.68', '1', '1', '2015-04-18 15:15:38', 'complete', '2015-03-18 15:17:49', '20150318000005', '0', null, null);
INSERT INTO `loan_repay` VALUES ('201503180000050002', '0', '0', '18.08', '1', '2', '2015-05-18 15:15:38', 'repaying', null, '20150318000005', '0', null, null);
INSERT INTO `loan_repay` VALUES ('201503180000050003', '0', '0', '18.68', '1', '3', '2015-06-18 15:15:38', 'repaying', null, '20150318000005', '0', null, null);
INSERT INTO `loan_repay` VALUES ('201503180000050004', '0', '0', '18.08', '1', '4', '2015-07-18 15:15:38', 'repaying', null, '20150318000005', '0', null, null);
INSERT INTO `loan_repay` VALUES ('201503180000050005', '0', '0', '18.68', '1', '5', '2015-08-18 15:15:38', 'repaying', null, '20150318000005', '0', null, null);
INSERT INTO `loan_repay` VALUES ('201503180000050006', '0', '0', '18.68', '1', '6', '2015-09-18 15:15:38', 'repaying', null, '20150318000005', '0', null, null);
INSERT INTO `loan_repay` VALUES ('201503180000050007', '0', '0', '18.08', '1', '7', '2015-10-18 15:15:38', 'repaying', null, '20150318000005', '0', null, null);
INSERT INTO `loan_repay` VALUES ('201503180000050008', '0', '0', '18.68', '1', '8', '2015-11-18 15:15:38', 'repaying', null, '20150318000005', '0', null, null);
INSERT INTO `loan_repay` VALUES ('201503180000050009', '0', '0', '18.08', '1', '9', '2015-12-18 15:15:38', 'repaying', null, '20150318000005', '0', null, null);
INSERT INTO `loan_repay` VALUES ('201503180000050010', '0', '0', '18.68', '1', '10', '2016-01-18 15:15:38', 'repaying', null, '20150318000005', '0', null, null);
INSERT INTO `loan_repay` VALUES ('201503180000050011', '2000', '0', '18.68', '1', '11', '2016-02-18 15:15:38', 'repaying', null, '20150318000005', '0', null, null);
INSERT INTO `loan_repay` VALUES ('201503180000100001', '0', '0', '10.68', '1', '1', '2015-05-03 14:28:51', 'repaying', null, '20150318000010', '0', null, null);
INSERT INTO `loan_repay` VALUES ('201503180000100002', '0', '0', '11.04', '1', '2', '2015-06-03 14:28:51', 'repaying', null, '20150318000010', '0', null, null);
INSERT INTO `loan_repay` VALUES ('201503180000100003', '0', '0', '10.68', '1', '3', '2015-07-03 14:28:51', 'repaying', null, '20150318000010', '0', null, null);
INSERT INTO `loan_repay` VALUES ('201503180000100004', '0', '0', '11.04', '1', '4', '2015-08-03 14:28:51', 'repaying', null, '20150318000010', '0', null, null);
INSERT INTO `loan_repay` VALUES ('201503180000100005', '0', '0', '11.04', '1', '5', '2015-09-03 14:28:51', 'repaying', null, '20150318000010', '0', null, null);
INSERT INTO `loan_repay` VALUES ('201503180000100006', '1000', '0', '10.68', '1', '6', '2015-10-03 14:28:51', 'repaying', null, '20150318000010', '0', null, null);
INSERT INTO `loan_repay` VALUES ('201503180000110001', '0', '0', '10.68', '1', '1', '2015-05-03 14:27:34', 'repaying', null, '20150318000011', '0', null, null);
INSERT INTO `loan_repay` VALUES ('201503180000110002', '0', '0', '11.04', '1', '2', '2015-06-03 14:27:34', 'repaying', null, '20150318000011', '0', null, null);
INSERT INTO `loan_repay` VALUES ('201503180000110003', '0', '0', '10.68', '1', '3', '2015-07-03 14:27:34', 'repaying', null, '20150318000011', '0', null, null);
INSERT INTO `loan_repay` VALUES ('201503180000110004', '0', '0', '11.04', '1', '4', '2015-08-03 14:27:34', 'repaying', null, '20150318000011', '0', null, null);
INSERT INTO `loan_repay` VALUES ('201503180000110005', '0', '0', '11.04', '1', '5', '2015-09-03 14:27:34', 'repaying', null, '20150318000011', '0', null, null);
INSERT INTO `loan_repay` VALUES ('201503180000110006', '1000', '0', '10.68', '1', '6', '2015-10-03 14:27:34', 'repaying', null, '20150318000011', '0', null, null);
INSERT INTO `loan_repay` VALUES ('201503180000120001', '0', '0', '10.68', '1', '1', '2015-05-03 14:26:40', 'repaying', null, '20150318000012', '0', null, null);
INSERT INTO `loan_repay` VALUES ('201503180000120002', '0', '0', '11.04', '1', '2', '2015-06-03 14:26:40', 'repaying', null, '20150318000012', '0', null, null);
INSERT INTO `loan_repay` VALUES ('201503180000120003', '0', '0', '10.68', '1', '3', '2015-07-03 14:26:40', 'repaying', null, '20150318000012', '0', null, null);
INSERT INTO `loan_repay` VALUES ('201503180000120004', '0', '0', '11.04', '1', '4', '2015-08-03 14:26:40', 'repaying', null, '20150318000012', '0', null, null);
INSERT INTO `loan_repay` VALUES ('201503180000120005', '0', '0', '11.04', '1', '5', '2015-09-03 14:26:40', 'repaying', null, '20150318000012', '0', null, null);
INSERT INTO `loan_repay` VALUES ('201503180000120006', '1000', '0', '10.68', '1', '6', '2015-10-03 14:26:40', 'repaying', null, '20150318000012', '0', null, null);
INSERT INTO `loan_repay` VALUES ('201503190000130001', '0', '0', '28.03', '1', '1', '2015-04-19 16:11:59', 'complete', '2015-03-19 16:12:35', '20150319000013', '0', null, null);
INSERT INTO `loan_repay` VALUES ('201503190000130002', '0', '0', '27.12', '1', '2', '2015-05-19 16:11:59', 'complete', '2015-03-19 16:18:38', '20150319000013', '0', null, null);
INSERT INTO `loan_repay` VALUES ('201503190000130003', '0', '0', '28.03', '1', '3', '2015-06-19 16:11:59', 'complete', '2015-03-19 16:18:38', '20150319000013', '0', null, null);
INSERT INTO `loan_repay` VALUES ('201503190000130004', '0', '0', '27.12', '1', '4', '2015-07-19 16:11:59', 'complete', '2015-03-19 16:18:38', '20150319000013', '0', null, null);
INSERT INTO `loan_repay` VALUES ('201503190000130005', '0', '0', '28.03', '1', '5', '2015-08-19 16:11:59', 'complete', '2015-03-19 16:18:38', '20150319000013', '0', null, null);
INSERT INTO `loan_repay` VALUES ('201503190000130006', '3000', '0', '28.03', '1', '6', '2015-09-19 16:11:59', 'complete', '2015-03-19 16:18:38', '20150319000013', '0', null, null);
INSERT INTO `loan_repay` VALUES ('201503200000150001', '325.78', '0', '18.33', '1', '1', '2015-04-20 11:01:49', 'complete', '2015-03-20 11:03:10', '20150320000015', '0', null, null);
INSERT INTO `loan_repay` VALUES ('201503200000150002', '328.76', '0', '15.35', '1', '2', '2015-05-20 11:01:49', 'repaying', null, '20150320000015', '0', null, null);
INSERT INTO `loan_repay` VALUES ('201503200000150003', '331.78', '0', '12.33', '1', '3', '2015-06-20 11:01:49', 'repaying', null, '20150320000015', '0', null, null);
INSERT INTO `loan_repay` VALUES ('201503200000150004', '334.82', '0', '9.29', '1', '4', '2015-07-20 11:01:49', 'repaying', null, '20150320000015', '0', null, null);
INSERT INTO `loan_repay` VALUES ('201503200000150005', '337.89', '0', '6.22', '1', '5', '2015-08-20 11:01:49', 'repaying', null, '20150320000015', '0', null, null);
INSERT INTO `loan_repay` VALUES ('201503200000150006', '340.98', '0', '3.13', '1', '6', '2015-09-20 11:01:49', 'repaying', null, '20150320000015', '0', null, null);
INSERT INTO `loan_repay` VALUES ('201504100000350001', '0.2', '0', '0.01', '1', '1', '2015-05-10 11:03:23', 'wait_repay_verify', null, '20150410000035', '0', null, null);
INSERT INTO `loan_repay` VALUES ('201504100000350002', '0.2', '0', '0.01', '1', '2', '2015-06-10 11:03:23', 'repaying', null, '20150410000035', '0', null, null);
INSERT INTO `loan_repay` VALUES ('201504100000350003', '0.2', '0', '0.01', '1', '3', '2015-07-10 11:03:23', 'repaying', null, '20150410000035', '0', null, null);
INSERT INTO `loan_repay` VALUES ('201504100000350004', '0.2', '0', '0', '1', '4', '2015-08-10 11:03:23', 'repaying', null, '20150410000035', '0', null, null);
INSERT INTO `loan_repay` VALUES ('201504100000350005', '0.2', '0', '0', '1', '5', '2015-09-10 11:03:23', 'repaying', null, '20150410000035', '0', null, null);
INSERT INTO `loan_repay` VALUES ('201504130000420001', '0.33', '0', '0.01', '1', '1', '2015-05-13 15:07:05', 'repaying', null, '20150413000042', '0', null, null);
INSERT INTO `loan_repay` VALUES ('201504130000420002', '0.33', '0', '0.01', '1', '2', '2015-06-13 15:07:05', 'repaying', null, '20150413000042', '0', null, null);
INSERT INTO `loan_repay` VALUES ('201504130000420003', '0.34', '0', '0', '1', '3', '2015-07-13 15:07:05', 'repaying', null, '20150413000042', '0', null, null);
INSERT INTO `loan_repay` VALUES ('201504140000440001', '0', '0', '0.02', '1', '1', '2015-05-14 14:22:53', 'complete', '2015-04-14 14:35:39', '20150414000044', '0', null, null);
INSERT INTO `loan_repay` VALUES ('201504140000440002', '2', '0', '0.02', '1', '2', '2015-06-14 14:22:53', 'repaying', null, '20150414000044', '0', null, null);
INSERT INTO `loan_repay` VALUES ('201504150000450001', '1', '0', '0.01', '1', '1', '2015-05-15 16:22:59', 'repaying', null, '20150415000045', '0', null, null);
INSERT INTO `loan_repay` VALUES ('201504160000490001', '100', '0', '1', '1', '1', '2015-05-16 16:53:07', 'complete', '2015-04-16 18:16:39', '20150416000049', '0', null, null);
INSERT INTO `loan_repay` VALUES ('201504170000500001', '100', '0', '0.99', '1', '1', '2015-05-17 14:19:49', 'complete', '2015-04-17 14:59:18', '20150417000050', '0', null, null);
INSERT INTO `loan_repay` VALUES ('201504210000510001', '90', '0.23', '0.35', '1', '1', '2015-04-22 17:41:15', 'wait_repay_verify', null, '20150421000051', '0', null, null);
INSERT INTO `loan_repay` VALUES ('201504270000580001', '1', '0', '0.02', '1', '1', '2015-05-27 15:59:51', 'wait_repay_verify', null, '20150427000058', '0', null, null);
INSERT INTO `loan_repay` VALUES ('201504270000580002', '1', '0', '0.01', '1', '2', '2015-06-27 15:59:51', 'repaying', null, '20150427000058', '0', null, null);
INSERT INTO `loan_repay` VALUES ('201504270000590001', '50', '0', '0.04', '1', '1', '2015-05-27 16:19:00', 'repaying', null, '20150427000059', '0', null, null);
INSERT INTO `loan_repay` VALUES ('201504270000600001', '50', '0', '0.04', '1', '1', '2015-05-27 16:18:40', 'repaying', null, '20150427000060', '0', null, null);
INSERT INTO `loan_repay` VALUES ('201504270000610001', '100', '0', '0.09', '3', '1', '2015-04-30 16:32:23', 'repaying', null, '20150427000061', '0', null, null);
INSERT INTO `loan_repay` VALUES ('201504270000650001', '70', '0', '0.7', '1', '1', '2015-05-27 17:33:16', 'repaying', null, '20150427000065', '0', null, null);
INSERT INTO `loan_repay` VALUES ('201504270000660001', '0', '0', '10.35', '1', '1', '2015-05-27 17:44:42', 'complete', '2015-04-27 17:55:27', '20150427000066', '0', null, null);
INSERT INTO `loan_repay` VALUES ('201504270000660002', '0', '0', '10.7', '1', '2', '2015-06-27 17:44:42', 'complete', '2015-04-27 17:56:43', '20150427000066', '0', null, null);
INSERT INTO `loan_repay` VALUES ('201504270000660003', '90', '0', '10.35', '1', '3', '2015-07-27 17:44:42', 'complete', '2015-04-27 17:56:43', '20150427000066', '0', null, null);
INSERT INTO `loan_repay` VALUES ('201504270000670001', '30', '0', '0.3', '1', '1', '2015-05-27 17:42:11', 'repaying', null, '20150427000067', '0', null, null);
INSERT INTO `loan_repay` VALUES ('201504270000680001', '90', '0', '1.73', '5', '1', '2015-05-02 18:05:33', 'repaying', null, '20150427000068', '0', null, null);
INSERT INTO `loan_repay` VALUES ('201504280000760001', '30', '0', '0.3', '1', '1', '2015-05-28 11:20:07', 'repaying', null, '20150428000076', '0', null, null);
INSERT INTO `loan_repay` VALUES ('201504280000770001', '100', '0', '1', '1', '1', '2015-05-28 11:49:55', 'complete', '2015-04-28 11:58:34', '20150428000077', '0', null, null);

-- ----------------------------
-- Table structure for `loan_type`
-- ----------------------------
DROP TABLE IF EXISTS `loan_type`;
CREATE TABLE `loan_type` (
  `id` varchar(64) NOT NULL,
  `interest_point` varchar(200) DEFAULT NULL,
  `interest_type` varchar(200) DEFAULT NULL,
  `name` varchar(32) DEFAULT NULL,
  `repay_time_period` int(11) DEFAULT NULL,
  `repay_time_unit` varchar(200) DEFAULT NULL,
  `repay_type` varchar(200) DEFAULT NULL,
  `description` text,
  PRIMARY KEY (`id`)
) ENGINE=MyISAM DEFAULT CHARSET=utf8;

-- ----------------------------
-- Records of loan_type
-- ----------------------------
INSERT INTO `loan_type` VALUES ('loan_type_1', 'interest_begin_on_invest', 'day', '先付利息后还本金，按天计息，即投即生息', '1', 'month', 'rfcl', '先付利息后还本金，按天计息，即投即生息');
INSERT INTO `loan_type` VALUES ('loan_type_2', 'interest_begin_on_loan', 'month', '等额本息，按月计息，按月还款，放款后生息', '1', 'month', 'cpm', '等额本息，按月计息，按月还款，放款后生息');
INSERT INTO `loan_type` VALUES ('loan_type_3', 'interest_begin_on_loan', 'day', '先付利息后还本金，按天计息，放款后生息', '1', 'month', 'rfcl', '先付利息后还本金，按天计息，放款后生息');
INSERT INTO `loan_type` VALUES ('loan_type_4', 'interest_begin_on_loan', 'day', '到期还本付息，按天计息，放款后生息', '1', 'day', 'rlio', '到期还本付息，按天计息，放款后生息');
INSERT INTO `loan_type` VALUES ('loan_type_5', 'interest_begin_on_invest', 'day', '到期还本付息，按天计息，即投即生息', '1', 'day', 'rlio', '到期还本付息，按天计息，即投即生息');

-- ----------------------------
-- Table structure for `loan_type_rates`
-- ----------------------------
DROP TABLE IF EXISTS `loan_type_rates`;
CREATE TABLE `loan_type_rates` (
  `id` varchar(32) NOT NULL,
  `description` varchar(255) DEFAULT NULL,
  `rate` double DEFAULT NULL,
  `loan_type` varchar(32) DEFAULT NULL,
  PRIMARY KEY (`id`),
  UNIQUE KEY `id` (`id`) USING BTREE
) ENGINE=InnoDB DEFAULT CHARSET=utf8;

-- ----------------------------
-- Records of loan_type_rates
-- ----------------------------

-- ----------------------------
-- Table structure for `menu`
-- ----------------------------
DROP TABLE IF EXISTS `menu`;
CREATE TABLE `menu` (
  `id` varchar(32) NOT NULL,
  `type` varchar(32) NOT NULL,
  `label` varchar(100) NOT NULL,
  `url` varchar(1000) DEFAULT NULL,
  `pid` varchar(32) DEFAULT NULL,
  `enable` varchar(1) NOT NULL,
  `seq_num` int(11) DEFAULT NULL,
  `description` varchar(1000) DEFAULT NULL,
  `expanded` varchar(1) DEFAULT NULL,
  `language` varchar(10) NOT NULL DEFAULT '*',
  `target` varchar(20) DEFAULT '_self',
  `icon` varchar(80) DEFAULT NULL,
  PRIMARY KEY (`id`),
  KEY `FK_menu_father_menu` (`pid`) USING BTREE,
  KEY `FK_meun_menu_type` (`type`) USING BTREE,
  CONSTRAINT `menu_ibfk_1` FOREIGN KEY (`type`) REFERENCES `menu_type` (`id`),
  CONSTRAINT `menu_ibfk_2` FOREIGN KEY (`pid`) REFERENCES `menu` (`id`)
) ENGINE=InnoDB DEFAULT CHARSET=utf8;

-- ----------------------------
-- Records of menu
-- ----------------------------
INSERT INTO `menu` VALUES ('aboutUs', 'MainMenu', '关于我们', '/node/aboutUs/2', null, '1', '8', '', '1', '*', '_self', '');
INSERT INTO `menu` VALUES ('admin_index', 'Management', '系统主页', '', null, '1', '-2', '', '1', '*', '_self', '');
INSERT INTO `menu` VALUES ('ads_mgr', 'Management', '广告配置', '', 'system_config', '1', '2', '', '1', '*', '_self', '');
INSERT INTO `menu` VALUES ('anquanbaozhang', 'MainMenu', '安全保障', '/node/pinganbaozhang/anquanbaozhang', 'aboutUs', '1', '19', '', '1', '*', '_self', '');
INSERT INTO `menu` VALUES ('applyLoan', 'MainMenu', '我要借款2', '/user/applyLoan/enterprise', null, '0', '31', '', '0', '*', '_self', '');
INSERT INTO `menu` VALUES ('applyLoan-personal', 'MainMenu', '我要借款', '/user/applyLoan/personal', null, '0', '2', '', '1', '*', '_self', '');
INSERT INTO `menu` VALUES ('app_info', 'Management', '系统信息', '/admin/index.htm', 'my_work', '1', '0', '', '1', '*', '_self', '');
INSERT INTO `menu` VALUES ('auto_invest_config', 'Management', '自动投标配置', '/admin/config/config.htm?id=auto_invest', 'business_config', '1', '8', '', '1', '*', '_self', '');
INSERT INTO `menu` VALUES ('bangzhuzhongxin', 'Navigation', '帮助中心', '/term/help', null, '1', '50', '帮助中心', '1', '*', '_self', '');
INSERT INTO `menu` VALUES ('banner_list', 'Management', '广告管理', '/admin/banner/bannerList.htm', 'ads_mgr', '1', '0', '', '1', '*', '_self', '');
INSERT INTO `menu` VALUES ('bill_check_mgr', 'Management', '系统对账', '', 'finance_mgr', '1', '4', '', '1', '*', '_self', '');
INSERT INTO `menu` VALUES ('bill_mgr', 'Management', '资金管理', '', 'finance_mgr', '1', '2', '', '1', '*', '_self', '');
INSERT INTO `menu` VALUES ('business_config', 'Management', '业务参数配置', '', 'system_config', '1', '4', '', '1', '*', '_self', '');
INSERT INTO `menu` VALUES ('case', 'MainMenu', '公司证照', '/term/case', null, '0', '7', '', '0', '*', '_self', '');
INSERT INTO `menu` VALUES ('category_term_list', 'Management', '文章分类', '/admin/term/categoryTermList.htm', 'node_mgr_2', '1', '2', '', '1', '*', '_self', '');
INSERT INTO `menu` VALUES ('checkBalance', 'Management', '余额查询', '/admin/ipsPayCheckBalance/ipsPayCheckBalance.htm', 'bill_check_mgr', '0', '0', '', '1', '*', '_self', '');
INSERT INTO `menu` VALUES ('config_list', 'Management', '配置管理', '/admin/config/configList.htm', 'config_mgr', '1', '2', '', '1', '*', '_self', '');
INSERT INTO `menu` VALUES ('config_mgr', 'Management', '配置管理', '', 'system_config', '1', '6', '', '1', '*', '_self', '');
INSERT INTO `menu` VALUES ('config_type_list', 'Management', '配置分类', '/admin/config/configTypeList.htm', 'config_mgr', '1', '0', '', '1', '*', '_self', '');
INSERT INTO `menu` VALUES ('contract_list', 'Management', '生成合同管理', '/admin/index.htm', 'contract_mgr', '0', '0', '', '1', '*', '_self', '');
INSERT INTO `menu` VALUES ('contract_mgr', 'Management', '合同管理', '', 'loan_mgr', '1', '6', '', '1', '*', '_self', '');
INSERT INTO `menu` VALUES ('contract_template_list', 'Management', '合同模板管理', '/admin/node/nodeList.htm?termId=contract', 'contract_mgr', '1', '2', '', '1', '*', '_self', '');
INSERT INTO `menu` VALUES ('coupon_mgr', 'Management', '投资券管理', '', 'marketing_mgr', '1', '4', '', '1', '*', '_self', '');
INSERT INTO `menu` VALUES ('credit_list', 'Management', '债权管理', '/admin/loan/creditList.htm', 'credit_mgr', '0', '2', '', '1', '*', '_self', '');
INSERT INTO `menu` VALUES ('credit_mgr', 'Management', '债权管理', '', 'loan_mgr', '0', '0', '', '1', '*', '_self', '');
INSERT INTO `menu` VALUES ('credit_rating_log_list', 'Management', '信用评级更改记录', '/admin/verify/creditRatingLogList.htm', 'user_mgr_2', '1', '4', '', '1', '*', '_self', '');
INSERT INTO `menu` VALUES ('dict_list', 'Management', '数据字典管理', '/admin/system/dictList.htm', 'global_config', '1', '4', '系统所用的数据字典', '1', '*', '_self', '');
INSERT INTO `menu` VALUES ('enterprise_loan_apply_list', 'Management', '企业借款申请列表', '/admin/loan/applyEnterpriseLoanList.htm', 'loan_mgr_2', '1', '18', '', '1', '*', '_self', '');
INSERT INTO `menu` VALUES ('fee_config', 'Management', '费率配置', '/admin/risk/feeConfigList.htm', 'business_config', '1', '5', '', '1', '*', '_self', '');
INSERT INTO `menu` VALUES ('finance_mgr', 'Management', '财务管理', '', null, '1', '4', '', '1', '*', '_self', '');
INSERT INTO `menu` VALUES ('global_config', 'Management', '全局配置', '', 'system_config', '1', '0', '', '1', '*', '_self', '');
INSERT INTO `menu` VALUES ('gongShangZhiZhao', 'MainMenu', '工商执照', '/node/aboutUs/1', 'aboutUs', '0', '4', '', '1', '*', '_self', '');
INSERT INTO `menu` VALUES ('gongSiXinXi001', 'MainMenu', '公司简介', '/node/aboutUs/2', 'aboutUs', '1', '2', '', '1', '*', '_self', '');
INSERT INTO `menu` VALUES ('guarantee_company_list', 'Management', '担保公司管理', '/admin/node/nodeList.htm?termId=guaranteeCompany', 'loan_mgr_2', '1', '19', '', '1', '*', '_self', '');
INSERT INTO `menu` VALUES ('heZuoHuoBan1', 'MainMenu', '合作伙伴', '/node/aboutUs/7', 'aboutUs', '1', '6', '', '1', '*', '_self', '');
INSERT INTO `menu` VALUES ('home_page', 'MainMenu', '首页', '/', null, '1', '-50', '首页面菜单', '1', '*', '_self', '/upload/20130814/57551376443927882.gif');
INSERT INTO `menu` VALUES ('hongbaoshiyong', 'Management', '使用情况', '/admin/coupon/userCouponSyList.htm', 'coupon_mgr', '1', '0', '', '1', '*', '_self', '');
INSERT INTO `menu` VALUES ('investment_list', 'Management', '项目投资明细表', '/admin/loan/investmentInfoList.htm', 'loan_mgr_2', '1', '14', '', '1', '*', '_self', '');
INSERT INTO `menu` VALUES ('invests', 'MainMenu', '我要出借2', '/loan-list', null, '0', '30', '', '1', '*', '_self', '');
INSERT INTO `menu` VALUES ('investTransferList', 'MainMenu', '债权转让', '/it_list', 'invests', '0', '2', '', '0', '*', '_self', '');
INSERT INTO `menu` VALUES ('invest_transfer_config', 'Management', '债权转让配置', '/admin/config/config.htm?id=invest_transfer', 'business_config', '1', '6', '', '1', '*', '_self', '');
INSERT INTO `menu` VALUES ('jiaRuWoMen', 'MainMenu', '加入我们', '/node/aboutUs/8', 'aboutUs', '1', '8', '', '1', '*', '_self', '');
INSERT INTO `menu` VALUES ('language_list', 'Management', '语言配置', '/admin/language/languageList.htm', 'global_config', '1', '2', '', '1', '*', '_self', '');
INSERT INTO `menu` VALUES ('lianXiWoMen', 'MainMenu', '联系我们', '/node/aboutUs/5', 'aboutUs', '1', '5', '', '1', '*', '_self', '');
INSERT INTO `menu` VALUES ('link_list', 'Management', '友情链接管理', '/admin/link/linkList.htm', 'ads_mgr', '1', '2', '', '1', '*', '_self', '');
INSERT INTO `menu` VALUES ('link_type_list', 'Management', '链接分类管理', '/admin/link/linkTypeList.htm', 'ads_mgr', '1', '4', '', '1', '*', '_self', '');
INSERT INTO `menu` VALUES ('loan-list', 'MainMenu', '企业借款', '/loan-list', 'invests', '0', '0', '', '1', '*', '_self', '');
INSERT INTO `menu` VALUES ('loan-type_list', 'Management', '借款类型列表', '/admin/loan/loanTypeList.htm', 'business_config', '1', '10', '', '1', '*', '_self', '');
INSERT INTO `menu` VALUES ('loaner_list', 'Management', '借款人审核/评级', '/admin/user/verifyLoanerList.htm', 'user_mgr_2', '1', '2', '', '1', '*', '_self', '');
INSERT INTO `menu` VALUES ('loan_add', 'Management', '发起借款', '/admin/loan/loanAdd.htm', 'loan_mgr_2', '1', '20', '', '1', '*', '_self', '');
INSERT INTO `menu` VALUES ('loan_comment_list', 'Management', '项目评论管理', '/admin/comment/commentList.htm', 'loan_comment_mgr', '1', '0', '', '1', '*', '_self', '');
INSERT INTO `menu` VALUES ('loan_comment_mgr', 'Management', '项目评论管理', '', 'loan_mgr', '1', '2', '', '1', '*', '_self', '');
INSERT INTO `menu` VALUES ('loan_list', 'Management', '所有的借款', '/admin/loan/loanList.htm', 'loan_mgr_2', '1', '-2', '', '1', '*', '_self', '');
INSERT INTO `menu` VALUES ('loan_list_cancel', 'Management', '已经流标的借款', '/admin/loan/loanList.htm?loanStatus=cancel', 'loan_mgr_2', '1', '10', '', '1', '*', '_self', '');
INSERT INTO `menu` VALUES ('loan_list_complete', 'Management', '完成还款的借款', '/admin/loan/loanList.htm?loanStatus=complete', 'loan_mgr_2', '1', '8', '', '1', '*', '_self', '');
INSERT INTO `menu` VALUES ('loan_list_raising', 'Management', '筹款中的借款', '/admin/loan/loanList.htm?loanStatus=raising', 'loan_mgr_2', '1', '2', '', '1', '*', '_self', '');
INSERT INTO `menu` VALUES ('loan_list_recheck', 'Management', '复审的借款', '/admin/loan/loanList.htm?loanStatus=recheck', 'loan_mgr_2', '1', '4', '', '1', '*', '_self', '');
INSERT INTO `menu` VALUES ('loan_list_repaying', 'Management', '还款中的借款', '/admin/loan/loanList.htm?loanStatus=repaying', 'loan_mgr_2', '1', '6', '', '1', '*', '_self', '');
INSERT INTO `menu` VALUES ('loan_list_waiting_verify', 'Management', '初审的借款', '/admin/loan/loanList.htm?loanStatus=waiting_verify', 'loan_mgr_2', '1', '0', '', '1', '*', '_self', '');
INSERT INTO `menu` VALUES ('loan_mgr', 'Management', '项目管理', '', null, '1', '0', '', '1', '*', '_self', '');
INSERT INTO `menu` VALUES ('loan_mgr_2', 'Management', '借款管理', '', 'loan_mgr', '1', '-2', '', '1', '*', '_self', '');
INSERT INTO `menu` VALUES ('loan_overdue', 'Management', '逾期的借款', '/admin/loan/loanList.htm?loanStatus=overdue', 'loan_mgr_2', '1', '12', '', '1', '*', '_self', '');
INSERT INTO `menu` VALUES ('mail_config', 'Management', '邮件配置', '/admin/config/config.htm?id=mail', 'business_config', '1', '2', '', '1', '*', '_self', '');
INSERT INTO `menu` VALUES ('marketing_mgr', 'Management', '营销管理', '', null, '1', '12', '', '1', '*', '_self', '');
INSERT INTO `menu` VALUES ('menu_list', 'Management', '菜单管理', '/admin/menu/menuList.htm', 'menu_mgr_2', '1', '0', '', '1', '*', '_self', '');
INSERT INTO `menu` VALUES ('menu_mgr', 'Management', '菜单管理', '', null, '1', '6', '', '1', '*', '_self', '');
INSERT INTO `menu` VALUES ('menu_mgr_2', 'Management', '菜单管理', '', 'menu_mgr', '1', '0', '', '1', '*', '_self', '');
INSERT INTO `menu` VALUES ('menu_type_list', 'Management', '菜单类型', '/admin/menu/menuTypeList.htm', 'menu_mgr_2', '1', '4', '', '1', '*', '_self', '');
INSERT INTO `menu` VALUES ('myaccount', 'MainMenu', '我的账户', '/user/center', null, '1', '3', '', '1', '*', '_self', '');
INSERT INTO `menu` VALUES ('my_menus', 'Management', '我的常用功能', '', 'admin_index', '1', '2', '', '1', '*', '_self', '');
INSERT INTO `menu` VALUES ('my_work', 'Management', '我的工作台', '', 'admin_index', '1', '0', '', '1', '*', '_self', '');
INSERT INTO `menu` VALUES ('Navigation-01', 'Navigation', '关于我们', '', null, '1', '0', '导航第一栏菜单', '1', '*', '_self', '');
INSERT INTO `menu` VALUES ('Navigation-01-1', 'Navigation', '公司介绍', '', 'Navigation-01', '1', '0', '导航子菜单', '1', '*', '_self', '');
INSERT INTO `menu` VALUES ('Navigation-01-2', 'Navigation', '媒体报道', '/term/meitibaodao', 'Navigation-01', '1', '1', '导航子菜单', '1', '*', '_self', '');
INSERT INTO `menu` VALUES ('Navigation-01-3', 'Navigation', '招贤纳士', '/node/aboutUs/8', 'Navigation-01', '1', '2', '导航子菜单', '1', '*', '_self', '');
INSERT INTO `menu` VALUES ('Navigation-01-4', 'Navigation', '联系我们', '/node/aboutUs/5', 'Navigation-01', '1', '3', '导航子菜单', '1', '*', '_self', '');
INSERT INTO `menu` VALUES ('Navigation-02', 'Navigation', '投资安全', '', null, '1', '1', '导航第二栏菜单', '1', '*', '_self', '');
INSERT INTO `menu` VALUES ('Navigation-02-1', 'Navigation', '业务体系', '/node/pinganbaozhang/pinganbaozhang-01', 'Navigation-02', '1', '0', '导航子菜单', '1', '*', '_self', '');
INSERT INTO `menu` VALUES ('Navigation-02-2', 'Navigation', '资金安全', '/node/pinganbaozhang/pinganbaozhang-02', 'Navigation-02', '1', '1', '导航子菜单', '1', '*', '_self', '');
INSERT INTO `menu` VALUES ('Navigation-02-3', 'Navigation', '法律保障', '/node/pinganbaozhang/pinganbaozhang-03', 'Navigation-02', '1', '2', '导航子菜单', '1', '*', '_self', '');
INSERT INTO `menu` VALUES ('Navigation-02-4', 'Navigation', '投资报告', '/node/pinganbaozhang/pinganbaozhang-04', 'Navigation-02', '1', '3', '导航子菜单', '1', '*', '_self', '');
INSERT INTO `menu` VALUES ('Navigation-03', 'Navigation', '帮助中心', '', null, '1', '2', '导航第三栏菜单', '1', '*', '_self', '');
INSERT INTO `menu` VALUES ('Navigation-03-1', 'Navigation', '新手指引', '/node/pingtaizhinan/pingtaizhinan-01', 'Navigation-03', '1', '0', '导航子菜单', '1', '*', '_self', '');
INSERT INTO `menu` VALUES ('Navigation-03-2', 'Navigation', '用户协议', '/node/pingtaizhinan/pingtaizhinan-02', 'Navigation-03', '1', '1', '导航子菜单', '1', '*', '_self', '');
INSERT INTO `menu` VALUES ('Navigation-03-3', 'Navigation', '合同样本', '/node/pingtaizhinan/pingtaizhinan-03', 'Navigation-03', '1', '2', '导航子菜单', '1', '*', '_self', '');
INSERT INTO `menu` VALUES ('Navigation-03-4', 'Navigation', '平台规则', '/node/pingtaizhinan/pingtaizhinan-04', 'Navigation-03', '1', '3', '导航子菜单', '1', '*', '_self', '');
INSERT INTO `menu` VALUES ('node_list', 'Management', '文章管理', '/admin/node/nodeList.htm', 'node_mgr_2', '1', '0', '', '1', '*', '_self', '');
INSERT INTO `menu` VALUES ('node_mgr', 'Management', '文章管理', '', null, '1', '8', '', '1', '*', '_self', '');
INSERT INTO `menu` VALUES ('node_mgr_2', 'Management', '文章管理', '', 'node_mgr', '1', '0', '', '1', '*', '_self', '');
INSERT INTO `menu` VALUES ('p2p_loan-list', 'MainMenu', '我要出借', '/p2p_loan-list', null, '1', '1', '', '1', '*', '_self', '');
INSERT INTO `menu` VALUES ('p2p_loan-list-small', 'MainMenu', '普通投资', '/p2p_loan-list', 'p2p_loan-list', '1', '0', '', '1', '*', '_self', '');
INSERT INTO `menu` VALUES ('p2p_loan-list_dxb', 'MainMenu', '定向投资', '/p2p_loan-list_dxb', 'p2p_loan-list', '1', '2', '', '1', '*', '_self', '');
INSERT INTO `menu` VALUES ('p2p_loan-list_jxb', 'MainMenu', '加息投资', '/p2p_loan-list_jxb', 'p2p_loan-list', '1', '1', '', '1', '*', '_self', '');
INSERT INTO `menu` VALUES ('p2p_loan-list_xsb', 'MainMenu', '新手投资', '/p2p_loan-list_xsb', 'p2p_loan-list', '1', '0', '', '1', '*', '_self', '');
INSERT INTO `menu` VALUES ('permission_list', 'Management', '权限管理', '/admin/user/permissionList.htm', 'permission_mgr', '1', '2', '', '1', '*', '_self', '');
INSERT INTO `menu` VALUES ('permission_mgr', 'Management', '权限管理', '', 'security_mgr', '1', '0', '', '1', '*', '_self', '');
INSERT INTO `menu` VALUES ('pinganbaozhang', 'MainMenu', '企业融资', '/user/applyLoan/enterprise', 'applyLoan', '0', '4', '', '1', '*', '_self', '');
INSERT INTO `menu` VALUES ('pingTaiYuanLi1', 'MainMenu', '平台原理', '/node/aboutUs/6', 'aboutUs', '1', '3', '', '1', '*', '_self', '');
INSERT INTO `menu` VALUES ('point_mgr', 'Management', '积分管理', '', 'marketing_mgr', '1', '0', '', '1', '*', '_self', '');
INSERT INTO `menu` VALUES ('queryLoanStatus', 'Management', '查询标的状态', '/admin/umpay/queryLoanStatus.htm', 'bill_check_mgr', '1', '0', '', '1', '*', '_self', '');
INSERT INTO `menu` VALUES ('queryMerInfo', 'Management', '查询商户信息', '/admin/umpay/queryMerInfo.htm', 'bill_check_mgr', '1', '0', '', '1', '*', '_self', '');
INSERT INTO `menu` VALUES ('queryTranseq', 'Management', '查询账单流水', '/admin/umpay/queryTranseq.htm', 'bill_check_mgr', '1', '0', '查询第三方交易流水', '1', '*', '_self', '');
INSERT INTO `menu` VALUES ('queryTransferStatus', 'Management', '查询交易状态', '/admin/umpay/queryTransferStatus.htm', 'bill_check_mgr', '1', '0', '', '1', '*', '_self', '');
INSERT INTO `menu` VALUES ('queryUserStatus', 'Management', '查询用户状态', '/admin/umpay/queryUserStatus.htm', 'bill_check_mgr', '1', '0', '', '1', '*', '_self', '');
INSERT INTO `menu` VALUES ('raise_loan_list', 'Management', '项目列表', '/admin/raise/raiseLoanList.htm', 'raise_mgr', '1', '0', '', '1', '*', '_self', '');
INSERT INTO `menu` VALUES ('raise_mgr', 'Management', '众筹管理', '', null, '0', '1', '', '1', '*', '_self', '');
INSERT INTO `menu` VALUES ('recharge_list', 'Management', '充值记录', '/admin/recharge/rechargeList.htm', 'recharge_withdraw_mgr', '1', '0', '', '1', '*', '_self', '');
INSERT INTO `menu` VALUES ('recharge_withdraw_mgr', 'Management', '充值提现', '', 'finance_mgr', '1', '0', '', '1', '*', '_self', '');
INSERT INTO `menu` VALUES ('referee', 'Management', '推荐人管理', '/admin/user/refereeList.htm', 'user_mgr_2', '1', '7', '', '1', '*', '_self', '');
INSERT INTO `menu` VALUES ('referee_list', 'Management', '推荐报表', '/admin/user/refereeList.htm', 'referee_mgr', '1', '0', '', '1', '*', '_self', '');
INSERT INTO `menu` VALUES ('referee_mgr', 'Management', '推荐管理', '', 'marketing_mgr', '1', '2', '', '1', '*', '_self', '');
INSERT INTO `menu` VALUES ('repayment_list', 'Management', '项目还款明细表', '/admin/loan/repaymentInfoList.htm', 'loan_mgr_2', '1', '16', '', '1', '*', '_self', '');
INSERT INTO `menu` VALUES ('role_list', 'Management', '角色管理', '/admin/user/roleList.htm', 'permission_mgr', '1', '0', '', '1', '*', '_self', '');
INSERT INTO `menu` VALUES ('safe_config', 'Management', '安全配置', '', 'security_mgr', '1', '2', '', '1', '*', '_self', '');
INSERT INTO `menu` VALUES ('security_mgr', 'Management', '安全管理', '', null, '1', '10', '', '1', '*', '_self', '');
INSERT INTO `menu` VALUES ('site_config', 'Management', '站点配置', '/admin/config/config.htm?id=basic', 'global_config', '1', '0', '', '1', '*', '_self', '');
INSERT INTO `menu` VALUES ('system_audit', 'Management', '系统审计', '', 'security_mgr', '1', '4', '', '1', '*', '_self', '');
INSERT INTO `menu` VALUES ('system_bill_list', 'Management', '系统收益账户', '/admin/fund/systemBillList.htm', 'bill_mgr', '1', '2', '', '1', '*', '_self', '');
INSERT INTO `menu` VALUES ('system_config', 'Management', '系统设置', '', null, '1', '14', '', '1', '*', '_self', '');
INSERT INTO `menu` VALUES ('system_refresh', 'Management', '系统刷新', '/admin/system/refresh.htm', 'system_util_1', '1', '0', '', '1', '*', '_self', '');
INSERT INTO `menu` VALUES ('system_util', 'Management', '系统工具', '', null, '1', '16', '', '1', '*', '_self', '');
INSERT INTO `menu` VALUES ('system_util_1', 'Management', '系统工具', '', 'system_util', '1', '0', '', '1', '*', '_self', '');
INSERT INTO `menu` VALUES ('transfer_list', 'Management', '债权转让明细表', '/admin/loan/transferInfoList.htm', 'loan_mgr_2', '1', '17', '', '1', '*', '_self', '');
INSERT INTO `menu` VALUES ('tzjop', 'Management', '投资卷管理', '/admin/coupon/couponList.htm', 'coupon_mgr', '1', '0', '', '1', '*', '_self', '');
INSERT INTO `menu` VALUES ('url_mapping_list', 'Management', 'UrlMapping', '/admin/urlMapping/urlMappingList.htm', 'menu_mgr_2', '1', '2', '', '1', '*', '_self', '');
INSERT INTO `menu` VALUES ('userPointList', 'Management', '积分管理', '/admin/user/userPointHistoryList.htm', 'point_mgr', '1', '0', '', '1', '*', '_self', '');
INSERT INTO `menu` VALUES ('user_bill_list', 'Management', '用户帐户资金', '/admin/fund/userBillList.htm', 'bill_mgr', '1', '0', '', '1', '*', '_self', '');
INSERT INTO `menu` VALUES ('user_last_bill_list', 'Management', '用户账户余额', '/admin/fund/userLastBillList.htm?groupBy=user', 'bill_mgr', '1', '6', '自动投标排名', '1', '*', '_self', '');
INSERT INTO `menu` VALUES ('user_list', 'Management', '用户管理', '/admin/user/userList.htm', 'user_mgr_2', '1', '0', '', '1', '*', '_self', '');
INSERT INTO `menu` VALUES ('user_list_vip', 'Management', 'vip注册记录', '/admin/user/vipUserList.htm', 'user_mgr_2', '0', '6', '', '1', '*', '_self', '');
INSERT INTO `menu` VALUES ('user_login_log_list', 'Management', '用户登录日志', '/admin/user/userLoginLogList.htm', 'system_audit', '1', '0', '', '1', '*', '_self', '');
INSERT INTO `menu` VALUES ('user_message', 'Management', '用户消息', '', 'system_config', '1', '5', '', '1', '*', '_self', '');
INSERT INTO `menu` VALUES ('user_message_node_list', 'Management', '用户消息发送节点', '/admin/userMessage/userMessageNodeList.htm', 'user_message', '1', '13', '', '0', '*', '_self', '');
INSERT INTO `menu` VALUES ('user_message_template_list', 'Management', '用户消息发送模板', '/admin/userMessage/userMessageTemplateList.htm', 'user_message', '1', '14', '', '0', '*', '_self', '');
INSERT INTO `menu` VALUES ('user_message_way_list', 'Management', '用户消息发送方式', '/admin/userMessage/userMessageWayList.htm', 'user_message', '1', '15', '', '0', '*', '_self', '');
INSERT INTO `menu` VALUES ('user_mgr', 'Management', '用户管理', '', null, '1', '2', '', '1', '*', '_self', '');
INSERT INTO `menu` VALUES ('user_mgr_2', 'Management', '用户管理', '', 'user_mgr', '1', '0', '', '1', '*', '_self', '');
INSERT INTO `menu` VALUES ('user_operate_log_list', 'Management', '用户操作日志', '#', 'system_audit', '0', '2', '', '1', '*', '_self', '');
INSERT INTO `menu` VALUES ('user_safe_config', 'Management', '账号安全配置', '/admin/config/config.htm?id=user_safe', 'safe_config', '1', '0', '', '1', '*', '_self', '');
INSERT INTO `menu` VALUES ('wangzhanfeiyong', 'Navigation', '网站费用', '/node/help/wangzhanfeiyong', 'bangzhuzhongxin', '1', '0', '', '1', '*', '_self', '');
INSERT INTO `menu` VALUES ('withdraw_list_recheck', 'Management', '待复核提现', '/admin/withdraw/withdrawList.htm?withdrawStatus=recheck', 'recharge_withdraw_mgr', '1', '4', '', '1', '*', '_self', '');
INSERT INTO `menu` VALUES ('withdraw_list_success', 'Management', '已经提现', '/admin/withdraw/withdrawList.htm?withdrawStatus=success', 'recharge_withdraw_mgr', '1', '6', '', '1', '*', '_self', '');
INSERT INTO `menu` VALUES ('withdraw_list_verify_fail', 'Management', '审核未通过', '/admin/withdraw/withdrawList.htm?withdrawStatus=verify_fail', 'recharge_withdraw_mgr', '1', '8', '', '1', '*', '_self', '');
INSERT INTO `menu` VALUES ('withdraw_list_wait_verify', 'Management', '待审核提现', '/admin/withdraw/withdrawList.htm?withdrawStatus=wait_verify', 'recharge_withdraw_mgr', '1', '2', '', '1', '*', '_self', '');
INSERT INTO `menu` VALUES ('xiangguanxieyi', 'MainMenu', '相关协议', '/node/aboutUs/4', 'aboutUs', '1', '4', '', '1', '*', '_self', '');

-- ----------------------------
-- Table structure for `menu_permission`
-- ----------------------------
DROP TABLE IF EXISTS `menu_permission`;
CREATE TABLE `menu_permission` (
  `menu_id` varchar(32) NOT NULL,
  `permission_id` varchar(32) NOT NULL,
  KEY `FK816E44AFBC4DBCAF` (`menu_id`) USING BTREE,
  KEY `FK816E44AFA8A6203` (`permission_id`) USING BTREE,
  CONSTRAINT `menu_permission_ibfk_1` FOREIGN KEY (`permission_id`) REFERENCES `permission` (`id`),
  CONSTRAINT `menu_permission_ibfk_2` FOREIGN KEY (`menu_id`) REFERENCES `menu` (`id`)
) ENGINE=InnoDB DEFAULT CHARSET=utf8;

-- ----------------------------
-- Records of menu_permission
-- ----------------------------
INSERT INTO `menu_permission` VALUES ('admin_index', 'admin_index');
INSERT INTO `menu_permission` VALUES ('ads_mgr', 'ads_mgr');
INSERT INTO `menu_permission` VALUES ('app_info', 'app_info');
INSERT INTO `menu_permission` VALUES ('auto_invest_config', 'auto_invest_config');
INSERT INTO `menu_permission` VALUES ('banner_list', 'banner_list');
INSERT INTO `menu_permission` VALUES ('bill_check_mgr', 'bill_check_mgr');
INSERT INTO `menu_permission` VALUES ('bill_mgr', 'bill_mgr');
INSERT INTO `menu_permission` VALUES ('business_config', 'business_config');
INSERT INTO `menu_permission` VALUES ('category_term_list', 'category_term_list');
INSERT INTO `menu_permission` VALUES ('checkBalance', 'checkBalance');
INSERT INTO `menu_permission` VALUES ('config_list', 'config_list');
INSERT INTO `menu_permission` VALUES ('config_mgr', 'config_mgr');
INSERT INTO `menu_permission` VALUES ('config_type_list', 'config_type_list');
INSERT INTO `menu_permission` VALUES ('contract_list', 'contract_list');
INSERT INTO `menu_permission` VALUES ('contract_mgr', 'contract_mgr');
INSERT INTO `menu_permission` VALUES ('contract_template_list', 'contract_template_list');
INSERT INTO `menu_permission` VALUES ('coupon_mgr', 'coupon_mgr');
INSERT INTO `menu_permission` VALUES ('credit_list', 'credit_list');
INSERT INTO `menu_permission` VALUES ('credit_mgr', 'credit_mgr');
INSERT INTO `menu_permission` VALUES ('credit_rating_log_list', 'credit_rating_log_list');
INSERT INTO `menu_permission` VALUES ('dict_list', 'dict_list');
INSERT INTO `menu_permission` VALUES ('enterprise_loan_apply_list', 'enterprise_loan_apply_list');
INSERT INTO `menu_permission` VALUES ('fee_config', 'fee_config');
INSERT INTO `menu_permission` VALUES ('finance_mgr', 'finance_mgr');
INSERT INTO `menu_permission` VALUES ('global_config', 'global_config');
INSERT INTO `menu_permission` VALUES ('guarantee_company_list', 'guarantee_company_list');
INSERT INTO `menu_permission` VALUES ('hongbaoshiyong', 'hongbaoshiyong');
INSERT INTO `menu_permission` VALUES ('investment_list', 'investment_list');
INSERT INTO `menu_permission` VALUES ('invest_transfer_config', 'invest_transfer_config');
INSERT INTO `menu_permission` VALUES ('language_list', 'language_list');
INSERT INTO `menu_permission` VALUES ('link_list', 'link_list');
INSERT INTO `menu_permission` VALUES ('link_type_list', 'link_type_list');
INSERT INTO `menu_permission` VALUES ('loan-type_list', 'loan-type_list');
INSERT INTO `menu_permission` VALUES ('loaner_list', 'loaner_list');
INSERT INTO `menu_permission` VALUES ('loan_add', 'loan_add');
INSERT INTO `menu_permission` VALUES ('loan_comment_list', 'loan_comment_list');
INSERT INTO `menu_permission` VALUES ('loan_comment_mgr', 'loan_comment_mgr');
INSERT INTO `menu_permission` VALUES ('loan_list', 'loan_list');
INSERT INTO `menu_permission` VALUES ('loan_list_cancel', 'loan_list_cancel');
INSERT INTO `menu_permission` VALUES ('loan_list_complete', 'loan_list_complete');
INSERT INTO `menu_permission` VALUES ('loan_list_raising', 'loan_list_raising');
INSERT INTO `menu_permission` VALUES ('loan_list_recheck', 'loan_list_recheck');
INSERT INTO `menu_permission` VALUES ('loan_list_repaying', 'loan_list_repaying');
INSERT INTO `menu_permission` VALUES ('loan_list_waiting_verify', 'loan_list_waiting_verify');
INSERT INTO `menu_permission` VALUES ('loan_mgr', 'loan_mgr');
INSERT INTO `menu_permission` VALUES ('loan_mgr_2', 'loan_mgr_2');
INSERT INTO `menu_permission` VALUES ('loan_overdue', 'loan_overdue');
INSERT INTO `menu_permission` VALUES ('mail_config', 'mail_config');
INSERT INTO `menu_permission` VALUES ('marketing_mgr', 'marketing_mgr');
INSERT INTO `menu_permission` VALUES ('menu_list', 'menu_list');
INSERT INTO `menu_permission` VALUES ('menu_mgr', 'menu_mgr');
INSERT INTO `menu_permission` VALUES ('menu_mgr_2', 'menu_mgr_2');
INSERT INTO `menu_permission` VALUES ('menu_type_list', 'menu_type_list');
INSERT INTO `menu_permission` VALUES ('my_menus', 'my_menus');
INSERT INTO `menu_permission` VALUES ('my_work', 'my_work');
INSERT INTO `menu_permission` VALUES ('node_list', 'node_list');
INSERT INTO `menu_permission` VALUES ('node_mgr', 'node_mgr');
INSERT INTO `menu_permission` VALUES ('node_mgr_2', 'node_mgr_2');
INSERT INTO `menu_permission` VALUES ('permission_list', 'permission_list');
INSERT INTO `menu_permission` VALUES ('permission_mgr', 'permission_mgr');
INSERT INTO `menu_permission` VALUES ('point_mgr', 'point_mgr');
INSERT INTO `menu_permission` VALUES ('queryLoanStatus', 'queryLoanStatus');
INSERT INTO `menu_permission` VALUES ('queryMerInfo', 'queryMerInfo');
INSERT INTO `menu_permission` VALUES ('queryTranseq', 'queryTranseq');
INSERT INTO `menu_permission` VALUES ('queryTransferStatus', 'queryTransferStatus');
INSERT INTO `menu_permission` VALUES ('queryUserStatus', 'queryUserStatus');
INSERT INTO `menu_permission` VALUES ('raise_loan_list', 'raise_loan_list');
INSERT INTO `menu_permission` VALUES ('raise_mgr', 'raise_mgr');
INSERT INTO `menu_permission` VALUES ('recharge_list', 'recharge_list');
INSERT INTO `menu_permission` VALUES ('recharge_withdraw_mgr', 'recharge_withdraw_mgr');
INSERT INTO `menu_permission` VALUES ('referee', 'referee');
INSERT INTO `menu_permission` VALUES ('referee_list', 'referee_list');
INSERT INTO `menu_permission` VALUES ('referee_mgr', 'referee_mgr');
INSERT INTO `menu_permission` VALUES ('repayment_list', 'repayment_list');
INSERT INTO `menu_permission` VALUES ('role_list', 'role_list');
INSERT INTO `menu_permission` VALUES ('safe_config', 'safe_config');
INSERT INTO `menu_permission` VALUES ('security_mgr', 'security_mgr');
INSERT INTO `menu_permission` VALUES ('site_config', 'site_config');
INSERT INTO `menu_permission` VALUES ('system_audit', 'system_audit');
INSERT INTO `menu_permission` VALUES ('system_bill_list', 'system_bill_list');
INSERT INTO `menu_permission` VALUES ('system_config', 'system_config');
INSERT INTO `menu_permission` VALUES ('system_refresh', 'system_refresh');
INSERT INTO `menu_permission` VALUES ('system_util', 'system_util');
INSERT INTO `menu_permission` VALUES ('system_util_1', 'system_util_1');
INSERT INTO `menu_permission` VALUES ('transfer_list', 'transfer_list');
INSERT INTO `menu_permission` VALUES ('tzjop', 'tzjop');
INSERT INTO `menu_permission` VALUES ('url_mapping_list', 'url_mapping_list');
INSERT INTO `menu_permission` VALUES ('userPointList', 'userPointList');
INSERT INTO `menu_permission` VALUES ('user_bill_list', 'user_bill_list');
INSERT INTO `menu_permission` VALUES ('user_last_bill_list', 'user_last_bill_list');
INSERT INTO `menu_permission` VALUES ('user_list', 'user_list');
INSERT INTO `menu_permission` VALUES ('user_list_vip', 'user_list_vip');
INSERT INTO `menu_permission` VALUES ('user_login_log_list', 'user_login_log_list');
INSERT INTO `menu_permission` VALUES ('user_message', 'user_message');
INSERT INTO `menu_permission` VALUES ('user_message_node_list', 'user_message_node_list');
INSERT INTO `menu_permission` VALUES ('user_message_template_list', 'user_message_template_list');
INSERT INTO `menu_permission` VALUES ('user_message_way_list', 'user_message_way_list');
INSERT INTO `menu_permission` VALUES ('user_mgr', 'user_mgr');
INSERT INTO `menu_permission` VALUES ('user_mgr_2', 'user_mgr_2');
INSERT INTO `menu_permission` VALUES ('user_operate_log_list', 'user_operate_log_list');
INSERT INTO `menu_permission` VALUES ('user_safe_config', 'user_safe_config');
INSERT INTO `menu_permission` VALUES ('withdraw_list_recheck', 'withdraw_list_recheck');
INSERT INTO `menu_permission` VALUES ('withdraw_list_success', 'withdraw_list_success');
INSERT INTO `menu_permission` VALUES ('withdraw_list_verify_fail', 'withdraw_list_verify_fail');
INSERT INTO `menu_permission` VALUES ('withdraw_list_wait_verify', 'withdraw_list_wait_verify');

-- ----------------------------
-- Table structure for `menu_type`
-- ----------------------------
DROP TABLE IF EXISTS `menu_type`;
CREATE TABLE `menu_type` (
  `id` varchar(32) NOT NULL,
  `name` varchar(50) NOT NULL,
  `description` text,
  `enable` varchar(1) NOT NULL,
  PRIMARY KEY (`id`)
) ENGINE=InnoDB DEFAULT CHARSET=utf8;

-- ----------------------------
-- Records of menu_type
-- ----------------------------
INSERT INTO `menu_type` VALUES ('MainMenu', '主菜单', '主菜单在多数站点用于显示站点的主要部分，往往位于顶部导航栏。', '1');
INSERT INTO `menu_type` VALUES ('Management', '管理菜单', '管理菜单包含管理任务的链接。主要是系统后台管理的菜单。', '1');
INSERT INTO `menu_type` VALUES ('Navigation', '导航', '（二级）导航菜单包含供站点访问者使用的链接，比如网站页脚的“联系我们”，“人才招聘”等等。', '1');

-- ----------------------------
-- Table structure for `motion_tracking`
-- ----------------------------
DROP TABLE IF EXISTS `motion_tracking`;
CREATE TABLE `motion_tracking` (
  `id` varchar(64) NOT NULL,
  `action` varchar(512) DEFAULT NULL,
  `action_time` datetime DEFAULT NULL,
  `action_type` varchar(512) DEFAULT NULL,
  `from_time` datetime DEFAULT NULL,
  `from_type` varchar(512) DEFAULT NULL,
  `from_where` varchar(512) DEFAULT NULL,
  `to_time` datetime DEFAULT NULL,
  `to_type` varchar(512) DEFAULT NULL,
  `to_where` varchar(512) DEFAULT NULL,
  `who` varchar(512) DEFAULT NULL,
  `who_type` varchar(512) DEFAULT NULL,
  PRIMARY KEY (`id`),
  UNIQUE KEY `id` (`id`) USING BTREE
) ENGINE=InnoDB DEFAULT CHARSET=utf8;

-- ----------------------------
-- Records of motion_tracking
-- ----------------------------

-- ----------------------------
-- Table structure for `node`
-- ----------------------------
DROP TABLE IF EXISTS `node`;
CREATE TABLE `node` (
  `id` varchar(32) NOT NULL,
  `node_type` varchar(32) NOT NULL,
  `title` varchar(100) DEFAULT NULL,
  `subtitle` varchar(100) DEFAULT NULL,
  `body` varchar(32) DEFAULT NULL,
  `language` varchar(10) NOT NULL DEFAULT '*',
  `status` varchar(20) NOT NULL,
  `keywords` text,
  `description` text,
  `create_time` datetime NOT NULL,
  `update_time` datetime NOT NULL,
  `version` double DEFAULT NULL,
  `creator` varchar(32) NOT NULL,
  `last_modify_user` varchar(32) DEFAULT NULL,
  `seq_num` int(11) DEFAULT NULL,
  `thumb` varchar(80) DEFAULT NULL,
  PRIMARY KEY (`id`),
  KEY `FK_node_creator` (`creator`) USING BTREE,
  KEY `FK_node_lasteat_modify_user` (`last_modify_user`) USING BTREE,
  KEY `FK_node_node_body` (`body`) USING BTREE,
  KEY `FK_node_nodeType` (`node_type`) USING BTREE,
  CONSTRAINT `node_ibfk_1` FOREIGN KEY (`body`) REFERENCES `node_body` (`id`),
  CONSTRAINT `node_ibfk_2` FOREIGN KEY (`creator`) REFERENCES `user` (`id`),
  CONSTRAINT `node_ibfk_3` FOREIGN KEY (`last_modify_user`) REFERENCES `user` (`id`),
  CONSTRAINT `node_ibfk_4` FOREIGN KEY (`node_type`) REFERENCES `node_type` (`id`)
) ENGINE=InnoDB DEFAULT CHARSET=utf8;

-- ----------------------------
-- Records of node
-- ----------------------------
INSERT INTO `node` VALUES ('00000111', 'article', '合法合规', '', 'a39d94b749e2435789ae58f7181d94ed', '*', '1', '', '', '2013-12-06 17:56:41', '2014-05-28 15:44:20', null, 'admin', 'admin', '0', '');
INSERT INTO `node` VALUES ('00002', 'article', '投资理财', '', 'e63258c96d254b44930b790b4a37b2dd', '*', '1', '', '', '2013-12-02 17:24:46', '2014-05-28 15:45:42', null, 'admin', 'admin', '0', '');
INSERT INTO `node` VALUES ('001', 'article', '发起借款', '', '800d6511804249aabe02cde30f7fe607', '*', '1', '', '', '2013-12-06 19:00:05', '2014-09-17 09:52:26', null, 'admin', 'admin', '0', '');
INSERT INTO `node` VALUES ('003', 'article', '还款与逾期', '', '4f8f4d21142c410f94d9c3e167ab5204', '*', '1', '', '', '2013-12-09 18:07:37', '2014-05-28 15:42:25', null, 'admin', 'admin', '0', '');
INSERT INTO `node` VALUES ('004', 'article', '信用与审核', '', 'cc230ec8fe9d4074be5e200bf900f7b7', '*', '1', '', '', '2013-12-09 18:21:05', '2014-05-28 15:51:52', null, 'admin', 'admin', '0', '');
INSERT INTO `node` VALUES ('03', 'article', '3月P2P成交量创历史新高 人气较2月大幅上升', '', '6426dadc857944d38bc9b54d7fe29a5e', '*', '1', 'p2p', '在经济新常态下，经济增速放缓，优化产业结构合理化布局与可持续发展已成为经济增长新趋势，“互联网+”成为各行各业转型新途径。3月两会期间，李克强总理的政府工作报告对互联网新经济给予厚望，报告中把互联网金融表述为“异军突起”，要求促进“互联网金融健康发展” ，互联网金融迎来发展的春天。', '2015-04-10 15:28:28', '2015-04-10 15:31:33', null, 'admin', 'admin', '5', '');
INSERT INTO `node` VALUES ('04', 'article', '互联网金融P2P平台垂直化发展的利好何在', '', 'a3fe6a21c13548708d2c9fb2f7412dc4', '*', '1', '', '近几年，互联网金融的发展有目共睹。中小P2P金融平台如雨后春笋般野蛮生长的同时，行业内也迎来了“跑路潮”。这一切无论好坏，都是因为行业不规范所造成的。随着行业制度的整体逐渐完善，各方趋于理性。P2P平台也在将逐渐为自身打造出巧而精的服务特色，也就是P2P平台的垂直化发展趋势。', '2015-04-10 16:19:50', '2015-04-10 18:00:04', null, 'admin', 'admin', '6', '');
INSERT INTO `node` VALUES ('07', 'article', '调查显示：P2P理财投资者工薪阶层占七成', '', '7e1e03844696433c9833463c91a8a0ed', '*', '1', '', '互联网金融风风火火走过了将近9个年头，在这9年里，P2P网贷投资人的数量也是与日俱增。近日，傻瓜理财网联合微私募开展了2014年网贷投资者问卷调查，结果显示，80后工薪阶层已成为P2P网贷平台投资主力军。', '2015-04-10 16:32:28', '2015-04-10 16:32:28', null, 'admin', 'admin', '0', '');
INSERT INTO `node` VALUES ('08', 'article', '80后成为网贷投资主力军 P2P理性化趋势渐现', '', '4c347179c22f46c9b2e16a7a4f4fe113', 'zh_CN', '1', '', '', '2015-04-10 16:36:06', '2015-04-10 17:38:01', null, 'admin', 'admin', '0', '');
INSERT INTO `node` VALUES ('09', 'article', '2014年P2P新上线平台超900家 累计成交量2528亿', '', 'a47956bbda0e4211909a5a86c5fecaed', '*', '1', '', '2015年1月1日，国内知名P2P行业门户网“网贷之家”正式对外发布了《中国P2P网贷行业2014年度运营简报》。依据对中国网贷行业的长期关注与研究，结合2014年P2P网贷行业的发展变化，该报告从平台数量、网贷成交量、贷款余额、利率、期限、投资及借款人等多项网贷核心数据指标，对网贷行业进行了概览。', '2015-04-10 17:37:22', '2015-04-10 17:44:50', null, 'admin', 'admin', '0', '');
INSERT INTO `node` VALUES ('1', 'article', '政策大力扶持P2P发展产业资本竞相布局', '', 'dbf89cf944fd47bfb8162b740bd6ead6', '*', '1', 'p2p', '近期央行官员首次公开表示，互联网金融有利于引导资金流向小微企业，提供更多金融服务，对其发展持肯定态度。国务院此前专门出台降低企业融资成本指导意见，P2P作为互联网金融的关键部分，可以有效降低交易成本，并达到广覆盖目的，缓解小微企业融资难问题。随着政策扶持和规范化发展，P2P行业将迎来新一轮发展高潮，并呈现出龙头企业份额集中趋势。', '2015-04-10 13:54:53', '2015-04-10 15:00:00', null, 'admin', 'admin', '2', '');
INSERT INTO `node` VALUES ('11', 'article', '趁十一长假制定一份理财计划 理清自己的投资状况', '趁十一长假制定一份理财计划 理清自己的投资状况', 'cbc88e3034314114afa7c25c27d6cf1b', '*', '1', '理财计划', '十一长假快要来到了，如果你只想选择呆在家里休息，平台理财师建议不妨来理清自己的财务、负债、投资等情况，并为自己制定一份新的个人理财计划，为达到新的理财目标，准备准备迎接新的生活。', '2014-09-25 14:46:55', '2015-04-10 14:57:38', null, 'admin', 'admin', '2', '/upload/20150303/46361425350270298.png');
INSERT INTO `node` VALUES ('12', 'article', '全球亿万富翁普查：中国190人资产超10亿美元', '全球亿万富翁普查：中国190人资产超10亿美元', 'c63828c7f4c64c04889913805df4bbc1', '*', '1', '全球亿万富翁普查', '世界经济正在经历一个低潮，然而全球亿万富翁的人数却达到创纪录的历史最高水平。17日公布的一项最新调查显示，2014年全世界新增155名资产达亿万美元的富豪，总人数升到创纪录的2325名，比2013年上涨7%。', '2014-09-25 15:31:55', '2015-03-03 10:45:01', null, 'admin', 'admin', '1', '/upload/20150303/71441425350254043.png');
INSERT INTO `node` VALUES ('13', 'article', '胡润百富榜马云成内地首富 广州仔成百富榜首个90后', '胡润百富榜马云成内地首富 广州仔成百富榜首个90后', 'af937b7d4f284b03b8e62a099f51c6e9', '*', '1', '胡润百富榜马云成内地首富', '刚携阿里巴巴[微博]在美国上市的马云[微博]及其家族，以1500亿元财富首次问鼎中国内地首富，这也是胡润百富榜创立16年以来的第11位中国内地首富，60岁的王健林及其家族以1450亿元财富退居第二。', '2014-09-25 15:46:27', '2015-03-03 10:44:51', null, 'admin', 'admin', '0', '/upload/20150303/91371425349628628.png');
INSERT INTO `node` VALUES ('15', 'article', '法律法规', '法律法规', '323ed54dadad43fe8fe477096c4fbe8a', '*', '1', '发发贷,发发贷法律法规', '根据《最高人民法院关于人民法院审理借贷案件的若干意见》的规定，自然人之间、自然人与法人、自然人与其他组织之间的借款作为借贷案件受理，确保了民间借贷的组织形式及其合法性。', '2014-09-25 16:29:57', '2014-09-25 16:29:57', null, 'admin', 'admin', '0', '');
INSERT INTO `node` VALUES ('17', 'article', '什么是自动投标', '什么是自动投标', '28707abb53204be2839c8653c1b3602c', '*', '1', '发发贷自动投标', '自动投标是通过用户预先设定投标规则，可以在无需登录的情况下系统按用户设定自动代为投标的投资交易流程。自动投标为工作繁忙、经常出差以及不经常上网的投资者提供了省时省心的高效服务，而实际上发发贷平台目前的借款标都支持100%自动投标，只要设置正确并有一定的排名，好标一定不会错过!', '2014-09-25 16:41:51', '2014-09-25 16:41:51', null, 'admin', 'admin', '0', '');
INSERT INTO `node` VALUES ('2', 'article', '公司简介', '公司简介', '5675b63a4d9f47648529db766c6cbc66', '*', '1', '', '公司简介公司简介公司简介公司简介', '2015-04-20 16:42:14', '2015-04-20 16:42:14', null, 'admin', 'admin', '2', '');
INSERT INTO `node` VALUES ('3', 'article', '担保公司（！勿删）', '担保公司（！勿删）', 'c411af8f9cd34407856b0f9521cc540d', '*', '1', '', '担保公司（！勿删）', '2014-09-18 12:13:08', '2014-09-18 12:13:08', null, 'admin', 'admin', '0', '');
INSERT INTO `node` VALUES ('4', 'article', '相关协议', '相关协议', '18b50c4f6f5f408f9b48261765720d1e', '*', '1', '', '相关协议', '2015-04-20 16:43:45', '2015-04-20 16:43:45', null, 'admin', 'admin', '4', '');
INSERT INTO `node` VALUES ('5', 'article', '联系我们', '联系我们', '7b1be84dbe794acca84efba4e0bb8730', '*', '1', '发发贷联系我们', '发发贷平台是由北京中汇凯天投资有限公司运营的信贷平台，是一个以小额借贷为主要产品，为借贷两端搭建公平、透明、安全、高效的互联网金融平台。(www.sky9518.com)。', '2014-09-25 11:27:11', '2014-09-25 15:15:07', null, 'admin', 'admin', '0', '');
INSERT INTO `node` VALUES ('6', 'article', '平台原理', '平台原理', '73a7a444eda54fecb3b0a46e4b6d05ae', '*', '1', '发发贷平台原理', '发发贷为有闲散资金和理财需求的投资人和有融资需求但缺乏融资渠道的借款人搭建桥梁。平台采用O2O结合P2P模式，借助线下业务团队发掘优质借款人，经过严格的风控审核程序和抵押手续将项目信息移植到线上，供全国各地的线上理财人投标。', '2014-09-25 11:47:21', '2014-09-25 11:47:21', null, 'admin', 'admin', '0', '');
INSERT INTO `node` VALUES ('7', 'article', '合作伙伴', '合作伙伴', '0023351081ae4ea9a83a03eeea190b49', '*', '1', '发发贷合作伙伴', '发发贷平台是由北京中汇凯天投资有限公司运营的信贷平台，是一个以小额借贷为主要产品，为借贷两端搭建公平、透明、安全、高效的互联网金融平台。平台采用第三方进行资金托管确保用户资金安全流转，同时平台对借款人采用线下审核机制充分保障投资者权益，投资者可通过平台获取年化8%-12%的高收益。', '2014-09-25 13:17:50', '2014-09-25 13:17:50', null, 'admin', 'admin', '0', '');
INSERT INTO `node` VALUES ('8', 'article', '加入我们', '加入我们', 'e55f743924e9404182e2850f60ce1e8f', '*', '1', '发发贷招聘', '发发贷平台是由北京中汇凯天投资有限公司运营的信贷平台，北京中汇凯天投资有限公司是一家综合性金融理财服务机构，于2012年由天凯集团整合旗下金融板块业务，注资9000万正式成立。', '2014-09-25 13:43:29', '2014-09-25 13:43:29', null, 'admin', 'admin', '0', '');
INSERT INTO `node` VALUES ('99', 'article', '国泰金安担保', '', '388b560ced544cc990193a1ba7823670', '*', '1', '', '国泰金安担保', '2014-09-18 15:29:21', '2014-09-18 15:29:21', null, 'admin', 'admin', '0', '');
INSERT INTO `node` VALUES ('aboutUs', 'article', '关于我们', '', '319a4e2c487d45259e2d14edc6ed7f75', '*', '1', '', '', '2014-10-07 23:48:30', '2014-10-23 17:07:08', null, 'admin', 'admin', '0', '');
INSERT INTO `node` VALUES ('anquanbaozhang', 'article', '安全保障', '', 'cb2a2e3e2713480d82aa273f5f96c907', '*', '1', '', '这是一篇安全保障文章', '2015-04-21 16:41:50', '2015-04-21 16:41:50', null, 'admin', 'admin', '0', '');
INSERT INTO `node` VALUES ('case001', 'article', '税务登记证', '', '0b73ae6b0c304c548c3cd197999e73f6', '*', '1', '', '税务登记证', '2014-01-23 16:33:25', '2014-02-28 11:25:31', null, 'admin', 'admin', '0', '/upload/20140123/75191390465998683.png');
INSERT INTO `node` VALUES ('case002', 'article', '公司营业执照', '', 'a0b217d1c74645159b86cc13a0e145e2', '*', '1', '', '公司营业执照', '2014-01-23 16:40:28', '2014-02-28 11:25:58', null, 'admin', 'admin', '0', '/upload/20140123/24361390466414930.png');
INSERT INTO `node` VALUES ('case003', 'article', '法人证件', '', 'df288e5f4e4c44c0a2765bdc1ac6eae6', '*', '1', '', '法人证件', '2014-02-28 11:27:42', '2014-02-28 11:27:42', null, 'admin', 'admin', '0', '');
INSERT INTO `node` VALUES ('case004', 'article', '组织机构代码证', '', 'b52d55a361b649fab306f1213cd22ed7', '*', '1', '', '组织机构代码证', '2014-02-28 11:28:48', '2014-02-28 11:28:48', null, 'admin', 'admin', '0', '');
INSERT INTO `node` VALUES ('case005', 'article', '开户许可证', '', 'f0c7c242df9344ae8d250c9a925c5690', '*', '1', '', '开户许可证', '2014-02-28 11:29:26', '2014-02-28 11:29:26', null, 'admin', 'admin', '0', '');
INSERT INTO `node` VALUES ('gaoshouyidimenkan', 'article', '高收益 低门槛', '', '9bdeeb4ab6ac45a3a70d4b6da04d955c', '*', '1', '', '', '2014-09-24 16:07:04', '2014-09-24 16:07:04', null, 'admin', 'admin', '0', '');
INSERT INTO `node` VALUES ('gongao002', 'article', '平台开启火热招商加盟', '平台开启火热招商加盟', '6c6c689662ea48f2ae35fb4f0413fae0', '*', '1', 'p2p招商加盟,平台招商加盟', '你还在为借贷奔波吗?你还在为投资迷茫吗?你还在为风险担忧吗?发发贷，为你开启新一轮投资商机!发发贷，民间金融服务加盟领军品牌', '2014-09-24 17:29:32', '2015-03-03 10:44:29', null, 'admin', 'admin', '1', '/upload/20150303/30351425350462031.png');
INSERT INTO `node` VALUES ('gonggao001', 'article', '平台正式上线 理财收益强势来袭', '平台正式上线 理财收益强势来袭', '7377f74756e44c30a59f60eaa462624a', '*', '1', '理财平台', '平台是由北京中汇凯天投资有限公司运营的信贷平台，是一个以小额借贷为主要产品，为借贷两端搭建公平、透明、安全、高效的互联网金融平台。', '2014-09-24 17:24:14', '2015-03-03 10:44:18', null, 'admin', 'admin', '2', '/upload/20150303/84441425350522349.png');
INSERT INTO `node` VALUES ('gonggao003', 'article', '国庆休假公告', '国庆休假公告', '4180f4b311964f96bc9aba7d858143c8', '*', '1', '', '根据国家法定节假日相关规定，国庆为法定节假日。经运营团队商讨，对国庆休假期间工作安排如下', '2014-09-24 17:31:48', '2015-03-03 10:44:38', null, 'admin', 'admin', '0', '/upload/20150303/94681425350349871.png');
INSERT INTO `node` VALUES ('gs1', 'article', '1111', '', '5f81f936363c4944a0b40ceefd6b794b', '*', '1', '', '', '2014-11-11 16:26:25', '2014-11-11 16:26:25', null, 'admin', 'admin', '5', '');
INSERT INTO `node` VALUES ('gs2', 'article', '12321321', '', '159f3c6565e74217861b2f17733934a8', '*', '1', '', '', '2014-11-11 16:26:49', '2014-11-11 16:26:49', null, 'admin', 'admin', '6', '');
INSERT INTO `node` VALUES ('gs4', 'article', '44444444', '', '1c29abfaed8b4ca0b39933250aea0561', '*', '1', '', '', '2014-11-11 16:27:18', '2014-11-11 16:28:04', null, 'admin', 'admin', '8', '');
INSERT INTO `node` VALUES ('jiekuanguanli', 'article', '借款管理', '借款管理借款管理', 'a2089c8f72024e8f99b6f934c2a1bf48', '*', '1', '', '借款管理借款管理借款管理借款管理', '2014-11-19 11:47:24', '2015-03-01 16:35:36', null, 'admin', 'admin', '0', '');
INSERT INTO `node` VALUES ('jiekuanxieyi', 'article', '借款协议', '借款协议', '9a4bc4b6d5e94cf5bb6075f85689ade0', '*', '1', '', '借款协议借款协议借款协议', '2014-11-19 10:23:34', '2014-11-19 10:23:34', null, 'admin', 'admin', '0', '');
INSERT INTO `node` VALUES ('pinganbaozhang-01', 'article', '业务体系', '业务体系', '68d02be869344bffa121e5ffdf750dd9', '*', '1', '', '业务体系业务体系业务体系', '2015-03-01 17:02:11', '2015-03-01 17:02:11', null, 'admin', 'admin', '0', '');
INSERT INTO `node` VALUES ('pinganbaozhang-02', 'article', '资金安全', '资金安全', 'c361e39eb770421fb3ab7d3ce2675ea8', '*', '1', '', '资金安全资金安全', '2015-03-01 17:03:01', '2015-03-01 17:03:01', null, 'admin', 'admin', '0', '');
INSERT INTO `node` VALUES ('pinganbaozhang-03', 'article', '法律保障', '法律保障', '615ac8a92ab2424f81dcd382d673650a', '*', '1', '', '法律保障法律保障法律保障', '2015-03-01 17:03:38', '2015-03-01 17:03:38', null, 'admin', 'admin', '0', '');
INSERT INTO `node` VALUES ('pinganbaozhang-04', 'article', '投资报告', '投资报告', '528cf645b3e34cec8668de0aa4a3c56a', '*', '1', '', '投资报告投资报告', '2015-03-01 17:04:08', '2015-03-01 17:04:08', null, 'admin', 'admin', '0', '');
INSERT INTO `node` VALUES ('pingtaizhinan-01', 'article', '新手指引', '新手指引', '22110c6752104c28922ca50a4b2ae39d', '*', '1', '', '新手指引新手指引新手指引', '2015-03-01 17:20:10', '2015-03-01 17:20:10', null, 'admin', 'admin', '0', '');
INSERT INTO `node` VALUES ('pingtaizhinan-02', 'article', '用户协议', '用户协议', 'edd55153936a4d4aa95eb2b8c422716d', '*', '1', '', '用户协议用户协议用户协议', '2015-03-01 17:20:46', '2015-03-01 17:20:46', null, 'admin', 'admin', '0', '');
INSERT INTO `node` VALUES ('pingtaizhinan-03', 'article', '合同样本', '合同样本', '5a504330dac34dbfbcb9854cd46188d8', '*', '1', '', '合同样本合同样本合同样本', '2015-03-01 17:21:23', '2015-03-01 17:21:23', null, 'admin', 'admin', '0', '');
INSERT INTO `node` VALUES ('pingtaizhinan-04', 'article', '平台规则', '平台规则', '812dd392fa8347c3b9f65294a4924784', '*', '1', '', '平台规则平台规则平台规则', '2015-03-01 17:21:55', '2015-03-01 17:21:55', null, 'admin', 'admin', '0', '');
INSERT INTO `node` VALUES ('pointInfo', 'article', '积分说明', '', 'b1da9ba4b1d647bd9630b0c1f355c250', '*', '1', '', '', '2014-09-24 22:36:23', '2014-09-24 22:36:23', null, 'admin', 'admin', '0', '');
INSERT INTO `node` VALUES ('quartet_contract', 'article', '四方合同', '', '07db1fcf5f9a43af9d85c5bc24abb2ea', '*', '1', '', '', '2014-07-22 11:03:53', '2015-04-20 11:10:03', null, 'admin', 'admin', '0', '');
INSERT INTO `node` VALUES ('registerService', 'article', '网站服务协议', '', 'e2eaae58e6dd4933aa9e6a2cf53b56bf', '*', '1', '', '', '2013-12-21 14:52:06', '2015-03-01 16:43:04', null, 'admin', 'admin', '0', '');
INSERT INTO `node` VALUES ('serviceAgreement', 'article', '服务协议', '', '42de6e38e88248e3be442434a26ea6e7', '*', '1', '', '', '2014-02-28 16:56:37', '2014-05-28 16:18:36', null, 'admin', 'admin', '0', '');
INSERT INTO `node` VALUES ('transfer_type', 'article', '债权合同', '', '647fafcc62574dcfae3c6ad54543993c', '*', '1', '', '', '2014-12-26 11:12:05', '2014-12-26 12:00:29', null, 'admin', 'admin', '0', '');
INSERT INTO `node` VALUES ('wangzhanfeiyong', 'article', '网站费用', '网站费用', '7078b40afdaa4d269624216621b08992', '*', '1', '', '网站费用', '2015-03-04 19:41:22', '2015-03-04 19:43:17', null, 'admin', 'admin', '0', '');
INSERT INTO `node` VALUES ('xinghuicaifu', 'article', '为什么选择 聚融天下 投资？', '', 'c11f07ca68e149148cff6b8e04faaaea', '*', '1', '', '聚融天下互联网投融资平台是联系投资人、借款人的第三方公信力及风险控制创新管理投资服务平台，以第三方账户资金托管和供应链金融方式控制、降低投资风险，以自有风险保证金、风险保证金提留、信用征信机制、担保保本利综合管理保障投资人的利益！', '2014-11-25 16:34:10', '2014-11-25 16:34:10', null, 'admin', 'admin', '0', '');

-- ----------------------------
-- Table structure for `node_attr`
-- ----------------------------
DROP TABLE IF EXISTS `node_attr`;
CREATE TABLE `node_attr` (
  `id` varchar(32) NOT NULL,
  `name` varchar(50) DEFAULT NULL,
  `description` text,
  PRIMARY KEY (`id`)
) ENGINE=InnoDB DEFAULT CHARSET=utf8;

-- ----------------------------
-- Records of node_attr
-- ----------------------------
INSERT INTO `node_attr` VALUES ('index', '首页', '首页');

-- ----------------------------
-- Table structure for `node_body`
-- ----------------------------
DROP TABLE IF EXISTS `node_body`;
CREATE TABLE `node_body` (
  `id` varchar(32) NOT NULL,
  `body` longtext,
  PRIMARY KEY (`id`)
) ENGINE=InnoDB DEFAULT CHARSET=utf8;

-- ----------------------------
-- Records of node_body
-- ----------------------------
INSERT INTO `node_body` VALUES ('0023351081ae4ea9a83a03eeea190b49', '<p style=\"text-align: center;\"><img src=\"/upload/45231411621988158.jpg\" title=\"天凯集团.jpg\"/><br/></p><p style=\"text-align: center;\">天凯集团</p><p>　　天凯集团于1996年开始筹划运营，于2002年发展成为一家集金融、贸易、生产、投资四大产业为主体的大型企业集团。</p><p>　　目前，拥有员工5000余名，在中国建立了8个区域总部基地，在40多个城市建立了营销与服务网络。集团在中国大陆以及香港等地区拥有十余家参控股企业。</p><p>　　天凯集团专注于中国资本市场，积极投资中国的中小微成长企业，并以孵化器的运作模式，成为境内中小微企业家成长的“摇篮”，帮助众多中国企业家实现他们的梦想。以“ \r\n诚信、专业、合作、共赢 \r\n”为核心的投资理念，已先后投资了50余家企业，业务涵盖“天使投资”、“VC投资”、“PE投资”等，投资的企业类型涵盖国内各领域的中小微企业。截止2013年底，被投企业资产总额达860亿余元人民币;销售总额达200亿余元人民币。天凯集团旗下的金融业务板块管理的资产规模总和已超过180亿元人民币。</p><p style=\"text-align: center;\">　　<img src=\"/upload/67431411622019360.png\" title=\"O1I8%T2G9I%%EI[_{ZK%16B.png\"/><br/></p><p style=\"text-align: center;\">新浪微钱包</p><p>　　新浪(NASDAQ：SINA)，是一家网络公司的名称，和搜狐、网易、腾讯并称为“中国四大门户网站”。以服务大中华地区与海外华人为己任，新浪拥有多家地区性网站，通过旗下五大业务主线为用户提供网络服务，网下的北京新浪、香港新浪、台北新浪、北美新浪等覆盖全球华人社区的全球最大中文门户网站。2012年11月新浪注册用户突破4亿。首席技术官(CTO)兼联席总裁许良杰。</p><p>　　新浪公司是一家服务于中国及全球华人社群的网络媒体公司。新浪通过门户网站新浪网、移动门户手机新浪网和社交网络服务及微博客服务新浪微博组成的数字媒体网络，帮助广大用户通过互联网和移动设备获得专业媒体和用户自生成的多媒体内容(UGC)并与友人进行兴趣分享。</p><p>　　2013年3月20日，新浪正式获得中国证监会下发的基金销售支付结算牌照，这是继新浪获得中国人民银行颁布的第三方支付资质牌照以后又一重要的金融许可证，为其进军互联网金融领域铺平了道路。</p><p style=\"text-align: center;\">&nbsp;<img src=\"/upload/55601411622080148.jpg\" title=\"国泰金安.jpg\"/><br/></p><p style=\"text-align: center;\">国泰金安（天津）贵金属经营有限公司</p><p>　　国泰金安(天津)贵金属经营有限公司成立于2011年，公司注册资本人民币5000万元，是天津贵金属交易所综合类172号会员，公司主营业务有贵金属经营、黄金白银制品批发零售及投资咨询服务。主打产品现货白银的延期交收，采用具有中国特色的分散式柜台交易模式，交易时间长达每日24小时，是目前国内交易时间最长的贵金属投资品种，交易价格和交易机制充分与国际接轨，t+0多空双向操作为客户提供最大限度的便利。</p><p>　　自成立之初，国泰金安就坚持“以客户为本，以服务至上，以满意为导向”的原则，集结了大批国内顶尖金融人才，并与众多科研机构建立深度合作关系，充分挖掘隐藏风险，以科学的视角解读复杂的经济形势，深刻理解客户需求，致力于为客户提供最简单的投资产品和专业全面的投资体验。</p><p><br/></p>');
INSERT INTO `node_body` VALUES ('07db1fcf5f9a43af9d85c5bc24abb2ea', '<p>编号：#{loanId}</p><h2 align=\"center\">借款合同</h2><p><br/></p><p>甲方（出借人）：</p><p>#{investList}</p><p>注：因计算中存在四舍五入，最后一期应收本息与之前略有不同</p><p><br/></p><p style=\"text-align: left;font-weight: 600;\">乙方（借款人）：</p><p style=\"text-align: left;font-weight: 600;\">真实姓名：#{loanerRealname}</p><p style=\"text-align: left;font-weight: 600;\">身份证号：#{loanerIdCard}</p><p style=\"text-align: left;font-weight: 600;\">用户名：#{loanerUsername}</p><p><br/></p><p style=\"text-align: left;font-weight: 600;\">丙方（担保人）：#{guaranteeCompanyName}</p><p><br/></p><p style=\"text-align: left;font-weight: 600;\">丁方（见证人）：商务顾问（北京）有限公司</p><p style=\"text-align: left;font-weight: 600;\">联系方式：北京市海淀区高粱桥斜街59号中坤大厦7层</p><p><br/></p><p><strong>鉴于：</strong></p><p>1、丁方是一家在北京朝阳区合法成立并有效存续的有限责任公司，拥有www.tuotiandudai.com 网站（以下简称“该网站”）的经营权，提供信用咨询，为交易提供信息服务；</p><p>2、乙方已在该网站注册，并承诺其提供给丁方的信息是完全真实的；</p><p>3、甲方承诺对本合同涉及的借款具有完全的支配能力，是其自有闲散资金，为其合法所得；并承诺其提供给丁方的信息是完全真实的；</p><p>4、乙方有借款需求，甲方亦同意借款，双方有意成立借贷关系；</p><p>5、丙方是一家在北京朝阳区合法成立并有效存续的有限责任公司；负责审核乙方的借款申请及资质、承诺保证乙方信息的真实性并负责本合同项下的借款回收及日常管理工作，并为乙方的借款债务提供风险代偿。丙方的关联公司深圳市证大速贷小额贷款股份有限公司（以下简称“证大速贷”）同时将就每份《借款合同》提供书面《担保函》一式两份，由丁方代甲方保管。</p><p><br/></p><p style=\"text-align: left;font-weight: 600;\">各方经协商一致，于 #{giveMoneyDate}签订如下合同，共同遵照履行：</p><p><br/></p><p style=\"text-align: left;font-weight: 600;\">第一条 借款基本信息</p><p><br/></p><table border=\"1\" style=\"margin: 0px auto; border-collapse: collapse; border: 1px solid rgb(0, 0, 0); width: 70%; \"><tbody><tr class=\"firstRow\"><td style=\"padding-left:10px\">借款本金数额</td><td style=\"padding-left:10px\">￥#{actualMoney}<br/>（各出借人借款本金数额详见本协议文首表格）</td></tr><tr><td style=\"padding-left:10px\">借款年利率</td><td style=\"padding-left:10px\">#{rate}%</td></tr><tr><td style=\"padding-left:10px\">借款期限</td><td style=\"padding-left: 10px; word-break: break-all;\">&nbsp;#{interestBeginTime} 起，至 #{interestEndTime}止</td></tr><tr><td style=\"padding-left:10px\">偿还本息数额</td><td style=\"padding-left:10px\">￥#{repayAllMoney}<br/>（各出借人借款本金数额详见本协议文首表格）</td></tr><tr><td style=\"padding-left:10px\">还款分期期数</td><td style=\"padding-left:10px\">#{deadline}</td></tr><tr><td style=\"padding-left:10px\">还款日</td><td style=\"padding-left: 10px; word-break: break-all;\">#{repayDay} （24:00前，节假日不顺延）</td></tr></tbody></table><p><br/></p><p style=\"text-align: left;font-weight: 600;\">第二条 各方权利和义务</p><p style=\"text-align: left;font-weight: 600;\"><span style=\"text-decoration:underline;\">甲方的权利和义务</span></p><p>1、 甲方应按合同约定的借款日或乙丙双方另行约定的其他日期将足额的借款本金支付给乙方。</p><p>2、 甲方保证其所用于出借的资金来源合法，甲方是该资金的合法所有人，如果第三人对资金归属、合法性问题发生争议，由甲方负责解决。如甲方未能解决，则放弃享有其所出借款项所带来的利息收益。</p><p>3、 甲方享有其所出借款项所带来的利息收益。</p><p>4、 如乙方违约，甲方有权要求丙方、丁方提供其已获得的乙方信息。</p><p>5、 甲方可以根据自己的意愿进行本合同下其对乙方债权的转让。在甲方的债权转让后，乙方仍应按照本合同的约定向债权受让人支付每期应还借款本息，不得以未接到债权转让通知为由拒绝履行还款义务，丙方需对债权受让人继续履行其在本合同项下的各项义务。</p><p>6、 甲方应主动缴纳由利息所得带来的可能的税费。</p><p>7、 如乙方还款不足以偿还约定本金、利息、罚息及违约金的，甲方同意各自按照其借出款项比例收取还款。</p><p style=\"text-align: left;font-weight: 600;\"><span style=\"text-decoration:underline;\">乙方权利和义务</span></p><p>1、 乙方必须按期足额向甲方支付每期应还本金、利息及可能产生的罚息及违约金。</p><p>2、 乙方必须按期足额向甲方、丙方及丁方支付相应的费用。</p><p>3、 乙方承诺所借款项不用于任何违法用途。</p><p>4、 乙方应确保其提供的信息和资料的真实性，不得提供虚假信息或隐瞒重要事实。</p><p>5、 乙方有权了解其在丁方的信用评审进度及结果。</p><p>6、 乙方不得将本合同项下的任何权利义务转让给任何其他方。</p><p>7、 乙方同意并认可甲方在丁方www.renrendai.com 网站平台上将其持有的乙方为债务人的债权进行转让，同意甲方进行债权转让无需经过乙方同意，且乙方有义务在债权转让后继续向债权人受让人履行本合同项下的偿还义务。</p><p style=\"text-align: left;font-weight: 600;\"><span style=\"text-decoration:underline;\">丙方的权利和义务</span></p><p>1、 丙方必须保证其向丁方提供的乙方信息的真实性。</p><p>2、 丙方应负责审核乙方的借款申请、主体资格资质、资信情况、偿还能力等与本借款相关的一切信息，并应将其发现的可能涉及乙方无法清偿债务的一切风险自其发现之日起12小时内告知丁方，丙方还应负责本合同项下的借款回收及日常管理工作。</p><p>3、 &nbsp;乙方在本合同中向甲方、丁方支付的借款本金、利息、借款管理费等所有的费用均由丙方代为收集后支付予丁方。</p><p>4、 丙方及其关联企业证大速贷承诺：对本合同项下乙方的债务承担不可撤销的连带责任保证担保，如乙方逾期归还借款本息的，由丙方及证大速贷代为偿还，丙方、证大速贷履行担保责任、进行代偿后，丙方、证大速贷代偿部分对应的其对乙方的债权则立即转让至丙方，丙方、证大速贷承担代偿责任之后有权向乙方进行催收并收取相应的催收费。催收费的收取方式由乙方、丙方及证大速贷三方另行约定。</p><p>5、 丙方有权就为本合同借款所提供的咨询服务向乙方收取咨询服务费，咨询服务费的收取方式由乙丙双方另行约定。</p><p>6、 丙方有权了解乙方的信息和借款进展情况。</p><p style=\"text-align: left;font-weight: 600;\"><span style=\"text-decoration:underline;\">丁方的权利和义务</span></p><p>1、 甲方委托丁方，且丁方接受该等委托代甲方每期收取甲方出借款项所对应的乙方每期偿还的本息，代收后按照甲方的要求进行处置。自乙方（通过丙方）将还款本息支付给丁方时，即视为乙方已经履行本合同项下对甲方的相应还款义务。</p><p>2、 甲方同意向乙方出借相应款项时，已委托丁方在本合同生效时将该笔借款通过第三方支付平台划付至乙方账户。如因甲方资金来源合法性问题而致该借款行为被取消的，丁方自行承担该笔借款所产生的借款管理费。</p><p>3、 甲乙双方同意丁方有权代甲方在有必要时对乙方或丙方进行贷款的违约提醒及催收工作，包括但不限于电话通知、发律师函、对乙方提起诉讼等。甲方在此确认明确委托丁方为其进行以上工作，并授权丁方可以将此工作委托给其他方进行。乙方和丙方对前述委托的提醒、催收事项已明确知晓并应积极配合。</p><p>4、 丁方有权按月向乙方收取双方约定的借款管理费，并在有必要时对乙方或丙方进行违约提醒及催收工作，包括但不限于电话通知、发律师函、对乙方提起诉讼等。</p><p>5、 丁方接受甲乙双方的委托行为所产生的法律后果由相应委托方承担。如因乙方或甲方或其他非丁方原因（包括但不限于技术问题）造成的延误或错误，丁方不承担任何责任。</p><p>6、 丁方应对甲方和乙方的信息及本合同内容保密；如任何一方违约，或因相关权力部门要求（包括但不限于法院、仲裁机构、金融监管机构等），丁方有权披露。</p><p><br/></p><p style=\"text-align: left;font-weight: 600;\">第三条 利息及相关费用</p><p>1、乙方所承担的借款利息、借款管理费、咨询服务费及其它相关费用以本合同生成之日起开始计算。</p><p>2、在本合同中，“借款管理费”是指因丁方为乙方提供信用咨询、评估、还款提醒、账户管理、还款特殊情况沟通等系列信用相关服务而由乙方支付给丁方的报酬。</p><p>3、对于丁方向乙方提供的一系列信用服务， 在还款期间，乙方每月向丁方支付借款管理费用，共需支付 [12]期，借款管理费的缴纳时间与乙方向甲方支付利息或本金的还款日一致。</p><p>4、 如乙方和丁方协商一致调整借款管理费时，无需经过甲方同意。</p><p><br/></p><p style=\"text-align: left;font-weight: 600;\">第四条 违约责任</p><p>1、合同各方均应严格履行合同义务，非经各方协商一致或依照本合同约定，任何一方不得解除本合同。</p><p>2、任何一方违约，违约方应承担因违约使得其他各方产生的费用和损失，包括但不限于调查、诉讼费、律师费等。如违约方为乙方的，甲方有权提前解除本合同，并要求乙方立即偿还未偿还的本金、利息、罚息、违约金。本合同提前解除时，若乙方在丁方www.renrendai.com网站的账户里有任何余款，丁方有权按照本合同第四条第3项的清偿顺序将乙方的余款用于清偿，并要求乙方支付因此产生的相关费用。</p><p>3、乙方的每期还款均应按照如下顺序清偿：</p><p>（1）根据本合同产生的其他全部费用；</p><p>（2）罚息；</p><p>（3）逾期管理费；</p><p>（4）拖欠的利息；</p><p>（5）拖欠的本金；</p><p>（6）拖欠丁方的借款管理费；</p><p>（7）正常的利息；</p><p>（8）正常的本金；</p><p>（9）丁方的借款管理费；</p><p>4、乙方应严格履行还款义务，如乙方逾期还款且丙方未按约定履行代偿责任时，则应按照下述条款向甲方支付逾期罚息，自逾期开始之后，逾期本金的正常利息停止计算。</p><p>罚息总额 = 逾期本息总额×对应罚息利率×逾期天数；</p><p><br/></p><table border=\"1\" style=\"margin: 0px auto; border-collapse: collapse; border: 1px solid rgb(0, 0, 0); width: 70%; \"><tbody><tr class=\"firstRow\"><td style=\"padding-left:10px\">逾期天数</td><td style=\"padding-left: 10px; word-break: break-all;\">1—30 天</td><td style=\"padding-left: 10px; word-break: break-all;\">31天及以上</td></tr><tr><td style=\"padding-left: 10px\">罚息利率</td><td style=\"padding-left: 10px\">0.05%</td><td style=\"padding-left: 10px\">0.1%</td></tr></tbody></table><p><br/></p><p>5、乙方应严格履行还款义务，如乙方逾期还款且丙方未按约定履行代偿责任时，则应按照下述条款向丁方支付逾期管理费：</p><p>逾期管理费总额 = 逾期本息总额×对应逾期管理费率×逾期天数；</p><p><br/></p><table border=\"1\" style=\"margin: 0px auto; border-collapse: collapse; border: 1px solid rgb(0, 0, 0); width: 70%; \"><tbody><tr class=\"firstRow\"><td style=\"padding-left:10px\">逾期天数</td><td style=\"padding-left: 10px; word-break: break-all;\">1—30天</td><td style=\"padding-left: 10px; word-break: break-all;\">31天及以上</td></tr><tr><td style=\"padding-left: 10px\">逾期管理费费率</td><td style=\"padding-left: 10px\">0.1%</td><td style=\"padding-left: 10px\">0.5%</td></tr></tbody></table><p><br/></p><p>6、如果乙方逾期支付任何一期还款超过30天，或连续逾期三期以上（含三期），或累计逾期达五期以上（含五期），或乙方在逾期后出现逃避、拒绝沟通或拒绝承认欠款事实等恶意行为，本合同项下的全部借款本息及借款管理费提前到期，甲方及丁方有权要求乙方应立即清偿本合同下尚未偿付的全部本金、利息、罚息、借款管理费及根据本合同产生的其他全部费用。</p><p>7、如果乙方逾期支付任何一期还款超过30天，或连续逾期三期以上（含三期），或累计逾期达五期以上（含五期），或乙方在逾期后出现逃避、拒绝沟通或拒绝承认欠款事实等恶意行为，丁方有权将乙方的“逾期记录”记入公民征信系统，丁方不承担任何法律责任。</p><p>8、如果乙方逾期支付任何一期还款超过30天，或连续逾期三期以上（含三期），或累计逾期达五期以上（含五期），或乙方在逾期后出现逃避、拒绝沟通或拒绝承认欠款事实等恶意行为，丁方有权将乙方违约失信的相关信息及乙方其他信息向媒体、用人单位、公安机关、检查机关、法律机关披露，丁方不承担任何责任。</p><p>9、在乙方还清全部咨询服务费、借款管理费、本金、利息、罚息、逾期管理费之前，罚息及逾期管理费的计算不停止。</p><p>10、本借款合同中的所有出借人(甲方)与乙方之间的借款均是相互独立的，一旦乙方逾期未归还借款本息，任何一个出借人有权单独向乙方或丙方追索或者提起诉讼。如乙方逾期支付借款管理费或提供虚假信息的，丁方亦可单独向乙方或丙方追索或者提起诉讼。</p><p><br/></p><p style=\"text-align: left;font-weight: 600;\">第五条 提前还款</p><p>1、本合同项下的借款不允许乙方提前部分还款。</p><p>2、提前偿还全部剩余借款</p><p style=\"padding-left:15px\">若乙方提前偿还全部剩余借款，应通过丙方向甲方提出申请，如乙方提前结清的要求得到甲方及丙方同意时，各方委托丙方代为处理提前结清的相关事项。乙方应向甲方支付当期应还本息，剩余本金；同时应向甲方支付提前还款补偿金（补偿金额为剩余本金的1.0%）。因提前结清所产生由丙方收取的服务补偿金由乙丙双方另行约定，与甲方无关。</p><p><br/></p><p style=\"text-align: left;font-weight: 600;\">第六条 &nbsp; 担保</p><p>1、 &nbsp;丙方及其关联企业证大速贷为乙方向甲方借款提供担保。</p><p>2、 &nbsp;担保义务</p><p>1）担保方式：不可撤销的连带责任保证担保；</p><p>2）保证责任范围包括：本笔借款的本息及因乙方提前或逾期还款产生的相应罚息、违约金及管理费，以及债权人为实现债权而发生的费用（例如：甲方或其委托的丁方为追索债权而发生的律师费、诉讼费、委托第三人追索费用等）。</p><p>3）保证期限：本合同项下借款期限届满之日起两年。</p><p><br/></p><p style=\"text-align: left;font-weight: 600;\">第七条 法律及争议解决</p><p>本合同的签订、履行、终止、解释均适用中华人民共和国法律，并由原告所在地的人民法院管辖。</p><p><br/></p><p style=\"text-align: left;font-weight: 600;\">第八条 附则</p><p>1、本合同采用电子文本形式制成，并永久保存在丁方为此设立的专用服务器上备查，各方均认可该形式的合同效力。</p><p>2、本合同自文本最终生成之日起生效。</p><p>3、本合同签订之日起至借款全部清偿之日止，甲方或乙方的下列信息如发生变更的，其应当在相关信息发生变更三日内将更新后的信息提供给丁方：本人、本人的家庭联系人及紧急联系人、工作单位、居住地址、住所电话、手机号码、电子邮箱、银行账户的变更。若因任何一方不及时提供上述变更信息而带来的损失或额外费用应由该方承担。</p><p>4、如果本合同中的任何一条或多条违反适用的法律法规，则该条将被视为无效，但该无效条款并不影响本合同其他条款的效力。</p>');
INSERT INTO `node_body` VALUES ('0b73ae6b0c304c548c3cd197999e73f6', '<p><img src=\"/upload/6331393557927620.jpg\" title=\"照片1 002_副本.jpg\"/></p>');
INSERT INTO `node_body` VALUES ('1494b980316c437ea279e34cbeeebb63', '<p>111</p>');
INSERT INTO `node_body` VALUES ('159f3c6565e74217861b2f17733934a8', '<p>2132143214231134321</p>');
INSERT INTO `node_body` VALUES ('18b50c4f6f5f408f9b48261765720d1e', '<p>相关协议相关协议相关协议相关协议相关协议相关协议</p>');
INSERT INTO `node_body` VALUES ('1c29abfaed8b4ca0b39933250aea0561', '<p>2431412414321</p>');
INSERT INTO `node_body` VALUES ('22110c6752104c28922ca50a4b2ae39d', '<p>新手指引新手指引新手指引新手指引新手指引新手指引新手指引新手指引新手指引</p>');
INSERT INTO `node_body` VALUES ('28707abb53204be2839c8653c1b3602c', '<p>　　自动投标是通过用户预先设定投标规则，可以在无需登录的情况下系统按用户设定自动代为投标的投资交易流程。自动投标为工作繁忙、经常出差以及不经常上网的投资者提供了省时省心的高效服务，而实际上发发贷平台目前的借款标都支持100%自动投标，只要设置正确并有一定的排名，好标一定不会错过!</p><p><br/></p>');
INSERT INTO `node_body` VALUES ('319a4e2c487d45259e2d14edc6ed7f75', '<p>关于我们<br/></p>');
INSERT INTO `node_body` VALUES ('323ed54dadad43fe8fe477096c4fbe8a', '<p>　　一、什么是民间借贷?</p><p>　　民间借贷是指自然人之间、自然人与法人之间、自然人与其它组织之间借贷。民间借贷属于《民法通则》规定的一种民事法律行为，在行为人具有完全民事行为能力(即年满18周岁，且不存在足以影响自身行为的精神疾病的情形)、意思表示真实，借款合同符合法律、行政法规规定时，该借款合同完全受到《合同法》等法律的保护。民间借贷是民间资本的一种投资渠道，作为银行金融的有效补充已逐渐成为民间金融的一种重要形式。</p><p>　　二、民间借贷合不合法?</p><p>　　根据《最高人民法院关于人民法院审理借贷案件的若干意见》的规定，自然人之间、自然人与法人、自然人与其他组织之间的借款作为借贷案件受理，确保了民间借贷的组织形式及其合法性。但是，民间借贷中也应当遵循一些特殊的法律规定，例如：借款利率不得超过中国人民银行公布的基准利率的4倍(详见下)。至于自然人之间的关系、通过何种形式或者平台进行借贷，法律并没有规定。但是需要注意的是，若故意以高利率吸引他人出借款项并将资金用于套利的或者以欺骗手段骗取他人出借款项的，将构成犯罪，要追究相应的刑事责任。</p><p>　　相关法律法规：</p><p>　　★《合同法》第211条：“自然人之间的借款合同约定支付利息的，借款的利率不得违反国家有关限制借款利率的规定”。</p><p>　　★《最高人民法院关于人民法院审理借贷案件的若干意见》：“六、民间借贷的利息可适当高于银行利率，但最高不得超过同期银行贷款利率的4倍，超出部分的利息法律不予保护。”</p><p>　　★《最高人民法院关于人民法院审理借贷案件的若干意见》：“十、一方以欺诈、胁迫等手段或者乘人之危，使对方在违背真实意思的情况下所形成的借贷关系，应认定为无效。”</p><p>　　★《最高人民法院关于人民法院审理借贷案件的若干意见》：“十一、出借人明知借款人是为了进行非法活动而借款的，其借贷关系不予保护。”</p><p>　　★《最高人民法院关于人民法院审理借贷案件的若干意见》：“十三、在借贷关系中，仅起联系、介绍作用的人，不承担保证责任。对债务的履行确有保证意思表示的，应认定为保证人，承担保证责任。”</p><p>　　三、订立借款合同可以采取的担保方式</p><p>　　借款合同作为单务合同，贷款人将借款支付给借款者后，其风险都是由贷款人承担。为了保证债权的实现，减少借款的风险，近些年来，我国金融机构在信贷业务中越来越多地采用担保的方式。根据《担保法》的规定，在借款合同中贷款人可以要求借款者采取以下担保方式：</p><p>　　1.保证</p><p>　　是指保证人与贷款人约定，当借款者不履行债务时，保证人按照约定履行债务、承担责任的行为。</p><p>　　保证的方式主要有两种：</p><p>　　(1)连带责任保证，即贷款人和保证人约定，借款者在借款期限届满没有履行债务的，贷款人可以要求借款者履行债务，也可以要求保证人在其保证范围内承担保证责任。</p><p>　　(2)一般保证，即贷款人和保证人约定，在借款者经审判或者仲裁，并就借款者财产强制执行仍不能履行债务时，保证人承担保证责任。</p><p>　　2.抵押</p><p>　　是指借款者或者第三人不转移财产的占有，将该财产作为债权的担保。在借款者不履行债务时，贷款人有权依法将该财产折价或者以拍卖、变卖该财产的价款优先受偿。抵押物的范围应当是依法可以转让的财产，抵押合同应当办理登记，抵押合同自登记之日起生效。</p><p>　　3.质押</p><p>　　质押包括动产质押和权利质押。动产质押是指借款者或者第三人将其动产移交贷款人占有，以该财产作为债权的担保，借款者不履行债务时，贷款人有权以该财产折价或者以拍卖、变卖的价款优先受偿。权利质押是指转让所有权以外的财产权作为质押的担保方式。以下权利可以设定质押：汇票、支票、本票、债券、存款单、仓单、提单;依法可以转让的股份、股票;依法可以转让的商标专用权、专利权、著作权中的财产权等权利。根据合同法第198条的规定，订立借款合同，贷款人可以要求借款者提供担保，担保依照《中华人民共和国担保法》的规定。因此，金融机构借款的，当事人应当按照有关规定确定担保的方式。至于自然人之间借款，当事人可以依据实际情况对担保问题作出约定。</p><p>　　四、参考法律依据</p><p>　　1、《中华人民共和国民法通则》</p><p>　　第九十条：合法的借贷关系受法律的保护。</p><p>　　2、最高人民法院关于贯彻执行《中华人民共和国民法通则》若干问题的意见(试行)</p><p>　　第一百二十一条? \r\n公民之间的贷款，双方对返还期限有约定的，一般应按约定处理;没有约定的，出借人随时可以请求返还，借方应当根据出借人的请求及时返还;暂时无力返还，可以根据实际情况责令其分期返还。</p><p>　　第一百二十二条? \r\n公民之间的生产经营性借贷的利率，可以适当高于生活性借贷利率。如利率发生纠纷，应本着保护合法借贷关系，考虑当地实际情况，有利于生产和稳定经济秩序的原则处理。</p><p>　　第一百二十三条? \r\n公司之间的无息借款，有约定偿还期限而借款人不按期偿还，或者未约定偿还期限但经出借人催告后，借款人仍不偿还的，出借人要求借款人偿付逾期利息，应当予以准许。</p><p><br/></p>');
INSERT INTO `node_body` VALUES ('388b560ced544cc990193a1ba7823670', '<p>国泰金安担保</p>');
INSERT INTO `node_body` VALUES ('3ee6a9b8e127464485260735b74e634a', '<p>网站建设的第一步是选择域名，那什么是域名，怎样选一个好域名，是大多建站者初期面临的问题，益佳腾飞和大家探讨下</p><div>益佳腾飞告诉你：什么是域名？</div><div>企业、政府、非政府组织等机构或者个人在域名注册商上注册的名称，是互联网上企业或机构间相互联络的网络地址。</div><div>域名也由若干部分组成，各部分之间用小数点分开，例如“益佳腾飞科技有限公司”主机的域名是“51zuoweb.com”，因为域名具有唯一性，它可以让我们在万千纵横的网络世界里精准的找到我们要访问的站点。</div><div>益佳腾飞告诉你：域名有哪些分类？</div><div>目前互联网的域名体系中分为三类顶级域名</div><div>1：地理顶级域名 &nbsp;目前共有243个国家和地区的代码。如CN代表中国，.JP代表日本，.UK代表英国。</div><div>2：类别顶级域名 &nbsp;目前共有7个：.COM(公司)，.NET(网络机构)，.ORG(组织机构)，.EDU(美国教育)，.GOV(美国政府部门)，.ARPA(美国军方)，.INT(国际组织)。</div><div>3：新的顶级域名 &nbsp; 新增的顶级域名为.BIZ(商业)，.COOP(合作公司)，.INFO(信息行业)，.AERO(航空业)，.PRO(专业人士)，.MUSEUM(博物馆行业)，.NAME(个人)。 &nbsp; </div><div>益佳腾飞告诉你：怎样选择好域名呢？ &nbsp; &nbsp; </div><div>域名要尽量简单</div><div>1纯拼音域名</div><div>2纯数字域名</div><div>3拼音和数字相结合的域名</div><div>从品牌角度出发选择域名</div><div>1益佳腾飞是一家专业做网站的公司，故：www.51zuoweb.com就是我要做网站的谐音</div><div>2益佳腾飞：用益佳科技建站，事业腾飞在眼前。</div><div>注意事项</div><div>1选择域名提供商一定要选择正规名誉好的服务商。</div><div>2域名包含的关键词能否呗搜索引擎更好的识别。</div><div>3是否支持域名转向，这是域名服务商提供的一项增值服务。</div><div>益佳腾飞教你建站知识，让更多的建站者了解建站流程，更好建站，文明建站。</div><p><br /></p>');
INSERT INTO `node_body` VALUES ('4180f4b311964f96bc9aba7d858143c8', '<p>　　根据国家法定节假日相关规定，国庆为法定节假日。经发发贷运营团队商讨，对国庆休假期间工作安排如下：</p><p>　　国庆休假时间：2014年10月1日-2014年10月6日</p><p>　　休假期间工作处理：</p><p>　　1.平台照常发标，每天发标时间为上午11点。</p><p>　　2.每天均有客服值班(9:00-18:00,10月1日-10月6日)</p><p>　　3.当天回款在11点前处理</p><p>　　4.充值正常</p><p>　　5.国庆假期暂不处理提现(顺延至正常工作日处理，即10月7日 周二)</p><p>　　温馨提示：全体工作人员祝大家假期愉快，平安出行!</p><p style=\"text-align:right;\">　　运营团队</p><p style=\"text-align:right;\">　　2014年9月24日</p><p><br/></p>');
INSERT INTO `node_body` VALUES ('42de6e38e88248e3be442434a26ea6e7', '<p style=\"text-align:center;background:white;text-autospace:ideograph-other\"><strong><span style=\"font-size:18px;font-family:宋体;color:#666666;background:white\">服务协议</span></strong></p><p style=\"margin-bottom:15px;text-align:left;text-indent:24px;background:white;text-autospace:ideograph-other\"><span style=\"font-size:12px;font-family:宋体;color:#666666;background:white\">本网站由诚汇贷负责运营</span><span style=\"font-size:12px;font-family:&#39;Microsoft YaHei&#39;;color:#666666;background: white\">(</span><span style=\"font-size:12px;font-family:宋体;color:#666666;background:white\">以下本网站均指网站及诚汇贷）。在您注册成为本网站用户前请务必仔细阅读以下条款。若您一旦注册</span><span style=\"font-size:12px;font-family:&#39;Microsoft YaHei&#39;;color:#666666;background: white\">,</span><span style=\"font-size:12px;font-family:宋体;color:#666666;background:white\">则您接受本网站的服务必须受以下条款的约束。</span></p><p style=\"margin-bottom:15px;text-align:left;text-indent:24px;background:white;text-autospace:ideograph-other\"><span style=\"font-size:12px;font-family:宋体;color:#666666;background:white\">本服务协议内容包括以下条款及已经发布的或将来可能发布的各类规则。所有规则为协议不可分割的一部分</span><span style=\"font-size:12px;font-family:&#39;Microsoft YaHei&#39;;color:#666666;background: white\">,</span><span style=\"font-size:12px;font-family:宋体;color:#666666;background:white\">与协议正文具有同等法律效力。本协议是由您与本网站共同签订的</span><span style=\"font-size:12px;font-family:&#39;Microsoft YaHei&#39;;color:#666666;background: white\">,</span><span style=\"font-size:12px;font-family:宋体;color:#666666;background:white\">适用于您在本网站的全部活动。在您注册成为用户时</span><span style=\"font-size:12px;font-family:&#39;Microsoft YaHei&#39;;color:#666666;background: white\">,</span><span style=\"font-size:12px;font-family:宋体;color:#666666;background:white\">您已经阅读、理解并接受本协议的全部条款及各类规则</span><span style=\"font-size:12px;font-family:&#39;Microsoft YaHei&#39;;color:#666666;background: white\">,</span><span style=\"font-size:12px;font-family:宋体;color:#666666;background:white\">并承诺遵守中国现行的法律、法规、规章及其他政府规定</span><span style=\"font-size:12px;font-family:&#39;Microsoft YaHei&#39;;color:#666666;background: white\">,</span><span style=\"font-size:12px;font-family:宋体;color:#666666;background:white\">如有违反而导致任何法律后果的发生</span><span style=\"font-size: 12px;font-family:&#39;Microsoft YaHei&#39;;color:#666666;background:white\">,</span><span style=\"font-size:12px;font-family:宋体;color:#666666;background:white\">您将以自己的名义独立承担所有相应的法律责任。</span></p><p style=\"margin-bottom:15px;text-align:left;text-indent:24px;background:white;text-autospace:ideograph-other\"><span style=\"font-size:12px;font-family:宋体;color:#666666;background:white\">本网站有权根据需要不时地制定、修改本协议或各类规则</span><span style=\"font-size:12px;font-family:&#39;Microsoft YaHei&#39;;color:#666666;background: white\">,</span><span style=\"font-size:12px;font-family:宋体;color:#666666;background:white\">如本协议及规则有任何变更</span><span style=\"font-size:12px;font-family:&#39;Microsoft YaHei&#39;;color:#666666;background:white\">,</span><span style=\"font-size:12px;font-family:宋体;color:#666666;background:white\">本网站将在网站上刊载公告</span><span style=\"font-size:12px;font-family:&#39;Microsoft YaHei&#39;;color:#666666;background: white\">,</span><span style=\"font-size:12px;font-family:宋体;color:#666666;background:white\">经修订的协议、规则一经在公布后</span><span style=\"font-size:12px;font-family:&#39;Microsoft YaHei&#39;;color:#666666;background:white\">,</span><span style=\"font-size:12px;font-family:宋体;color:#666666;background:white\">立即自动生效。您应不时地注意本协议及附属规则地变更</span><span style=\"font-size:12px;font-family:&#39;Microsoft YaHei&#39;;color:#666666;background: white\">,</span><span style=\"font-size:12px;font-family:宋体;color:#666666;background:white\">若您不同意相关变更</span><span style=\"font-size:12px;font-family:&#39;Microsoft YaHei&#39;;color:#666666;background:white\">,</span><span style=\"font-size:12px;font-family:宋体;color:#666666;background:white\">本网站有权不经任何告知终止、中止本协议或者限制您进入本网站的全部或者部分板块且不承担任何法律责任。</span></p><p style=\"margin-bottom:15px;text-align:left;text-indent:24px;background:white;text-autospace:ideograph-other\"><span style=\"font-size:12px;font-family:宋体;color:#666666;background:white\">您确认本服务协议后</span><span style=\"font-size:12px;font-family:&#39;Microsoft YaHei&#39;;color:#666666;background:white\">,</span><span style=\"font-size:12px;font-family:宋体;color:#666666;background:white\">本服务协议即在您和本网站之间产生法律效力。您只要点击协议正本下方的“确认”按钮并按照本网站规定的注册程序成功注册为用户</span><span style=\"font-size:12px;font-family:&#39;Microsoft YaHei&#39;;color:#666666;background: white\">,</span><span style=\"font-size:12px;font-family:宋体;color:#666666;background:white\">您的行为既表示同意并签署了本服务协议。本服务协议不涉及您与本网站的其他用户之间因网上交易而产生的法律关系及法律纠纷。</span></p><p style=\"margin-top:5px;margin-bottom:10px;text-align:left;background:white;text-autospace:ideograph-other\"><strong><span style=\"font-size:12px;font-family:宋体;color:#006699;background:white\">一、使用规则</span></strong></p><p style=\"margin-bottom:15px;text-align:left;text-indent:24px;background:white;text-autospace:ideograph-other\"><span style=\"font-size:12px;font-family:宋体;color:#666666;background:white\">本网站中的全部内容的版权均属于本网站所有</span><span style=\"font-size: 12px;font-family:&#39;Microsoft YaHei&#39;;color:#666666;background:white\">,</span><span style=\"font-size:12px;font-family:宋体;color:#666666;background:white\">该等内容包括但不限于文本、数据、文章、设计、源代码、软件、图片、照片及其他全部信息</span><span style=\"font-size:12px;font-family:&#39;Microsoft YaHei&#39;;color:#666666;background: white\">(</span><span style=\"font-size:12px;font-family:宋体;color:#666666;background:white\">以下称“网站内容”</span><span style=\"font-size:12px;font-family:&#39;Microsoft YaHei&#39;;color:#666666;background: white\">)</span><span style=\"font-size:12px;font-family:宋体;color:#666666;background:white\">。网站内容受中华人民共和国著作权法及各国际版权公约的保护。未经本网站事先书面同意</span><span style=\"font-size:12px;font-family:&#39;Microsoft YaHei&#39;;color:#666666;background: white\">,</span><span style=\"font-size:12px;font-family:宋体;color:#666666;background:white\">您承诺不以任何方式、不以任何形式复制、模仿、传播、出版、公布、展示网站内容</span><span style=\"font-size:12px;font-family:&#39;Microsoft YaHei&#39;;color:#666666;background: white\">,</span><span style=\"font-size:12px;font-family:宋体;color:#666666;background:white\">包括但不限于电子的、机械的、复印的、录音录像的方式和形式等。您承认网站内容是属于本网站的财产。未经本网站书面同意</span><span style=\"font-size:12px;font-family:&#39;Microsoft YaHei&#39;;color:#666666;background: white\">,</span><span style=\"font-size:12px;font-family:宋体;color:#666666;background:white\">您亦不得将本网站包含的资料等任何内容镜像到任何其他网站或者服务器。</span> <span style=\"font-size:12px;font-family:宋体;color:#666666;background:white\">任何未经授权对网站内容的使用均属于违法行为</span><span style=\"font-size:12px;font-family:&#39;Microsoft YaHei&#39;;color:#666666;background: white\">,</span><span style=\"font-size:12px;font-family:宋体;color:#666666;background:white\">本网站将追究您的法律责任。</span></p><p style=\"margin-bottom:15px;text-align:left;text-indent:24px;background:white;text-autospace:ideograph-other\"><span style=\"font-size:12px;font-family:宋体;color:#666666;background:white\">您承诺合法使用本网站提供的服务及网站内容。禁止在本网站从事任何可能违反中国现行的法律、法规、规章和政府规范性文件的行为或者任何未经授权使用本网站的行为</span><span style=\"font-size:12px;font-family:&#39;Microsoft YaHei&#39;;color:#666666;background: white\">,</span><span style=\"font-size:12px;font-family:宋体;color:#666666;background:white\">如擅自进入本网站的未公开的系统、不正当的使用密码和网站的任何内容等。</span></p><p style=\"margin-bottom:15px;text-align:left;text-indent:24px;background:white;text-autospace:ideograph-other\"><span style=\"font-size:12px;font-family:宋体;color:#006699;background:white\">本网站接受中国大陆</span><span style=\"font-size:12px;font-family:&#39;Microsoft YaHei&#39;;color:#006699;background:white\">(</span><span style=\"font-size:12px;font-family:宋体;color:#006699;background:white\">不包括香港特区、澳门特区及台湾地区</span><span style=\"font-size:12px;font-family:&#39;Microsoft YaHei&#39;;color:#006699;background: white\">)</span><span style=\"font-size:12px;font-family:宋体;color:#006699;background:white\">的</span><span style=\"font-size:12px;font-family:&#39;Microsoft YaHei&#39;;color:#006699;background:white\">18</span><span style=\"font-size:12px;font-family:宋体;color:#006699;background:white\">周岁以上的具有完全民事行为能力的自然人成为网站用户。未成年人</span><span style=\"font-size:12px;font-family:&#39;Microsoft YaHei&#39;;color:#006699;background: white\">(</span><span style=\"font-size:12px;font-family:宋体;color:#006699;background:white\">年龄</span><span style=\"font-size:12px;font-family:&#39;Microsoft YaHei&#39;;color:#006699;background:white\">18</span><span style=\"font-size:12px;font-family:宋体;color:#006699;background:white\">周岁以下人士</span><span style=\"font-size: 12px;font-family:&#39;Microsoft YaHei&#39;;color:#006699;background:white\">)</span><span style=\"font-size:12px;font-family:宋体;color:#006699;background:white\">、退休人员</span><span style=\"font-size:12px;font-family:&#39;Microsoft YaHei&#39;;color:#006699;background: white\">(65</span><span style=\"font-size:12px;font-family:宋体;color:#006699;background:white\">周岁以上人士</span><span style=\"font-size:12px;font-family:&#39;Microsoft YaHei&#39;;color:#006699;background:white\">)</span><span style=\"font-size:12px;font-family:宋体;color:#006699;background:white\">、中国大陆以外地区（含港澳台）人士及自然人以外的组织无资格使用本网站的服务</span><span style=\"font-size:12px;font-family:&#39;Microsoft YaHei&#39;;color:#006699;background: white\">,</span><span style=\"font-size:12px;font-family:宋体;color:#006699;background:white\">本网站要求未成年人、中国大陆以外（含港澳台）人士及各类组织不要向本网站提交任何个人资料。</span> <span style=\"font-size:12px;font-family:宋体;color:#006699;background:white\">如您不符合资格</span><span style=\"font-size:12px;font-family:&#39;Microsoft YaHei&#39;;color:#006699;background:white\">,</span><span style=\"font-size:12px;font-family:宋体;color:#006699;background:white\">请勿注册。本网站保留中止或终止您用户资格的权利。</span><span style=\"font-size:12px;font-family:&#39;Microsoft YaHei&#39;;color:#006699;background: white\"><br/> </span><span style=\"font-size:12px;font-family:宋体;color:#006699;background:white\">您注册成功后</span><span style=\"font-size:12px;font-family:&#39;Microsoft YaHei&#39;;color:#006699;background: white\">,</span><span style=\"font-size:12px;font-family:宋体;color:#006699;background:white\">不得将本网站的用户名转让给第三方或者授权给第三方使用。您确认</span><span style=\"font-size:12px;font-family:&#39;Microsoft YaHei&#39;;color:#006699;background: white\">,</span><span style=\"font-size:12px;font-family:宋体;color:#006699;background:white\">您用您的用户名和密码登陆本网站后在本网站的一切行为均代表您并由您承担相应的法律后果。</span> <span style=\"font-size:12px;font-family:宋体;color:#006699;background:white\">您有义务在注册时提供自己的真实资料</span><span style=\"font-size: 12px;font-family:&#39;Microsoft YaHei&#39;;color:#006699;background:white\">,</span><span style=\"font-size:12px;font-family:宋体;color:#006699;background:white\">并保证诸如电子邮件地址、联系电话、联系地址、邮政编码等内容的有效性及安全性。如您因网上交易与其他用户产生诉讼的</span><span style=\"font-size:12px;font-family:&#39;Microsoft YaHei&#39;;color:#006699;background: white\">,</span><span style=\"font-size:12px;font-family:宋体;color:#006699;background:white\">用户有权通过司法部门要求网站提供相关资料。</span></p><p style=\"margin-bottom:15px;text-align:left;text-indent:24px;background:white;text-autospace:ideograph-other\"><span style=\"font-size:12px;font-family:宋体;color:#666666;background:white\">经国家生效法律文书或行政处罚决定确认您存在违法行为</span><span style=\"font-size:12px;font-family:&#39;Microsoft YaHei&#39;;color:#666666;background: white\">,</span><span style=\"font-size:12px;font-family:宋体;color:#666666;background:white\">或者本网站有足够事实依据可以认定您存在违法或违反本服务协议的行为的或者您借款逾期未还的</span><span style=\"font-size:12px;font-family:&#39;Microsoft YaHei&#39;;color:#666666;background: white\">,</span><span style=\"font-size:12px;font-family:宋体;color:#666666;background:white\">本网站有权在因特网络上公布您的违法、违约行为</span><span style=\"font-size:12px;font-family:&#39;Microsoft YaHei&#39;;color:#666666;background: white\">,</span><span style=\"font-size:12px;font-family:宋体;color:#666666;background:white\">并有关将该内容记入任何与您相关的信用资料和档案。</span></p><p style=\"margin-top:5px;margin-bottom:10px;text-align:left;background:white;text-autospace:ideograph-other\"><strong><span style=\"font-size:12px;font-family:宋体;color:#006699;background:white\">二、“诚汇贷服务”概要</span></strong></p><table cellpadding=\"0\"><tbody><tr class=\"firstRow\"><td style=\"background: none repeat scroll 0% 0% white; padding: 0px;\" valign=\"top\" width=\"37\"><p style=\"text-align:right;line-height:20px;background:white;text-autospace:   ideograph-other;vertical-align:top\"><span style=\"font-size:12px;font-family:宋体;color:#666666;background:white\">（一）</span></p></td><td style=\"background-image: none; background-attachment: scroll; background-color: white; padding: 0px; word-break: break-all; background-position: 0% 0%; background-repeat: repeat repeat;\" width=\"514\"><p style=\"line-height:20px;background:white;text-autospace:ideograph-other\"><span style=\"font-size:12px;font-family:宋体;color:#666666;background:   white\">“诚汇贷</span><span style=\"font-size:12px;font-family:宋体;color:#666666;background:white\">账户”：指在您使用本服务时，本网站向您提供的唯一的虚拟的电子账户。您可自行设置密码，并用以查询或计量您的应收或应付款等数据信息。</span></p></td></tr><tr><td style=\"background: none repeat scroll 0% 0% white; padding: 0px;\" valign=\"top\" width=\"37\"><p style=\"text-align:right;line-height:20px;background:white;text-autospace:   ideograph-other;vertical-align:top\"><span style=\"font-size:12px;font-family:宋体;color:#666666;background:white\">（二）</span></p></td><td style=\"background: none repeat scroll 0% 0% white; padding: 0px;\" width=\"514\"><p style=\"line-height:20px;background:white;text-autospace:ideograph-other\"><span style=\"font-size:12px;font-family:宋体;color:#666666;background:white\">本公司向您提供的款项代管代收的中介服务，其中包含：</span></p></td></tr><tr><td style=\"background: none repeat scroll 0% 0% white; padding: 0px;\" valign=\"top\" width=\"37\"><p style=\"text-align:right;line-height:20px;background:white;text-autospace:   ideograph-other;vertical-align:top\"><span style=\"font-size:12px;font-family:&#39;Microsoft YaHei \\!important&#39;;color:#666666;background:   white\">1</span><span style=\"font-size:12px;font-family:宋体;color:#666666;background:white\">、</span></p></td><td style=\"background: none repeat scroll 0% 0% white; padding: 0px;\" width=\"514\"><p style=\"line-height:20px;background:white;text-autospace:ideograph-other\"><span style=\"font-size:12px;font-family:宋体;color:#666666;background:white\">充值：甲方可以通过银行将资金转账到乙方指定的第三方支付账户。充值完成后，乙方将在甲方的电子账户内增加等额资金数。</span></p></td></tr><tr><td style=\"background: none repeat scroll 0% 0% white; padding: 0px;\" valign=\"top\" width=\"37\"><p style=\"text-align:right;line-height:20px;background:white;text-autospace:   ideograph-other;vertical-align:top\"><span style=\"font-size:12px;font-family:&#39;Microsoft YaHei \\!important&#39;;color:#666666;background:   white\">2</span><span style=\"font-size:12px;font-family:宋体;color:#666666;background:white\">、</span></p></td><td style=\"background-image: none; background-attachment: scroll; background-color: white; padding: 0px; word-break: break-all; background-position: 0% 0%; background-repeat: repeat repeat;\" width=\"514\"><p style=\"line-height:20px;background:white;text-autospace:ideograph-other\"><span style=\"font-size:12px;font-family:宋体;color:#666666;background:white\">代管：您可以使用本服务指定的方式向您的诚汇贷账户充值，并委托本公司代为保管。</span></p></td></tr><tr><td style=\"background: none repeat scroll 0% 0% white; padding: 0px;\" valign=\"top\" width=\"37\"><p style=\"text-align:right;line-height:20px;background:white;text-autospace:   ideograph-other;vertical-align:top\"><span style=\"font-size:12px;font-family:&#39;Microsoft YaHei \\!important&#39;;color:#666666;background:   white\">3</span><span style=\"font-size:12px;font-family:宋体;color:#666666;background:white\">、</span></p></td><td style=\"background-image: none; background-attachment: scroll; background-color: white; padding: 0px; word-break: break-all; background-position: 0% 0%; background-repeat: repeat repeat;\" width=\"514\"><p style=\"line-height:20px;background:white;text-autospace:ideograph-other\"><span style=\"font-size:12px;font-family:宋体;color:#666666;background:white\">代收：您可以要求本公司代为收取其他诚汇贷用户向您支付的款项。</span></p></td></tr><tr><td style=\"background: none repeat scroll 0% 0% white; padding: 0px;\" valign=\"top\" width=\"37\"><p style=\"text-align:right;line-height:20px;background:white;text-autospace:   ideograph-other;vertical-align:top\"><span style=\"font-size:12px;font-family:&#39;Microsoft YaHei \\!important&#39;;color:#666666;background:   white\">4</span><span style=\"font-size:12px;font-family:宋体;color:#666666;background:white\">、</span></p></td><td style=\"background: none repeat scroll 0% 0% white; padding: 0px;\" width=\"514\"><p style=\"line-height:20px;background:white;text-autospace:ideograph-other\"><span style=\"font-size:12px;font-family:宋体;color:#666666;background:white\">提\r\n现：您可以要求本公司退返本公司代管的您的款项（即退返）或向您支付您的应收款（即提现）。当您向本公司做出提现指令时，必须提供一个与您委托本公司代管\r\n时的汇款人或您的名称相符的有效的中国大陆银行账户，本公司将于收到指令后的一至三个工作日内，将相应的款项汇入您提供的有效银行账户（根据您提供的银行\r\n不同，会产生汇入时间上的差异）。除本条约定外，本公司不接受您提供的其他受领方式。</span></p></td></tr><tr><td style=\"background: none repeat scroll 0% 0% white; padding: 0px;\" valign=\"top\" width=\"37\"><p style=\"text-align:right;line-height:20px;background:white;text-autospace:   ideograph-other;vertical-align:top\"><span style=\"font-size:12px;font-family:&#39;Microsoft YaHei \\!important&#39;;color:#666666;background:   white\">5</span><span style=\"font-size:12px;font-family:宋体;color:#666666;background:white\">、</span></p></td><td style=\"background-image: none; background-attachment: scroll; background-color: white; padding: 0px; word-break: break-all; background-position: 0% 0%; background-repeat: repeat repeat;\" width=\"514\"><p style=\"line-height:20px;background:white;text-autospace:ideograph-other\"><span style=\"font-size:12px;font-family:宋体;color:#666666;background:white\">查\r\n询：本公司将对您在本系统中的所有操作进行记录，不论该操作之目的最终是否实现。您可以在本系统中实时查询您的账户名下的交易记录，您认为记录有误的，本公司将向您提供本公司已按照您的指令所执行的收付款的记录。您理解并同意您最终收到款项的服务是由您提供的银行账户对应的银行提供的，您需向该银行请求查\r\n证。</span></p></td></tr><tr><td style=\"background: none repeat scroll 0% 0% white; padding: 0px;\" valign=\"top\" width=\"37\"><p style=\"text-align:right;line-height:20px;background:white;text-autospace:   ideograph-other;vertical-align:top\"><span style=\"font-size:12px;font-family:&#39;Microsoft YaHei \\!important&#39;;color:#666666;background:   white\">6</span><span style=\"font-size:12px;font-family:宋体;color:#666666;background:white\">、</span></p></td><td style=\"background: none repeat scroll 0% 0% white; padding: 0px;\" width=\"514\"><p style=\"line-height:20px;background:white;text-autospace:ideograph-other\"><span style=\"font-size:12px;font-family:宋体;color:#666666;background:white\">款项专属：对您支付到本公司并归属至您账户的款项及您通过账户收到的款项，本公司将予以妥善保管，除本协议另行规定外，不作任何其他非您指令的用途。</span></p></td></tr><tr><td style=\"background: none repeat scroll 0% 0% white; padding: 0px;\" valign=\"top\" width=\"37\"><p style=\"text-align:right;line-height:20px;background:white;text-autospace:   ideograph-other;vertical-align:top\"><span style=\"font-size:12px;font-family:宋体;color:#666666;background:white\">（三）</span></p></td><td style=\"background: none repeat scroll 0% 0% white; padding: 0px;\" width=\"514\"><p style=\"line-height:20px;background:white;text-autospace:ideograph-other\"><span style=\"font-size:12px;font-family:宋体;color:#666666;background:white\">本公司并非银行或其它金融机构，本服务也非金融业务，本协议项下的资金移转均通过银行来实现，你理解并同意您的资金于流转途中的合理时间。</span></p></td></tr><tr><td style=\"background: none repeat scroll 0% 0% white; padding: 0px;\" valign=\"top\" width=\"37\"><p style=\"text-align:right;line-height:20px;background:white;text-autospace:   ideograph-other;vertical-align:top\"><span style=\"font-size:12px;font-family:宋体;color:#666666;background:white\">（四）</span></p></td><td style=\"background: none repeat scroll 0% 0% white; padding: 0px;\" width=\"514\"><p style=\"line-height:20px;background:white;text-autospace:ideograph-other\"><span style=\"font-size:12px;font-family:宋体;color:#666666;background:white\">本服务所涉及到的任何款项只以人民币计结，不提供任何形式的结售汇业务。</span></p></td></tr><tr><td style=\"background: none repeat scroll 0% 0% white; padding: 0px;\" valign=\"top\" width=\"37\"><p style=\"text-align:right;line-height:20px;background:white;text-autospace:   ideograph-other;vertical-align:top\"><span style=\"font-size:12px;font-family:宋体;color:#666666;background:white\">（五）</span></p></td><td style=\"background: none repeat scroll 0% 0% white; padding: 0px;\" width=\"514\"><p style=\"line-height:20px;background:white;text-autospace:ideograph-other\"><span style=\"font-size:12px;font-family:宋体;color:#666666;background:white\">发标：甲方注册成为本网站借款用户后，可以委托乙方将其借款需求信息通过本网站公开发布，即发出借款要约。</span></p></td></tr><tr><td style=\"background: none repeat scroll 0% 0% white; padding: 0px;\" valign=\"top\" width=\"37\"><p style=\"text-align:right;line-height:20px;background:white;text-autospace:   ideograph-other;vertical-align:top\"><span style=\"font-size:12px;font-family:宋体;color:#666666;background:white\">（六）</span></p></td><td style=\"background: none repeat scroll 0% 0% white; padding: 0px;\" width=\"514\"><p style=\"line-height:20px;background:white;text-autospace:ideograph-other\"><span style=\"font-size:12px;font-family:宋体;color:#666666;background:white\">投标：甲方注册成为本网站投资用户后，可以委托乙方在本网站发布的借款需求信息的借款用户做出借款承诺，并委托乙方将甲方电子账户内的资金额划分付到借款用户的电子账户中，同时生成相应的电子借款合同以明确借款用户和投资用户之间的借贷法律关系。</span></p></td></tr></tbody></table><p style=\"margin-top:5px;margin-bottom:10px;text-align:left;background:white;text-autospace:ideograph-other\"><strong><span style=\"font-size:12px;font-family:宋体;color:#006699;background:white\">三、积分</span></strong></p><table cellpadding=\"0\"><tbody><tr class=\"firstRow\"><td style=\"background: none repeat scroll 0% 0% white; padding: 0px;\" valign=\"top\" width=\"13\"><p style=\"text-align:right;line-height:20px;background:white;text-autospace:   ideograph-other;vertical-align:top\"><span style=\"font-size:12px;font-family:&#39;Microsoft YaHei \\!important&#39;;color:#666666;background:   white\">1)</span></p></td><td style=\"background: none repeat scroll 0% 0% white; padding: 0px;\" width=\"538\"><p style=\"line-height:20px;background:white;text-autospace:ideograph-other\"><span style=\"font-size:12px;font-family:宋体;color:#666666;background:white\">使用本服务，本公司将通过多种方式向您授予积分，积分不具有现金价值，但可以兑换特定物品。</span></p></td></tr><tr><td style=\"background: none repeat scroll 0% 0% white; padding: 0px;\" valign=\"top\" width=\"13\"><p style=\"text-align:right;line-height:20px;background:white;text-autospace:   ideograph-other;vertical-align:top\"><span style=\"font-size:12px;font-family:&#39;Microsoft YaHei \\!important&#39;;color:#666666;background:   white\">2)</span></p></td><td style=\"background: none repeat scroll 0% 0% white; padding: 0px;\" width=\"538\"><p style=\"line-height:20px;background:white;text-autospace:ideograph-other\"><span style=\"font-size:12px;font-family:宋体;color:#666666;background:white\">积分不具备任何财产性质，并非您拥有所有权的财产，本公司有权单方面调整积分数值或调整本公司的积分规则，而无须征得您的同意。</span></p></td></tr><tr><td style=\"background: none repeat scroll 0% 0% white; padding: 0px;\" valign=\"top\" width=\"13\"><p style=\"text-align:right;line-height:20px;background:white;text-autospace:   ideograph-other;vertical-align:top\"><span style=\"font-size:12px;font-family:&#39;Microsoft YaHei \\!important&#39;;color:#666666;background:   white\">3)</span></p></td><td style=\"background: none repeat scroll 0% 0% white; padding: 0px;\" width=\"538\"><p style=\"line-height:20px;background:white;text-autospace:ideograph-other\"><span style=\"font-size:12px;font-family:宋体;color:#666666;background:white\">您仅有权按本公司的积分规则，将所获积分交换本公司提供的指定的服务或产品。</span></p></td></tr><tr><td style=\"background: none repeat scroll 0% 0% white; padding: 0px;\" valign=\"top\" width=\"13\"><p style=\"text-align:right;line-height:20px;background:white;text-autospace:   ideograph-other;vertical-align:top\"><span style=\"font-size:12px;font-family:&#39;Microsoft YaHei \\!important&#39;;color:#666666;background:   white\">4)</span></p></td><td style=\"background: none repeat scroll 0% 0% white; padding: 0px;\" width=\"538\"><p style=\"line-height:20px;background:white;text-autospace:ideograph-other\"><span style=\"font-size:12px;font-family:宋体;color:#666666;background:white\">如本公司怀疑您的积分的获得及</span><span style=\"font-size:12px;font-family:&#39;Microsoft YaHei \\!important&#39;;color:#666666;background:   white\">(</span><span style=\"font-size:12px;font-family:宋体;color:#666666;background:white\">或</span><span style=\"font-size:   12px;font-family:&#39;Microsoft YaHei \\!important&#39;;color:#666666;background:   white\">)</span><span style=\"font-size:12px;font-family:宋体;color:#666666;background:white\">使用存有欺诈、滥用或其它本公司认为不当的行为，本公司可随时取消、限制或终止您的积分或积分使用。</span></p></td></tr><tr><td style=\"background: none repeat scroll 0% 0% white; padding: 0px;\" valign=\"top\" width=\"13\"><p style=\"text-align:right;line-height:20px;background:white;text-autospace:   ideograph-other;vertical-align:top\"><span style=\"font-size:12px;font-family:&#39;Microsoft YaHei \\!important&#39;;color:#666666;background:   white\">5)</span></p></td><td style=\"background: none repeat scroll 0% 0% white; padding: 0px;\" width=\"538\"><p style=\"line-height:20px;background:white;text-autospace:ideograph-other\"><span style=\"font-size:12px;font-family:宋体;color:#666666;background:white\">最新积分兑换规则将于</span><span style=\"font-size:12px;font-family:&#39;Microsoft YaHei \\!important&#39;;color:#666666;background:   white\">2014</span><span style=\"font-size:12px;font-family:宋体;color:#666666;background:white\">年</span><span style=\"font-size:   12px;font-family:&#39;Microsoft YaHei \\!important&#39;;color:#666666;background:   white\">02</span><span style=\"font-size:12px;font-family:宋体;color:#666666;background:white\">月</span><span style=\"font-size:   12px;font-family:&#39;Microsoft YaHei \\!important&#39;;color:#666666;background:   white\">24</span><span style=\"font-size:12px;font-family:宋体;color:#666666;background:white\">日发布。</span></p></td></tr></tbody></table><p><strong><span style=\"font-size:12px;font-family:宋体;color:#006699;background:white\">四、涉及第三方网站</span></strong><br/><span style=\"font-size:12px;font-family:宋体;color:#666666;background:white\">&nbsp; &nbsp; 本网站的网站内容可能涉及由第三方所有、控制或者运营的其他网站(以下称“第三方网站”)。本网站不能保证也没有义务保证第三方网站上的信息的真实性和有效性,您不得利用其他网站真实或者虚假的内容攻击本浙昌贷运营方.</span><br/><strong><span style=\"font-size:12px;font-family:宋体;color:#006699;background:white\">五、承诺</span></strong><br/><span style=\"font-size:12px;font-family:宋体;color:#666666;background:white\">&nbsp; &nbsp; 您在诚汇贷平台进行撮合交易(包括但不限于投资/借款等活动)，诚汇贷平台在此承诺浙昌贷平台负有不可推卸的责任,将做为直接责任人对资金进行担保,赔付。具体内容由其他补充协议说明您在浙昌贷平台进行资金周转（包括但不限于充值/入金等活动）,浙昌贷平台在此承诺浙昌贷平台负有不可推卸的责任,将做为直接责任人对资金进行协查,赔付;&nbsp;具体内容由其他补充协议说明</span><br/><strong><span style=\"font-size:12px;font-family:宋体;color:#006699;background:white\">六、责任限制</span></strong><br/><span style=\"font-size:12px;font-family:宋体;color:#666666;background:white\">&nbsp; &nbsp; 在任何情况下,本网站方对您使用本网站服务时因硬件设施（包括但不限于电脑、移动设备）而产生的任何形式的的直接或间接损失均不承担法律责任,包括但不限于资金损失、利润损失、操作中断损失等。因为本网站或者涉及的第三方网站的设备、系统存在缺陷或者因为计算机病毒造成的损失,本网站均不负责赔偿,您的补救措施只能是与本网站终止本协议并停止使用本网站。但是,中国现行法律、法规另有规定的除外。</span></p><p style=\"margin-top:5px;margin-bottom:10px;text-align:left;background:white;text-autospace:ideograph-other\"><strong><span style=\"font-size:12px;font-family:宋体;color:#006699;background:white\">七、网站内容监测</span></strong></p><p style=\"margin-bottom:15px;text-align:left;text-indent:24px;background:white;text-autospace:ideograph-other\"><span style=\"font-size:12px;font-family:宋体;color:#666666;background:white\">本网站没有义务监测网站内容</span><span style=\"font-size:12px;font-family:&#39;Microsoft YaHei&#39;;color:#666666;background:white\">,</span><span style=\"font-size:12px;font-family:宋体;color:#666666;background:white\">但是您确认并同意本网站有权不时地根据法律、法规、政府要求透露、修改或者删除必要的、合适的信息</span><span style=\"font-size:12px;font-family:&#39;Microsoft YaHei&#39;;color:#666666;background: white\">,</span><span style=\"font-size:12px;font-family:宋体;color:#666666;background:white\">以便更好地运营本网站并保护自身及本网站的其他合法用户。</span></p><p style=\"margin-top:5px;margin-bottom:10px;text-align:left;background:white;text-autospace:ideograph-other\"><strong><span style=\"font-size:12px;font-family:宋体;color:#006699;background:white\">八、个人信息的使用</span></strong></p><p style=\"margin-bottom:15px;text-align:left;text-indent:24px;background:white;text-autospace:ideograph-other\"><span style=\"font-size:12px;font-family:宋体;color:#666666;background:white\">本网站对于收集到的经认证的个人信息将按照本网站的隐私规则予以保护。</span></p><p style=\"margin-top:5px;margin-bottom:10px;text-align:left;background:white;text-autospace:ideograph-other\"><strong><span style=\"font-size:12px;font-family:宋体;color:#006699;background:white\">九、补偿</span></strong></p><p style=\"margin-bottom:15px;text-align:left;text-indent:24px;background:white;text-autospace:ideograph-other\"><span style=\"font-size:12px;font-family:宋体;color:#666666;background:white\">就任何第三方提出的</span><span style=\"font-size:12px;font-family:&#39;Microsoft YaHei&#39;;color:#666666;background:white\">,</span><span style=\"font-size:12px;font-family:宋体;color:#666666;background:white\">由于您违反本协议及纳入本协议的条款和规则或您违反任何法律、法规或侵害第三方的权利而产生或引起的每一种类和性质的任何索赔、要求、诉讼、损失和损害</span><span style=\"font-size:12px;font-family:&#39;Microsoft YaHei&#39;;color:#666666;background: white\">(</span><span style=\"font-size:12px;font-family:宋体;color:#666666;background:white\">实际的、特别的及有后果的</span><span style=\"font-size:12px;font-family:&#39;Microsoft YaHei&#39;;color:#666666;background:white\">),</span><span style=\"font-size:12px;font-family:宋体;color:#666666;background:white\">无论是已知或未知的</span><span style=\"font-size:12px;font-family:&#39;Microsoft YaHei&#39;;color:#666666;background: white\">,</span><span style=\"font-size:12px;font-family:宋体;color:#666666;background:white\">包括合理的律师费</span><span style=\"font-size:12px;font-family:&#39;Microsoft YaHei&#39;;color:#666666;background:white\">,</span><span style=\"font-size:12px;font-family:宋体;color:#666666;background:white\">您同意就此对本网站和</span><span style=\"font-size:12px;font-family:&#39;Microsoft YaHei&#39;;color:#666666;background: white\">(</span><span style=\"font-size:12px;font-family:宋体;color:#666666;background:white\">如适用</span><span style=\"font-size:12px;font-family:&#39;Microsoft YaHei&#39;;color:#666666;background:white\">)</span><span style=\"font-size:12px;font-family:宋体;color:#666666;background:white\">本网站的母公司、</span> <span style=\"font-size:12px;font-family:宋体;color:#666666;background:white\">子公司、关联公司、高级职员、董事、代理人和雇员进行补偿并使其免受损害。</span></p><p style=\"margin-top:5px;margin-bottom:10px;text-align:left;background:white;text-autospace:ideograph-other\"><strong><span style=\"font-size:12px;font-family:宋体;color:#006699;background:white\">十、服务的中止（即有期限停止）、终止</span></strong></p><p style=\"margin-bottom:15px;text-align:left;text-indent:24px;background:white;text-autospace:ideograph-other\"><span style=\"font-size:12px;font-family:宋体;color:#666666;background:white\">除非本网站终止本协议或者您申请终止本协议且经本网站同意</span><span style=\"font-size:12px;font-family:&#39;Microsoft YaHei&#39;;color:#666666;background: white\">,</span><span style=\"font-size:12px;font-family:宋体;color:#666666;background:white\">否则本协议始终有效。本网站有权在不通知您的情况下在任何时间终止本协议或者限制您使用本网站。</span></p><table cellpadding=\"0\"><tbody><tr class=\"firstRow\"><td style=\"background: none repeat scroll 0% 0% white; padding: 0px;\" valign=\"top\" width=\"25\"><p style=\"text-align:right;line-height:20px;background:white;text-autospace:   ideograph-other;vertical-align:top\"><span style=\"font-size:12px;font-family:&#39;Microsoft YaHei \\!important&#39;;color:#666666;background:   white\">10.1</span></p></td><td style=\"background-image: none; background-attachment: scroll; background-color: white; padding: 0px; word-break: break-all; background-position: 0% 0%; background-repeat: repeat repeat;\" width=\"526\"><p style=\"line-height:20px;background:white;text-autospace:ideograph-other\"><span style=\"font-size:12px;font-family:宋体;color:#666666;background:white\">发生下列情形之一时，诚汇贷有权随时中止或终止向用户提供的服务：</span></p></td></tr><tr><td style=\"background: none repeat scroll 0% 0% white; padding: 0px;\" valign=\"top\" width=\"25\"><p style=\"text-align:right;line-height:20px;background:white;text-autospace:   ideograph-other;vertical-align:top\"><span style=\"font-size:12px;font-family:&#39;Microsoft YaHei \\!important&#39;;color:#666666;background:   white\">(a)</span></p></td><td style=\"background: none repeat scroll 0% 0% white; padding: 0px;\" width=\"526\"><p style=\"line-height:20px;background:white;text-autospace:ideograph-other\"><span style=\"font-size:12px;font-family:宋体;color:#666666;background:white\">对于网络设备进行必要的保养及施工时；</span></p></td></tr><tr><td style=\"background: none repeat scroll 0% 0% white; padding: 0px;\" valign=\"top\" width=\"25\"><p style=\"text-align:right;line-height:20px;background:white;text-autospace:   ideograph-other;vertical-align:top\"><span style=\"font-size:12px;font-family:&#39;Microsoft YaHei \\!important&#39;;color:#666666;background:   white\">(b)</span></p></td><td style=\"background: none repeat scroll 0% 0% white; padding: 0px;\" width=\"526\"><p style=\"line-height:20px;background:white;text-autospace:ideograph-other\"><span style=\"font-size:12px;font-family:宋体;color:#666666;background:white\">出现突发性的网络设备故障时；</span></p></td></tr><tr><td style=\"background: none repeat scroll 0% 0% white; padding: 0px;\" valign=\"top\" width=\"25\"><p style=\"text-align:right;line-height:20px;background:white;text-autospace:   ideograph-other;vertical-align:top\"><span style=\"font-size:12px;font-family:&#39;Microsoft YaHei \\!important&#39;;color:#666666;background:   white\">(c)</span></p></td><td style=\"background-image: none; background-attachment: scroll; background-color: white; padding: 0px; word-break: break-all; background-position: 0% 0%; background-repeat: repeat repeat;\" width=\"526\"><p style=\"line-height:20px;background:white;text-autospace:ideograph-other\"><span style=\"font-size:12px;font-family:宋体;color:#666666;background:white\">由于诚汇贷所使用的网络通信设备由于不明原因停止，无法提供服务时；</span></p></td></tr><tr><td style=\"background: none repeat scroll 0% 0% white; padding: 0px;\" valign=\"top\" width=\"25\"><p style=\"text-align:right;line-height:20px;background:white;text-autospace:   ideograph-other;vertical-align:top\"><span style=\"font-size:12px;font-family:&#39;Microsoft YaHei \\!important&#39;;color:#666666;background:   white\">(d)</span></p></td><td style=\"background-image: none; background-attachment: scroll; background-color: white; padding: 0px; word-break: break-all; background-position: 0% 0%; background-repeat: repeat repeat;\" width=\"526\"><p style=\"line-height:20px;background:white;text-autospace:ideograph-other\"><span style=\"font-size:12px;font-family:宋体;color:#666666;background:white\">由于不可抗力因素致使诚汇贷无法提供线上服务时；</span></p></td></tr><tr><td style=\"background: none repeat scroll 0% 0% white; padding: 0px;\" valign=\"top\" width=\"25\"><p style=\"text-align:right;line-height:20px;background:white;text-autospace:   ideograph-other;vertical-align:top\"><span style=\"font-size:12px;font-family:&#39;Microsoft YaHei \\!important&#39;;color:#666666;background:   white\">(e)</span></p></td><td style=\"background: none repeat scroll 0% 0% white; padding: 0px;\" width=\"526\"><p style=\"line-height:20px;background:white;text-autospace:ideograph-other\"><span style=\"font-size:12px;font-family:宋体;color:#666666;background:white\">应相关政府机构的要求。</span></p></td></tr><tr><td style=\"background: none repeat scroll 0% 0% white; padding: 0px;\" valign=\"top\" width=\"25\"><p style=\"text-align:right;line-height:20px;background:white;text-autospace:   ideograph-other;vertical-align:top\"><span style=\"font-size:12px;font-family:&#39;Microsoft YaHei \\!important&#39;;color:#666666;background:   white\">10.2</span></p></td><td style=\"background-image: none; background-attachment: scroll; background-color: white; padding: 0px; word-break: break-all; background-position: 0% 0%; background-repeat: repeat repeat;\" width=\"526\"><p style=\"line-height:20px;background:white;text-autospace:ideograph-other\"><span style=\"font-size:12px;font-family:宋体;color:#666666;background:white\">如发生下列任何一种情形诚汇贷有权随时中止或终止向用户提供本协议项下的服务而无需通知用户：</span></p></td></tr><tr><td style=\"background: none repeat scroll 0% 0% white; padding: 0px;\" valign=\"top\" width=\"25\"><p style=\"text-align:right;line-height:20px;background:white;text-autospace:   ideograph-other;vertical-align:top\"><span style=\"font-size:12px;font-family:&#39;Microsoft YaHei \\!important&#39;;color:#666666;background:   white\">(a)</span></p></td><td style=\"background: none repeat scroll 0% 0% white; padding: 0px;\" width=\"526\"><p style=\"line-height:20px;background:white;text-autospace:ideograph-other\"><span style=\"font-size:12px;font-family:宋体;color:#666666;background:white\">用户提供的个人资料不准确，不真实，不合法有效；</span></p></td></tr><tr><td style=\"background: none repeat scroll 0% 0% white; padding: 0px;\" valign=\"top\" width=\"25\"><p style=\"text-align:right;line-height:20px;background:white;text-autospace:   ideograph-other;vertical-align:top\"><span style=\"font-size:12px;font-family:&#39;Microsoft YaHei \\!important&#39;;color:#666666;background:   white\">(b)</span></p></td><td style=\"background: none repeat scroll 0% 0% white; padding: 0px;\" width=\"526\"><p style=\"line-height:20px;background:white;text-autospace:ideograph-other\"><span style=\"font-size:12px;font-family:宋体;color:#666666;background:white\">用户使用任何第三方程序进行登录或使用服务；</span></p></td></tr><tr><td style=\"background: none repeat scroll 0% 0% white; padding: 0px;\" valign=\"top\" width=\"25\"><p style=\"text-align:right;line-height:20px;background:white;text-autospace:   ideograph-other;vertical-align:top\"><span style=\"font-size:12px;font-family:&#39;Microsoft YaHei \\!important&#39;;color:#666666;background:   white\">(c)</span></p></td><td style=\"background: none repeat scroll 0% 0% white; padding: 0px;\" width=\"526\"><p style=\"line-height:20px;background:white;text-autospace:ideograph-other\"><span style=\"font-size:12px;font-family:宋体;color:#666666;background:white\">用户滥用所享受的权利；</span></p></td></tr><tr><td style=\"background: none repeat scroll 0% 0% white; padding: 0px;\" valign=\"top\" width=\"25\"><p style=\"text-align:right;line-height:20px;background:white;text-autospace:   ideograph-other;vertical-align:top\"><span style=\"font-size:12px;font-family:&#39;Microsoft YaHei \\!important&#39;;color:#666666;background:   white\">(d)</span></p></td><td style=\"background: none repeat scroll 0% 0% white; padding: 0px;\" width=\"526\"><p style=\"line-height:20px;background:white;text-autospace:ideograph-other\"><span style=\"font-size:12px;font-family:宋体;color:#666666;background:white\">用户有损害其他用户的行为；</span></p></td></tr><tr><td style=\"background: none repeat scroll 0% 0% white; padding: 0px;\" valign=\"top\" width=\"25\"><p style=\"text-align:right;line-height:20px;background:white;text-autospace:   ideograph-other;vertical-align:top\"><span style=\"font-size:12px;font-family:&#39;Microsoft YaHei \\!important&#39;;color:#666666;background:   white\">(e)</span></p></td><td style=\"background: none repeat scroll 0% 0% white; padding: 0px;\" width=\"526\"><p style=\"line-height:20px;background:white;text-autospace:ideograph-other\"><span style=\"font-size:12px;font-family:宋体;color:#666666;background:white\">用户有违背社会风俗和社会道德的行为；</span></p></td></tr><tr><td style=\"background: none repeat scroll 0% 0% white; padding: 0px;\" valign=\"top\" width=\"25\"><p style=\"text-align:right;line-height:20px;background:white;text-autospace:   ideograph-other;vertical-align:top\"><span style=\"font-size:12px;font-family:&#39;Microsoft YaHei \\!important&#39;;color:#666666;background:   white\">(f)</span></p></td><td style=\"background: none repeat scroll 0% 0% white; padding: 0px;\" width=\"526\"><p style=\"line-height:20px;background:white;text-autospace:ideograph-other\"><span style=\"font-size:12px;font-family:宋体;color:#666666;background:white\">用户有违反本协议中相关规定的行为。</span></p></td></tr><tr><td style=\"background: none repeat scroll 0% 0% white; padding: 0px;\" valign=\"top\" width=\"25\"><p style=\"text-align:right;line-height:20px;background:white;text-autospace:   ideograph-other;vertical-align:top\"><span style=\"font-size:12px;font-family:&#39;Microsoft YaHei \\!important&#39;;color:#666666;background:   white\">10.3</span></p></td><td style=\"background-image: none; background-attachment: scroll; background-color: white; padding: 0px; word-break: break-all; background-position: 0% 0%; background-repeat: repeat repeat;\" width=\"526\"><p style=\"line-height:20px;background:white;text-autospace:ideograph-other\"><span style=\"font-size:12px;font-family:宋体;color:#666666;background:white\">如因系统维护或升级的需要而需暂停网络服务，诚汇贷将尽可能事先进行通告。</span></p></td></tr><tr><td style=\"background: none repeat scroll 0% 0% white; padding: 0px;\" valign=\"top\" width=\"25\"><p style=\"text-align:right;line-height:20px;background:white;text-autospace:   ideograph-other;vertical-align:top\"><span style=\"font-size:12px;font-family:&#39;Microsoft YaHei \\!important&#39;;color:#666666;background:   white\">10.4</span></p></td><td style=\"background-image: none; background-attachment: scroll; background-color: white; padding: 0px; word-break: break-all; background-position: 0% 0%; background-repeat: repeat repeat;\" width=\"526\"><p style=\"line-height:20px;background:white;text-autospace:ideograph-other\"><span style=\"font-size:12px;font-family:宋体;color:#666666;background:white\">终止用户服务后，用户使用诚汇贷服务的权利立即终止。从终止用户服务即刻起，诚汇贷不再对用户承担任何责任和义务。</span></p></td></tr></tbody></table><p style=\"margin-top:5px;margin-bottom:10px;text-align:left;background:white;text-autospace:ideograph-other\"><strong><span style=\"font-size:12px;font-family:宋体;color:#006699;background:white\">十一、适用法律和管辖</span></strong></p><p style=\"margin-bottom:15px;text-align:left;text-indent:24px;background:white;text-autospace:ideograph-other\"><span style=\"font-size:12px;font-family:宋体;color:#666666;background:white\">因本网站提供服务所产生的争议均适用中华人民共和国法律</span><span style=\"font-size:12px;font-family:&#39;Microsoft YaHei&#39;;color:#666666;background: white\">,</span><span style=\"font-size:12px;font-family:宋体;color:#666666;background:white\">并由平台总部负责地人民法院管辖。</span></p><p style=\"margin-top:5px;margin-bottom:10px;text-align:left;background:white;text-autospace:ideograph-other\"><strong><span style=\"font-size:12px;font-family:宋体;color:#006699;background:white\">十二、附加条款</span></strong></p><p style=\"margin-bottom:15px;text-align:left;text-indent:24px;background:white;text-autospace:ideograph-other\"><span style=\"font-size:12px;font-family:宋体;color:#666666;background:white\">在本网站的某些部分或页面中可能存在除本协议以外的单独的附加服务条款</span><span style=\"font-size:12px;font-family:&#39;Microsoft YaHei&#39;;color:#666666;background: white\">,</span><span style=\"font-size:12px;font-family:宋体;color:#666666;background:white\">当这些条款存在冲突时</span><span style=\"font-size:12px;font-family:&#39;Microsoft YaHei&#39;;color:#666666;background:white\">,</span><span style=\"font-size:12px;font-family:宋体;color:#666666;background:white\">在该些部分和页面中附加条款优先适用。</span></p><p style=\"margin-top:5px;margin-bottom:10px;text-align:left;background:white;text-autospace:ideograph-other\"><strong><span style=\"font-size:12px;font-family:宋体;color:#006699;background:white\">十三、条款的独立性</span></strong></p><p style=\"margin-bottom:15px;text-align:left;text-indent:24px;background:white;text-autospace:ideograph-other\"><span style=\"font-size:12px;font-family:宋体;color:#666666;background:white\">若本协议的部分条款被认定为无效或者无法实施时</span><span style=\"font-size:12px;font-family:&#39;Microsoft YaHei&#39;;color:#666666;background: white\">,</span><span style=\"font-size:12px;font-family:宋体;color:#666666;background:white\">本协议中的其他条款仍然有效。</span></p><p style=\"margin-top:60px;text-align:right;background:white;text-autospace: ideograph-other\"><span style=\"font-size:18px;font-family:宋体;color:#666666;background:white\">诚汇贷</span></p><p style=\"margin-bottom: 40px; text-align: right; background-image: none; background-attachment: scroll; background-color: white; background-position: 0% 0%; background-repeat: repeat repeat;\"><span style=\"font-size:18px;font-family:&#39;Microsoft YaHei&#39;;color:#666666;background:white\">2014</span><span style=\"font-size:18px;font-family:宋体;color:#666666;background:white\">年</span><span style=\"font-size: 18px; color: rgb(102, 102, 102); background-color: white; background-position: initial initial; background-repeat: initial initial;\"><span style=\"font-family:Microsoft YaHei\">xx</span></span><span style=\"font-size:18px;font-family:宋体;color:#666666;background:white\">月</span><span style=\"font-size: 18px; color: rgb(102, 102, 102); background-color: white; background-position: initial initial; background-repeat: initial initial;\"><span style=\"font-family:Microsoft YaHei\">xx</span></span><span style=\"font-size:18px;font-family:宋体;color:#666666;background:white\">日</span></p>');
INSERT INTO `node_body` VALUES ('4c347179c22f46c9b2e16a7a4f4fe113', '<p style=\"text-align: left;\">网贷之家联合<a onmouseover=\"tipBlogT.showGsInfo(this,&#39;http://gongsi.hexun.com/gs_1061.shtml&#39;)\" href=\"http://gongsi.hexun.com/fc_1061.shtml\" target=\"_blank\">搜狐</a>网开展的2014年网贷投资人问卷调查活动顺利落下帷幕，线上线下合计收到问卷2963份，其中有效问卷2902份。现公布调查报告如下：</p><p style=\"text-align: left;\">　　一、网贷投资人属性分布</p><p style=\"text-align: left;\">　　男性占比大，女性比重上升显著。调查显示，网贷投资人中男性占比优势明显，高达75.29%；而女性网贷投资人占比24.71%。男性相比于女性，对于P2P网贷理财方式接受度更高。值得注意的是，虽然女性投资人占比较低，但相较2013年问卷15%的结果来讲，女性投资人比重上升明显。</p><p style=\"text-align: left;\">　　“80后”成为网贷投资主力军。网贷投资人中26-35岁年龄段占比45.59%，“80后”成为网贷投资主力军。“80后” 相比于“90后”整体财务更自由、资金更充裕；而与“80 前”比较，更熟悉互联网，理财途径更为宽泛。因此，“80后”较其余年龄段具备更好的金融理财和网络意识，更容易进行网贷投资这种新兴的理财方式。</p><p style=\"text-align: left;\">　　从学历分布来看，网贷投资人普遍具有较好的教育背景，本科及以上学历的投资人数总计占比达57.27%。</p><p style=\"text-align: left;\">　　工薪阶级投资利器。P2P网贷的主要特色之一就是低门槛，小额可参与。与银行理财一般5万起的门槛相比，网贷投资更为亲民，一般都以50元、100元为投资起点。从投资人职业分布图可以看出，51.03%的投资人是企业员工，P2P网贷可谓是工薪阶级的投资利器。此外，本次公务员占比为8.75%，较以往比例有所下滑，由于网贷投资越来越普及，投资人总数的大幅上升使投资人成分更为分散化。</p><p style=\"text-align: left;\">　　从网贷投资人月收入分布可以看出，49.55%的投资人月收入处于1000-5000区间，5000元以下月收入人数合计占比为52.79%，因此，P2P网贷还是以草根投资群体为主。由于P2P网贷去中心化及普惠的特点，使小额投资成为可能，满足了市场需求，是传统金融体系的必要补充。</p><p style=\"text-align: left;\">　　在网贷投资规模占总的可支配收入比例调查中，选择10%-30%以及30%-50%的投资人分别占了总数的1/3左右；13.55%的投资人重仓P2P网贷投资，将70%以上的可支配收入用来投资网贷。</p><p style=\"text-align: left;\">　　广东网贷投资热情度高。2014年年底网贷运营平台已达1575家，这些运营平台主要分布在经济发达或者民间借贷活跃的地区，广东以349家平台位居首位，浙江、北京、山东、上海、江苏次之。广东省2014年成交量达846.44亿元，排名居首。此次问卷统计得出网贷投资人地域分布情况也高度符合行业现状。广东地区投资人占比达15.82%，网贷投资热情度高。</p><p style=\"text-align: left;\">　　资深投资人比例较少。2007年我国第一家网贷平台上线，开启了中国网络借贷的篇章。P2P网贷发展至今短短几年，因此，投资人投资网贷的经验普遍较少，3-6个月投资经验占比28.77%，3个月以内的新网贷投资人占比20.37%，投资人规模持续高速增长。</p><p style=\"text-align: left;\">　　问卷人中以P2P网贷为主要理财方式的占比高达52.86%；其次是余额宝等宝宝类产品，占比14.65%；以银行定期存款与银行理财为主要投资方式的分别占比9.86%以及8.92%。网贷投资人较少以股票、<a href=\"http://futures.hexun.com/\" target=\"_blank\">期货</a>等高风险性投资产品为主要理财渠道。</p><p style=\"text-align: left;\">　　二、网贷投资人投资偏好</p><p style=\"text-align: left;\">　　投资逐渐理性化, 12%-20%收益率平台受青眯。从投资人投资的平台年化收益率水平来看，38.29%的投资人选择了12%-15%利率区间的平台；35.23%的投资人选择15%-20%收益率平台；而仅3.06%的投资人选择30%及以上高息平台。与以往调查结果较为明显的区别是：投资人逐渐理性化，不再一味追求高息平台，12%-20%收益率平台受到了投资人的青眯。由于今年问题平台曝光的增多，许多风险偏好度低的投资者将资金转移至拥有更好安全性但较低收益率的平台。</p><p style=\"text-align: left;\">　　投资人精力有限，分散度较低。有51.66%的投资人选择将资金分散至2-5家网贷平台，大多数网贷投资人已有分散投资意识，但分散度仍然较低，并且有11.63%的投资人选择“将鸡蛋放在一个篮子里”。对于一般的投资人而言，并没有那么多时间和精力，也缺乏足够的专业知识去判断、去研究每个P2P网贷平台的风控水平、经营模式以及去权衡风险与投资收益。</p><p style=\"text-align: left;\">　　投资人偏好短期投资。调查显示，有47.82%的投资人习惯单个标的投资期限在1-3月之间；24.22%的投资人偏好3-6个月期限，而仅3.84%的投资人表示习惯投标于长期投资项目。2014年网贷行业借款期限也是1-3月区间的平台数量占比最多，达59.17%，网贷行业短期民间借贷的属性尚未改变。而12个月及以上借款期限的平台主要是一些老牌平台及银行系、国资系背景平台，具有运营稳健、大成交量及长周期特点。</p><p style=\"text-align: left;\">　　抵押类业务平台受欢迎。由于我国征信体系构建不完善，加之监管政策暂时的缺失，P2P网贷行业公信力提增缓慢。投资人对于信用债权投资信心不足，多投资于抵押债权标的。调查结果显示，有24.08%的投资人偏好房产抵押业务；21.9%的投资人倾向汽车抵押业务；综合型网贷平台也受到了投资人的欢迎，占比达23.86%；仅8.42%的投资人偏好个人信用贷款业务。</p><p style=\"text-align: left;\">　　三、网贷投资人看法</p><p style=\"text-align: left;\">　　资金安全成为网贷投资人首要看重要素。对于网贷投资人而言，资金安全成为选择网贷平台时的首位看重要素，占比高达57.61%；风险控制以15.18%占据第二位；而选择最看重收益率高低的投资人占比不足5%，安全性在投资人心理中的地位越发重要。2014年频繁发生的问题平台跑路事件让投资人意识到资金安全才是网贷投资的基石，<a onmouseover=\"tipBlogT.showBwInfo(this,&#39;http://gov.hexun.com/gov16.html&#39;)\" href=\"http://gov.hexun.com/cbrc/index.html\" target=\"_blank\">银监会</a>高层也多次表示网贷平台不得归集资金搞资金池，不得非法吸收公众资金等严重影响投资人资金安全的行为。在平台安全性判断的问题上，投资人观点较为分散。19.39%的投资人关注有无担保、抵押；17.87%关注平台的信息透明度；16.32%的投资人关注平台风控经验；15.95%关注平台股东背景；运营时间长短占比也达14.03%。</p><p style=\"text-align: left;\">　　对于新上线平台，投资人以观察为主。70.13%的投资人对于新上线平台表示需要观察；而仅4.76%的投资人专注打新。与2013年相比，“打新族”比例下降明显，投资人在新平台投资态度上更为谨慎。</p><p style=\"text-align: left;\">　　大多数投资人未踩雷，投资人仍对网贷抱有信心。2014年问题平台达275家，是2013年的3.6倍。1-7月，每月平均有9.3家问题平台出现，进入8月后，问题平台数量显著增多，其中12月问题平台数量高达92家，超过2013年全年问题平台数量。据此次投资人问卷调查显示，2014年网贷投资中，74.82%的投资人未踩雷；有18.24%的投资人遇到1-2家问题平台；4.73%的投资人遇到3-4家问题平台；2014年踩雷数高达5家及以上的合计占比2.22%。</p><p style=\"text-align: left;\">　　虽然目前网贷行业频繁发生问题平台事件，但26.14%的投资人表示继续看好网贷，追加投资额；48.49%的投资人维持现状，不受影响；而减少投资额度的投资人占比24.04%；仅1.33%的网贷投资人心灰意冷决定退出网贷，整体上投资人对于网贷抱有信心。</p><p style=\"text-align: left;\">　　网贷之家等网贷行业门户成为网贷投资入门引领人。调查显示，有30.15%的投资人通过网贷之家等行业门户网站开始了解网贷行业；26.4%的投资人是通过互联网广告了解；通过新闻等媒体报道和亲戚朋友介绍了解的分别占比16.09%和14.09%。对于网贷行业门户网站内容方面，投资人最关注的前三位分别是行业/平台数据、平台评级以及新闻版块。&nbsp;</p><p>&nbsp;</p>');
INSERT INTO `node_body` VALUES ('4f8f4d21142c410f94d9c3e167ab5204', '<p style=\"line-height: 29px\"><strong><span style=\"font-size:16px;font-family:&#39;微软雅黑&#39;,&#39;sans-serif&#39;;color:#2A2A2A\">1.</span></strong><strong><span style=\"font-size:16px;font-family: &#39;微软雅黑&#39;,&#39;sans-serif&#39;;color:#2A2A2A\">等额本息的还款额是如何确定的？</span></strong></p><p style=\"line-height: 29px\"><span style=\";font-family:&#39;微软雅黑&#39;,&#39;sans-serif&#39;;color:#2A2A2A\">&nbsp; &nbsp; &nbsp; &nbsp;</span></p><p style=\"line-height: 29px\"><strong><span style=\"font-size:16px;font-family:&#39;微软雅黑&#39;,&#39;sans-serif&#39;;color:#2A2A2A\">2.</span></strong><strong><span style=\"font-size:16px;font-family: &#39;微软雅黑&#39;,&#39;sans-serif&#39;;color:#2A2A2A\">还款日期如何确定？</span></strong></p><p style=\"line-height: 29px\"><span style=\";font-family: &#39;微软雅黑&#39;,&#39;sans-serif&#39;;color:#2A2A2A\">还款日为当月的系统放款日。也就是说，每月N日（N在1-28之间）日放款的借款，对应的还款日为接下来各月的N日，如果还款月份没有N日，则还款日为接下来各月的最后一天。如一笔借款期限为三个月的借款，系统于10.31日放款，则还款日期分别为11.30日，12.31日和1.31日。</span></p><p style=\"line-height: 29px\"><strong><span style=\"font-size:16px;font-family:&#39;微软雅黑&#39;,&#39;sans-serif&#39;;color:#2A2A2A\">3.</span></strong><strong><span style=\"font-size:16px;font-family: &#39;微软雅黑&#39;,&#39;sans-serif&#39;;color:#2A2A2A\">如何还款？</span></strong></p><p style=\"line-height: 29px\"><span style=\";font-family: &#39;微软雅黑&#39;,&#39;sans-serif&#39;;color:#2A2A2A\">系统自动扣款：若账户中余额大于当期借款应还金额，系统会在还款日22:00代借款者自动扣缴应换款项用户手动还款：请于还款日当日访问“我的账户”-“借款管理”-“还款中的借款列表”，进行还款操作。</span></p><p style=\"line-height: 29px\"><span style=\";font-family: &#39;微软雅黑&#39;,&#39;sans-serif&#39;;color:#2A2A2A\">用户随时可以选择网银或第三方支付平台为账户充值。</span></p><p style=\"line-height: 29px\"><strong><span style=\"font-size:16px;font-family:&#39;微软雅黑&#39;,&#39;sans-serif&#39;;color:#2A2A2A\">4.</span></strong><strong><span style=\"font-size:16px;font-family: &#39;微软雅黑&#39;,&#39;sans-serif&#39;;color:#2A2A2A\">可以将借款延期么？</span></strong></p><p style=\"line-height: 29px\"><span style=\";font-family: &#39;微软雅黑&#39;,&#39;sans-serif&#39;;color:#2A2A2A\">不可以，您可以还款结束后再次申请。</span></p><p style=\"line-height: 29px\"><span style=\";font-family:&#39;微软雅黑&#39;,&#39;sans-serif&#39;;color:#2A2A2A\">&nbsp;</span></p><p style=\"line-height: 29px\"><strong><span style=\"font-size:16px;font-family:&#39;微软雅黑&#39;,&#39;sans-serif&#39;;color:#2A2A2A\">5.</span></strong><strong><span style=\"font-size:16px;font-family: &#39;微软雅黑&#39;,&#39;sans-serif&#39;;color:#2A2A2A\">能否提前还款？</span></strong></p><p style=\"line-height: 29px\"><span style=\";font-family: &#39;微软雅黑&#39;,&#39;sans-serif&#39;;color:#2A2A2A\">提前还款也会相应的扣除当期还款金额应还的所有利息，建议用户不做提前还款。</span></p><p style=\"line-height: 29px\"><span style=\";font-family:&#39;微软雅黑&#39;,&#39;sans-serif&#39;;color:#2A2A2A\">&nbsp;</span></p><p style=\"line-height: 29px\"><strong><span style=\"font-size:18px;font-family:&#39;微软雅黑&#39;,&#39;sans-serif&#39;;color:#F79646\">逾期还款</span></strong></p><p><span style=\"font-size:16px;font-family:宋体\"> <hr size=\"2\" width=\"100%\" noshade=\"\" style=\"color:#2A2A2A\"/></span> </p><p style=\"line-height: 29px\"><span style=\";font-family:&#39;微软雅黑&#39;,&#39;sans-serif&#39;;color:#2A2A2A\">&nbsp;</span></p><p style=\"line-height: 29px\"><strong><span style=\"font-size:16px;font-family:&#39;微软雅黑&#39;,&#39;sans-serif&#39;;color:#2A2A2A\">1.</span></strong><strong><span style=\"font-size:16px;font-family: &#39;微软雅黑&#39;,&#39;sans-serif&#39;;color:#2A2A2A\">哪些行为会被定义为逾期？</span></strong></p><p style=\"line-height: 29px\"><span style=\";font-family: &#39;微软雅黑&#39;,&#39;sans-serif&#39;;color:#2A2A2A\">凡是在还款日未能及时偿还按合同约定的应付款项的行为都被定义为逾期</span></p><p style=\"line-height: 29px\"><strong><span style=\"font-size:16px;font-family:&#39;微软雅黑&#39;,&#39;sans-serif&#39;;color:#2A2A2A\">2.</span></strong><strong><span style=\"font-size:16px;font-family: &#39;微软雅黑&#39;,&#39;sans-serif&#39;;color:#2A2A2A\">如果逾期还款，会有什么惩罚？</span></strong></p><p style=\"line-height: 29px\"><span style=\";font-family: &#39;微软雅黑&#39;,&#39;sans-serif&#39;;color:#2A2A2A\">逾期还款，需向网站支付罚息与违约金，网站将冻结客户提现及投资、借款的功能，仍然保持向账户注入资金的功能，以便借款人能够偿还欠款。网站会根据逾期期限扣除相应信用，待债务清偿完毕，重新开启客户的投资、提现功能，并根据信用重新评估是否开启借款功能。</span></p><p style=\"line-height: 29px\"><span style=\";font-family: &#39;微软雅黑&#39;,&#39;sans-serif&#39;;color:#2A2A2A\">铁信创投建议用户不要逾期还款，保障信用，诚信融资。</span></p><p style=\"line-height: 29px\"><strong><span style=\"font-size:16px;font-family:&#39;微软雅黑&#39;,&#39;sans-serif&#39;;color:#2A2A2A\">3.</span></strong><strong><span style=\"font-size:16px;font-family: &#39;微软雅黑&#39;,&#39;sans-serif&#39;;color:#2A2A2A\">如果逾期还款超过30天，会有什么惩罚？</span></strong></p><p style=\"line-height: 29px\"><span style=\";font-family: &#39;微软雅黑&#39;,&#39;sans-serif&#39;;color:#2A2A2A\">若用户违约逾期还款超过30天，该用户的有关资料将会被铁信创投正式备案在“不良信用记录”中，列入全国个人信用评级体系的黑名单（“不良信用记录”数据将为银行、电信、担保公司、人才中心等有关机构提供个人不良信用信息）此不良记录将保存7年。同时保留对该用户采取法律措施的权利，该用户来承担由此所产生的所有法律后果和费用（包括但不限于律师费）。</span></p><p style=\"line-height: 29px\"><strong><span style=\"font-size:16px;font-family:&#39;微软雅黑&#39;,&#39;sans-serif&#39;;color:#2A2A2A\">4.</span></strong><strong><span style=\"font-size:16px;font-family: &#39;微软雅黑&#39;,&#39;sans-serif&#39;;color:#2A2A2A\">借款逾期后的罚息如何计算？</span></strong></p><p style=\"line-height: 29px;\"><span style=\";font-family: &#39;微软雅黑&#39;,&#39;sans-serif&#39;;color:#2A2A2A\">逾期每天按照0.5%收取罚金，同时每天产生借款金额*借款利率/365的罚息。</span></p>');
INSERT INTO `node_body` VALUES ('528cf645b3e34cec8668de0aa4a3c56a', '<p>投资报告投资报告投资报告投资报告投资报告投资报告投资报告投资报告<br/></p>');
INSERT INTO `node_body` VALUES ('5675b63a4d9f47648529db766c6cbc66', '<p><a href=\"http://115.28.171.163:7090/node/aboutUs/2\">公司简介</a><a href=\"http://115.28.171.163:7090/node/aboutUs/2\">公司简介</a><a href=\"http://115.28.171.163:7090/node/aboutUs/2\">公司简介</a><a href=\"http://115.28.171.163:7090/node/aboutUs/2\">公司简介</a><a href=\"http://115.28.171.163:7090/node/aboutUs/2\">公司简介</a><a href=\"http://115.28.171.163:7090/node/aboutUs/2\">公司简介</a><a href=\"http://115.28.171.163:7090/node/aboutUs/2\">公司简介</a><a href=\"http://115.28.171.163:7090/node/aboutUs/2\">公司简介</a><a href=\"http://115.28.171.163:7090/node/aboutUs/2\">公司简介</a><a href=\"http://115.28.171.163:7090/node/aboutUs/2\">公司简介</a></p>');
INSERT INTO `node_body` VALUES ('5a504330dac34dbfbcb9854cd46188d8', '<p>合同样本合同样本合同样本合同样本合同样本合同样本合同样本合同样本合同样本</p>');
INSERT INTO `node_body` VALUES ('5f81f936363c4944a0b40ceefd6b794b', '<p>123213213</p>');
INSERT INTO `node_body` VALUES ('615ac8a92ab2424f81dcd382d673650a', '<p>法律保障法律保障法律保障法律保障法律保障法律保障法律保障法律保障法律保障法律保障法律保障法律保障</p>');
INSERT INTO `node_body` VALUES ('6426dadc857944d38bc9b54d7fe29a5e', '<p>&nbsp;</p><p style=\"text-align: left;\">一、 3月P2P<a href=\"http://p2p.hexun.com/\" target=\"_blank\">网贷</a>行业概述</p><p style=\"text-align: left;\">　　在经济新常态下，经济增速放缓，优化产业结构合理化布局与可持续发展已成为经济增长新趋势，“互联网+”成为各行各业转型新途径。3月<a href=\"http://news.hexun.com/2013/lh/\" target=\"_blank\">两会</a>期间，李克强总理的政府工作报告对互联网<a href=\"http://jingzhi.funds.hexun.com/519126.shtml\" target=\"_blank\">新经济</a>给予厚望，报告中把<a href=\"http://iof.hexun.com/\" target=\"_blank\">互联网金融</a>表述为“异军突起”，要求促进“互联网金融健康发展” ，互联网金融迎来发展的春天。</p><p style=\"text-align: left;\">　　而近期业内热议的可能设立的P2P网贷行业监管准入门槛，即对平台注册资金、资金杠杆率、最大借款标金额等进行限制，预计将对八成左右平台造成一定影响。在政策预期下，主流P2P网贷平台成交量、人气并没有受到影响，加上春节过后平台运营恢复正常，3月P2P网贷成交指数和人气指数较2月大幅上升；而对于资本实力较为薄弱及诈骗平台来说，将面临严峻政策风险。这些不合规的平台或调整或退出，政策出台前后行业大量平台倒闭现象有可能成为常态，运营平台数量增速将有所减缓，而2015年问题平台数量预计将达到一新<a onmouseover=\"tipBlogT.showBlogInfo(this,&#39;http://renwu.hexun.com/rw_2100.shtml&#39;)\" href=\"http://renwu.hexun.com/figure_2100.shtml\" target=\"_blank\">高峰</a>。</p><p style=\"text-align: left;\">　　另外，在关注平台诈骗、跑路同时，P2P网贷平台运营风险也不容忽视。3月多家平台暴出坏账消息或者合作机构出现问题，机构间风险传递问题也值得多加留意，与此同时也暴露出平台薄弱的风险控制能力。传统金融结构的风控模式对于P2P网贷平台来说较难适用，目前已有多家P2P网贷平台积极与征信机构合作，构建新的风控模式。未来随着行业监管的出台和征信体系的日益完善，基于大数据下的P2P网贷平台的风控能力将会大幅提升，P2P网贷蓬勃发展仍然可待。</p><p style=\"text-align: left;\">　　二、 网贷成交量与贷款余额</p><p style=\"text-align: left;\">　　春节过后，P2P网贷行业成交量强势反弹，2015年3月P2P网贷行业整体成交量达492.60亿元，创历史新高，环比2月上升了46.98%，是去年同期的3.51倍。P2P网贷行业历史累计成交量已突破5000亿元，预计2015年P2P网贷行业全年成交量将突破6000亿元。</p><p style=\"text-align: left;\">　　与2月呈现多数省市成交量下降不同，3月绝大多数省市网贷成交量大幅上升，其中11个省市网贷成交量涨幅在50%以上。</p><p style=\"text-align: left;\">　　从省份分布上来看，广东、北京、上海、浙江网贷成交量仍位居前四位，分别达184.94亿元、90.4亿元、64.03亿元和56.47亿元，环比2月分别增加63.08%、28.43%、57.88%和44.90%，累计成交量占全国的80.36%。这些地区文化教育、经济金融业较为发达，在现有征信体系不健全的情况下，这些地区的P2P网贷平台主体资信质量相对较高，因此也备受投资人青睐，加上地方性扶持政策的颁布，使得众多平台涌入，成交规模区域性优势逐渐深化。</p><p style=\"text-align: left;\">　　虽然区域性优势已经凸显，但是对于一些内陆省市的P2P网贷平台来说，仍然大有可为。随着平台业务模式细分，这些地区的平台可结合其当地产业结构，规划自身发展方向。3月，重庆、安徽、山东、福建、江西等地网贷成交量虽不到20亿元，但其上升幅度均在50%以上。3月，仅黑龙江、天津两地网贷成交量略微下降。</p><p style=\"text-align: left;\">　　从各平台成交量来看，3月红岭<a href=\"http://pe.hexun.com/\" target=\"_blank\">创投</a>、陆金所、PPmoney网贷成交量位居前三位。春节过后，许多平台运营恢复正常，成交量出现大幅上升。选取的18家平台如下图所示，这些平台3月成交量平均增幅达62.71%。其中，红岭创投3月成交量较2月翻番，成为绝对增量最大的平台，3月成交量达85亿元，遥遥领先第二位的陆金所，平台规模优势凸显，但也不能忽略其大标模式所存在的违约风险和政策风险问题。受股市利好和风投入股效应影响，3月米牛网网贷成交量大幅上升，较2月增加了240.63%。另外，以陆金所为代表的银行系平台高净值客户较多，易受股市影响，如陆金所3月债权转让标明显增多，除去季节性影响，其成交量出现一定程度地增长乏力。</p><p style=\"text-align: left;\">　　伴随着网贷成交量的快速增长，P2P网贷行业贷款余额已增至1518.03亿元，环比2月增加21.83%，是去年同期的3.97倍，按照2014年以来网贷贷款余额增长速度，预计到2015年年底网贷贷款余额或突破3500亿元。</p><p style=\"text-align: left;\">　　从省份分布上看，北京、广东、上海、浙江、江苏和山东仍然位列前六，总贷款余额达到1327.22亿元，占全国贷款余额的87.43%，环比上月增长21.03%。北京仍然延续上月的高增速，本月贷款余额为458.31亿元，环比增加20.58%，进一步确立领先优势；广东、上海、浙江三地网贷贷款余额也都有不同程度的增加，环比2月分别增加了24.38%、16.61%和27.83%；江苏、山东、四川、湖北网贷贷款余额平均增长速度也在15%以上。以重庆、安徽为代表的其它地区贷款余额平均涨幅达33.47%。</p><p style=\"text-align: left;\">　　从各平台的贷款余额上看，多数平台贷款余额在上升，贷款余额超过5亿的平台达62家，环比2月增加40.91%。红岭创投由于3月成交量大幅上升，其贷款余额已超越陆金所位居第一位，高达137亿元；陆金所、人人贷则紧随其后，位列第二、三位。</p><p style=\"text-align: left;\">　　在变动幅度方面，e租宝、红岭创投由于本月成交量大幅上升，使得贷款余额显著增加，环比2月分别增加50.02%和48.82%。此外，PPmoney、积木盒子、金信网3月贷款余额增速也在20%以上。陆金所、人人贷、有利网、爱投资、向上金服等平台贷款余额上升幅度在10%左右。</p><p style=\"text-align: left;\">　　随着平台贷款余额的上升，多数平台的杠杆率已超过10倍，甚至百倍。在未考虑担保公司<a href=\"http://jingzhi.funds.hexun.com/159001.shtml\" target=\"_blank\">保证金</a>及平台的风险准备金的情况下，红岭创投、有利网、爱投资的杠杆率均超过200倍。陆金所、人人贷、宜人贷的杠杆率也超过10倍。若监管政策对平台杠杆率有所限制，许多大平台将面临政策风险。</p><p style=\"text-align: left;\">　　三、 网贷平台数量与人气</p><p style=\"text-align: left;\">　　2015年3月新上线平台138家，爆发问题平台56家，正常运营平台1728家，环比上月上涨5.0%。</p><p style=\"text-align: left;\">　　3月各省新上线平台较上月有所提速，山东、广东和北京位列前三，分别上线37家、21家和16家，浙江、上海紧随其后上线15家和10家。目前，各省份正常运营平台数量最多的仍然是广东，有359家，平台数量继续了今年以来的增长势头，问题平台爆发数量比上月增加1家，达到10家。浙江仍然排名第二，正常运营平台比上月增加11家，达到248家。山东由于新上线平台数量最多，超过北京，进入运营平台数量前三甲，但是多达15家的问题平台，也是各省之最，问题平台爆发的形势有所抬头。</p><p style=\"text-align: left;\">　　延续上个月的情况，本月问题平台数量继续减少，共爆出56家问题平台，环比上月降低28%。问题平台发生率虽然下降到3.40%，但仍然远超去年同期水平（0.84%）。这些问题平台爆发呈现地域性分布，多位于山东、广东、北京、四川和浙江。</p><p style=\"text-align: left;\">　　此外，问题平台的平均运营时间达到7.51个月，较上个月有所缩短，绝大多数都是1年以内的新平台。锐忻投资、盛泰投资、安贷创投和欧亿投资等新平台上线不到一个月即跑路。</p><p style=\"text-align: left;\">　　告别了春节假期，停业的平台有所减少，3月的问题平台原因表现为跑路最多，占比55%，其次是提现困难，占比32%，最后是停业。由于<a onmouseover=\"tipBlogT.showBwInfo(this,&#39;http://gov.hexun.com/gov16.html&#39;)\" href=\"http://gov.hexun.com/cbrc/index.html\" target=\"_blank\">银监会</a>对P2P行业的监管条例发布在即，许多自知无法达到监管条件的小平台选择跑路或停业来应对，三人贷宣布4月2日将关闭网站，要求投资人尽快提现；闽台贷也发布公告，由于公司盈利未达理想状态，将从即日起（3月23日）停止发布新标，进入财务清算程序。</p><p style=\"text-align: left;\">　　本月网贷平台的活跃投资人和借款人扭转了今年以来的下降趋势，并且投资人比借款人增长得更快。其中，投资人数为96.16万人（含多平台重复投融资），较上月上升18.92%，创历史新高；借款人数为18.17万人，较上月上升12.31%，但仍然没有恢复到到去年年底的水平（19.10万人）。网贷投融资人数的恢复性增长，除了春节假期造成的2月基数较低，还因为2015年3月两会，李克强总理的政府工作报告对互联网新经济给予厚望，报告中把互联网金融表述为“异军突起”，要求促进“互联网金融健康发展”，这意味着互联网金融发展的春天的到来，鼓舞了P2P行业的参与人，同时监管条例的发布越来越近，也加速了行业的正规化，有助于提升网贷投融资的安全性。</p><p style=\"text-align: left;\">　　从部分平台的平均满标用时来看，3月份大部分平台用时减少，如红岭创投、PPmoney、微贷网、温州贷、人人贷、宜人贷、积木盒子、有利网和翼龙贷等大平台满标用时大多减少一半，仅有向上金服、爱投资、88财富网和你我贷等少数平台满标用时变长。综合来看，主要平台的借款标满标用时较上月大幅减少，反映了目前网贷平台的人气集聚，抢标的热度骤升，这也和本月投资人比借款人更快地增长有关系。</p><p style=\"text-align: left;\">　　四、 网贷综合收益率与平均借款期限</p><p style=\"text-align: left;\">　　2015年3月网贷行业综合收益率为15.02%，环比1月下降了44个基点（1基点=0.01%）。</p><p style=\"text-align: left;\">　　从3月份的公开市场操作行为来看，逆回购利率持续下行。逆回购中标利率持续下行反映了<a onmouseover=\"tipBlogT.showBwInfo(this,&#39;http://gov.hexun.com/gov9.html&#39;)\" href=\"http://gov.hexun.com/pbc/index.html\" target=\"_blank\">央行</a>有引导市场资金利率下行的意图。市场预期随着经济下行压力增大，需要宽松的货币环境来稳定经济增长，后期降准的脚步渐行渐近。</p><p style=\"text-align: left;\">　　从各大P2P网贷平台看，不少平台主动做出了利率下调的举动。同时低收益率大型平台的成交量不断扩大，以及央行相关政策的影响，进一步带动了行业综合收益率的下滑走势。预计至2015年底行业综合收益率将跌至12%-13%。</p><p style=\"text-align: left;\">　　3月的主流综合收益率区间仍然是15%-20%，平台数占比为33.96%，比上月上升3.29个百分点。利率区间为40%以上的高息平台数量进一步下降，本月占比只达到2.61%，同时相对的12%以下的平台数量有所增长，本月占比达到了11.54%。</p><p style=\"text-align: left;\">　　本月有20个省市的综合收益率高于全国平均水平。与上月一致，内蒙古、安徽和甘肃收益率仍然排名第一至第三位，但从数据看，内蒙古、安徽、甘肃三个省份的收益率都有小幅下降。本月综合收益率超过20%的省份还有广西、江西、山西，江西本月的综合收益率上涨0.6个百分点，而山东的综合收益率下滑达到2个百分点。</p><p style=\"text-align: left;\">　　反观低收益率的省市排名，继续由重庆、上海、辽宁、北京和海南所占据。不过从数据看，这五个省市的综合收益率比2月都有一定程度的上涨，其中重庆上涨幅度最大，上涨幅度为1.35%。上海、辽宁相比上月上涨幅度约为0.8%，海南、北京3月综合收益率与2月相比几乎保持不变。</p><p style=\"text-align: left;\">　　本月湖南、宁夏、天津的综合收益率出现了比较明显的下滑，而河南、云南出现了较为明显的上涨。其余省份的波动幅度相对较小。</p><p style=\"text-align: left;\">　　3月网贷行业平均借款期限为6.71个月，较上月下降4.39%。从本月成交量前3的平台看，红岭创投成交量出现较大增长的同时，平台借款期限下降了0.43个月。陆金所则继续保持借款期限较长的传统，相比2月平均借款期限增长了0.59个月，达到29.75个月。PPmoney的借款期限波动不大，本月小幅增长了0.03个月。虽然3月网贷平台平均借款期限有所下降，整体仍然呈上升趋势，预计至年底，平均借款期限将处于8个月左右。</p><p style=\"text-align: left;\">　　借款期限在1-3月区间的平台数量占比数继续维持第一，达51.34%，但相比前两个月呈现出下降的趋势；12月及以上借款期限的平台主要是一些“高大上”、具有稳健、收益率低、平均借款期限较长等特点，本月数量占比为2.31%，相比上月略有上升。1个月以下、6-12个月借款期限的平台比例都略有下降，分别下降了0.31%、0.68%，3-6个月借款期限的平台比例上升了3.96%。</p><p style=\"text-align: left;\">　　3月各省市平均借款期限处于前五位的地区为上海、山西、北京、重庆、辽宁。上海以15.13个月借款期限排名首位，但是相比2月的借款期限下降了2个月。另外，辽宁、甘肃地区网贷平台数量较少，易受个别平台影响，3月平均借款期限下降较多。浙江、广西、黑龙江仍然处于全国平均借款期限的尾端。&nbsp;</p><p style=\"text-align: center;\"><a title=\"点击进入和讯首页\" href=\"http://www.hexun.com/?from=hxlogo\" target=\"_blank\"><img style=\"margin: 0px; padding: 0px; border: currentColor; border-image: none;\" src=\"/upload/1428650329132.gif\"/></a></p><p style=\"text-align: left;\">&nbsp;</p><p style=\"text-align: center;\"><a title=\"和讯财经新闻免费下载\" href=\"http://stock.hexun.com/2014/hxcjxwapp/\" target=\"_blank\"><img style=\"margin: 0px; padding: 0px; border: currentColor; border-image: none;\" src=\"/upload/1428650329178.gif\"/></a></p>');
INSERT INTO `node_body` VALUES ('647fafcc62574dcfae3c6ad54543993c', '<p style=\"TEXT-ALIGN: right; TEXT-INDENT: 2em\">编号： （#{contractId}）</p><p style=\"TEXT-ALIGN: center; TEXT-INDENT: 2em\"><strong><span style=\"FONT-SIZE: 24px\">债权转让及受让协议</span></strong></p><p style=\"TEXT-ALIGN: center; TEXT-INDENT: 2em\">(线上债权的转让2014版)</p><p>&nbsp;</p><p style=\"TEXT-ALIGN: left; TEXT-INDENT: 2em\">本债权转让及受让协议（下称“本协议”）由以下双方于#{time}（债权转让成交时间）订立：</p><p style=\"TEXT-ALIGN: left; TEXT-INDENT: 2em\">转让人：#{realname_zr} &nbsp;&nbsp;&nbsp; （甲方）</p><p style=\"TEXT-ALIGN: left; TEXT-INDENT: 2em\">身份证号码：#{idCard_zr}</p><p style=\"TEXT-ALIGN: left; TEXT-INDENT: 2em\">【海金仓】用户名：#{username_zr}</p><p style=\"TEXT-ALIGN: left; TEXT-INDENT: 2em\">受让人：#{realname_gm} &nbsp;&nbsp;&nbsp; （乙方）</p><p style=\"TEXT-ALIGN: left; TEXT-INDENT: 2em\">身份证号码：#{idCard_gm}</p><p style=\"TEXT-ALIGN: left; TEXT-INDENT: 2em\">【海金仓】用户名：#{username_gm}</p><p style=\"TEXT-ALIGN: left; TEXT-INDENT: 2em\">就甲方通过北京海金仓金融信息服务有限公司（以下“海金仓”系指北京海金仓金融信息服务有限公司和下述【海金仓】网站的统称）运营管理的www.haijincang.com 网站（下称“【海金仓】网站”）向乙方转让债权事宜，双方经协商一致，达成如下协议：</p><p style=\"TEXT-ALIGN: left; TEXT-INDENT: 2em\">第一条　债权转让</p><p style=\"TEXT-ALIGN: left; TEXT-INDENT: 2em\">1.1标的债权信息及转让</p><p style=\"TEXT-ALIGN: left; TEXT-INDENT: 2em\">甲方同意将其通过【海金仓】网站的居间协助而形成的有关债权（下称“标的债权”）转让给乙方，乙方同意受让该等债权。标的债权具体信息如下：</p><p style=\"TEXT-ALIGN: left; TEXT-INDENT: 2em\">&nbsp;</p><table cellpadding=\"0\" cellspacing=\"0\"><tbody><tr class=\"firstRow\"><td style=\"BORDER-BOTTOM: #000000 1px solid; BORDER-LEFT: #000000 1px solid; PADDING-BOTTOM: 0px; PADDING-LEFT: 7px; PADDING-RIGHT: 7px; BORDER-TOP: #000000 1px solid; BORDER-RIGHT: #000000 1px solid; PADDING-TOP: 0px\" valign=\"top\"><p style=\"TEXT-ALIGN: left; TEXT-INDENT: 0em\">借款协议编号</p></td><td style=\"BORDER-BOTTOM: #000000 1px solid; BORDER-LEFT: #000000 1px solid; PADDING-BOTTOM: 0px; PADDING-LEFT: 7px; PADDING-RIGHT: 7px; WORD-BREAK: break-all; BORDER-TOP: #000000 1px solid; BORDER-RIGHT: #000000 1px solid; PADDING-TOP: 0px; -moz-border-top-colors: none; -moz-border-right-colors: none; -moz-border-bottom-colors: none; -moz-border-left-colors: none; border-image: none\" valign=\"top\"><p style=\"TEXT-ALIGN: left; TEXT-INDENT: 0em\">#{loanId}</p></td></tr><tr><td style=\"BORDER-BOTTOM: #000000 1px solid; BORDER-LEFT: #000000 1px solid; PADDING-BOTTOM: 0px; PADDING-LEFT: 7px; PADDING-RIGHT: 7px; BORDER-TOP: #000000 1px solid; BORDER-RIGHT: #000000 1px solid; PADDING-TOP: 0px; -moz-border-top-colors: none; -moz-border-right-colors: none; -moz-border-bottom-colors: none; -moz-border-left-colors: none; border-image: none\" valign=\"top\"><p style=\"TEXT-ALIGN: left; TEXT-INDENT: 0em\">借款人姓名/名称</p></td><td style=\"BORDER-BOTTOM: #000000 1px solid; BORDER-LEFT: #000000 1px solid; PADDING-BOTTOM: 0px; PADDING-LEFT: 7px; PADDING-RIGHT: 7px; WORD-BREAK: break-all; BORDER-TOP: #000000 1px solid; BORDER-RIGHT: #000000 1px solid; PADDING-TOP: 0px\" valign=\"top\"><p style=\"TEXT-ALIGN: left; TEXT-INDENT: 0em\">#{realname_loan}</p></td></tr><tr><td style=\"BORDER-BOTTOM: #000000 1px solid; BORDER-LEFT: #000000 1px solid; PADDING-BOTTOM: 0px; PADDING-LEFT: 7px; PADDING-RIGHT: 7px; WORD-BREAK: break-all; BORDER-TOP: #000000 1px solid; BORDER-RIGHT: #000000 1px solid; PADDING-TOP: 0px; -moz-border-top-colors: none; -moz-border-right-colors: none; -moz-border-bottom-colors: none; -moz-border-left-colors: none; border-image: none\" valign=\"top\"><p style=\"TEXT-ALIGN: left; TEXT-INDENT: 0em\">借款人证件类型及号码</p></td><td style=\"BORDER-BOTTOM: #000000 1px solid; BORDER-LEFT: #000000 1px solid; PADDING-BOTTOM: 0px; PADDING-LEFT: 7px; PADDING-RIGHT: 7px; WORD-BREAK: break-all; BORDER-TOP: #000000 1px solid; BORDER-RIGHT: #000000 1px solid; PADDING-TOP: 0px\" valign=\"top\"><p style=\"TEXT-ALIGN: left; TEXT-INDENT: 0em\">企业法人营业执照 #{idCard_loan}</p></td></tr><tr><td style=\"BORDER-BOTTOM: #000000 1px solid; BORDER-LEFT: #000000 1px solid; PADDING-BOTTOM: 0px; PADDING-LEFT: 7px; PADDING-RIGHT: 7px; BORDER-TOP: #000000 1px solid; BORDER-RIGHT: #000000 1px solid; PADDING-TOP: 0px; -moz-border-top-colors: none; -moz-border-right-colors: none; -moz-border-bottom-colors: none; -moz-border-left-colors: none; border-image: none\" valign=\"top\"><p style=\"TEXT-ALIGN: left; TEXT-INDENT: 0em\">借款人用户名</p></td><td style=\"BORDER-BOTTOM: #000000 1px solid; BORDER-LEFT: #000000 1px solid; PADDING-BOTTOM: 0px; PADDING-LEFT: 7px; PADDING-RIGHT: 7px; WORD-BREAK: break-all; BORDER-TOP: #000000 1px solid; BORDER-RIGHT: #000000 1px solid; PADDING-TOP: 0px\" valign=\"top\">#{username_loan}<br/>\r\n &nbsp; &nbsp; &nbsp; &nbsp; &nbsp; &nbsp;</td></tr><tr><td style=\"BORDER-BOTTOM: #000000 1px solid; BORDER-LEFT: #000000 1px solid; PADDING-BOTTOM: 0px; PADDING-LEFT: 7px; PADDING-RIGHT: 7px; BORDER-TOP: #000000 1px solid; BORDER-RIGHT: #000000 1px solid; PADDING-TOP: 0px; -moz-border-top-colors: none; -moz-border-right-colors: none; -moz-border-bottom-colors: none; -moz-border-left-colors: none; border-image: none\" valign=\"top\"><p style=\"TEXT-ALIGN: left; TEXT-INDENT: 0em\">借款本金总数额</p></td><td style=\"BORDER-BOTTOM: #000000 1px solid; BORDER-LEFT: #000000 1px solid; PADDING-BOTTOM: 0px; PADDING-LEFT: 7px; PADDING-RIGHT: 7px; WORD-BREAK: break-all; BORDER-TOP: #000000 1px solid; BORDER-RIGHT: #000000 1px solid; PADDING-TOP: 0px\" valign=\"top\"><p style=\"TEXT-ALIGN: left; TEXT-INDENT: 0em\">￥#{money_loan}</p></td></tr><tr><td style=\"BORDER-BOTTOM: #000000 1px solid; BORDER-LEFT: #000000 1px solid; PADDING-BOTTOM: 0px; PADDING-LEFT: 7px; PADDING-RIGHT: 7px; BORDER-TOP: #000000 1px solid; BORDER-RIGHT: #000000 1px solid; PADDING-TOP: 0px; -moz-border-top-colors: none; -moz-border-right-colors: none; -moz-border-bottom-colors: none; -moz-border-left-colors: none; border-image: none\" valign=\"top\"><p style=\"TEXT-ALIGN: left; TEXT-INDENT: 0em\">本次转让的债权本金数额</p></td><td style=\"BORDER-BOTTOM: #000000 1px solid; BORDER-LEFT: #000000 1px solid; PADDING-BOTTOM: 0px; PADDING-LEFT: 7px; PADDING-RIGHT: 7px; WORD-BREAK: break-all; BORDER-TOP: #000000 1px solid; BORDER-RIGHT: #000000 1px solid; PADDING-TOP: 0px\" valign=\"top\"><p style=\"TEXT-ALIGN: left; TEXT-INDENT: 0em\">￥#{corpus}</p></td></tr><tr><td style=\"BORDER-BOTTOM: #000000 1px solid; BORDER-LEFT: #000000 1px solid; PADDING-BOTTOM: 0px; PADDING-LEFT: 7px; PADDING-RIGHT: 7px; BORDER-TOP: #000000 1px solid; BORDER-RIGHT: #000000 1px solid; PADDING-TOP: 0px; -moz-border-top-colors: none; -moz-border-right-colors: none; -moz-border-bottom-colors: none; -moz-border-left-colors: none; border-image: none\" valign=\"top\"><p style=\"TEXT-ALIGN: left; TEXT-INDENT: 0em\">借款年利率</p></td><td style=\"BORDER-BOTTOM: #000000 1px solid; BORDER-LEFT: #000000 1px solid; PADDING-BOTTOM: 0px; PADDING-LEFT: 7px; PADDING-RIGHT: 7px; WORD-BREAK: break-all; BORDER-TOP: #000000 1px solid; BORDER-RIGHT: #000000 1px solid; PADDING-TOP: 0px\" valign=\"top\"><p style=\"TEXT-ALIGN: left; TEXT-INDENT: 0em\">#{rate_loan}%（月利率=年利率/12）</p></td></tr><tr><td style=\"BORDER-BOTTOM: #000000 1px solid; BORDER-LEFT: #000000 1px solid; PADDING-BOTTOM: 0px; PADDING-LEFT: 7px; PADDING-RIGHT: 7px; BORDER-TOP: #000000 1px solid; BORDER-RIGHT: #000000 1px solid; PADDING-TOP: 0px; -moz-border-top-colors: none; -moz-border-right-colors: none; -moz-border-bottom-colors: none; -moz-border-left-colors: none; border-image: none\" valign=\"top\"><p style=\"TEXT-ALIGN: left; TEXT-INDENT: 0em\">借款用途</p></td><td style=\"BORDER-BOTTOM: #000000 1px solid; BORDER-LEFT: #000000 1px solid; PADDING-BOTTOM: 0px; PADDING-LEFT: 7px; PADDING-RIGHT: 7px; WORD-BREAK: break-all; BORDER-TOP: #000000 1px solid; BORDER-RIGHT: #000000 1px solid; PADDING-TOP: 0px\" valign=\"top\">#{purpose_loan}<br/>\r\n &nbsp; &nbsp; &nbsp; &nbsp; &nbsp; &nbsp;</td></tr><tr><td style=\"BORDER-BOTTOM: #000000 1px solid; BORDER-LEFT: #000000 1px solid; PADDING-BOTTOM: 0px; PADDING-LEFT: 7px; PADDING-RIGHT: 7px; BORDER-TOP: #000000 1px solid; BORDER-RIGHT: #000000 1px solid; PADDING-TOP: 0px; -moz-border-top-colors: none; -moz-border-right-colors: none; -moz-border-bottom-colors: none; -moz-border-left-colors: none; border-image: none\" valign=\"top\"><p style=\"TEXT-ALIGN: left; TEXT-INDENT: 0em\">原借款期限</p></td><td style=\"BORDER-BOTTOM: #000000 1px solid; BORDER-LEFT: #000000 1px solid; PADDING-BOTTOM: 0px; PADDING-LEFT: 7px; PADDING-RIGHT: 7px; WORD-BREAK: break-all; BORDER-TOP: #000000 1px solid; BORDER-RIGHT: #000000 1px solid; PADDING-TOP: 0px\" valign=\"top\"><p style=\"TEXT-ALIGN: left; TEXT-INDENT: 0em\">#{deadline_loan}个月，#{jk_begin}起，至#{jk_end}日止</p></td></tr><tr><td style=\"BORDER-BOTTOM: #000000 1px solid; BORDER-LEFT: #000000 1px solid; PADDING-BOTTOM: 0px; PADDING-LEFT: 7px; PADDING-RIGHT: 7px; BORDER-TOP: #000000 1px solid; BORDER-RIGHT: #000000 1px solid; PADDING-TOP: 0px; -moz-border-top-colors: none; -moz-border-right-colors: none; -moz-border-bottom-colors: none; -moz-border-left-colors: none; border-image: none\" valign=\"top\"><p style=\"TEXT-ALIGN: left; TEXT-INDENT: 0em\">结息方式</p></td><td style=\"BORDER-BOTTOM: #000000 1px solid; BORDER-LEFT: #000000 1px solid; PADDING-BOTTOM: 0px; PADDING-LEFT: 7px; PADDING-RIGHT: 7px; WORD-BREAK: break-all; BORDER-TOP: #000000 1px solid; BORDER-RIGHT: #000000 1px solid; PADDING-TOP: 0px\" valign=\"top\">#{repayType_loan}<br/>\r\n &nbsp; &nbsp; &nbsp; &nbsp; &nbsp; &nbsp;</td></tr><tr><td style=\"BORDER-BOTTOM: #000000 1px solid; BORDER-LEFT: #000000 1px solid; PADDING-BOTTOM: 0px; PADDING-LEFT: 7px; PADDING-RIGHT: 7px; BORDER-TOP: #000000 1px solid; BORDER-RIGHT: #000000 1px solid; PADDING-TOP: 0px; -moz-border-top-colors: none; -moz-border-right-colors: none; -moz-border-bottom-colors: none; -moz-border-left-colors: none; border-image: none\" valign=\"top\"><p style=\"TEXT-ALIGN: left; TEXT-INDENT: 0em\">付息方式</p></td><td style=\"BORDER-BOTTOM: #000000 1px solid; BORDER-LEFT: #000000 1px solid; PADDING-BOTTOM: 0px; PADDING-LEFT: 7px; PADDING-RIGHT: 7px; WORD-BREAK: break-all; BORDER-TOP: #000000 1px solid; BORDER-RIGHT: #000000 1px solid; PADDING-TOP: 0px\" valign=\"top\"><p style=\"TEXT-ALIGN: left; TEXT-INDENT: 0em\">按月付息&nbsp;&nbsp; 下一个付息日：#{nextRepayDay}</p></td></tr><tr><td style=\"BORDER-BOTTOM: #000000 1px solid; BORDER-LEFT: #000000 1px solid; PADDING-BOTTOM: 0px; PADDING-LEFT: 7px; PADDING-RIGHT: 7px; BORDER-TOP: #000000 1px solid; BORDER-RIGHT: #000000 1px solid; PADDING-TOP: 0px; -moz-border-top-colors: none; -moz-border-right-colors: none; -moz-border-bottom-colors: none; -moz-border-left-colors: none; border-image: none\" valign=\"top\"><p style=\"TEXT-ALIGN: left; TEXT-INDENT: 0em\">还本方式</p></td><td style=\"BORDER-BOTTOM: #000000 1px solid; BORDER-LEFT: #000000 1px solid; PADDING-BOTTOM: 0px; PADDING-LEFT: 7px; PADDING-RIGHT: 7px; WORD-BREAK: break-all; BORDER-TOP: #000000 1px solid; BORDER-RIGHT: #000000 1px solid; PADDING-TOP: 0px\" valign=\"top\"><p style=\"TEXT-ALIGN: left; TEXT-INDENT: 0em\">到期还本&nbsp;&nbsp; 还款日：每月#{repayDay}日</p></td></tr><tr><td style=\"BORDER-BOTTOM: #000000 1px solid; BORDER-LEFT: #000000 1px solid; PADDING-BOTTOM: 0px; PADDING-LEFT: 7px; PADDING-RIGHT: 7px; BORDER-TOP: #000000 1px solid; BORDER-RIGHT: #000000 1px solid; PADDING-TOP: 0px; -moz-border-top-colors: none; -moz-border-right-colors: none; -moz-border-bottom-colors: none; -moz-border-left-colors: none; border-image: none\" valign=\"top\"><p style=\"TEXT-ALIGN: left; TEXT-INDENT: 0em\">担保方式</p></td><td style=\"BORDER-BOTTOM: #000000 1px solid; BORDER-LEFT: #000000 1px solid; PADDING-BOTTOM: 0px; PADDING-LEFT: 7px; PADDING-RIGHT: 7px; WORD-BREAK: break-all; BORDER-TOP: #000000 1px solid; BORDER-RIGHT: #000000 1px solid; PADDING-TOP: 0px\" valign=\"top\"><p style=\"TEXT-ALIGN: left; TEXT-INDENT: 0em\">专业第三方担保公司提供保证担保，担保方为本协议借款所提供的服务涉及费用由乙方承担，收取方式由担保方、乙方双方另行约定。担保方式详情详见本协议附件。</p></td></tr></tbody></table><p style=\"TEXT-ALIGN: left; TEXT-INDENT: 2em\">注：如果还款日、付息日为每月30或31日，则遇到无还款日对应日的月份，还款日为应还款当月的最后一日。</p><p style=\"TEXT-ALIGN: left; TEXT-INDENT: 2em\">转让价款及日期</p><p style=\"TEXT-ALIGN: left; TEXT-INDENT: 2em\">&nbsp;</p><table cellpadding=\"0\" cellspacing=\"0\"><tbody><tr class=\"firstRow\"><td style=\"BORDER-BOTTOM: #000000 1px solid; BORDER-LEFT: #000000 1px solid; PADDING-BOTTOM: 0px; PADDING-LEFT: 7px; PADDING-RIGHT: 7px; BORDER-TOP: #000000 1px solid; BORDER-RIGHT: #000000 1px solid; PADDING-TOP: 0px\" valign=\"top\"><p style=\"TEXT-ALIGN: left; TEXT-INDENT: 0em\">转让价款</p></td><td style=\"BORDER-BOTTOM: #000000 1px solid; BORDER-LEFT: #000000; PADDING-BOTTOM: 0px; PADDING-LEFT: 7px; PADDING-RIGHT: 7px; WORD-BREAK: break-all; BORDER-TOP: #000000 1px solid; BORDER-RIGHT: #000000 1px solid; PADDING-TOP: 0px; -moz-border-top-colors: none; -moz-border-right-colors: none; -moz-border-bottom-colors: none; -moz-border-left-colors: none; border-image: none\" valign=\"top\"><p style=\"TEXT-ALIGN: left; TEXT-INDENT: 0em\">￥#{money_gm}</p></td></tr><tr><td style=\"BORDER-BOTTOM: #000000 1px solid; BORDER-LEFT: #000000 1px solid; PADDING-BOTTOM: 0px; PADDING-LEFT: 7px; PADDING-RIGHT: 7px; BORDER-TOP: #000000; BORDER-RIGHT: #000000 1px solid; PADDING-TOP: 0px; -moz-border-top-colors: none; -moz-border-right-colors: none; -moz-border-bottom-colors: none; -moz-border-left-colors: none; border-image: none\" valign=\"top\"><p style=\"TEXT-ALIGN: left; TEXT-INDENT: 0em\">转让管理费</p></td><td style=\"BORDER-BOTTOM: #000000 1px solid; BORDER-LEFT: #000000; PADDING-BOTTOM: 0px; PADDING-LEFT: 7px; PADDING-RIGHT: 7px; WORD-BREAK: break-all; BORDER-TOP: #000000; BORDER-RIGHT: #000000 1px solid; PADDING-TOP: 0px\" valign=\"top\"><p style=\"TEXT-ALIGN: left; TEXT-INDENT: 0em\">#{fee_gm}（由甲方支付给海金仓）</p></td></tr><tr><td style=\"BORDER-BOTTOM: #000000 1px solid; BORDER-LEFT: #000000 1px solid; PADDING-BOTTOM: 0px; PADDING-LEFT: 7px; PADDING-RIGHT: 7px; BORDER-TOP: #000000; BORDER-RIGHT: #000000 1px solid; PADDING-TOP: 0px; -moz-border-top-colors: none; -moz-border-right-colors: none; -moz-border-bottom-colors: none; -moz-border-left-colors: none; border-image: none\" valign=\"top\"><p style=\"TEXT-ALIGN: left; TEXT-INDENT: 0em\">转让日期</p></td><td style=\"BORDER-BOTTOM: #000000 1px solid; BORDER-LEFT: #000000; PADDING-BOTTOM: 0px; PADDING-LEFT: 7px; PADDING-RIGHT: 7px; WORD-BREAK: break-all; BORDER-TOP: #000000; BORDER-RIGHT: #000000 1px solid; PADDING-TOP: 0px\" valign=\"top\">#{time_gm}<br/>\r\n &nbsp; &nbsp; &nbsp; &nbsp; &nbsp; &nbsp;</td></tr></tbody></table><p style=\"TEXT-ALIGN: left; TEXT-INDENT: 2em\">1.2 标的债权转让流程</p><p style=\"TEXT-ALIGN: left; TEXT-INDENT: 2em\">（1）双方同意并确认，双方通过自行或授权有关方根据【海金仓】网站有关规则和说明，在【海金仓】网站进行债权转让和受让购买操作等网络在线点击确认的方式确认订立本协议。</p><p style=\"TEXT-ALIGN: left; TEXT-INDENT: 2em\">（2）双方接受本协议且海金仓审核通过时，本协议立即成立,并待转让价款支付完成时生效。协议成立即视为乙方不可撤销地授权海金仓自行或委托第三方支付机\r\n构或合作的金融机构，【将转让价款（不计息）在扣除甲方应支付给海金仓的转让管理费之后划转、支付给甲方】，上述转让价款划转完成即视为本协议生效且标的\r\n债权转让成功；同时【甲方不可撤销地授权海金仓将其代为保管的甲方与标的债权借款人签署的电子文本形式的《借款协议》（下称“借款协议”）及借款人相关信\r\n息】在【海金仓】网站有关系统板块向乙方进行展示。</p><p style=\"TEXT-ALIGN: left; TEXT-INDENT: 2em\">（3）本协议生效且标的债权转让成功后，【双方特此委托海金仓将标的债权的转让事项及有关信息通过站内信等形式通知与标的债权对应的借款人】。</p><p style=\"TEXT-ALIGN: left; TEXT-INDENT: 2em\">1.3 自标的债权转让成功之日起，乙方成为标的债权的债权人，承继借款协议项下出借人的权利并承担出借人的义务。</p><p style=\"TEXT-ALIGN: left; TEXT-INDENT: 2em\">第二条　保证与承诺</p><p style=\"TEXT-ALIGN: left; TEXT-INDENT: 2em\">2.1甲方的保证与承诺</p><p style=\"TEXT-ALIGN: left; TEXT-INDENT: 2em\">（1）甲方保证其转让的债权系其合法、有效的债权，不存在转让的限制。甲方同意并承诺按本协议及【海金仓】网站公布的相关规则和标准向海金仓支付【债权转让管理费等费用】。</p><p style=\"TEXT-ALIGN: left; TEXT-INDENT: 2em\">（2）甲方是独立的民事主体，具备完全的权利能力和行为能力，能以自身名义履行本合同的义务并承担民事责任。</p><p style=\"TEXT-ALIGN: left; TEXT-INDENT: 2em\">（3）签署和履行本协议是甲方真实的意思表示，不存在任何法律上的障碍。</p><p style=\"TEXT-ALIGN: left; TEXT-INDENT: 2em\">2.2乙方的保证与承诺</p><p style=\"TEXT-ALIGN: left; TEXT-INDENT: 2em\">（1）乙方保证其所用于受让标的债权的资金来源合法且完全符合【海金仓】网站注册协议之约定，乙方是该资金的合法所有人或有权处分人。因第三方对乙方所使用的资金的归属、合法性等问题发生的任何争议均由乙方自行负责处理并承担相关责任。</p><p style=\"TEXT-ALIGN: left; TEXT-INDENT: 2em\">（2）乙方是独立的民事主体，具备完全的权利能力和行为能力，能以自身名义履行本合同的义务并承担民事责任。</p><p style=\"TEXT-ALIGN: left; TEXT-INDENT: 2em\">（3）签署和履行本协议是乙方真实的意思表示，不存在任何法律上的障碍。</p><p style=\"TEXT-ALIGN: left; TEXT-INDENT: 2em\">第三条　双方的权利义务</p><p style=\"TEXT-ALIGN: left; TEXT-INDENT: 2em\">3.1甲方的权利义务</p><p style=\"TEXT-ALIGN: left; TEXT-INDENT: 2em\">（1）甲方有权依本协议约定获得乙方支付的债权转让的对价。</p><p style=\"TEXT-ALIGN: left; TEXT-INDENT: 2em\">（2）甲方有义务依本协议约定向海金仓支付转让管理费。</p><p style=\"TEXT-ALIGN: left; TEXT-INDENT: 2em\">（3）甲方有义务依本协议约定向借款人进行债权转让的通知并将通知回执等交海金仓保存。</p><p style=\"TEXT-ALIGN: left; TEXT-INDENT: 2em\">（4）甲方因订立及履行本合同所产生的一切税费由甲方自行、主动缴纳，【海金仓】网站不负责代为计算、扣缴该等税费。</p><p style=\"TEXT-ALIGN: left; TEXT-INDENT: 2em\">3.2乙方的权利义务</p><p style=\"TEXT-ALIGN: left; TEXT-INDENT: 2em\">（1）乙方有义务依本协议约定支付受让债权的对价。</p><p style=\"TEXT-ALIGN: left; TEXT-INDENT: 2em\">（2）乙方在本协议生效后有权以债权人身份依《借款协议》约定行使债权人的权利并承担义务。</p><p style=\"TEXT-ALIGN: left; TEXT-INDENT: 2em\">（3）乙方因订立及履行本合同所产生的一切税费由乙方自行、主动缴纳，【海金仓】网站不负责代为计算、扣缴该等税费。</p><p style=\"TEXT-ALIGN: left; TEXT-INDENT: 2em\">第四条　违约条款</p><p style=\"TEXT-ALIGN: left; TEXT-INDENT: 2em\">4.1双方同意，如果一方违反其在本协议中所作的保证、承诺或任何其他义务，致使其他方遭受或发生损害、损失等责任，违约方须向守约方赔偿守约方因此遭受的一切经济损失。</p><p style=\"TEXT-ALIGN: left; TEXT-INDENT: 2em\">4.2双方均有过错的，应根据双方实际过错程度，分别承担各自的违约责任。</p><p style=\"TEXT-ALIGN: left; TEXT-INDENT: 2em\">第五条　约定履行地</p><p style=\"TEXT-ALIGN: left; TEXT-INDENT: 2em\">本协议的约定履行地为海金仓所在地，即北京市海淀区。</p><p style=\"TEXT-ALIGN: left; TEXT-INDENT: 2em\">第六条　适用法律和争议解决</p><p style=\"TEXT-ALIGN: left; TEXT-INDENT: 2em\">6.1本协议的订立、效力、解释、履行、修改和终止以及争议的解决适用中国法律（为本协议之目的，不包括香港、澳门特别行政区及我国台湾地区法律）。</p><p style=\"TEXT-ALIGN: left; TEXT-INDENT: 2em\">6.2本协议在履行过程中，如发生任何争执或纠纷，双方应友好协商解决；若协商不成，按下述第（1）种方式解决：<br/></p><p style=\"TEXT-ALIGN: left; TEXT-INDENT: 2em\">（1）向本协议约定履行地有管辖权的法院提起诉讼。</p><p style=\"TEXT-ALIGN: left; TEXT-INDENT: 2em\">（2）提交北京仲裁委员会仲裁，仲裁地点在北京，不论争议金额大小，均提交北京仲裁委员会适用北京仲裁委员会仲裁规则项下的简易程序进行仲裁。</p><p style=\"TEXT-ALIGN: left; TEXT-INDENT: 2em\">双方当事人放弃各自或共同选定仲裁员的权利，共同委托北京仲裁委员会主任指定一名仲裁员并由该独任仲裁员进行审理。</p><p style=\"TEXT-ALIGN: left; TEXT-INDENT: 2em\">仲裁裁决是终局的，对双方均有拘束力。</p><p style=\"TEXT-ALIGN: left; TEXT-INDENT: 2em\">第七条　其他</p><p style=\"TEXT-ALIGN: left; TEXT-INDENT: 2em\">7.1 双方可以书面协议方式对本协议作出修改和补充。经过双方签署的有关本协议的修改协议和补充协议是本协议组成部分，具有与本协议同等的法律效力。</p><p style=\"TEXT-ALIGN: left; TEXT-INDENT: 2em\">7.2 本协议及其修改或补充均通过【海金仓】网站以电子文本形式制成，可以有一份或者多份并且每一份具有同等法律效力；同时双方委托海金仓代为保管并永久【保存在海金仓为此设立的专用服务器上备查】。双方均认可该形式的协议效力。</p><p style=\"TEXT-ALIGN: left; TEXT-INDENT: 2em\">7.3 甲乙双方均确认，本协议的签订、生效和履行以不违反中国的法律法规为前提。如果本协议中的任何一条或多条违反适用的法律法规，则该条将被视为无效，但该无效条款并不影响本协议其他条款的效力。</p><p style=\"TEXT-ALIGN: left; TEXT-INDENT: 2em\">7.4 除本协议上下文另有定义外，本协议项下的用语和定义应具有【海金仓】网站注册协议及其有关公告、规则、说明中定义的含义。若有冲突，则以本协议为准，但涉及下款所述海金仓/【海金仓】网站的收费的事项除外，该等事项以网站公告为准。</p><p style=\"TEXT-ALIGN: left; TEXT-INDENT: 2em\">7.5甲乙双方均确认，对于本协议中涉及的双方或一方承诺或授权海金仓/【海金仓】网站有权向双方或一方收费的事项，对于具体的收费项目、收费标准及收费\r\n方式海金仓/【海金仓】网站随时有权以在网站发布公告的方式对其进行合理调整，如在本协议生效后至履行完毕前遇到该等调整的，该等调整对本协议尚未履行完\r\n毕的部分发生效力。本协议约定的海金仓/【海金仓】网站的收费项目、收费标准及收费方式与网站公告内容不符的，以后者为准。</p><p style=\"text-align: left; text-indent: 2em;\">本协议系双方真实意思表示，双方均仔细阅读了本合同所有条款，且已采取合理的方式提请另一方注意合同中免除本方责任和义务或限制对方权利的条款，并按照另一方的要求，对有关条款进行了解释和说明，各方对本合同各条款含义认识一致。</p><p><br/></p>');
INSERT INTO `node_body` VALUES ('68d02be869344bffa121e5ffdf750dd9', '<p>业务体系业务体系业务体系业务体系业务体系业务体系业务体系业务体系业务体系<br/></p>');
INSERT INTO `node_body` VALUES ('6b5e685be6294b508f13324195894271', '<p>dsfsdf</p>');
INSERT INTO `node_body` VALUES ('6c6c689662ea48f2ae35fb4f0413fae0', '<p>　　你还在为借贷奔波吗?你还在为投资迷茫吗?你还在为风险担忧吗?</p><p>　　为你开启新一轮投资商机!</p><p>　　你错过了投资房地产财富倍增的黄金十年!</p><p>　　你错过了投资股票跨越6000点的巅峰年代!</p><p>　　难道你还要错过民间金融崛起的代表性服务品牌发发贷吗?</p><p>　　民间金融服务加盟领军品牌;</p><p>　　金融综合性服务第一平台;</p><p>　　合法投资 完善风控 规范管理</p><p>　　实现财富几何倍数增长，单店投入 百万，年利近千万;</p><p>　　数万亿蓝海市场 成就创富梦想!</p><p>　　<strong>行业现状与市场前景</strong></p><p>　　有20多万亿存款沉淀在银行;中国现在10万亿元的闲散资金，找不到合适的投资渠道;接近4万亿民间资本一直走在道德与法律的灰色地带;有超过300万的高净值人群，需要理财资金达18万亿元;当前金融服务行业缺口如此之大，必将引发新一代金融投资服务行业热潮;</p><p>　　<strong>权威机构调研估算：</strong></p><p>　　目前中小企业有高达90%的资金缺口，而民间却有10多万亿闲置资金，中国民间金融行业拥有广阔的资本市场。</p><p>　　民间金融服务行业，以150%的速度快速增长，真正的黄金产业!</p><p>　　国家政策：民间借贷具备合法性!大势所趋!</p><p>　　“十二五”规划指出：积极发展中小金融机构，创新金融产品和服务模式。</p><p>　　国务院新36条：鼓励和引导民间资本进入金融服务领域，允许民间资本兴办金融机构。</p><p>　　国务院办公厅：探索设立民间资本发起自担风险的民营银行、金融租赁公司等金融机构。</p><p><strong>　　为什么选择我们?</strong></p><p><strong>　　资金实力</strong></p><p>　　总部是一家集金融、贸易、生产、投资四大产业为主体的大型企业集团;在中国大陆、香港及古巴等国家和地区拥有十余家参控股企业;在国内建立了8个区域总部基地，在40多个城市建立了营销与服务网络;截止到2014年总部旗下的金融业务板块管理的资产规模总和超过180亿元人民币;被投企业资产总额达860亿元人民币;销售总额达200亿元人民币。</p><p><strong>　　核心模式</strong></p><p><strong>　　核心模式一：6S标准服务，中国第一家!</strong></p><p>　　安全Security，实行最严格的资质审核和最全面的风控管理，为融贷双方安全保驾护航;</p><p>　　规范Standard，完全按照国家政策法规经营，确保规范性;</p><p>　　专业Specialty，公司自高层到普通员工，均有从事金融投资服务的专业经验;</p><p>　　科学Scientificity，品牌发展模式高度契合了国家政策走向和民间资本市场发展规律;</p><p>　　快捷Speediness，是集天时地利人和于一体的朝阳产业，发展迅速，收益最快;</p><p>　　稳定Stability，市场需求大，前景广阔，风险最小，发展稳定.</p><p>　　<strong>核心模式二：PIP资金服务，个人-中介-个人</strong></p><center><img alt=\"\" src=\"/upload/1411550801326.jpg\" height=\"190\" width=\"350\"/></center><p>　　<strong>核心模式三：双平台(O2O)运作模式</strong></p><p>　　第一次把行业线上线下资源整起来，线上平台覆盖全国，线下实体店稳定牢固，两者互相配合促进，发挥了最大效益，大大增强了合作伙伴的竞争力。</p><p>　　<strong>总部支持</strong></p><p>　　总部九大核心支持</p><p>　　品牌支持：统一形象，百店如一</p><p>　　广告支持：广告造势，海量投放</p><p>　　运营支持：日常经营，持续支持</p><p>　　开业支持:开业庆典，营造声势</p><p>　　培训支持：理论实践，倾囊相授</p><p>　　业务支持:信息共享，携手共进</p><p>　　产品支持：优化产品，升级服务</p><p>　　营销支持：营销方案，量身定做</p><p>　　资金支持：资源共享，发展服务</p><p>　　<strong>渠道优势</strong></p><p>　　强强合作：平台 VS 国内多家知名金融机构</p><center><img alt=\"\" src=\"/upload/1411550801661.jpg\" height=\"378\" width=\"458\"/></center><p>　　<strong>媒体宣传</strong></p><center><img alt=\"\" src=\"/upload/1411550801877.jpg\" height=\"203\" width=\"458\"/></center><p>　　<strong>服务产品优势</strong></p><p>　　五大核心产品强势组合，财富飙升无可匹敌!</p><p>　　1、民间借贷---财富安全增值保证!</p><p>　　“抵押+担保”式的资金信息服务系统，迅速给借贷双方进行资金信息配对，安全合法。</p><p>　　2、私募股权--实现财富稳增、预期收益!</p><p>　　为拥有优质项目需大额资金注入的资金需求方提供资源整合、方案设计等咨询、投资特色服务;为具有小额闲散资金而无法对接大型优质项目需投资理财的理财客户提供方案分析等咨询、担保、资产委托管理的复合服务。</p><p>　　3、同业居间---让民间金融资源快速对接!</p><p>　　可外包可委托。外包，通过与银行等正规金融机构合作，为国内个人、企业或其他机构，提供低息、便利、高效和多样化的贷款咨询服务;委托，接受企业、其他机构或个人等放贷人的委托，为放贷人提供合法、合规的委托贷款服务。</p><p>　　4、理财投资服务--风险可控、获得较高的利息</p><p>　　平台应市场需求，定期推出风险可控、安全高效的理财产品，收益超过银行理财产品的6倍。</p><p>　　5、财富管理----第三方财富管理平台，您的专属财富管理中心</p><p>　　由资深金融专业人士构成，主要业务有：1、国内外金融产品“超市”;2、IPO;3、全球基金定投;</p><p>　　平台，中国最规范的第三方金融服务连锁企业</p><p>　　加盟热线：400-087-5858</p><p>　　官方网址：www.sky9518.com</p><p><br/></p>');
INSERT INTO `node_body` VALUES ('7078b40afdaa4d269624216621b08992', '<table width=\"695\"><tbody><tr class=\"firstRow\" style=\"height: 45px;\"><td style=\"padding: 0px 7px; border: 1px solid rgb(0, 0, 0); border-image: none;\" valign=\"center\" width=\"91\"><p style=\"text-align: justify; margin-top: 0px; margin-bottom: 0px;\"><span style=\"font-family:;\"><span style=\"font-family: 宋体;\">费用类型</span></span></p></td><td style=\"border-width: 1px 1px 1px medium; border-style: solid solid solid none; border-color: rgb(0, 0, 0) rgb(0, 0, 0) rgb(0, 0, 0) currentColor; padding: 0px 7px;\" valign=\"center\" width=\"119\"><p style=\"text-align: justify; margin-top: 0px; margin-bottom: 0px;\"><span style=\"font-family: 宋体;\">收费对象</span></p></td><td style=\"border-width: 1px 1px 1px medium; border-style: solid solid solid none; border-color: rgb(0, 0, 0) rgb(0, 0, 0) rgb(0, 0, 0) currentColor; padding: 0px 7px;\" valign=\"center\" width=\"311\"><p style=\"text-align: justify; margin-top: 0px; margin-bottom: 0px;\"><span style=\"font-family: 宋体;\">收费标准</span></p></td><td style=\"border-width: 1px 1px 1px medium; border-style: solid solid solid none; border-color: rgb(0, 0, 0) rgb(0, 0, 0) rgb(0, 0, 0) currentColor; padding: 0px 7px;\" valign=\"center\" width=\"174\"><p style=\"text-align: justify; margin-top: 0px; margin-bottom: 0px;\"><span style=\"font-family: 宋体;\">收取形式</span></p></td></tr><tr style=\"height: 43px;\"><td style=\"border-width: medium 1px 1px; border-style: none solid solid; border-color: currentColor rgb(0, 0, 0) rgb(0, 0, 0); padding: 0px 7px;\" valign=\"center\" width=\"91\"><p style=\"text-align: justify; margin-top: 0px; margin-bottom: 0px;\"><span style=\"font-family:;\"><span style=\"font-family: 宋体;\">VIP</span><span style=\"font-family: 宋体;\">年费</span></span></p></td><td style=\"border-width: medium 1px 1px medium; border-style: none solid solid none; border-color: currentColor rgb(0, 0, 0) rgb(0, 0, 0) currentColor; padding: 0px 7px;\" valign=\"center\" width=\"119\"><p style=\"text-align: justify; margin-top: 0px; margin-bottom: 0px;\"><span style=\"font-family: 宋体;\">普通会员</span></p></td><td style=\"border-width: medium 1px 1px medium; border-style: none solid solid none; border-color: currentColor rgb(0, 0, 0) rgb(0, 0, 0) currentColor; padding: 0px 7px;\" valign=\"center\" width=\"311\"><p style=\"text-align: justify; margin-top: 0px; margin-bottom: 0px;\"><span style=\"font-family:;\"><span style=\"font-family: 宋体;\">160/</span><span style=\"font-family: 宋体;\">年（试营业期间免费）</span></span></p><p style=\"text-align: justify; margin-top: 0px; margin-bottom: 0px;\"><span style=\"font-family:;\"><span style=\"font-family: 宋体;\">借款人必须提交</span><span style=\"font-family: Times New Roman;\">VIP</span><span style=\"font-family: 宋体;\">申请</span></span></p></td><td style=\"border-width: medium 1px 1px medium; border-style: none solid solid none; border-color: currentColor rgb(0, 0, 0) rgb(0, 0, 0) currentColor; padding: 0px 7px;\" valign=\"center\" width=\"174\"><p style=\"text-align: justify; margin-top: 0px; margin-bottom: 0px;\"><span style=\"font-family: 宋体;\">从充值金中扣除</span></p></td></tr><tr style=\"height: 45px;\"><td style=\"border-width: medium 1px 1px; border-style: none solid solid; border-color: currentColor rgb(0, 0, 0) rgb(0, 0, 0); padding: 0px 7px;\" valign=\"center\" width=\"91\"><p style=\"text-align: justify; margin-top: 0px; margin-bottom: 0px;\"><span style=\"font-family: 宋体;\">服务费</span></p></td><td style=\"border-width: medium 1px 1px medium; border-style: none solid solid none; border-color: currentColor rgb(0, 0, 0) rgb(0, 0, 0) currentColor; padding: 0px 7px;\" valign=\"center\" width=\"119\"><p style=\"text-align: justify; margin-top: 0px; margin-bottom: 0px;\"><span style=\"font-family: 宋体;\">投资人</span></p></td><td style=\"border-width: medium 1px 1px medium; border-style: none solid solid none; border-color: currentColor rgb(0, 0, 0) rgb(0, 0, 0) currentColor; padding: 0px 7px;\" valign=\"center\" width=\"311\"><p style=\"text-align: justify; margin-top: 0px; margin-bottom: 0px;\"><span style=\"font-family:;\"><span style=\"font-family: 宋体;\">普通投资者为投资利息所得的</span><span style=\"font-family: Times New Roman;\">8%</span><span style=\"font-family: 宋体;\">；</span></span></p><p style=\"text-align: justify; margin-top: 0px; margin-bottom: 0px;\"><span style=\"font-family:;\"><span style=\"font-family: 宋体;\">(</span><span style=\"font-family: 宋体;\">试营业期间免费）</span></span></p></td><td style=\"border-width: medium 1px 1px medium; border-style: none solid solid none; border-color: currentColor rgb(0, 0, 0) rgb(0, 0, 0) currentColor; padding: 0px 7px;\" valign=\"center\" width=\"174\"><p style=\"text-align: justify; margin-top: 0px; margin-bottom: 0px;\"><span style=\"font-family: 宋体;\">项目回款后自动扣除</span></p></td></tr><tr style=\"height: 31px;\"><td style=\"border-width: medium 1px 1px; border-style: none solid solid; border-color: currentColor rgb(0, 0, 0) rgb(0, 0, 0); padding: 0px 7px;\" valign=\"center\" width=\"91\"><br/></td><td style=\"border-width: medium 1px 1px medium; border-style: none solid solid none; border-color: currentColor rgb(0, 0, 0) rgb(0, 0, 0) currentColor; padding: 0px 7px;\" valign=\"center\" width=\"119\"><p style=\"text-align: justify; margin-top: 0px; margin-bottom: 0px;\"><span style=\"font-family: 宋体;\">借款人</span></p></td><td style=\"border-width: medium 1px 1px medium; border-style: none solid solid none; border-color: currentColor rgb(0, 0, 0) rgb(0, 0, 0) currentColor; padding: 0px 7px;\" valign=\"center\" width=\"311\"><p style=\"text-align: justify; margin-top: 0px; margin-bottom: 0px;\"><span style=\"font-family:;\"><span style=\"font-family: 宋体;\">每月收取借款金额的</span><span style=\"font-family: Times New Roman;\">0.5%</span></span></p></td><td style=\"border-width: medium 1px 1px medium; border-style: none solid solid none; border-color: currentColor rgb(0, 0, 0) rgb(0, 0, 0) currentColor; padding: 0px 7px;\" valign=\"center\" width=\"174\"><p style=\"text-align: justify; margin-top: 0px; margin-bottom: 0px;\"><span style=\"font-family: 宋体;\">在发放借款之前扣除</span></p></td></tr><tr style=\"height: 49px;\"><td style=\"border-width: medium 1px 1px; border-style: none solid solid; border-color: currentColor rgb(0, 0, 0) rgb(0, 0, 0); padding: 0px 7px;\" valign=\"center\" width=\"91\"><p style=\"text-align: justify; margin-top: 0px; margin-bottom: 0px;\"><span style=\"font-family: 宋体;\">逾期费用</span></p></td><td style=\"border-width: medium 1px 1px medium; border-style: none solid solid none; border-color: currentColor rgb(0, 0, 0) rgb(0, 0, 0) currentColor; padding: 0px 7px;\" valign=\"center\" width=\"119\"><p style=\"text-align: justify; margin-top: 0px; margin-bottom: 0px;\"><span style=\"font-family: 宋体;\">借款人</span></p></td><td style=\"border-width: medium 1px 1px medium; border-style: none solid solid none; border-color: currentColor rgb(0, 0, 0) rgb(0, 0, 0) currentColor; padding: 0px 7px;\" valign=\"center\" width=\"311\"><p style=\"text-align: justify; margin-top: 0px; margin-bottom: 0px;\"><span style=\"font-family:;\"><span style=\"font-family: 宋体;\">每天</span><span style=\"font-family: Times New Roman;\">0.8%</span><span style=\"font-family: 宋体;\">收取罚息&nbsp;每天</span><span style=\"font-family: Times New Roman;\">0.08%</span><span style=\"font-family: 宋体;\">收取逾期管理费，视催收形式不同收取催收费</span></span></p></td><td style=\"border-width: medium 1px 1px medium; border-style: none solid solid none; border-color: currentColor rgb(0, 0, 0) rgb(0, 0, 0) currentColor; padding: 0px 7px;\" valign=\"center\" width=\"174\"><p style=\"text-align: justify; margin-top: 0px; margin-bottom: 0px;\"><span style=\"font-family: 宋体;\">从回款金额中扣除</span></p></td></tr><tr style=\"height: 91px;\"><td style=\"border-width: medium 1px 1px; border-style: none solid solid; border-color: currentColor rgb(0, 0, 0) rgb(0, 0, 0); padding: 0px 7px;\" valign=\"center\" width=\"91\"><p style=\"text-align: justify; margin-top: 0px; margin-bottom: 0px;\"><span style=\"font-family: 宋体;\">提现费</span></p></td><td style=\"border-width: medium 1px 1px medium; border-style: none solid solid none; border-color: currentColor rgb(0, 0, 0) rgb(0, 0, 0) currentColor; padding: 0px 7px;\" valign=\"center\" width=\"119\"><p style=\"text-align: justify; margin-top: 0px; margin-bottom: 0px;\"><span style=\"font-family: 宋体;\">投资人</span></p></td><td style=\"border-width: medium 1px 1px medium; border-style: none solid solid none; border-color: currentColor rgb(0, 0, 0) rgb(0, 0, 0) currentColor; padding: 0px 7px;\" valign=\"center\" width=\"311\"><p style=\"text-align: justify; margin-top: 0px; margin-bottom: 0px;\">&nbsp;</p><p><span style=\"font-size: 16px;\">申请提现额度为100--45000元/笔，单笔提现收取提现金额的0.15%的提现手续费。</span></p></td><td style=\"border-width: medium 1px 1px medium; border-style: none solid solid none; border-color: currentColor rgb(0, 0, 0) rgb(0, 0, 0) currentColor; padding: 0px 7px;\" valign=\"center\" width=\"174\"><p style=\"text-align: justify; margin-top: 0px; margin-bottom: 0px;\"><span style=\"font-family: 宋体;\">提现时自动扣除</span></p></td></tr><tr style=\"height: 41px;\"><td style=\"border-width: medium 1px 1px; border-style: none solid solid; border-color: currentColor rgb(0, 0, 0) rgb(0, 0, 0); padding: 0px 7px;\" valign=\"center\" width=\"91\"><p style=\"text-align: justify; margin-top: 0px; margin-bottom: 0px;\"><span style=\"font-family: 宋体;\">保证金</span></p></td><td style=\"border-width: medium 1px 1px medium; border-style: none solid solid none; border-color: currentColor rgb(0, 0, 0) rgb(0, 0, 0) currentColor; padding: 0px 7px;\" valign=\"center\" width=\"119\"><p style=\"text-align: justify; margin-top: 0px; margin-bottom: 0px;\"><span style=\"font-family: 宋体;\">借款人</span></p></td><td style=\"border-width: medium 1px 1px medium; border-style: none solid solid none; border-color: currentColor rgb(0, 0, 0) rgb(0, 0, 0) currentColor; padding: 0px 7px;\" valign=\"center\" width=\"311\"><p style=\"text-align: justify; margin-top: 0px; margin-bottom: 0px;\"><span style=\"font-family:;\"><span style=\"font-family: 宋体;\">按借款本金的8</span><span style=\"font-family: Times New Roman;\">%</span><span style=\"font-family: 宋体;\">冻结在个人账户，还款后返还</span></span></p></td><td style=\"border-width: medium 1px 1px medium; border-style: none solid solid none; border-color: currentColor rgb(0, 0, 0) rgb(0, 0, 0) currentColor; padding: 0px 7px;\" valign=\"center\" width=\"174\"><p style=\"text-align: justify; margin-top: 0px; margin-bottom: 0px;\"><span style=\"font-family: 宋体;\">借款成功后冻结</span></p></td></tr></tbody></table><p style=\"background: rgb(255, 255, 255); padding: 0px; text-align: left; line-height: 18px; margin-top: 0px; margin-bottom: 0px;\"><span style=\"font-family: 宋体;\"><span style=\"background: rgb(255, 255, 255); letter-spacing: 0px;\">&nbsp;&nbsp;&nbsp; 一、提现申请时间</span><span style=\"background: rgb(255, 255, 255); letter-spacing: 0px;\">：</span></span></p><p style=\"background: rgb(255, 255, 255); padding: 0px; text-align: left; line-height: 18px; text-indent: 24px; margin-top: 0px; margin-bottom: 0px;\"><span style=\"background: rgb(255, 255, 255); letter-spacing: 0px;\"><span style=\"font-family: 宋体;\">&nbsp;&nbsp;&nbsp;&nbsp;&nbsp;&nbsp;&nbsp;&nbsp;任意时间均可申请。</span></span></p><p style=\"background: rgb(255, 255, 255); padding: 0px; text-align: left; line-height: 18px; text-indent: 24px; margin-top: 0px; margin-bottom: 0px;\"><span style=\"background: rgb(255, 255, 255); letter-spacing: 0px;\"></span><span style=\"font-family: 宋体;\"><span style=\"background: rgb(255, 255, 255); letter-spacing: 0px;\">&nbsp;</span><span style=\"background: rgb(255, 255, 255); letter-spacing: 0px;\">二、</span><span style=\"background: rgb(255, 255, 255); letter-spacing: 0px;\">工作日提现处理</span><span style=\"background: rgb(255, 255, 255); letter-spacing: 0px;\">时间</span><span style=\"background: rgb(255, 255, 255); letter-spacing: 0px;\">：</span></span></p><p style=\"background: rgb(255, 255, 255); padding: 0px; text-align: left; line-height: 18px; text-indent: 24px; margin-top: 0px; margin-bottom: 0px;\"><span style=\"font-family: 宋体;\"><span style=\"background: rgb(255, 255, 255); letter-spacing: 0px;\">&nbsp;&nbsp;&nbsp;&nbsp;&nbsp;&nbsp;&nbsp;&nbsp;1、</span><span style=\"background: rgb(255, 255, 255); letter-spacing: 0px;\">上午10：20和下午4：20分2次集中统一</span><span style=\"background: rgb(255, 255, 255); letter-spacing: 0px;\">处理所有提现申请；</span></span></p><p style=\"background: rgb(255, 255, 255); padding: 0px; text-align: left; line-height: 18px; text-indent: 24px; margin-top: 0px; margin-bottom: 0px;\"><span style=\"font-family: 宋体;\"><span style=\"background: rgb(255, 255, 255); letter-spacing: 0px;\">&nbsp;&nbsp;&nbsp;&nbsp;&nbsp;&nbsp;&nbsp;&nbsp;2、</span><span style=\"background: rgb(255, 255, 255); letter-spacing: 0px;\">下午4</span><span style=\"background: rgb(255, 255, 255); letter-spacing: 0px;\">:20</span><span style=\"background: rgb(255, 255, 255); letter-spacing: 0px;\">&nbsp;</span><span style=\"background: rgb(255, 255, 255); letter-spacing: 0px;\">之后的提现申请，</span><span style=\"background: rgb(255, 255, 255); letter-spacing: 0px;\">将在</span><span style=\"background: rgb(255, 255, 255); letter-spacing: 0px;\">次日</span><span style=\"background: rgb(255, 255, 255); letter-spacing: 0px;\">&nbsp;</span><span style=\"background: rgb(255, 255, 255); letter-spacing: 0px;\">上午</span><span style=\"background: rgb(255, 255, 255); letter-spacing: 0px;\">10:2</span><span style=\"background: rgb(255, 255, 255); letter-spacing: 0px;\">0</span><span style=\"background: rgb(255, 255, 255); letter-spacing: 0px;\">&nbsp;</span><span style=\"background: rgb(255, 255, 255); letter-spacing: 0px;\">集中统一</span><span style=\"background: rgb(255, 255, 255); letter-spacing: 0px;\">处理；</span></span></p><p style=\"background: rgb(255, 255, 255); padding: 0px; text-align: left; line-height: 18px; text-indent: 24px; margin-top: 0px; margin-bottom: 0px;\"><span style=\"font-family: 宋体;\"><span style=\"background: rgb(255, 255, 255); letter-spacing: 0px;\">&nbsp;&nbsp;&nbsp;&nbsp;&nbsp;&nbsp;&nbsp;&nbsp;3、周日及法定节假日</span><span style=\"background: rgb(255, 255, 255); letter-spacing: 0px;\">，</span><span style=\"background: rgb(255, 255, 255); letter-spacing: 0px;\">&nbsp;所有提现申请将在</span><span style=\"background: rgb(255, 255, 255); letter-spacing: 0px;\">下一</span><span style=\"background: rgb(255, 255, 255); letter-spacing: 0px;\">个工作日</span><span style=\"background: rgb(255, 255, 255); letter-spacing: 0px;\">&nbsp;</span><span style=\"background: rgb(255, 255, 255); letter-spacing: 0px;\">10:20</span><span style=\"background: rgb(255, 255, 255); letter-spacing: 0px;\">&nbsp;</span><span style=\"background: rgb(255, 255, 255); letter-spacing: 0px;\">开始进行统一审核处理。</span></span></p><p style=\"background: rgb(255, 255, 255); padding: 0px; text-align: left; line-height: 18px; text-indent: 24px; margin-top: 0px; margin-bottom: 0px;\"><span style=\"font-family: 宋体;\"><span style=\"background: rgb(255, 255, 255); letter-spacing: 0px;\">&nbsp;&nbsp;&nbsp;&nbsp;&nbsp;&nbsp;&nbsp;&nbsp;4、网银转账后，实际到账时间根据打款银行、地区以及日期（工作日、法定节假日）的不同，到账时间会有所差异，一般到账时间不超过24小时。对转账时间如有疑问，可直接联系</span><span style=\"background: rgb(255, 255, 255); letter-spacing: 0px;\">在线</span><span style=\"background: rgb(255, 255, 255); letter-spacing: 0px;\">客服</span><span style=\"background: rgb(255, 255, 255); letter-spacing: 0px;\">。&nbsp;</span></span></p><p style=\"background: rgb(255, 255, 255); padding: 0px; text-align: left; line-height: 18px; text-indent: 24px; margin-top: 0px; margin-bottom: 0px;\"><span style=\"background: rgb(255, 255, 255); letter-spacing: 0px;\"><span style=\"font-family: 宋体;\">&nbsp;</span></span></p><p style=\"background: rgb(255, 255, 255); padding: 0px; text-align: left; line-height: 18px; text-indent: 24px; margin-top: 0px; margin-bottom: 0px;\"><span style=\"background: rgb(255, 255, 255); letter-spacing: 0px;\"><span style=\"font-family: 宋体;\">&nbsp;三、提现限额</span></span></p><p style=\"background: rgb(255, 255, 255); padding: 0px; text-align: left; line-height: 18px; text-indent: 24px; margin-top: 0px; margin-bottom: 0px;\"><span style=\"background: rgb(255, 255, 255); letter-spacing: 0px;\"><span style=\"font-family: 宋体;\">&nbsp;&nbsp;&nbsp;&nbsp;&nbsp;&nbsp;&nbsp;&nbsp;提现最低金额100元，单笔最高45000元，提现次数不限。</span></span></p><p style=\"background: none repeat scroll 0% 0% rgb(255, 255, 255); padding: 0px; text-align: left; line-height: 18px; text-indent: 24px; margin-top: 0px; margin-bottom: 0px;\"><span style=\"font-family: 宋体;\"><span style=\"background: rgb(255, 255, 255); letter-spacing: 0px;\">&nbsp;&nbsp;&nbsp;&nbsp;</span><span style=\"background: rgb(255, 255, 255); letter-spacing: 0px;\">&nbsp;</span><span style=\"background: rgb(255, 255, 255); letter-spacing: 0px;\">&nbsp;&nbsp;</span><span style=\"background: rgb(255, 255, 255); letter-spacing: 0px; font-family:;\">&nbsp;提现申请收取提现金额的千1.5（含还款的金额）</span></span></p>');
INSERT INTO `node_body` VALUES ('7377f74756e44c30a59f60eaa462624a', '<p>　　平台是由北京中汇凯天投资有限公司运营的信贷平台，是一个以小额借贷为主要产品，为借贷两端搭建公平、透明、安全、高效的互联网金融平台。平台采用第三方进行资金托管确保用户资金安全流转，同时平台对借款人采用线下审核机制充分保障投资者权益，投资者可通过平台获取年化8%-12%的高收益。</p><p>　　平台9月震撼上线，100元做投资家，收益完胜其他理财产品，预期收益最高超过活期存款利息48倍，稳赚不赔，实力担保公司100%本金收益保障。</p><p>　　平台优势：</p><p>　　公司实力</p><p>　　平台总部是一家集金融、贸易、生产、投资四大产业为主体的大型企业集团;在中国大陆、香港及古巴等国家和地区拥有十余家参控股企业;在国内建立了8个区域总部基地，在40多个城市建立了营销与服务网络;截止到2014年总部旗下的金融业务板块管理的资产规模总和超过180亿元人民币;被投企业资产总额达860亿元人民币;销售总额达200亿元人民币。</p><p>　　服务产品优势</p><p>　　五大核心产品强势组合，财富飙升无可匹敌!</p><p>　　1、民间借贷---财富安全增值保证!</p><p>　　“抵押+担保”式的资金信息服务系统，迅速给借贷双方进行资金信息配对，安全合法。</p><p>　　2、私募股权--实现财富稳增、预期收益!</p><p>　　为拥有优质项目需大额资金注入的资金需求方提供资源整合、方案设计等咨询、投资特色服务;为具有小额闲散资金而无法对接大型优质项目需投资理财的理财客户提供方案分析等咨询、担保、资产委托管理的复合服务。</p><p>　　3、同业居间---让民间金融资源快速对接!</p><p>　　可外包可委托。外包，通过与银行等正规金融机构合作，为国内个人、企业或其他机构，提供低息、便利、高效和多样化的贷款咨询服务;委托，接受企业、其他机构或个人等放贷人的委托，为放贷人提供合法、合规的委托贷款服务。</p><p>　　4、理财投资服务--风险可控、获得较高的利息</p><p>　　发发贷应市场需求，定期推出风险可控、安全高效的理财产品，收益超过银行理财产品的6倍。</p><p>　　5、财富管理----第三方财富管理平台，您的专属财富管理中心</p><p>　　由资深金融专业人士构成，主要业务有：1、国内外金融产品“超市”;2、IPO;3、全球基金定投;</p><p><br/></p>');
INSERT INTO `node_body` VALUES ('73a7a444eda54fecb3b0a46e4b6d05ae', '<p>　　发发贷为有闲散资金和理财需求的投资人和有融资需求但缺乏融资渠道的借款人搭建桥梁。平台采用O2O结合P2P模式，借助线下业务团队发掘优质借款人，经过严格的风控审核程序和抵押手续将项目信息移植到线上，供全国各地的线上理财人投标。</p><p>　　<span style=\"color: rgb(255, 0, 0);\">发发贷依托专业的投资公司背景和正规的经营模式</span>，通过与第三方合作机构合作,将借贷的低风险和网络借贷的便捷性完美融合，建立完善的信息中介平台，交易对象为个人和中小微企业，线上与线下互动、互助共赢的民间资本优化配置平台。</p><p>　　同时配备优秀的贷后管理团队。目前，发发贷已与<span style=\"color: rgb(255, 0, 0);\">光大银行</span>签约托管风险备用金协议，如发生借款项目逾期，该资金账户将保障投资人本金及利息。</p><p style=\"text-align: center;\"><img alt=\"发发贷平台原理\" src=\"/upload/11461411616033465.png\" title=\"]KB{`%H)T`U]($P5J0YTEM0.png\"/></p><p><br/></p>');
INSERT INTO `node_body` VALUES ('7b1be84dbe794acca84efba4e0bb8730', '<p>　　发发贷平台是由北京中汇凯天投资有限公司运营的信贷平台，是一个以小额借贷为主要产品，为借贷两端搭建公平、透明、安全、高效的互联网金融平台。(www.sky9518.com)。</p><p>　　地址：北京市朝阳区光华路7号汉威大厦19B6室</p><p style=\"TEXT-ALIGN: center\"><img src=\"http://api.map.baidu.com/staticimage?center=116.461238,39.919723&zoom=18&width=530&height=340&markers=116.4614,39.919412\" width=\"530\" height=\"340\"/></p><p><strong>　　全国统一热线：400-087-5858</strong></p><p><strong>　　电话：010-52510606</strong></p><p><strong>　　传真：010-52510609</strong></p><p>　　在线客服咨询：</p><p>　　客服QQ群服务：</p><p>　　商务合作：如果您有意向与我们建立合作关系，请描述合作意向并发送到。fafadai@sky9518.com，我们的工作人员会尽快与您联系;或直接致电400-087-5858。</p><p>　　媒体咨询：如果您有采访需求，请将媒体名称、采访提纲、联系方式发送到 fafadai@sky9518.com，我们会尽快与您联系，提供专业及时的媒介服务;或直接致电 400-087-5858。</p><p>　　关注我们：</p><p>　　微博地址：<a title=\"发发贷新浪微博\" href=\"http://weibo.com/u/5266810961\" target=\"_self\">新浪微博</a>、<a title=\"发发贷腾讯微博\" href=\"http://t.qq.com/fafadai7740\" target=\"_self\">腾讯微博</a></p><p>　　微信二维码</p><p>&nbsp;</p>');
INSERT INTO `node_body` VALUES ('7e1e03844696433c9833463c91a8a0ed', '<p style=\"text-align: left;\"><a href=\"http://iof.hexun.com/\" target=\"_blank\">互联网金融</a>风风火火走过了将近9个年头，在这9年里，P2P<a href=\"http://p2p.hexun.com/\" target=\"_blank\">网贷</a>投资人的数量也是与日俱增。近日，傻瓜理财网联合微<a href=\"http://funds.hexun.com/smjj/\" target=\"_blank\">私募</a>开展了2014年网贷投资者问卷调查，结果显示，80后工薪阶层已成为P2P网贷平台投资主力军。而且随着资本市场的火爆，越来越多的投资人开始转向配资平台，为股票高手借款。据微私募统计，截至2014年底，我国P2P网贷行业投资人超过200万人，且近两年以来呈几何倍数增长，2015年，网贷人数很有可能快速增长到500万，甚至更高。</p><p style=\"text-align: left;\">　　都是哪些人在玩P2P？</p><p style=\"text-align: left;\">　　众所周知，对于传统投资理财，高收入、高学历的男性投资人是主力军。但在P2P网贷投资领域，由于投资门槛较低，一块钱就可以进行投资，P2P网贷的主要特色之一就是低门槛，小额本金也可参与，与银行理财一般5万元起的门槛相比，草根投资人占据主力。</p><p style=\"text-align: left;\">　　根据微私募统计，参与P2P理财的投资者中，工薪阶层及中低收入人群70%以上的比例，多数是企业员工，月收入普遍在5000元。80后俨然成网贷投资主力军，并且普遍具有较好的教育背景。</p><p style=\"text-align: left;\">　　从性别上看，作为传统投资主力的男性虽然仍占据绝对优势，但是女性比重显著上升。2014年投资人男女比例近4：1，而2013年这个比例为6：1，未来差距仍将进一步缩小。</p><p style=\"text-align: left;\">　　从地域上看，经济发达地区网贷投资热情度相对较高，其中广东地区投资人占比达15.82%，但从另一个角度来说，经济相对欠发达的地区更具有潜力。</p><p style=\"text-align: left;\">　　投资人开始转向股票配资平台</p><p style=\"text-align: left;\">　　相比较于前两年投资人疯狂追求高息，如今的投资人显然更加理性，特别是近期暴雷不断，其中还不乏里外贷这样的“原子弹”级别，投资人愈发看重资金安全，12%-15%的中等利息平台更受青睐。而随着股市的火爆，各类P2P配资平台也层出不穷，由于此类网站提供的理财产品利息高、时间短而且百分百有股票做担保，由于股票具有超高流动性，无论是利息还是本金，安全性极高。</p><p style=\"text-align: left;\">　　同时“打新一族”更加谨慎，70%的投资人对于新上线平台表示需要观察;而仅4.76%的投资人专注打新。与2013年相比，“打新族”比例下降明显，投资人在新平台投资态度上更为谨慎，但投资人普遍看好P2P网贷市场的未来。</p><p style=\"text-align: left;\">　　投资人偏好短期投资。以做P2P配资业务为特色的平台微私募为例，平台用户中有近六成的投资人选择期限在1月之内的投资标的，超过四分之三的投资人更加愿意投资3个月以内的标的，而仅占3.84%的投资人选择投资长期项目。</p><p style=\"text-align: left;\">　　整体来看，2014年网贷市场虽然雷声不断，但仅有不到四分之一的投资人有过“踩雷”经历，绝大多数投资人依然看好中国P2P市场的发展。</p><p style=\"text-align: left;\">　　P2P平台需要做什么？</p><p style=\"text-align: left;\">　　2015年行业整体利率继续降低已是大势所趋，在收益同质化的时代争取投资人将更加考验平台的实力。</p><p style=\"text-align: left;\">　　投资人最看重的就是资金安全，平台的运作需要更加透明、更加阳光。特别是对于逾期、呆账、坏账的具体情况以及相关等凭证，应该向投资人开放。</p><p style=\"text-align: left;\">　　其次，投资人的投资体验也很重要。看起来高大上的用户界面、简单流畅的操作体验、简明扼要的产品介绍都会成为吸引更多投资人的砝码。</p><p style=\"text-align: left;\">　　对于一些中小平台，更需要的是深耕细分市场，做出自己的特色。微私募负责人表示，P2P行业对于各个细分人群、资产等行业，都将有一定的空间，平台未来会呈现获得风投或者背景的大平台与小而美共存的现象。P2P平台之间的竞争将是持续的，并且还将与其他金融产品竞争。因此，P2P平台必须在做好风控的基础上，将用户体验做到极致，满足不同用户理财需求。</p><p>&nbsp;</p>');
INSERT INTO `node_body` VALUES ('800d6511804249aabe02cde30f7fe607', '<p style=\"line-height:29px\"><span style=\"font-family:&#39;微软雅黑&#39;,&#39;sans-serif&#39;;color:#2A2A2A\">&nbsp;</span></p><p style=\"line-height: 29px\"><strong><span style=\"font-size:15px;font-family: &#39;微软雅黑&#39;,&#39;sans-serif&#39;;color:#2A2A2A\">1.</span></strong><strong><span style=\"font-size:15px;font-family:&#39;微软雅黑&#39;,&#39;sans-serif&#39;;color:#2A2A2A\">我该如何发起借款？1</span></strong></p><p style=\"margin: 0 0 0;line-height: 29px\"><span style=\"font-size:13px;font-family:&#39;微软雅黑&#39;,&#39;sans-serif&#39;;color:#2A2A2A\">注册/登录—通过账户安全认证—发起借款申请</span></p><p style=\"line-height: 29px\"><strong><span style=\"font-size:15px;font-family: &#39;微软雅黑&#39;,&#39;sans-serif&#39;;color:#2A2A2A\">2.</span></strong><strong><span style=\"font-size:15px;font-family:&#39;微软雅黑&#39;,&#39;sans-serif&#39;;color:#2A2A2A\">我需要什么样的资格能够成为借款人？</span></strong></p><p style=\"line-height: 29px\"><span style=\"font-size:13px;font-family:&#39;微软雅黑&#39;,&#39;sans-serif&#39;;color:#2A2A2A\">任何符合“诚汇贷”审核要求的用户均可以成为借款人，具体审核要求根据不同借款类型而有所区分。点击查看详细</span></p><p style=\"line-height: 29px\"><strong><span style=\"font-size:15px;font-family: &#39;微软雅黑&#39;,&#39;sans-serif&#39;;color:#2A2A2A\">3.</span></strong><strong><span style=\"font-size:15px;font-family:&#39;微软雅黑&#39;,&#39;sans-serif&#39;;color:#2A2A2A\">借款的期限与还款方式是如何确定的？</span></strong></p><p style=\"line-height: 29px\"><span style=\"font-size:13px;font-family:&#39;微软雅黑&#39;,&#39;sans-serif&#39;;color:#2A2A2A\">目前可供选择的借款期限3个月、6个月、9个月、12个月、18个月、24个月。有按月等额本息还款、按月等额本金还款、按月付息到期还本三种还款方式。</span></p><p style=\"line-height: 29px\"><strong><span style=\"font-size:15px;font-family: &#39;微软雅黑&#39;,&#39;sans-serif&#39;;color:#2A2A2A\">4.</span></strong><strong><span style=\"font-size:15px;font-family:&#39;微软雅黑&#39;,&#39;sans-serif&#39;;color:#2A2A2A\">利率如何确定？</span></strong></p><p style=\"line-height: 29px\"><span style=\"font-size:13px;font-family:&#39;微软雅黑&#39;,&#39;sans-serif&#39;;color:#2A2A2A\">非竞标利率：诚汇贷鼓励借款用户根据自身情况，参照网站指定的相应借款利率下限及近期的成交借款利率自行设定。</span></p><p style=\"line-height: 29px\"><span style=\"font-size:13px;font-family:&#39;微软雅黑&#39;,&#39;sans-serif&#39;;color:#2A2A2A\">竞标利率：项目募集期投资人竞标利率，系统将所有投资按照利率由低到高排序（若利率相同，按照投标时间由早到晚），直至满足项目需求金额。加权计算这部分金额的利率即为竞标利率。</span></p><p style=\"line-height: 29px\"><strong><span style=\"font-size:15px;font-family: &#39;微软雅黑&#39;,&#39;sans-serif&#39;;color:#2A2A2A\">5.</span></strong><strong><span style=\"font-size:15px;font-family:&#39;微软雅黑&#39;,&#39;sans-serif&#39;;color:#2A2A2A\">何种计息方式？</span></strong></p><p style=\"line-height: 29px\"><span style=\"font-size:13px;font-family:&#39;微软雅黑&#39;,&#39;sans-serif&#39;;color:#2A2A2A\">计息方式按照单利计算，分按月等额本息、按月等额本金、按月付息到期还本两种</span></p><p style=\"line-height: 29px\"><strong><span style=\"font-size:15px;font-family: &#39;微软雅黑&#39;,&#39;sans-serif&#39;;color:#2A2A2A\">6.</span></strong><strong><span style=\"font-size:15px;font-family:&#39;微软雅黑&#39;,&#39;sans-serif&#39;;color:#2A2A2A\">借款的流程是什么样的？</span></strong></p><p style=\"line-height: 29px\"><span style=\"font-size:13px;font-family:&#39;微软雅黑&#39;,&#39;sans-serif&#39;;color:#2A2A2A\">新用户注册—安全信息认证(针对个人借款用户)—发起借款申请—提交认证材料—审核—发标并募集—放款。需要注意:发标后，项目有关的一切信息便不能更改。</span></p><p style=\"line-height: 29px\"><strong><span style=\"font-size:15px;font-family: &#39;微软雅黑&#39;,&#39;sans-serif&#39;;color:#2A2A2A\">7.</span></strong><strong><span style=\"font-size:15px;font-family:&#39;微软雅黑&#39;,&#39;sans-serif&#39;;color:#2A2A2A\">需要多久内提交所需材料？</span></strong></p><p style=\"line-height: 29px\"><span style=\"font-size:13px;font-family:&#39;微软雅黑&#39;,&#39;sans-serif&#39;;color:#2A2A2A\">一般情况下，至开始审核结束前均可以提交申请所需材料</span></p><p style=\"line-height: 29px\"><strong><span style=\"font-size:15px;font-family: &#39;微软雅黑&#39;,&#39;sans-serif&#39;;color:#2A2A2A\">8.</span></strong><strong><span style=\"font-size:15px;font-family:&#39;微软雅黑&#39;,&#39;sans-serif&#39;;color:#2A2A2A\">保证金是什么？</span></strong></p><p style=\"line-height: 29px\"><span style=\"font-size:13px;font-family:&#39;微软雅黑&#39;,&#39;sans-serif&#39;;color:#2A2A2A\">借款人在发起借款申请时，需要向账户注入借款额度2%的保证金，并被冻结。在项目结束后会返还。</span></p><p style=\"line-height: 29px\"><strong><span style=\"font-size:15px;font-family: &#39;微软雅黑&#39;,&#39;sans-serif&#39;;color:#2A2A2A\">9.</span></strong><strong><span style=\"font-size:15px;font-family:&#39;微软雅黑&#39;,&#39;sans-serif&#39;;color:#2A2A2A\">审核时间需要多久？</span></strong></p><p style=\"line-height: 29px\"><span style=\"font-size:13px;font-family:&#39;微软雅黑&#39;,&#39;sans-serif&#39;;color:#2A2A2A\">提交材料结束后的1-3天</span></p><p style=\"line-height: 29px\"><strong><span style=\"font-size:15px;font-family: &#39;微软雅黑&#39;,&#39;sans-serif&#39;;color:#2A2A2A\">10.</span></strong><strong><span style=\"font-size:15px;font-family:&#39;微软雅黑&#39;,&#39;sans-serif&#39;;color:#2A2A2A\">我该如何申请担保借款？</span></strong></p><p style=\"line-height: 29px\"><span style=\"font-size:13px;font-family:&#39;微软雅黑&#39;,&#39;sans-serif&#39;;color:#2A2A2A\">借款人需要通过符合诚汇贷担保借款审核</span></p><p style=\"line-height: 29px\"><strong><span style=\"font-size:15px;font-family: &#39;微软雅黑&#39;,&#39;sans-serif&#39;;color:#2A2A2A\">11.</span></strong><strong><span style=\"font-size:15px;font-family:&#39;微软雅黑&#39;,&#39;sans-serif&#39;;color:#2A2A2A\">何时开始放款？</span></strong></p><p style=\"line-height: 29px\"><span style=\"font-size:13px;font-family:&#39;微软雅黑&#39;,&#39;sans-serif&#39;;color:#2A2A2A\">个人借款的放款时间为募集期到期/项目满标（取二者中较先实现的一个）下一个工作日的12:00之前</span></p><p style=\"line-height: 29px\"><span style=\"font-size:13px;font-family:&#39;微软雅黑&#39;,&#39;sans-serif&#39;;color:#2A2A2A\">企业借款的放款时间为第二个工作日前</span></p><p style=\"line-height: 29px\"><strong><span style=\"font-size:15px;font-family: &#39;微软雅黑&#39;,&#39;sans-serif&#39;;color:#2A2A2A\">12.</span></strong><strong><span style=\"font-size:15px;font-family:&#39;微软雅黑&#39;,&#39;sans-serif&#39;;color:#2A2A2A\">何时开始计息？</span></strong></p><p style=\"line-height: 29px\"><span style=\"font-size:13px;font-family:&#39;微软雅黑&#39;,&#39;sans-serif&#39;;color:#2A2A2A\">放款日起，采用日单利计息</span></p><p style=\"line-height: 29px\"><strong><span style=\"font-size:15px;font-family: &#39;微软雅黑&#39;,&#39;sans-serif&#39;;color:#2A2A2A\">13.</span></strong><strong><span style=\"font-size:15px;font-family:&#39;微软雅黑&#39;,&#39;sans-serif&#39;;color:#2A2A2A\">发标后是否可以修改借款信息？</span></strong></p><p style=\"line-height: 29px\"><span style=\"font-size:13px;font-family:&#39;微软雅黑&#39;,&#39;sans-serif&#39;;color:#2A2A2A\">按照诚汇贷为保障用户的权益，这项行为是不可以的</span></p><p style=\"line-height: 29px\"><strong><span style=\"font-size:15px;font-family: &#39;微软雅黑&#39;,&#39;sans-serif&#39;;color:#2A2A2A\">14.</span></strong><strong><span style=\"font-size:15px;font-family:&#39;微软雅黑&#39;,&#39;sans-serif&#39;;color:#2A2A2A\">发标以后撤标会否有惩罚？</span></strong></p><p style=\"line-height: 29px\"><span style=\"font-size:13px;font-family:&#39;微软雅黑&#39;,&#39;sans-serif&#39;;color:#2A2A2A\">有，借款项目在发标后撤标，投资人所有被冻结的资金解除冻结状态，借款人需要向参与投标的投资人（非竞标借款为所有参与投资的人，竞标借款为利率由低到高排序不 超过借款金额的那部分投资人）支付投资额的1%的违约金，向网站支付借款额1%的违约金，违约金直接从冻结的借款额度2%的保证金中扣除，剩余保证金解 冻，此举会影响借款人信用</span></p><p style=\"margin: 0 0 0;line-height: 29px\"><span style=\"font-size:14px;font-family:&#39;微软雅黑&#39;,&#39;sans-serif&#39;;color:#2A2A2A\">&nbsp;</span></p><p>&nbsp;</p><p><br/></p>');
INSERT INTO `node_body` VALUES ('812dd392fa8347c3b9f65294a4924784', '<p>平台规则平台规则平台规则平台规则平台规则平台规则平台规则平台规则平台规则平台规则平台规则平台规则</p>');
INSERT INTO `node_body` VALUES ('9a4bc4b6d5e94cf5bb6075f85689ade0', '<p>借款协议借款协议借款协议借款协议借款协议借款协议借款协议借款协议借款协议借款协议借款协议</p>');
INSERT INTO `node_body` VALUES ('9a852dc6993d4ec882a65f9a349be351', '<p>dsfsdf</p>');
INSERT INTO `node_body` VALUES ('9bdeeb4ab6ac45a3a70d4b6da04d955c', '<p><span style=\";font-weight:bold;font-size:14px;font-family:&#39;宋体&#39;\">高收益</span></p><p><span style=\";font-size:14px;font-family:&#39;宋体&#39;\">发发贷在过去的一年里，平均年化收益<span style=\"font-family:Times New Roman\">****</span><span style=\"font-family:宋体\">以上，是银行活期的&nbsp;倍。假设您在一年前就投资发发贷</span><span style=\"font-family:Times New Roman\">10</span><span style=\"font-family:宋体\">万元，那么您降得到的本息为</span><span style=\"font-family:Times New Roman\">****</span><span style=\"font-family:宋体\">以上。</span></span></p><p><span style=\";font-size:14px;font-family:&#39;宋体&#39;\">&nbsp;</span></p><p><span style=\";font-weight:bold;font-size:14px;font-family:&#39;宋体&#39;\">门槛低</span></p><p><span style=\";font-size:14px;font-family:&#39;宋体&#39;\">在发发贷理财，就算您只有</span><span style=\";color:rgb(255,0,0);font-size:14px;font-family:&#39;宋体&#39;\">****</span><span style=\";font-size:14px;font-family:&#39;宋体&#39;\">元，也可轻松享有<span style=\"font-family:Times New Roman\">****</span><span style=\"font-family:宋体\">以上的收益回报。</span></span></p><p><span style=\";font-size:14px;font-family:&#39;宋体&#39;\">&nbsp;</span></p><p><span style=\";font-weight:bold;font-size:14px;font-family:&#39;宋体&#39;\">高效便捷</span></p><p><span style=\";font-size:14px;font-family:&#39;宋体&#39;\">无论您身在何处，都能随时随地的感受发发贷理财的便携性。发发贷官网、发发贷手机站、发发贷公众微信号。</span></p><p><span style=\";font-size:14px;font-family:&#39;宋体&#39;\">&nbsp;</span></p><p><span style=\";font-weight:bold;font-size:14px;font-family:&#39;宋体&#39;\">自由规划</span></p><p><span style=\";font-size:14px;font-family:&#39;宋体&#39;\">我喜欢短期投资，这样资金流动性好；我喜欢长期理财，因为我没时间操作；<span style=\"font-family:Times New Roman\">1</span><span style=\"font-family:宋体\">月、</span><span style=\"font-family:Times New Roman\">2</span><span style=\"font-family:宋体\">个月、</span><span style=\"font-family:Times New Roman\">3</span><span style=\"font-family:宋体\">个月、</span><span style=\"font-family:Times New Roman\">6</span><span style=\"font-family:宋体\">个月、</span><span style=\"font-family:Times New Roman\">1</span><span style=\"font-family:宋体\">年、</span><span style=\"font-family:Times New Roman\">3</span><span style=\"font-family:宋体\">年、自动投标，不同理财期限的标的，满足理财人的不同需求。</span></span></p><p><span style=\";font-size:14px;font-family:&#39;宋体&#39;\">&nbsp;</span></p><p><span style=\";font-weight:bold;font-size:14px;font-family:&#39;宋体&#39;\">对比其他行业理财</span></p><p><span style=\"font-size:14px;font-family:&#39;宋体&#39;\">1、</span><span style=\";font-size:14px;font-family:&#39;宋体&#39;\">银行活期：</span></p><p><span style=\";font-size:14px;font-family:&#39;宋体&#39;\">&nbsp;&nbsp;&nbsp;年化收益<span style=\"font-family:Times New Roman\">0.35%</span><span style=\"font-family:宋体\">、无亏损性、提现随时、银行担保、年化收益较低；</span></span></p><p><span style=\"font-size:14px;font-family:&#39;宋体&#39;\">2、</span><span style=\";font-size:14px;font-family:&#39;宋体&#39;\">余额宝：</span></p><p><span style=\";font-size:14px;font-family:&#39;宋体&#39;\">&nbsp;&nbsp;&nbsp;年化收益<span style=\"font-family:Times New Roman\">4.5-5.5%</span><span style=\"font-family:宋体\">、亏损性很小、提现</span><span style=\"font-family:Times New Roman\">1-3</span><span style=\"font-family:宋体\">天到账、无担保公司、年化收益较低；</span></span></p><p><span style=\"font-size:14px;font-family:&#39;宋体&#39;\">3、</span><span style=\";font-size:14px;font-family:&#39;宋体&#39;\">发发贷：</span></p><p><span style=\";font-size:14px;font-family:&#39;宋体&#39;\">&nbsp;&nbsp;&nbsp;年化收益8%<span style=\"font-family:宋体\">以上、</span><span style=\"font-family:Times New Roman\">100%</span><span style=\"font-family:宋体\">本息保障、提现当天到账、发发贷风险保障金、年化收益较高。</span></span></p><p><br/></p>');
INSERT INTO `node_body` VALUES ('a0b217d1c74645159b86cc13a0e145e2', '<p><img src=\"/upload/56041393557955961.jpg\" title=\"照片_副本.jpg\"/></p>');
INSERT INTO `node_body` VALUES ('a2089c8f72024e8f99b6f934c2a1bf48', '<p>借款管理借款管理借款管理借款管理借款管理借款管理借款管理借款管理借款管理</p>');
INSERT INTO `node_body` VALUES ('a39d94b749e2435789ae58f7181d94ed', '<p style=\"line-height:29px\"><strong><span style=\"font-size:15px;font-family:&#39;微软雅黑&#39;,&#39;sans-serif&#39;;color:#2A2A2A\">1.</span></strong><strong><span style=\"font-size:15px;font-family:&#39;微软雅黑&#39;,&#39;sans-serif&#39;;color:#2A2A2A\">在诚汇贷上的借贷是合法的么？</span></strong></p><p style=\"line-height: 29px\"><span style=\"font-family:&#39;微软雅黑&#39;,&#39;sans-serif&#39;;color:#2A2A2A\">&nbsp; &nbsp;&nbsp;</span><span style=\"font-family:&#39;微软雅黑&#39;,&#39;sans-serif&#39;;color:#2A2A2A\">《合 同法》第196条规定了“借款合同是借款人向贷款人借款，到期返还借款并支付利息的合同”, 保障了民间借贷的合法性，而 第424条规定了“居间合同是 居间人向委托人报告订立合同的机会或者提供订立合同的媒介服务，委托人支付报酬的合同”，也保障了诚汇贷这样的中介机构的合法性。</span></p><p style=\"line-height: 29px\"><strong><span style=\"font-size:15px;font-family: &#39;微软雅黑&#39;,&#39;sans-serif&#39;;color:#2A2A2A\">2.</span></strong><strong><span style=\"font-size:15px;font-family:&#39;微软雅黑&#39;,&#39;sans-serif&#39;;color:#2A2A2A\">在诚汇贷上投资所获得的收益是合法的么？</span></strong></p><p style=\"text-indent: 25px;line-height: 29px\"><span style=\"font-family:&#39;微软雅黑&#39;,&#39;sans-serif&#39;;color:#2A2A2A\">最 高人民法院《关于人民法院审理借贷案件的若干意见》第6条：&quot;民间借贷的利率可以适当高于银行的利率，各地人民法院可以根据本地区的实际情况具体掌握，但 最高不得超过银行同类贷款利率的四倍，（包含利率本款）。超出此限度的，超出部分的利息不予保护&quot;。诚汇贷上的贷款利率保证小于银行同类贷款利率的四 倍，因此用户所获的收益是受法律保护的。</span></p><p style=\"line-height: 29px\"><strong><span style=\"font-size:15px;font-family: &#39;微软雅黑&#39;,&#39;sans-serif&#39;;color:#2A2A2A\">3.</span></strong><strong><span style=\"font-size:15px;font-family:&#39;微软雅黑&#39;,&#39;sans-serif&#39;;color:#2A2A2A\">电子合同的合法性</span></strong></p><p style=\"text-indent: 25px;line-height: 29px\"><span style=\"font-family:&#39;微软雅黑&#39;,&#39;sans-serif&#39;;color:#2A2A2A\">《合 同法》和《电子签名法》的规定，当事人可以采用合同书、信件和数据电文（包括电报、电传、传真、电子数据交换和电子邮件）等形式订立合同，并通过以电子形式所含、所附用于识别签名人身份并表明签名人认可其中内容的数据电文等电子签名方式进行签署，当事人不能仅因合同采用电子签名、数据电文的形式就否定其法 律效力。</span></p><p style=\"line-height: 29px\"><strong><span style=\"font-size:15px;font-family: &#39;微软雅黑&#39;,&#39;sans-serif&#39;;color:#2A2A2A\">4.</span></strong><strong><span style=\"font-size:15px;font-family:&#39;微软雅黑&#39;,&#39;sans-serif&#39;;color:#2A2A2A\">我的借款会不会因网站运营变动而变动？</span></strong></p><p style=\"text-indent: 25px;line-height: 25px\"><span style=\"font-family:&#39;微软雅黑&#39;,&#39;sans-serif&#39;;color:#2A2A2A\">在诚汇贷，借入者和借出者之间通过签订电子协议的方式确定双方的权利义务，诚汇贷起中介作用，因此诚汇贷的任何变动，均不影响已达成的借款协议的合法性、有效性，协议受法律保护，诚汇贷也会在需要时候提供协助。</span></p><p>&nbsp;</p><p><br/></p>');
INSERT INTO `node_body` VALUES ('a3fe6a21c13548708d2c9fb2f7412dc4', '<p style=\"text-align: left;\">近几年，<a href=\"http://iof.hexun.com/\" target=\"_blank\">互联网金融</a>的发展有目共睹。中小P2P金融平台如雨后春笋般野蛮生长的同时，行业内也迎来了“跑路潮”。这一切无论好坏，都是因为行业不规范所造成的。</p><p style=\"text-align: left;\">　　随着行业制度的整体逐渐完善，各方趋于理性。P2P平台也在将逐渐为自身打造出巧而精的服务特色，也就是P2P平台的垂直化发展趋势。</p><p style=\"text-align: left;\">　　投资者知道，鸡蛋不能放在一个篮子里；贷款者相信，多试试总有机会；平台则在寻找他们更容易把控的客户群。互联网时代，尤其是移动互联时代，大而全意味着什么都做不好。门户网站又有几家呢？并且绝大部分P2P公司的实力恐怕难以支撑自身做到任何领域都有涉足的大平台。</p><p style=\"text-align: left;\">　　另一方面，P2P<a href=\"http://p2p.hexun.com/\" target=\"_blank\">网贷</a>平台最初出现于<a href=\"http://news.hexun.com/usa/index.html\" target=\"_blank\">美国</a>，其最大优势在于美国拥有完善的信用体系，而我国仅是服务于信贷市场的征信体系尚无建立。所以平台要想长久稳健的发展，必然需要开发出有效的风控手段。专门服务一个行业，是可以对这个行业进行深度了解的，同时也就有了相对的风险把控能力。任何行业也都会在成熟后，逐渐进行市场细分再细分，在找到自己发展的市场，捕捉到目标客户群，得出有效的风险管理策略，为投资者提供安全稳定的收益，才能事半功倍，走上可持续发展道路。</p><p style=\"text-align: left;\">　　下面让我们来看看垂直模式的利好：</p><p style=\"text-align: left;\">　　有利未来行业竞争：今天的P2P平台正在向产业单一化转变，无论环保，电商，还是教育，<a href=\"http://travel.hexun.com/\" target=\"_blank\">旅游</a>行业等都现出了专门为本行业内企业展开融资服务的平台。相信未来P2P平台竞争的不是规模，而是核心竞争力，而核心竞争力需要平台专业化、精细化发展。</p><p style=\"text-align: left;\">　　便于寻找优质项目：针对一个领域发展业务，会更便捷，更便捷的同时，也就大大提升了获得优质项目的机会。并且，在一个产业链上一般以中小企业数量较多，他们更需要融资，所以服务对象也就较多。</p><p style=\"text-align: left;\">　　大幅提高风险把控：当平台对某一行业进行长期专注的服务，对这个行业也就有了整体运作流程的认识，必然很大程度上确保及时、全面、准确的收集信息，也就大大提升了风险把控的能力。</p><p style=\"text-align: left;\">　　有了某一领域的专业化金融服务，又能更容易的找到优质项目，还能把控风险，这样才是金融产品存在的价值，又可以兼顾到投资回报的意义。</p><p>&nbsp;</p>');
INSERT INTO `node_body` VALUES ('a47956bbda0e4211909a5a86c5fecaed', '<p style=\"text-align: left;\">2015年1月1日，国内知名P2P行业门户网“网贷之家”正式对外发布了《中国P2P网贷行业2014年度运营简报》。依据对中国网贷行业的长期关注与研究，结合2014年P2P网贷行业的发展变化，该报告从平台数量、网贷成交量、贷款余额、利率、期限、投资及借款人等多项网贷核心数据指标，对网贷行业进行了概览。</p><p style=\"text-align: left;\">　　1. 网贷平台数量：全国P2P平台1575家 2014年新上线平台超900家</p><p style=\"text-align: left;\">　　截至2014年年底，我国网贷运营平台达1575家。网贷之家指出，相对2013年的爆发式增长，由于2014年问题平台不断涌现（12月单月问题平台数量达92家），正常运营的网贷平台增长速度有所减缓，月均复合增长率为5.43%，绝对增量已经超过2013年。</p><p style=\"text-align: center;\"><img style=\"margin: 4px auto; border: 1px solid rgb(0, 0, 0); border-image: none; text-align: center;\" alt=\"图1 各年网贷运营平台数量\" src=\"/upload/1428658626628.jpg\"/></p><p style=\"text-align: left;\">　　数据显示，2014年新上线的网贷平台超900家（含问题平台），这些平台平均注册资金约为2784万元，相对于2013年的1357万元，增长了1倍。2014年新上线平台的注册资金多数介于1000万-5000万之间，占比高达61%，注册资金在1亿以上的平台多达48家。</p><p style=\"text-align: center;\"><img style=\"margin: 4px auto; border: 1px solid rgb(0, 0, 0); border-image: none; text-align: center;\" alt=\"2014年P2P新上线平台超900家 累计成交量2528亿\" src=\"/upload/1428658626816.jpg\"/></p><p style=\"text-align: left;\">　　此外，运营平台主要分布在金融、IT业较为发达的沿海地区，其中广东、浙江、北京、山东、上海、江苏位居前六位，占全国总平台数量的71.30%。随着网贷行业逐渐被<a href=\"http://data.auto.hexun.com/logo/8/\" target=\"_blank\">大众</a>所了解，四川、安徽、重庆等内陆省份，网贷行业得到快速发展。</p><p style=\"text-align: center;\"><img style=\"margin: 4px auto; border: 1px solid rgb(0, 0, 0); border-image: none; text-align: center;\" alt=\"2014年P2P新上线平台超900家 累计成交量2528亿\" src=\"/upload/1428658626972.jpg\"/></p><p style=\"text-align: left;\">　　值得一提的是，2014年以来，银行、国资、上市公司、风投资本不断涌入网贷行业，加速网贷行业布局。据不完全统计，网贷行业获得风投青睐的平台多达29家；上市公司、国资国企入股的平台，均为17家；银行背景平台达12家。</p><p style=\"text-align: center;\"><img style=\"margin: 4px auto; border: 1px solid rgb(0, 0, 0); border-image: none; text-align: center;\" alt=\"2014年P2P新上线平台超900家 累计成交量2528亿\" src=\"/upload/1428658627081.jpg\"/></p><p style=\"text-align: left;\">　　另据网贷之家研究院统计，2014年全年问题平台达275家，是2013年的3.6倍，12月问题平台高达92家，超过去年全年问题平台数量。年底，受经济和金融大环境影响，借款人逾期、展期现象频繁，加之一系列平台倒闭和股市走牛影响，投资人纷纷撤出资金，网贷行业面临高兑付压力，许多平台被曝光出现提现困难。</p><p style=\"text-align: center;\"><img style=\"margin: 4px auto; border: 1px solid rgb(0, 0, 0); border-image: none; text-align: center;\" alt=\"2014年P2P新上线平台超900家 累计成交量2528亿\" src=\"/upload/1428658627175.jpg\"/></p><p style=\"text-align: left;\">　　2. 网贷成交量：全年累计成交量达2528亿元</p><p style=\"text-align: left;\">　　成交量是行业整体规模变动的先行指标。截止2014年底，中国网贷行业有史以来累计成交量超过3829亿元。2014年网贷行业成交量以月均10.99%的速度增加，全年累计成交量高达2528亿元，是2013年的2.39倍。</p><p style=\"text-align: center;\"><img style=\"margin: 4px auto; border: 1px solid rgb(0, 0, 0); border-image: none; text-align: center;\" alt=\"2014年P2P新上线平台超900家 累计成交量2528亿\" src=\"/upload/1428658627347.jpg\"/></p><p style=\"text-align: left;\">　　3. 网贷行业贷款余额达1036亿元 陆金所、红岭<a href=\"http://pe.hexun.com/\" target=\"_blank\">创投</a>、人人贷位居前三位</p><p style=\"text-align: left;\">　　截至2014年12月底，我国网贷行业总体贷款余额达1036亿元，是2013年的3.87倍。除去银行存款，相比其他成熟的固定收益市场，网贷行业的规模仍然十分微小。</p><p style=\"text-align: left;\">　　贷款余额，也称待收金额，指平台目前在贷的尚未还款的本金(不计利息)。贷款余额是衡量平台借贷规模和安全程度的重要指标。</p><p style=\"text-align: center;\"><img style=\"margin: 4px auto; border: 1px solid rgb(0, 0, 0); border-image: none; text-align: center;\" alt=\"2014年P2P新上线平台超900家 累计成交量2528亿\" src=\"/upload/1428658627456.jpg\"/></p><p style=\"text-align: left;\">　　数据显示，北京、广东、上海、浙江、江苏、山东六省的12月底网贷贷款余额位于前六位，累计贷款余额达903.21亿元，占全国的87.18%。网贷贷款余额在5亿以上的平台达36家，占全国的58.82%，陆金所、红岭创投、人人贷贷款余额位居前三位。</p><p style=\"text-align: center;\"><img style=\"margin: 4px auto; border: 1px solid rgb(0, 0, 0); border-image: none; text-align: center;\" alt=\"2014年P2P新上线平台超900家 累计成交量2528亿\" src=\"/upload/1428658627613.jpg\"/></p><p style=\"text-align: left;\">　　4. 利率：2014年网贷总体综合收益率17.86%</p><p style=\"text-align: left;\">　　2014年网贷总体综合收益率为17.86%。自3月以来，网贷行业单月综合收益率呈现持续下跌趋势，平均下降速度为每月56个基点（1基点=0.01%）。截至12月底，网贷单月综合收益率跌至16.08%。</p><p style=\"text-align: left;\">　　网贷之家研究院预计，2015年，利率下滑幅度将有所收窄，相对于其他投资渠道，P2P网贷平台的收益率仍将具有很强的吸引力。</p><p style=\"text-align: center;\"><img style=\"margin: 4px auto; border: 1px solid rgb(0, 0, 0); border-image: none; text-align: center;\" alt=\"2014年P2P新上线平台超900家 累计成交量2528亿\" src=\"/upload/1428658627800.jpg\"/></p><p style=\"text-align: left;\">　　5. 期限：2014年网贷行业平均借款期限6.12个月</p><p style=\"text-align: left;\">　　2014年网贷行业平均借款期限为6.12个月。行业平均借款期限主要受一些成交量较大且平均借款期限在半年以上的平台，如陆金所、积木盒子和人人贷等平台影响。按月来看，平均借款期限从1月的5.37个月上涨至12月的6.88个月，除2月及12月外，总体上趋涨。</p><p style=\"text-align: center;\"><img style=\"margin: 4px auto; border: 1px solid rgb(0, 0, 0); border-image: none; text-align: center;\" alt=\"2014年P2P新上线平台超900家 累计成交量2528亿\" src=\"/upload/1428658627910.jpg\"/></p><p style=\"text-align: left;\">　　6. 2014年网贷行业投资人116万人 借款人63万人</p><p style=\"text-align: left;\">　　据《中国P2P网贷行业2014年度运营简报》数据，2014年网贷行业投资人数与借款人数分别达116万人和63万人，较2013年分别增加364%和320%，网贷行业人气急速蹿升。</p><p style=\"text-align: center;\"><img style=\"margin: 4px auto; border: 1px solid rgb(0, 0, 0); border-image: none; text-align: center;\" alt=\"2014年P2P新上线平台超900家 累计成交量2528亿\" src=\"/upload/1428658628003.jpg\"/></p>');
INSERT INTO `node_body` VALUES ('af937b7d4f284b03b8e62a099f51c6e9', '<p>　　9月23日，2014年度的胡润百富榜发布。</p><p>　　刚携阿里巴巴[微博]在美国上市的马云[微博]及其家族，以1500亿元财富首次问鼎中国内地首富，这也是胡润百富榜创立16年以来的第11位中国内地首富，60岁的王健林及其家族以1450亿元财富退居第二。</p><center><img src=\"/upload/85071411631149037.jpg\" title=\"211674732.jpg\"/></center><p>　　马云财富高出王健林50亿元成中国内地首富，但万达上市后座次或重排</p><p>　　羊城晚报记者发现，今年的榜单上，“广东帮”表现引人注目，47岁的河源人李河君是今年榜单上“大黑马”，以1250亿元财富与宗庆后及其家族并列第三。从富豪们企业总部所在地来看，广东省仍为第一。此外，今年首次有“90后”登上榜单，这位最年轻的上榜企业家是广州中海达(18.150, \r\n0.41, 2.31%)廖定海之子廖文，年仅21岁。</p><p>　　首富座次年内可能有变</p><p>　　过去一年，中国全年GDP比上年增长7.7%，创业板、上证指数、恒生指数和纳斯达克[微博]指数分别上涨104%、71%、61%和9%。</p><p>　　与此同时，榜单显示，有1271位企业家财富达到20亿元及以上，比去年增加254人。前10名的上榜门槛比去年提高20%，达到450亿。前1000名的上榜门槛从去年的20亿提高到24亿。上榜百亿富豪人数已经达到176位，10年前只有1位。千亿富豪人数从去年的2位增加到6位。10亿美金富豪人数从去年的315位增加到354位，有17个地区新首富。</p><p>　　得益于阿里巴巴在美国成功上市，50岁的马云及其家族以1500亿元首次问鼎中国首富，财富比去年增长5倍。胡润介绍，阿里巴巴目前市值14000亿元左右，马云的财富能够排到胡润全球富豪榜前25名。</p><p>　　60岁的王健林及其家族以1450亿元财富退居第二，财富比去年增长7%。值得一提的是，“中国首富”的座次年内可能就会出现变化。最近，王健林全资持有的大连万达[微博]集团已向港交所提交上市申请，有报道称万达集资额将达60亿美元。在今年年初，马化腾抢走王健林首富头衔时，王健林曾叫板：“等我们上市再看看，今年年底可能就上市了。”</p><p>　　他还透露过，今年的目标是力争推旗下1-2家主要公司上市。</p><p>　　企业总部数广东仍为第一</p><p>　　财富榜前十名中的“大黑马”，当属河源人、47岁汉能集团董事局主席兼首席执行官李河君，最近的财富增长近9倍，是今年财富涨幅最大的企业家，他以1250亿元首入前三。69岁的宗庆后及其家族以1250亿元财富并列第三，财富比去年增长9%。排在随后的前十位富豪，分别是马化腾、李彦宏夫妇、严介和父子、严彬、刘强东和雷军[微博]。</p><p>　　胡润百富董事长兼首席调研员胡润认为，前十名中连续两年有5位新人，体现了中国经济的活力，分别是首富马云、排名第三的李河君、排名第七的严介和、严昊父子、排名第九的刘强东和排名第十的雷军。涉足IT行业的富豪人数最多，达5位;而去年人数最多的房地产行业从6位减少到2位。</p><p>　　从企业总部所在地来看，广东省仍为第一，有230位企业家，比去年增加60位;北京仍为第二，有191位企业家，比去年增加38位;浙江省位居第三，有151位，比去年增加20位。</p><p>　　8位“80后”白手起家富豪上榜</p><p>　　本次榜单另一个突出亮点，是少壮派企业家的大量出现。少壮派企业家，指的是年龄小于40岁的企业家，本次上榜共有62人。其中26人白手起家，36人是继承财富。</p><p>　　本次榜单上，有2位白手起家的少壮派十亿美金富豪。他们分别是31岁聚美优品的陈欧和34岁好未来的张邦鑫。前者以财富120亿，成为最年轻的白手起家的十亿美金富豪，后者财富63亿。</p><p>　　总的来说，有8位“80后”白手起家富豪登上今年胡润百富榜。</p><p>　　同陈欧一起创业的戴雨森，现年28岁。今年5月聚美优品上市后，戴雨森一跃成为80后亿万富翁，他也是本次榜单上最年轻的白手起家富豪。</p><p>　　“90后”首次出现在胡润百富榜上。这位最年轻的上榜企业家，是广州中海达廖定海之子廖文，年仅21岁。次之的是26岁的江苏鱼跃医疗(28.14, \r\n-0.31, -1.09%)吴光明之子吴群、滨江房产戚金兴之子戚加奇以及江苏银邦股份(17.860, 0.76, 4.44%)沈健生之子沈于蓝。</p><p>　　记者查询有关资料发现，广州中海达卫星导航技术股份有限公司是国内测绘地理信息技术装备领域第一家、也是迄今为止唯一一家上市企业，专业从事GNSS研发、生产、销售。廖定海和廖文父子的上榜资产，为25亿元，排在百富榜第933位。根据该公司官网和今年中报信息，中海达成立于1999年，专注测绘与地理信息领域。2014年上半年，中海达营业收入超过2亿7380万元，较去年同期增长32.39%，昨天收盘股价17.28元。</p><p>　　福布斯最年轻富豪纪凯婷未上榜</p><p>　　很多人还记得在今年3月福布斯公布的全球亿万富豪榜上，成为全球最年轻亿万富豪的24岁中国女孩纪凯婷。但在胡润的榜单上，记者没有找到她的名字。她的父亲纪海鹏，作为龙光地产的董事局主席兼执行长，曾经登上《2013胡润百富榜》第372位。但是，今年的百富榜，房地产行业上榜人数比例降到第二位，从去年的23.5%降到19.8%，前50名总财富减少4%，纪海鹏父女都没有上榜。</p><p><br/></p>');
INSERT INTO `node_body` VALUES ('b1da9ba4b1d647bd9630b0c1f355c250', '<p>积分说明</p>');
INSERT INTO `node_body` VALUES ('b52d55a361b649fab306f1213cd22ed7', '<p><img src=\"/upload/49691393558125636.jpg\" title=\"照片1 004_副本.jpg\"/></p>');
INSERT INTO `node_body` VALUES ('bc3d169e3354482b852566274ba03674', '<p>sdfsdfs</p>');
INSERT INTO `node_body` VALUES ('c11f07ca68e149148cff6b8e04faaaea', '<p>内容自己填<br/></p>');
INSERT INTO `node_body` VALUES ('c361e39eb770421fb3ab7d3ce2675ea8', '<p>资金安全资金安全资金安全资金安全资金安全资金安全资金安全资金安全</p>');
INSERT INTO `node_body` VALUES ('c411af8f9cd34407856b0f9521cc540d', '<p><span style=\"color: rgb(51, 51, 51); font-family: &#39;Helvetica Neue&#39;, Helvetica, Arial, sans-serif; font-size: 12px; background-color: rgb(230, 230, 230);\">担保公司（！勿删）</span></p>');
INSERT INTO `node_body` VALUES ('c63828c7f4c64c04889913805df4bbc1', '<p>　　世界经济正在经历一个低潮，然而全球亿万富翁的人数却达到创纪录的历史最高水平。17日公布的一项最新调查显示，2014年全世界新增155名资产达亿万美元的富豪，总人数升到创纪录的2325名，比2013年上涨7%。</p><p>　　根据财富研究机构Wealth-X和瑞士联合银行(UBS)17日发布的“亿万富翁普查”(Wealth-X and UBS Billionaire \r\nCensus)结果显示，亿万富豪的平均形象应该是男性(男性在“亿万俱乐部”中占88%)，63岁，有两个孩子，身家达到31亿美元。他们中超过半数(54%)靠自己打拼致富，其余的要么是继承财产、要么是继承和自身努力结合。</p><p>　　亿万富翁的定义是净资产超出10亿美元。随着今年全球亿万富翁人数创下历史新高，他们的总资产也上升12%，达到7.3万亿美元，超过道琼斯工业股票平均价格指数所有公司的市场价值总和。报告显示，金融业、银行业、投资和房地产是富豪最集中的领域。</p><p>　　不断壮大的亿万富豪队伍中，美国今年增加最多为57人，占增长总人数的三分之一以上，中国新增33人。区域方面，欧洲超过北美是最多亿万富翁落户的地区，共有775人;但亚洲的亿万富翁总财富增幅最大，比去年多出18.7%。亚洲新增亿万富豪52名，拉美和加勒比海新增42名。非洲亿万富豪的总财富在上升，但人数下降，主要是因为动荡的社会政治局势;类似情况也发生在中东地区。</p><p>　　</p><p>　　将近九成男性亿万富豪都是已婚，6%离婚，3%单身，还有2%为鳏夫。在女性亿万富豪中，已婚者占65%，10%离婚，4%单身，21%丧偶。</p><p>　　截至2014年6月，美国仍然把持着全球亿万富豪最多的国家首位，有571人;中国和英国位列二、三位，分别是190名和130名。过去一年间，印度的亿万富翁人数减少了3%，以100名占据第六位。</p><p>　　瑞士联合银行高净值客户财富管理首席投资官西蒙·斯迈尔斯(Simon \r\nSmiles)指出，富人们押注的一个趋势是像中国这样快速发展的经济体中潜在消费力的增加。他们的这类投资通常通过私募股权或直接投资，而不是公开的市场。</p><p>　　报告还指出，亿万富翁们3%的财富是房地产，典型的亿万富豪都拥有四处房产，每个价值2350万美元。另有2%的财富与所谓的豪华资产联系在一起，包括游艇、飞机、艺术品和体育，30个亿万富豪中就有一人拥有一支运动队或一匹赛马。</p><p><br/></p>');
INSERT INTO `node_body` VALUES ('cb2a2e3e2713480d82aa273f5f96c907', '');
INSERT INTO `node_body` VALUES ('cbc88e3034314114afa7c25c27d6cf1b', '<p>　　十一长假快要来到了，如果你只想选择呆在家里休息，平台理财师建议不妨来理清自己的财务、负债、投资等情况，并为自己制定一份新的个人理财计划，为达到新的理财目标，准备准备迎接新的生活。</p><p style=\"text-align: center;\"><img title=\"十一理财.jpg\" src=\"/upload/39771411627595013.jpg\"/></p><p>　　Day1：统计上半年的月花销，消费分类比</p><p>　　每当中秋节一过，这一年就差不多要过去了。时间过的很快，人也容易忘事。因此，平台理财师建议趁十一长假来整体一下自己财务，制定一份新的理财计划。首先你需要了解清楚自己上半年的每月花销大概多少，那些大额资金花的是否合理。哪方面的消费比较多，衣服买多了?还是电子产品买多了?......到那时你也能体会到理财师经常要求大家一定要记账，是多么的重要。</p><p>　　Day2：理清自己的存款状况，</p><p>　　负债情况</p><p>　　其次，你需要理清自己的存款以及负债情况，了解自己的风险承受能力，为投资做好准备。理财师建议将资产分三份来管理:一份用于生活费方面，可以预备3-6个月的日常生活开支费用，以活期或货币基金方面储备;一份用于储蓄方面，这部分资金就是保底的钱，绝对不能用于投资，以定期方式进行储备;第三份用于投资方面，根据自身的风险承受能力来选择适合自己的投资方式，以此来获得高于储蓄的收益。</p><p>　　Day3：理清自己的投资状况，</p><p>　　了解投资回报比</p><p>　　你还需要理清自己的投资状况，了解投资回报比，看看是否合理，是否能给你带来较高的收益。如果你的风险承受能力较低，最好以国债、银行保本理财产品、固定收益率类产品。反之，风险承受能力较高，可以以结构性理财产品、股票、外汇、期货、贵金属等投资方式为主。</p><p>　　Day4：理清自己的3年理财目标和5年理财目标</p><p>　　有目标才有奋斗的方向。理清自己的3年理财目标和5年理财目标，比如3年要努力赚钱买房，5年要努力赚钱买车等等。目前目标是否达到，还没有达到是什么原因，你是否需要增加收入并调整投资策略等。倘若目标已提前达到，那你就需要制定下一阶段的理财目标了，并制定合理的理财计划。</p><p>　　Day5、6：让自己好好休息两天</p><p>　　看看父母，和朋友一起吃吃饭培养感情，甚至你可以到图书馆看看书放松一下身心，好好休息两天。</p><p>　　Day7：执行理财计划，打起精神迎接新生活</p><p>　　个人理财计划虽然已制定，但理财师提醒大家，后期的坚持不懈的执行力是非常重要的，千万不要“三天打鱼四天晒网”。另外，在执行理财计划的过程中，你还需要根据自己各阶段的财务情况对投资策略进行合理调整才行。</p><p>　　平台是您理财好去处，自主选择财富管理方案，预计年化收益率12%，满足收益需求，轻松获得资金出借乐趣。</p><p><br/></p>');
INSERT INTO `node_body` VALUES ('cc230ec8fe9d4074be5e200bf900f7b7', '<p style=\"line-height: 29px;background-color: white\"><strong><span style=\"font-size:16px;font-family:&#39;微软雅黑&#39;,&#39;sans-serif&#39;;color:#2A2A2A\">1.&nbsp;</span></strong><strong><span style=\"font-size:16px;font-family:&#39;微软雅黑&#39;,&#39;sans-serif&#39;;color:#2A2A2A\">什么是信用等级？有什么作用？</span></strong></p><p style=\"line-height: 29px;background-color: white\"><span style=\";font-family:&#39;微软雅黑&#39;,&#39;sans-serif&#39;;color:#2A2A2A\">&nbsp;</span></p><p style=\"line-height: 29px\"><span style=\";font-family: &#39;微软雅黑&#39;,&#39;sans-serif&#39;;color:#2A2A2A\">信用等级描述借款项目的信用属性，是供投资人判断风险的有力参照，铁信创投的信用等级评定分为如下几档，从左往右信用等级依次递减。详细说明参见各借款项目的《产品说明书》和《风险提示函》&nbsp;</span></p><p style=\"line-height: 46px;border: none;padding: 0\"><span style=\"font-size: 16px;font-family:&#39;微软雅黑&#39;,&#39;sans-serif&#39;;color:#2A2A2A\">2.&nbsp;</span><span style=\"font-size:16px;font-family: &#39;微软雅黑&#39;,&#39;sans-serif&#39;;color:#2A2A2A\">如何获得信用等级认证？</span></p><p style=\"line-height: 29px\"><span style=\";font-family: &#39;微软雅黑&#39;,&#39;sans-serif&#39;;color:#2A2A2A\">点击“发起借款”，选择一种借款项目申请并填写提交相关材料。当借款申请通过审核后即可获得信用等级。</span></p><p style=\"line-height: 46px;border: none;padding: 0\"><span style=\"font-size: 16px;font-family:&#39;微软雅黑&#39;,&#39;sans-serif&#39;;color:#2A2A2A\">3.&nbsp;</span><span style=\"font-size:16px;font-family: &#39;微软雅黑&#39;,&#39;sans-serif&#39;;color:#2A2A2A\">我已提交的某一项认证材料是否可以进行重新提交？</span></p><p style=\"line-height: 29px;background-color: white\"><span style=\";font-family:&#39;微软雅黑&#39;,&#39;sans-serif&#39;;color:#2A2A2A\">可以重新提交该项材料认证。</span></p><p style=\"margin: 13px 0;line-height: 46px;border: none;padding: 0\"><span style=\"font-size: 24px;font-family:&#39;微软雅黑&#39;,&#39;sans-serif&#39;;color:#2A2A2A\">&nbsp;&nbsp;</span></p><p style=\"line-height: 46px;border: none;padding: 0\"><strong><span style=\"font-size:16px;font-family:&#39;微软雅黑&#39;,&#39;sans-serif&#39;;color:#E36C09\">借款审核</span></strong><span style=\"font-size:24px;font-family:&#39;微软雅黑&#39;,&#39;sans-serif&#39;;color:#E36C09\">&nbsp;</span></p><p><span style=\"font-size:16px;font-family:宋体\"> <hr size=\"2\" width=\"100%\" noshade=\"\" style=\"color:#2A2A2A\"/></span> </p><p style=\"line-height: 29px;background-color: white\"><strong><span style=\"font-size:16px;font-family:&#39;微软雅黑&#39;,&#39;sans-serif&#39;;color:#2A2A2A\">1.&nbsp;</span></strong><strong><span style=\"font-size:16px;font-family:&#39;微软雅黑&#39;,&#39;sans-serif&#39;;color:#2A2A2A\">借款审核需要多长时间？</span></strong></p><p style=\"line-height: 29px\"><span style=\";font-family: &#39;微软雅黑&#39;,&#39;sans-serif&#39;;color:#2A2A2A\">审核期限为1-3个工作日，一般在2个工作日内完成。</span></p><p style=\"line-height: 29px\"><span style=\";font-family:&#39;微软雅黑&#39;,&#39;sans-serif&#39;;color:#2A2A2A\">&nbsp;</span></p><p style=\"line-height: 29px\"><strong><span style=\"font-size:16px;font-family:&#39;微软雅黑&#39;,&#39;sans-serif&#39;;color:#2A2A2A\">2.&nbsp;</span></strong><strong><span style=\"font-size:16px;font-family:&#39;微软雅黑&#39;,&#39;sans-serif&#39;;color:#2A2A2A\">审核期间还可以补交认证材料么？</span></strong></p><p style=\"line-height: 29px\"><span style=\";font-family:&#39;微软雅黑&#39;,&#39;sans-serif&#39;;color:#2A2A2A\">&nbsp;</span></p><p style=\"line-height: 29px\"><span style=\";font-family: &#39;微软雅黑&#39;,&#39;sans-serif&#39;;color:#2A2A2A\">不可以，您需要在审核之前交齐全部材料，然后点击“审核”进入审核。</span></p><p style=\"line-height: 46px;border: none;padding: 0\"><span style=\"font-size: 16px;font-family:&#39;微软雅黑&#39;,&#39;sans-serif&#39;;color:#2A2A2A\">3.&nbsp;</span><span style=\"font-size:16px;font-family: &#39;微软雅黑&#39;,&#39;sans-serif&#39;;color:#2A2A2A\">借款审核失败后怎么办？</span></p><p style=\"line-height: 29px\"><span style=\";font-family: &#39;微软雅黑&#39;,&#39;sans-serif&#39;;color:#2A2A2A\">您可以查看邮件或者联系我们的客服了解审核失败的原因，根据提示信息准备补充个人信息或资料,再次申请。</span></p><p style=\"line-height: 46px;border: none;padding: 0\"><span style=\"font-size: 16px;font-family:&#39;微软雅黑&#39;,&#39;sans-serif&#39;;color:#2A2A2A\">4.&nbsp;</span><span style=\"font-size:16px;font-family: &#39;微软雅黑&#39;,&#39;sans-serif&#39;;color:#2A2A2A\">如果审批不通过我的申请资料能否还给我？</span></p><p style=\"line-height: 29px\"><span style=\";font-family: &#39;微软雅黑&#39;,&#39;sans-serif&#39;;color:#2A2A2A\">对此我们感到很抱歉，已上交资料不能退还。您提交的资料我们会绝对保密。</span></p><p>&nbsp;</p><p><br/></p>');
INSERT INTO `node_body` VALUES ('cec34e6d22d24a0cba81ac53ff8f3956', '<p>dsfsdf</p>');
INSERT INTO `node_body` VALUES ('dbf89cf944fd47bfb8162b740bd6ead6', '<p style=\"font: 14px/28px 微软雅黑, ff-tisa-web-pro-1, ff-tisa-web-pro-2, &quot;Lucida Grande&quot;, &quot;Helvetica Neue&quot;, Helvetica, Arial, &quot;Hiragino Sans GB&quot;, &quot;Hiragino Sans GB W3&quot;, &quot;Microsoft YaHei UI&quot;, &quot;Microsoft YaHei&quot;, &quot;WenQuanYi Micro Hei&quot;, sans-serif; margin: 0px 0px 10px; text-align: left; color: rgb(51, 51, 51); text-transform: none; text-indent: 0px; letter-spacing: normal; word-spacing: 0px; white-space: normal; font-size-adjust: none; font-stretch: normal; background-color: rgb(255, 255, 255); -webkit-text-stroke-width: 0px;\"><span style=\"font-family: 宋体;\">&nbsp;近期央行官员首次公开表示，互联网金融有利于引导资金流向小微企业，提供更多金融服务，对其发展持肯定态度。国务院此前专门出台降低企业融资成本指导意见，P2P作为互联网金融的关键部分，可以有效降低交易成本，并达到广覆盖目的，缓解小微企业融资难问题。随着政策扶持和规范化发展，P2P行业将迎来新一轮发展高潮，并呈现出龙头企业份额集中趋势。</span></p><p style=\"font: 14px/28px 微软雅黑, ff-tisa-web-pro-1, ff-tisa-web-pro-2, &quot;Lucida Grande&quot;, &quot;Helvetica Neue&quot;, Helvetica, Arial, &quot;Hiragino Sans GB&quot;, &quot;Hiragino Sans GB W3&quot;, &quot;Microsoft YaHei UI&quot;, &quot;Microsoft YaHei&quot;, &quot;WenQuanYi Micro Hei&quot;, sans-serif; margin: 0px 0px 10px; text-align: left; color: rgb(51, 51, 51); text-transform: none; text-indent: 0px; letter-spacing: normal; word-spacing: 0px; white-space: normal; font-size-adjust: none; font-stretch: normal; background-color: rgb(255, 255, 255); -webkit-text-stroke-width: 0px;\"><span style=\"font-family: 宋体;\">　　央行研究局局长陆磊近日表示，互联网金融就是有利于引导资金流向“小微”、“三农”的金融创新。在互联网技术的推动下，小微企业和普通大众能更便捷地获得金融服务，这个体系有利于更加有效地甄别谁是合格的融资者。在政府大力缓解融资难背景下，互联网金融将是解决该问题的有利工具。另外，2月4日央行征信中心称，为帮助P2P网贷公司实现信贷信息共享、防范信用风险，征信中心通过下属上海资信有限公司建成网络金融征信系统。截至去年12月末，共接入网贷机构370家，收录客户52.4万人。</span></p><p style=\"font: 14px/28px 微软雅黑, ff-tisa-web-pro-1, ff-tisa-web-pro-2, &quot;Lucida Grande&quot;, &quot;Helvetica Neue&quot;, Helvetica, Arial, &quot;Hiragino Sans GB&quot;, &quot;Hiragino Sans GB W3&quot;, &quot;Microsoft YaHei UI&quot;, &quot;Microsoft YaHei&quot;, &quot;WenQuanYi Micro Hei&quot;, sans-serif; margin: 0px 0px 10px; text-align: left; color: rgb(51, 51, 51); text-transform: none; text-indent: 0px; letter-spacing: normal; word-spacing: 0px; white-space: normal; font-size-adjust: none; font-stretch: normal; background-color: rgb(255, 255, 255); -webkit-text-stroke-width: 0px;\"><span style=\"font-family: 宋体;\">　　从央行官员表态和网贷公司纳入征信系统，表明政府对P2P行业发展的逐渐认可，为其后续发展提供了重要的良好政策环境。另外，银监会1月20日宣布自2003年成立以来的首次架构大调整，按照计划，银监会将成立普惠金融部，负责推进银行业普惠金融工作、融资性担保机构、小贷、网贷等，这意味着P2P划归普惠金融部管理。银监会还成立专门部门监管P2P发展，有利于行业规范发展。</span></p><p style=\"font: 14px/28px 微软雅黑, ff-tisa-web-pro-1, ff-tisa-web-pro-2, &quot;Lucida Grande&quot;, &quot;Helvetica Neue&quot;, Helvetica, Arial, &quot;Hiragino Sans GB&quot;, &quot;Hiragino Sans GB W3&quot;, &quot;Microsoft YaHei UI&quot;, &quot;Microsoft YaHei&quot;, &quot;WenQuanYi Micro Hei&quot;, sans-serif; margin: 0px 0px 10px; text-align: left; color: rgb(51, 51, 51); text-transform: none; text-indent: 0px; letter-spacing: normal; word-spacing: 0px; white-space: normal; font-size-adjust: none; font-stretch: normal; background-color: rgb(255, 255, 255); -webkit-text-stroke-width: 0px;\"><span style=\"font-family: 宋体;\">　　P2P行业的发展前景，也吸引了民资、国有资本竞相布局。从海外市场来看，P2P行业已发展较为成熟。在欧美等国家，由于其个人信用体系透明度高，P2P信贷机构非常普遍，美国的Prosper、Lending&nbsp;Club，德国的Auxmoney等，均为著名的P2P网络借贷平台。其中Lending&nbsp;Club也在美国上市，上市后最高市值接近100亿美元。</span></p>');
INSERT INTO `node_body` VALUES ('df288e5f4e4c44c0a2765bdc1ac6eae6', '<p><img src=\"/upload/23501393558058863.jpg\" title=\"000 002_副本.jpg\"/></p>');
INSERT INTO `node_body` VALUES ('e2eaae58e6dd4933aa9e6a2cf53b56bf', '<p>网站服务协议</p>');
INSERT INTO `node_body` VALUES ('e55f743924e9404182e2850f60ce1e8f', '<p>　　发发贷平台是由北京中汇凯天投资有限公司运营的信贷平台，北京中汇凯天投资有限公司是一家综合性金融理财服务机构，于2012年由天凯集团整合旗下金融板块业务，注资9000万正式成立。公司依托于集团公司的雄厚资金，及战略合作伙伴“农投首诚”小额贷款公司以及与多家金融机构，致力于构建扶持加盟商快速发展的优秀融资平台，为加盟商及客户提供一站式的中短期金融解决方案，集团旗下的小额贷款公司可为加盟商及客户提供贷款服务。</p><p>　　<strong>在招职位</strong></p><p>　　客户经理</p><p>　　金融圈里摸爬滚打过，想找客户、爱找客户、能找客户、会找客户，最好是70后80后90后，当然60后我们也不排斥。如果是00后……那您还是好好学习天天向上吧!</p><p>　　项目经理</p><p>　　您可能会问，客户经理和项目经理有啥区别?简单点说吧，项目经理就是比客户经理在金融圈里泡得久一点，经验足一点，客户资源多一点，抗压能力强一点，能带个小团队完成业绩指标。当然，收入也高一点。</p><p>　　业务总监</p><p>　　听上去高大上有木有!!!如果您在证券/银行/保险/基金/信托/期货/投资/这些高大上的圈子里有2年以上经验和客户资源，具备扎实的经济/金融/投资等领域知识，有带领团队、管理运作大额资金的经历就更好了。</p><p>　　客服</p><p>　　发发贷网络借贷平台上云集大量屌丝和土豪，钱多，但人不傻。这个岗位主要从事客户服务，接受各种客户各种投资咨询甚至今天天气如何的答疑解惑(包括但不限于电话/QQ/论坛/face \r\nto \r\nface等形式)。所以我们希望您有一定的耐心和责任心，外加一点亲和力……形象气质身高不是必须要求，但男神女神显然更受客户喜欢。普通话不要求您一级甲等字正腔圆，达到非特定人语音识别系统和识别标准就好。大专以上学历，如果再有点儿金融行业客服工作经验那就非你莫属了!</p><p>　　以上岗位工作地点均在北京</p><p>　　我们为您提供什么?5天*8小时工作制/行业竞争力薪水/带薪年假/免费午餐/五险一金/年度免费体检/团队活动经费/生日基金……额，再留点悬念，其他面谈的时候再告诉您吧!</p><p>　　<strong>联系方式</strong></p><p>　　招聘热线：010-52510606(工作时间：09:00-18:00)</p><p>　　联系人：</p><p>　　请将简历发送至：service@sky9518.com(发送简历时请注明应聘哪个职位!)</p><p>　　发发贷——互联网金融综合性服务第一平台</p><p><br/></p>');
INSERT INTO `node_body` VALUES ('e63258c96d254b44930b790b4a37b2dd', '<p style=\"line-height: 29px\"><strong><span style=\"font-size:15px;font-family:&#39;微软雅黑&#39;,&#39;sans-serif&#39;;color:#2A2A2A\">1.</span></strong><strong><span style=\"font-size:15px;font-family:&#39;微软雅黑&#39;,&#39;sans-serif&#39;;color:#2A2A2A\">什么样的人可以投资？</span></strong></p><p style=\"line-height: 29px\"><span style=\"font-size:13px;font-family:&#39;微软雅黑&#39;,&#39;sans-serif&#39;;color:#2A2A2A\">年龄不限，通过实名认证的合法合规的中国公民（不包含港澳台地区）。</span></p><p style=\"line-height: 29px\"><strong><span style=\"font-size:15px;font-family:&#39;微软雅黑&#39;,&#39;sans-serif&#39;;color:#2A2A2A\">2.</span></strong><strong><span style=\"font-size:15px;font-family:&#39;微软雅黑&#39;,&#39;sans-serif&#39;;color:#2A2A2A\">投标前要关注哪些信息？</span></strong></p><p style=\"line-height: 29px\"><span style=\"font-size:13px;font-family:&#39;微软雅黑&#39;,&#39;sans-serif&#39;;color:#2A2A2A\">（1）该借款的产品说明书（包含借款金额，利息率，借款期限、借款者信用等级等信息）</span></p><p style=\"line-height: 29px\"><span style=\"font-size:13px;font-family:&#39;微软雅黑&#39;,&#39;sans-serif&#39;;color:#2A2A2A\">（2）风险提示函</span></p><p style=\"line-height: 29px\"><span style=\"font-size:13px;font-family:&#39;微软雅黑&#39;,&#39;sans-serif&#39;;color:#2A2A2A\">（3）自身资金账户金额</span></p><p style=\"line-height: 29px\"><strong><span style=\"font-size:15px;font-family:&#39;微软雅黑&#39;,&#39;sans-serif&#39;;color:#2A2A2A\">3.&nbsp;</span></strong><strong><span style=\"font-size:15px;font-family:&#39;微软雅黑&#39;,&#39;sans-serif&#39;;color:#2A2A2A\">加入本息保障还需要另外收取费用么？费率是多少？何时收取？</span></strong></p><p style=\"line-height: 29px\"><span style=\"font-size:13px;font-family:&#39;微软雅黑&#39;,&#39;sans-serif&#39;;color:#2A2A2A\">需要提取一部分利息作为风险准备金，风险准备金率为2%；在每一次还款发生时结算相应费用。</span></p><p style=\"line-height: 29px\"><strong><span style=\"font-size:15px;font-family:&#39;微软雅黑&#39;,&#39;sans-serif&#39;;color:#2A2A2A\">4.&nbsp;</span></strong><strong><span style=\"font-size:15px;font-family:&#39;微软雅黑&#39;,&#39;sans-serif&#39;;color:#2A2A2A\">投标后是否可以取消？</span></strong></p><p style=\"line-height: 29px\"><span style=\"font-size:13px;font-family:&#39;微软雅黑&#39;,&#39;sans-serif&#39;;color:#2A2A2A\">您在投标后不允许取消。若此标满标并放款后，您账户上的冻结金额自动将转入该标借款人账户。若此标流标，则您账户上的冻结金额自动转为用户可用金额。若此标撤标，则您账户上的冻结金额自动转为用户可用金额，还会额外获得您投资此标金额1%的违约金。</span></p><p style=\"line-height: 29px\"><span style=\"font-size:16px;font-family:宋体;color:#2A2A2A\"><br/> </span><strong><span style=\"font-size:15px;font-family:&#39;微软雅黑&#39;,&#39;sans-serif&#39;;color:#2A2A2A\">5.&nbsp;</span></strong><strong><span style=\"font-size:15px;font-family:&#39;微软雅黑&#39;,&#39;sans-serif&#39;;color:#2A2A2A\">如何收取还款？</span></strong></p><p style=\"line-height: 29px\"><span style=\"font-size:13px;font-family:&#39;微软雅黑&#39;,&#39;sans-serif&#39;;color:#2A2A2A\">借款人在规定的还款时间内将钱充值到与诚汇贷合作的第三方支付平台上，诚汇贷系统会发送邮件通知所有理财人借款人已成功还款。理财人可按个人需求选择提现或继续投资。</span></p><p style=\"line-height: 29px\"><span style=\"font-size:13px;font-family:&#39;微软雅黑&#39;,&#39;sans-serif&#39;;color:#2A2A2A\">注：借款人也可能提前偿还全部或部分借款或者在到期日前手动提前偿还借款，请理财人注意查收诚汇贷发出的通知。</span></p><p style=\"line-height: 29px\"><span style=\"font-size:16px;font-family:宋体;color:#2A2A2A\"><br/> </span><strong><span style=\"font-size:15px;font-family:&#39;微软雅黑&#39;,&#39;sans-serif&#39;;color:#2A2A2A\">6.&nbsp;</span></strong><strong><span style=\"font-size:15px;font-family:&#39;微软雅黑&#39;,&#39;sans-serif&#39;;color:#2A2A2A\">借款人逾期还款怎么办？</span></strong></p><p style=\"line-height: 29px\"><span style=\"font-size:13px;font-family:&#39;微软雅黑&#39;,&#39;sans-serif&#39;;color:#2A2A2A\">自逾期开始之后，正常利息停止计算。投资人除去应获本金外，还可获得罚息。</span></p><p style=\"line-height: 29px\"><span style=\"font-size:16px;font-family:宋体;color:#2A2A2A\"><br/> </span><strong><span style=\"font-size:15px;font-family:&#39;微软雅黑&#39;,&#39;sans-serif&#39;;color:#2A2A2A\">7.&nbsp;</span></strong><strong><span style=\"font-size:15px;font-family:&#39;微软雅黑&#39;,&#39;sans-serif&#39;;color:#2A2A2A\">借款逾期后的罚息如何计算？</span></strong></p><p><span style=\";font-family:&#39;微软雅黑&#39;,&#39;sans-serif&#39;;color:#2A2A2A\">逾期每天按照0.5%收取罚金，同时每天产生借款金额*借款利率/365的罚息。<br/> <br/> </span></p><p style=\"line-height: 29px\"><span style=\"font-size:13px;font-family:&#39;微软雅黑&#39;,&#39;sans-serif&#39;;color:#2A2A2A\">诚汇贷有一套完善的催收机制，通过电话短信提醒、上门拜访、法律诉讼等多种方式，有效的保证了平台上绝大部分借款人的及时还款。延迟还款的借款人需按约定交纳罚息和违约金。</span></p><p style=\"line-height: 29px\"><span style=\"font-size:13px;font-family:&#39;微软雅黑&#39;,&#39;sans-serif&#39;;color:#2A2A2A\">此外，企业项目逾期，会有承担责任的第三方担保公司替债务人偿付本息。</span></p><p>&nbsp;</p><p><br/></p>');
INSERT INTO `node_body` VALUES ('edd55153936a4d4aa95eb2b8c422716d', '<p>用户协议用户协议用户协议用户协议用户协议用户协议用户协议用户协议用户协议<br/></p>');
INSERT INTO `node_body` VALUES ('f0c7c242df9344ae8d250c9a925c5690', '<p><img src=\"/upload/85071393558164409.jpg\" title=\"照片1 005_副本.jpg\"/></p>');

-- ----------------------------
-- Table structure for `node_body_history`
-- ----------------------------
DROP TABLE IF EXISTS `node_body_history`;
CREATE TABLE `node_body_history` (
  `id` varchar(32) NOT NULL,
  `create_time` datetime NOT NULL,
  `version` double NOT NULL,
  `body` longtext,
  `node_id` varchar(32) NOT NULL,
  PRIMARY KEY (`id`),
  KEY `FK_node_body_history_node` (`node_id`) USING BTREE,
  CONSTRAINT `node_body_history_ibfk_1` FOREIGN KEY (`node_id`) REFERENCES `node` (`id`)
) ENGINE=InnoDB DEFAULT CHARSET=utf8;

-- ----------------------------
-- Records of node_body_history
-- ----------------------------

-- ----------------------------
-- Table structure for `node_body_node`
-- ----------------------------
DROP TABLE IF EXISTS `node_body_node`;
CREATE TABLE `node_body_node` (
  `node_body_id` varchar(32) NOT NULL,
  `nodes_id` varchar(32) NOT NULL,
  PRIMARY KEY (`node_body_id`,`nodes_id`),
  UNIQUE KEY `nodes_id` (`nodes_id`) USING BTREE,
  KEY `FK29A970824A24D786` (`nodes_id`) USING BTREE,
  KEY `FK29A97082F208FA` (`node_body_id`) USING BTREE,
  CONSTRAINT `node_body_node_ibfk_1` FOREIGN KEY (`nodes_id`) REFERENCES `node` (`id`),
  CONSTRAINT `node_body_node_ibfk_2` FOREIGN KEY (`node_body_id`) REFERENCES `node_body` (`id`)
) ENGINE=InnoDB DEFAULT CHARSET=utf8;

-- ----------------------------
-- Records of node_body_node
-- ----------------------------

-- ----------------------------
-- Table structure for `node_node_attr`
-- ----------------------------
DROP TABLE IF EXISTS `node_node_attr`;
CREATE TABLE `node_node_attr` (
  `node_attr_id` varchar(32) NOT NULL,
  `node_id` varchar(32) NOT NULL,
  PRIMARY KEY (`node_attr_id`,`node_id`),
  KEY `FK_node_prop_node` (`node_id`) USING BTREE,
  CONSTRAINT `node_node_attr_ibfk_1` FOREIGN KEY (`node_attr_id`) REFERENCES `node_attr` (`id`),
  CONSTRAINT `node_node_attr_ibfk_2` FOREIGN KEY (`node_id`) REFERENCES `node` (`id`)
) ENGINE=InnoDB DEFAULT CHARSET=utf8;

-- ----------------------------
-- Records of node_node_attr
-- ----------------------------
INSERT INTO `node_node_attr` VALUES ('index', '00002');
INSERT INTO `node_node_attr` VALUES ('index', 'gongao002');
INSERT INTO `node_node_attr` VALUES ('index', 'gonggao003');
INSERT INTO `node_node_attr` VALUES ('index', 'wangzhanfeiyong');

-- ----------------------------
-- Table structure for `node_type`
-- ----------------------------
DROP TABLE IF EXISTS `node_type`;
CREATE TABLE `node_type` (
  `id` varchar(32) NOT NULL COMMENT '节点的类型，文章还是论坛还是。。。之类的',
  `name` varchar(100) NOT NULL,
  `description` text,
  PRIMARY KEY (`id`)
) ENGINE=InnoDB DEFAULT CHARSET=utf8;

-- ----------------------------
-- Records of node_type
-- ----------------------------
INSERT INTO `node_type` VALUES ('article', '文章', '文章');
INSERT INTO `node_type` VALUES ('case', '成功案例', '');

-- ----------------------------
-- Table structure for `open_auth`
-- ----------------------------
DROP TABLE IF EXISTS `open_auth`;
CREATE TABLE `open_auth` (
  `id` varchar(65) NOT NULL,
  `access_token` varchar(1000) NOT NULL,
  `open_id` varchar(1000) NOT NULL,
  `open_auth_type` varchar(32) DEFAULT NULL,
  `user` varchar(32) DEFAULT NULL,
  PRIMARY KEY (`id`),
  UNIQUE KEY `id` (`id`) USING BTREE,
  KEY `FK5C22CE7D6C680A8A` (`open_auth_type`) USING BTREE,
  KEY `FK5C22CE7D332F40FF` (`user`) USING BTREE,
  CONSTRAINT `open_auth_ibfk_1` FOREIGN KEY (`user`) REFERENCES `user` (`id`),
  CONSTRAINT `open_auth_ibfk_2` FOREIGN KEY (`open_auth_type`) REFERENCES `open_auth_type` (`id`)
) ENGINE=InnoDB DEFAULT CHARSET=utf8;

-- ----------------------------
-- Records of open_auth
-- ----------------------------

-- ----------------------------
-- Table structure for `open_auth_type`
-- ----------------------------
DROP TABLE IF EXISTS `open_auth_type`;
CREATE TABLE `open_auth_type` (
  `id` varchar(32) NOT NULL,
  `description` mediumtext,
  `name` varchar(100) NOT NULL,
  `status` varchar(50) NOT NULL,
  PRIMARY KEY (`id`),
  UNIQUE KEY `id` (`id`) USING BTREE
) ENGINE=InnoDB DEFAULT CHARSET=utf8;

-- ----------------------------
-- Records of open_auth_type
-- ----------------------------
INSERT INTO `open_auth_type` VALUES ('qq', 'qq', 'qq', '开启');
INSERT INTO `open_auth_type` VALUES ('sina_weibo', 'sina_weibo', 'sina_weibo', '开启');

-- ----------------------------
-- Table structure for `operation_type`
-- ----------------------------
DROP TABLE IF EXISTS `operation_type`;
CREATE TABLE `operation_type` (
  `id` varchar(255) NOT NULL,
  `name` varchar(20) DEFAULT NULL,
  PRIMARY KEY (`id`)
) ENGINE=InnoDB DEFAULT CHARSET=utf8;

-- ----------------------------
-- Records of operation_type
-- ----------------------------

-- ----------------------------
-- Table structure for `permission`
-- ----------------------------
DROP TABLE IF EXISTS `permission`;
CREATE TABLE `permission` (
  `id` varchar(32) NOT NULL,
  `name` varchar(100) NOT NULL,
  `description` text,
  PRIMARY KEY (`id`)
) ENGINE=InnoDB DEFAULT CHARSET=utf8;

-- ----------------------------
-- Records of permission
-- ----------------------------
INSERT INTO `permission` VALUES ('1', '财务', '财务');
INSERT INTO `permission` VALUES ('2', '项目发布', '项目');
INSERT INTO `permission` VALUES ('3', '项目审核', '项目审核');
INSERT INTO `permission` VALUES ('4', '文章维护', '');
INSERT INTO `permission` VALUES ('5', '人事', '添加后台用户，删除后台用户');
INSERT INTO `permission` VALUES ('6', '超级管理员', '超级管理员');
INSERT INTO `permission` VALUES ('admin_index', '系统主页', '系统主页');
INSERT INTO `permission` VALUES ('ads_mgr', '广告配置', '广告配置');
INSERT INTO `permission` VALUES ('app_info', '系统信息', '系统信息');
INSERT INTO `permission` VALUES ('AUTO_INVEST', '自动投标', '自动投标');
INSERT INTO `permission` VALUES ('auto_invest_config', '自动投标配置', '自动投标配置');
INSERT INTO `permission` VALUES ('banner_list', '广告管理', '广告管理');
INSERT INTO `permission` VALUES ('bill_check_mgr', '系统对账', '系统对账');
INSERT INTO `permission` VALUES ('bill_mgr', '资金管理', '资金管理');
INSERT INTO `permission` VALUES ('business_config', '业务参数配置', '业务参数配置');
INSERT INTO `permission` VALUES ('CATEGORY_TERM_EDIT', '术语管理编辑/删除', '');
INSERT INTO `permission` VALUES ('category_term_list', '文章分类', '文章分类');
INSERT INTO `permission` VALUES ('CATEGORY_TERM_TYPE_EDIT', '术语类型编辑/删除', null);
INSERT INTO `permission` VALUES ('checkBalance', '余额查询', '余额查询');
INSERT INTO `permission` VALUES ('CONFIG_EDIT', '系统配置\r\n编辑/删除', null);
INSERT INTO `permission` VALUES ('config_list', '配置管理', '配置管理');
INSERT INTO `permission` VALUES ('config_mgr', '配置管理', '配置管理');
INSERT INTO `permission` VALUES ('CONFIG_TYPE_EDIT', '配置类型管理', null);
INSERT INTO `permission` VALUES ('config_type_list', '配置分类', '配置分类');
INSERT INTO `permission` VALUES ('contract_list', '生成合同管理', '生成合同管理');
INSERT INTO `permission` VALUES ('contract_mgr', '合同管理', '合同管理');
INSERT INTO `permission` VALUES ('contract_template_list', '合同模板管理', '合同模板管理');
INSERT INTO `permission` VALUES ('COORDINATIONRATE_EDIT', '利率协调权限', '利率协调人所拥有的权限');
INSERT INTO `permission` VALUES ('CORP', '企业用户', '企业用户');
INSERT INTO `permission` VALUES ('coupon_mgr', '投资券管理', '投资券管理');
INSERT INTO `permission` VALUES ('credit_list', '债权管理', '债权管理');
INSERT INTO `permission` VALUES ('credit_mgr', '债权管理', '债权管理');
INSERT INTO `permission` VALUES ('credit_rating_log_list', '信用评级更改记录', '信用评级更改记录');
INSERT INTO `permission` VALUES ('dict_list', '数据字典管理', '数据字典管理');
INSERT INTO `permission` VALUES ('enterprise_loan_apply_list', '企业借款申请列表', '企业借款申请列表');
INSERT INTO `permission` VALUES ('fee_config', '费率配置', '费率配置');
INSERT INTO `permission` VALUES ('finance_mgr', '财务管理', '财务管理');
INSERT INTO `permission` VALUES ('global_config', '全局配置', '全局配置');
INSERT INTO `permission` VALUES ('GUARANTEE', '担保公司权限', null);
INSERT INTO `permission` VALUES ('guarantee_company_list', '担保公司管理', '担保公司管理');
INSERT INTO `permission` VALUES ('gy', '公共权限', '公共权限');
INSERT INTO `permission` VALUES ('hongbaoshiyong', '使用情况', '使用情况');
INSERT INTO `permission` VALUES ('INACTIVE', '用户未激活', '用户注册后未激活');
INSERT INTO `permission` VALUES ('investment_list', '项目投资明细表', '项目投资明细表');
INSERT INTO `permission` VALUES ('INVESTOR', '投资基本权限', '');
INSERT INTO `permission` VALUES ('invest_transfer_config', '债权转让配置', '债权转让配置');
INSERT INTO `permission` VALUES ('language_list', '语言配置', '语言配置');
INSERT INTO `permission` VALUES ('link_list', '友情链接管理', '友情链接管理');
INSERT INTO `permission` VALUES ('link_type_list', '链接分类管理', '链接分类管理');
INSERT INTO `permission` VALUES ('loan-type_list', '借款类型列表', '借款类型列表');
INSERT INTO `permission` VALUES ('LOANER', '借款基本权限', '');
INSERT INTO `permission` VALUES ('loaner_list', '借款人审核/评级', '借款人审核/评级');
INSERT INTO `permission` VALUES ('loan_add', '发起借款', '发起借款');
INSERT INTO `permission` VALUES ('loan_comment_list', '项目评论管理', '项目评论管理');
INSERT INTO `permission` VALUES ('loan_comment_mgr', '项目评论管理', '项目评论管理');
INSERT INTO `permission` VALUES ('loan_list', '所有的借款', '所有的借款');
INSERT INTO `permission` VALUES ('loan_list_cancel', '已经流标的借款', '已经流标的借款');
INSERT INTO `permission` VALUES ('loan_list_complete', '完成还款的借款', '完成还款的借款');
INSERT INTO `permission` VALUES ('loan_list_raising', '筹款中的借款', '筹款中的借款');
INSERT INTO `permission` VALUES ('loan_list_recheck', '复审的借款', '复审的借款');
INSERT INTO `permission` VALUES ('loan_list_repaying', '还款中的借款', '还款中的借款');
INSERT INTO `permission` VALUES ('loan_list_waiting_verify', '初审的借款', '初审的借款');
INSERT INTO `permission` VALUES ('loan_mgr', '项目管理', '项目管理');
INSERT INTO `permission` VALUES ('loan_mgr_2', '借款管理', '借款管理');
INSERT INTO `permission` VALUES ('loan_overdue', '逾期的借款', '逾期的借款');
INSERT INTO `permission` VALUES ('mail_config', '邮件配置', '邮件配置');
INSERT INTO `permission` VALUES ('marketing_mgr', '营销管理', '营销管理');
INSERT INTO `permission` VALUES ('MENU_EDIT', '菜单编辑/删除', null);
INSERT INTO `permission` VALUES ('menu_list', '菜单管理', '菜单管理');
INSERT INTO `permission` VALUES ('menu_mgr', '菜单管理', '菜单管理');
INSERT INTO `permission` VALUES ('menu_mgr_2', '菜单管理', '菜单管理');
INSERT INTO `permission` VALUES ('MENU_TYPE_EDIT', '菜单类型编辑/删除', '');
INSERT INTO `permission` VALUES ('menu_type_list', '菜单类型', '菜单类型');
INSERT INTO `permission` VALUES ('my_menus', '我的常用功能', '我的常用功能');
INSERT INTO `permission` VALUES ('my_work', '我的工作台', '我的工作台');
INSERT INTO `permission` VALUES ('NODE_EDIT', '文章编辑/删除', null);
INSERT INTO `permission` VALUES ('node_list', '文章管理', '文章管理');
INSERT INTO `permission` VALUES ('node_mgr', '文章管理', '文章管理');
INSERT INTO `permission` VALUES ('node_mgr_2', '文章管理', '文章管理');
INSERT INTO `permission` VALUES ('NODE_TYPE_EDIT', '文章类型', null);
INSERT INTO `permission` VALUES ('PERMISSION_EDIT', '权限编辑/删除', null);
INSERT INTO `permission` VALUES ('permission_list', '权限管理', '权限管理');
INSERT INTO `permission` VALUES ('permission_mgr', '权限管理', '权限管理');
INSERT INTO `permission` VALUES ('point_mgr', '积分管理', '积分管理');
INSERT INTO `permission` VALUES ('queryLoanStatus', '查询标的状态', '查询标的状态');
INSERT INTO `permission` VALUES ('queryMerInfo', '查询商户信息', '查询商户信息');
INSERT INTO `permission` VALUES ('queryTranseq', '查询账单流水', '查询账单流水');
INSERT INTO `permission` VALUES ('queryTransferStatus', '查询交易状态', '查询交易状态');
INSERT INTO `permission` VALUES ('queryUserStatus', '查询用户状态', '查询用户状态');
INSERT INTO `permission` VALUES ('raise_loan_list', '项目列表', '项目列表');
INSERT INTO `permission` VALUES ('raise_mgr', '众筹管理', '众筹管理');
INSERT INTO `permission` VALUES ('recharge_list', '充值记录', '充值记录');
INSERT INTO `permission` VALUES ('recharge_withdraw_mgr', '充值提现', '充值提现');
INSERT INTO `permission` VALUES ('referee', '推荐人管理', '推荐人管理');
INSERT INTO `permission` VALUES ('referee_list', '推荐报表', '推荐报表');
INSERT INTO `permission` VALUES ('referee_mgr', '推荐管理', '推荐管理');
INSERT INTO `permission` VALUES ('repayment_list', '项目还款明细表', '项目还款明细表');
INSERT INTO `permission` VALUES ('ROLE_ADMIN', '管理员基本权限', '拥有此权限的用户才可以成为管理员');
INSERT INTO `permission` VALUES ('ROLE_EDIT', '角色编辑/删除', null);
INSERT INTO `permission` VALUES ('role_list', '角色管理', '角色管理');
INSERT INTO `permission` VALUES ('safe_config', '安全配置', '安全配置');
INSERT INTO `permission` VALUES ('security_mgr', '安全管理', '安全管理');
INSERT INTO `permission` VALUES ('site_config', '站点配置', '站点配置');
INSERT INTO `permission` VALUES ('system_audit', '系统审计', '系统审计');
INSERT INTO `permission` VALUES ('system_bill_list', '系统收益账户', '系统收益账户');
INSERT INTO `permission` VALUES ('system_config', '系统设置', '系统设置');
INSERT INTO `permission` VALUES ('system_refresh', '系统刷新', '系统刷新');
INSERT INTO `permission` VALUES ('system_util', '系统工具', '系统工具');
INSERT INTO `permission` VALUES ('system_util_1', '系统工具', '系统工具');
INSERT INTO `permission` VALUES ('TEST', '测试人员权限', 'TEST');
INSERT INTO `permission` VALUES ('transfer_list', '债权转让明细表', '债权转让明细表');
INSERT INTO `permission` VALUES ('tzjop', '投资卷管理', '投资卷管理');
INSERT INTO `permission` VALUES ('url_mapping_list', 'UrlMapping', 'UrlMapping');
INSERT INTO `permission` VALUES ('USER', '普通用户权限', null);
INSERT INTO `permission` VALUES ('userPointList', '积分管理', '积分管理');
INSERT INTO `permission` VALUES ('user_bill_list', '用户帐户资金', '用户帐户资金');
INSERT INTO `permission` VALUES ('USER_EDIT', '用户编辑/删除', null);
INSERT INTO `permission` VALUES ('user_last_bill_list', '用户账户余额', '用户账户余额');
INSERT INTO `permission` VALUES ('user_list', '用户管理', '用户管理');
INSERT INTO `permission` VALUES ('user_list_vip', 'vip注册记录', 'vip注册记录');
INSERT INTO `permission` VALUES ('user_login_log_list', '用户登录日志', '用户登录日志');
INSERT INTO `permission` VALUES ('user_message', '用户消息', '用户消息');
INSERT INTO `permission` VALUES ('user_message_node_list', '用户消息发送节点', '用户消息发送节点');
INSERT INTO `permission` VALUES ('user_message_template_list', '用户消息发送模板', '用户消息发送模板');
INSERT INTO `permission` VALUES ('user_message_way_list', '用户消息发送方式', '用户消息发送方式');
INSERT INTO `permission` VALUES ('user_mgr', '用户管理', '用户管理');
INSERT INTO `permission` VALUES ('user_mgr_2', '用户管理', '用户管理');
INSERT INTO `permission` VALUES ('user_operate_log_list', '用户操作日志', '用户操作日志');
INSERT INTO `permission` VALUES ('user_safe_config', '账号安全配置', '账号安全配置');
INSERT INTO `permission` VALUES ('VIP', 'VIP', 'VIP');
INSERT INTO `permission` VALUES ('WAIT_CONFIRM', '等待审核', null);
INSERT INTO `permission` VALUES ('withdraw_list_recheck', '待复核提现', '待复核提现');
INSERT INTO `permission` VALUES ('withdraw_list_success', '已经提现', '已经提现');
INSERT INTO `permission` VALUES ('withdraw_list_verify_fail', '审核未通过', '审核未通过');
INSERT INTO `permission` VALUES ('withdraw_list_wait_verify', '待审核提现', '待审核提现');

-- ----------------------------
-- Table structure for `product`
-- ----------------------------
DROP TABLE IF EXISTS `product`;
CREATE TABLE `product` (
  `characteristics` longtext,
  `thumbnail` varchar(255) DEFAULT NULL,
  `id` varchar(32) NOT NULL,
  PRIMARY KEY (`id`),
  KEY `FKED8DCCEFE3F5A9EF` (`id`) USING BTREE,
  CONSTRAINT `product_ibfk_1` FOREIGN KEY (`id`) REFERENCES `node` (`id`)
) ENGINE=InnoDB DEFAULT CHARSET=utf8;

-- ----------------------------
-- Records of product
-- ----------------------------

-- ----------------------------
-- Table structure for `product_picture`
-- ----------------------------
DROP TABLE IF EXISTS `product_picture`;
CREATE TABLE `product_picture` (
  `id` varchar(32) NOT NULL,
  `picture` varchar(300) DEFAULT NULL,
  `product_id` varchar(32) DEFAULT NULL,
  PRIMARY KEY (`id`),
  UNIQUE KEY `id` (`id`) USING BTREE,
  KEY `FK6F0571AE1AE0ED97` (`product_id`) USING BTREE,
  CONSTRAINT `product_picture_ibfk_1` FOREIGN KEY (`product_id`) REFERENCES `product` (`id`)
) ENGINE=InnoDB DEFAULT CHARSET=utf8;

-- ----------------------------
-- Records of product_picture
-- ----------------------------

-- ----------------------------
-- Table structure for `qrtz_blob_triggers`
-- ----------------------------
DROP TABLE IF EXISTS `qrtz_blob_triggers`;
CREATE TABLE `qrtz_blob_triggers` (
  `SCHED_NAME` varchar(120) NOT NULL,
  `TRIGGER_NAME` varchar(200) NOT NULL,
  `TRIGGER_GROUP` varchar(200) NOT NULL,
  `BLOB_DATA` blob,
  PRIMARY KEY (`SCHED_NAME`,`TRIGGER_NAME`,`TRIGGER_GROUP`),
  KEY `SCHED_NAME` (`SCHED_NAME`,`TRIGGER_NAME`,`TRIGGER_GROUP`) USING BTREE,
  CONSTRAINT `qrtz_blob_triggers_ibfk_1` FOREIGN KEY (`SCHED_NAME`, `TRIGGER_NAME`, `TRIGGER_GROUP`) REFERENCES `qrtz_triggers` (`SCHED_NAME`, `TRIGGER_NAME`, `TRIGGER_GROUP`)
) ENGINE=InnoDB DEFAULT CHARSET=utf8;

-- ----------------------------
-- Records of qrtz_blob_triggers
-- ----------------------------

-- ----------------------------
-- Table structure for `qrtz_calendars`
-- ----------------------------
DROP TABLE IF EXISTS `qrtz_calendars`;
CREATE TABLE `qrtz_calendars` (
  `SCHED_NAME` varchar(120) NOT NULL,
  `CALENDAR_NAME` varchar(200) NOT NULL,
  `CALENDAR` blob NOT NULL,
  PRIMARY KEY (`SCHED_NAME`,`CALENDAR_NAME`)
) ENGINE=InnoDB DEFAULT CHARSET=utf8;

-- ----------------------------
-- Records of qrtz_calendars
-- ----------------------------

-- ----------------------------
-- Table structure for `qrtz_cron_triggers`
-- ----------------------------
DROP TABLE IF EXISTS `qrtz_cron_triggers`;
CREATE TABLE `qrtz_cron_triggers` (
  `SCHED_NAME` varchar(120) NOT NULL,
  `TRIGGER_NAME` varchar(200) NOT NULL,
  `TRIGGER_GROUP` varchar(200) NOT NULL,
  `CRON_EXPRESSION` varchar(120) NOT NULL,
  `TIME_ZONE_ID` varchar(80) DEFAULT NULL,
  PRIMARY KEY (`SCHED_NAME`,`TRIGGER_NAME`,`TRIGGER_GROUP`),
  CONSTRAINT `qrtz_cron_triggers_ibfk_1` FOREIGN KEY (`SCHED_NAME`, `TRIGGER_NAME`, `TRIGGER_GROUP`) REFERENCES `qrtz_triggers` (`SCHED_NAME`, `TRIGGER_NAME`, `TRIGGER_GROUP`)
) ENGINE=InnoDB DEFAULT CHARSET=utf8;

-- ----------------------------
-- Records of qrtz_cron_triggers
-- ----------------------------
INSERT INTO `qrtz_cron_triggers` VALUES ('Mscheduler', 'auto_repayment', 'auto_repayment', '0 1 0 * * ? *', 'Asia/Shanghai');
INSERT INTO `qrtz_cron_triggers` VALUES ('Mscheduler', 'loan_overdue_check', 'loan_overdue_check', '0 0 1 * * ? *', 'Asia/Shanghai');
INSERT INTO `qrtz_cron_triggers` VALUES ('Mscheduler', 'refresh_trusteeship_operation', 'refresh_trusteeship_operation', '0 0/2 * * * ? *', 'Asia/Shanghai');

-- ----------------------------
-- Table structure for `qrtz_fired_triggers`
-- ----------------------------
DROP TABLE IF EXISTS `qrtz_fired_triggers`;
CREATE TABLE `qrtz_fired_triggers` (
  `SCHED_NAME` varchar(120) NOT NULL,
  `ENTRY_ID` varchar(95) NOT NULL,
  `TRIGGER_NAME` varchar(200) NOT NULL,
  `TRIGGER_GROUP` varchar(200) NOT NULL,
  `INSTANCE_NAME` varchar(200) NOT NULL,
  `FIRED_TIME` bigint(13) NOT NULL,
  `SCHED_TIME` bigint(13) NOT NULL,
  `PRIORITY` int(11) NOT NULL,
  `STATE` varchar(16) NOT NULL,
  `JOB_NAME` varchar(200) DEFAULT NULL,
  `JOB_GROUP` varchar(200) DEFAULT NULL,
  `IS_NONCONCURRENT` varchar(1) DEFAULT NULL,
  `REQUESTS_RECOVERY` varchar(1) DEFAULT NULL,
  PRIMARY KEY (`SCHED_NAME`,`ENTRY_ID`),
  KEY `IDX_QRTZ_FT_TRIG_INST_NAME` (`SCHED_NAME`,`INSTANCE_NAME`) USING BTREE,
  KEY `IDX_QRTZ_FT_INST_JOB_REQ_RCVRY` (`SCHED_NAME`,`INSTANCE_NAME`,`REQUESTS_RECOVERY`) USING BTREE,
  KEY `IDX_QRTZ_FT_J_G` (`SCHED_NAME`,`JOB_NAME`,`JOB_GROUP`) USING BTREE,
  KEY `IDX_QRTZ_FT_JG` (`SCHED_NAME`,`JOB_GROUP`) USING BTREE,
  KEY `IDX_QRTZ_FT_T_G` (`SCHED_NAME`,`TRIGGER_NAME`,`TRIGGER_GROUP`) USING BTREE,
  KEY `IDX_QRTZ_FT_TG` (`SCHED_NAME`,`TRIGGER_GROUP`) USING BTREE
) ENGINE=InnoDB DEFAULT CHARSET=utf8;

-- ----------------------------
-- Records of qrtz_fired_triggers
-- ----------------------------

-- ----------------------------
-- Table structure for `qrtz_job_details`
-- ----------------------------
DROP TABLE IF EXISTS `qrtz_job_details`;
CREATE TABLE `qrtz_job_details` (
  `SCHED_NAME` varchar(120) NOT NULL,
  `JOB_NAME` varchar(200) NOT NULL,
  `JOB_GROUP` varchar(200) NOT NULL,
  `DESCRIPTION` varchar(250) DEFAULT NULL,
  `JOB_CLASS_NAME` varchar(250) NOT NULL,
  `IS_DURABLE` varchar(1) NOT NULL,
  `IS_NONCONCURRENT` varchar(1) NOT NULL,
  `IS_UPDATE_DATA` varchar(1) NOT NULL,
  `REQUESTS_RECOVERY` varchar(1) NOT NULL,
  `JOB_DATA` blob,
  PRIMARY KEY (`SCHED_NAME`,`JOB_NAME`,`JOB_GROUP`),
  KEY `IDX_QRTZ_J_REQ_RECOVERY` (`SCHED_NAME`,`REQUESTS_RECOVERY`) USING BTREE,
  KEY `IDX_QRTZ_J_GRP` (`SCHED_NAME`,`JOB_GROUP`) USING BTREE
) ENGINE=InnoDB DEFAULT CHARSET=utf8;

-- ----------------------------
-- Records of qrtz_job_details
-- ----------------------------
INSERT INTO `qrtz_job_details` VALUES ('Mscheduler', '20150408000024', 'check_loan_over_expect_time', null, 'com.esoft.jdp2p.schedule.job.CheckLoanOverExpectTime', '0', '0', '0', '0', 0x230D0A23576564204170722030382032303A34313A35382043535420323031350D0A6C6F616E49643D32303135303430383030303032340D0A);
INSERT INTO `qrtz_job_details` VALUES ('Mscheduler', '20150427000056', 'check_loan_over_expect_time', null, 'com.esoft.jdp2p.schedule.job.CheckLoanOverExpectTime', '0', '0', '0', '0', 0x230D0A234D6F6E204170722032372031313A33363A35362043535420323031350D0A6C6F616E49643D32303135303432373030303035360D0A);
INSERT INTO `qrtz_job_details` VALUES ('Mscheduler', '20150427000058', 'check_loan_over_expect_time', null, 'com.esoft.jdp2p.schedule.job.CheckLoanOverExpectTime', '0', '0', '0', '0', 0x230D0A234D6F6E204170722032372031353A35363A33342043535420323031350D0A6C6F616E49643D32303135303432373030303035380D0A);
INSERT INTO `qrtz_job_details` VALUES ('Mscheduler', '20150427000061', 'check_loan_over_expect_time', null, 'com.esoft.jdp2p.schedule.job.CheckLoanOverExpectTime', '0', '0', '0', '0', 0x230D0A234D6F6E204170722032372031363A32363A31302043535420323031350D0A6C6F616E49643D32303135303432373030303036310D0A);
INSERT INTO `qrtz_job_details` VALUES ('Mscheduler', '20150427000063', 'check_loan_over_expect_time', null, 'com.esoft.jdp2p.schedule.job.CheckLoanOverExpectTime', '0', '0', '0', '0', 0x230D0A234D6F6E204170722032372031373A31353A30372043535420323031350D0A6C6F616E49643D32303135303432373030303036330D0A);
INSERT INTO `qrtz_job_details` VALUES ('Mscheduler', '20150427000064', 'check_loan_over_expect_time', null, 'com.esoft.jdp2p.schedule.job.CheckLoanOverExpectTime', '0', '0', '0', '0', 0x230D0A234D6F6E204170722032372031373A31393A30342043535420323031350D0A6C6F616E49643D32303135303432373030303036340D0A);
INSERT INTO `qrtz_job_details` VALUES ('Mscheduler', '20150427000066', 'check_loan_over_expect_time', null, 'com.esoft.jdp2p.schedule.job.CheckLoanOverExpectTime', '0', '0', '0', '0', 0x230D0A234D6F6E204170722032372031373A33363A30342043535420323031350D0A6C6F616E49643D32303135303432373030303036360D0A);
INSERT INTO `qrtz_job_details` VALUES ('Mscheduler', '20150428000069', 'check_loan_over_expect_time', null, 'com.esoft.jdp2p.schedule.job.CheckLoanOverExpectTime', '0', '0', '0', '0', 0x230D0A23547565204170722032382030393A35343A35302043535420323031350D0A6C6F616E49643D32303135303432383030303036390D0A);
INSERT INTO `qrtz_job_details` VALUES ('Mscheduler', '20150428000070', 'check_loan_over_expect_time', null, 'com.esoft.jdp2p.schedule.job.CheckLoanOverExpectTime', '0', '0', '0', '0', 0x230D0A23547565204170722032382031303A33313A30322043535420323031350D0A6C6F616E49643D32303135303432383030303037300D0A);
INSERT INTO `qrtz_job_details` VALUES ('Mscheduler', '20150428000071', 'check_loan_over_expect_time', null, 'com.esoft.jdp2p.schedule.job.CheckLoanOverExpectTime', '0', '0', '0', '0', 0x230D0A23547565204170722032382031303A34333A31372043535420323031350D0A6C6F616E49643D32303135303432383030303037310D0A);
INSERT INTO `qrtz_job_details` VALUES ('Mscheduler', '20150428000072', 'check_loan_over_expect_time', null, 'com.esoft.jdp2p.schedule.job.CheckLoanOverExpectTime', '0', '0', '0', '0', 0x230D0A23547565204170722032382031303A34363A31322043535420323031350D0A6C6F616E49643D32303135303432383030303037320D0A);
INSERT INTO `qrtz_job_details` VALUES ('Mscheduler', '20150428000073', 'check_loan_over_expect_time', null, 'com.esoft.jdp2p.schedule.job.CheckLoanOverExpectTime', '0', '0', '0', '0', 0x230D0A23547565204170722032382031303A35303A31322043535420323031350D0A6C6F616E49643D32303135303432383030303037330D0A);
INSERT INTO `qrtz_job_details` VALUES ('Mscheduler', '20150428000074', 'check_loan_over_expect_time', null, 'com.esoft.jdp2p.schedule.job.CheckLoanOverExpectTime', '0', '0', '0', '0', 0x230D0A23547565204170722032382031313A31353A33362043535420323031350D0A6C6F616E49643D32303135303432383030303037340D0A);
INSERT INTO `qrtz_job_details` VALUES ('Mscheduler', '20150428000075', 'check_loan_over_expect_time', null, 'com.esoft.jdp2p.schedule.job.CheckLoanOverExpectTime', '0', '0', '0', '0', 0x230D0A23547565204170722032382031313A31383A31332043535420323031350D0A6C6F616E49643D32303135303432383030303037350D0A);
INSERT INTO `qrtz_job_details` VALUES ('Mscheduler', '20150428000076', 'check_loan_over_expect_time', null, 'com.esoft.jdp2p.schedule.job.CheckLoanOverExpectTime', '0', '0', '0', '0', 0x230D0A23547565204170722032382031313A31383A33312043535420323031350D0A6C6F616E49643D32303135303432383030303037360D0A);
INSERT INTO `qrtz_job_details` VALUES ('Mscheduler', '20150428000077', 'check_loan_over_expect_time', null, 'com.esoft.jdp2p.schedule.job.CheckLoanOverExpectTime', '0', '0', '0', '0', 0x230D0A23547565204170722032382031313A33373A33352043535420323031350D0A6C6F616E49643D32303135303432383030303037370D0A);
INSERT INTO `qrtz_job_details` VALUES ('Mscheduler', 'auto_repayment', 'auto_repayment', null, 'com.esoft.jdp2p.schedule.job.AutoRepayment', '0', '0', '0', '0', 0x230D0A23547565204D61722031372031313A31353A32342043535420323031350D0A);
INSERT INTO `qrtz_job_details` VALUES ('Mscheduler', 'loan_overdue_check', 'loan_overdue_check', null, 'com.esoft.jdp2p.schedule.job.LoanOverdueCheck', '0', '0', '0', '0', 0x230D0A23547565204D61722031372031313A31353A32352043535420323031350D0A);
INSERT INTO `qrtz_job_details` VALUES ('Mscheduler', 'refresh_trusteeship_operation', 'refresh_trusteeship_operation', null, 'com.esoft.jdp2p.schedule.job.RefreshTrusteeshipOperation', '0', '0', '0', '0', 0x230D0A23547565204D61722031372031313A31353A32332043535420323031350D0A);

-- ----------------------------
-- Table structure for `qrtz_locks`
-- ----------------------------
DROP TABLE IF EXISTS `qrtz_locks`;
CREATE TABLE `qrtz_locks` (
  `SCHED_NAME` varchar(120) NOT NULL,
  `LOCK_NAME` varchar(40) NOT NULL,
  PRIMARY KEY (`SCHED_NAME`,`LOCK_NAME`)
) ENGINE=InnoDB DEFAULT CHARSET=utf8;

-- ----------------------------
-- Records of qrtz_locks
-- ----------------------------
INSERT INTO `qrtz_locks` VALUES ('Mscheduler', 'STATE_ACCESS');
INSERT INTO `qrtz_locks` VALUES ('Mscheduler', 'TRIGGER_ACCESS');

-- ----------------------------
-- Table structure for `qrtz_paused_trigger_grps`
-- ----------------------------
DROP TABLE IF EXISTS `qrtz_paused_trigger_grps`;
CREATE TABLE `qrtz_paused_trigger_grps` (
  `SCHED_NAME` varchar(120) NOT NULL,
  `TRIGGER_GROUP` varchar(200) NOT NULL,
  PRIMARY KEY (`SCHED_NAME`,`TRIGGER_GROUP`)
) ENGINE=InnoDB DEFAULT CHARSET=utf8;

-- ----------------------------
-- Records of qrtz_paused_trigger_grps
-- ----------------------------

-- ----------------------------
-- Table structure for `qrtz_scheduler_state`
-- ----------------------------
DROP TABLE IF EXISTS `qrtz_scheduler_state`;
CREATE TABLE `qrtz_scheduler_state` (
  `SCHED_NAME` varchar(120) NOT NULL,
  `INSTANCE_NAME` varchar(200) NOT NULL,
  `LAST_CHECKIN_TIME` bigint(13) NOT NULL,
  `CHECKIN_INTERVAL` bigint(13) NOT NULL,
  PRIMARY KEY (`SCHED_NAME`,`INSTANCE_NAME`)
) ENGINE=InnoDB DEFAULT CHARSET=utf8;

-- ----------------------------
-- Records of qrtz_scheduler_state
-- ----------------------------
INSERT INTO `qrtz_scheduler_state` VALUES ('Mscheduler', 'AY131226105339Z1430132856970', '1430211588752', '7500');

-- ----------------------------
-- Table structure for `qrtz_simple_triggers`
-- ----------------------------
DROP TABLE IF EXISTS `qrtz_simple_triggers`;
CREATE TABLE `qrtz_simple_triggers` (
  `SCHED_NAME` varchar(120) NOT NULL,
  `TRIGGER_NAME` varchar(200) NOT NULL,
  `TRIGGER_GROUP` varchar(200) NOT NULL,
  `REPEAT_COUNT` bigint(7) NOT NULL,
  `REPEAT_INTERVAL` bigint(12) NOT NULL,
  `TIMES_TRIGGERED` bigint(10) NOT NULL,
  PRIMARY KEY (`SCHED_NAME`,`TRIGGER_NAME`,`TRIGGER_GROUP`),
  CONSTRAINT `qrtz_simple_triggers_ibfk_1` FOREIGN KEY (`SCHED_NAME`, `TRIGGER_NAME`, `TRIGGER_GROUP`) REFERENCES `qrtz_triggers` (`SCHED_NAME`, `TRIGGER_NAME`, `TRIGGER_GROUP`)
) ENGINE=InnoDB DEFAULT CHARSET=utf8;

-- ----------------------------
-- Records of qrtz_simple_triggers
-- ----------------------------
INSERT INTO `qrtz_simple_triggers` VALUES ('Mscheduler', '20150408000024', 'check_loan_over_expect_time', '0', '0', '0');
INSERT INTO `qrtz_simple_triggers` VALUES ('Mscheduler', '20150427000056', 'check_loan_over_expect_time', '0', '0', '0');
INSERT INTO `qrtz_simple_triggers` VALUES ('Mscheduler', '20150427000058', 'check_loan_over_expect_time', '0', '0', '0');
INSERT INTO `qrtz_simple_triggers` VALUES ('Mscheduler', '20150427000061', 'check_loan_over_expect_time', '0', '0', '0');
INSERT INTO `qrtz_simple_triggers` VALUES ('Mscheduler', '20150427000063', 'check_loan_over_expect_time', '0', '0', '0');
INSERT INTO `qrtz_simple_triggers` VALUES ('Mscheduler', '20150427000064', 'check_loan_over_expect_time', '0', '0', '0');
INSERT INTO `qrtz_simple_triggers` VALUES ('Mscheduler', '20150427000066', 'check_loan_over_expect_time', '0', '0', '0');
INSERT INTO `qrtz_simple_triggers` VALUES ('Mscheduler', '20150428000069', 'check_loan_over_expect_time', '0', '0', '0');
INSERT INTO `qrtz_simple_triggers` VALUES ('Mscheduler', '20150428000070', 'check_loan_over_expect_time', '0', '0', '0');
INSERT INTO `qrtz_simple_triggers` VALUES ('Mscheduler', '20150428000071', 'check_loan_over_expect_time', '0', '0', '0');
INSERT INTO `qrtz_simple_triggers` VALUES ('Mscheduler', '20150428000072', 'check_loan_over_expect_time', '0', '0', '0');
INSERT INTO `qrtz_simple_triggers` VALUES ('Mscheduler', '20150428000073', 'check_loan_over_expect_time', '0', '0', '0');
INSERT INTO `qrtz_simple_triggers` VALUES ('Mscheduler', '20150428000074', 'check_loan_over_expect_time', '0', '0', '0');
INSERT INTO `qrtz_simple_triggers` VALUES ('Mscheduler', '20150428000075', 'check_loan_over_expect_time', '0', '0', '0');
INSERT INTO `qrtz_simple_triggers` VALUES ('Mscheduler', '20150428000076', 'check_loan_over_expect_time', '0', '0', '0');
INSERT INTO `qrtz_simple_triggers` VALUES ('Mscheduler', '20150428000077', 'check_loan_over_expect_time', '0', '0', '0');

-- ----------------------------
-- Table structure for `qrtz_simprop_triggers`
-- ----------------------------
DROP TABLE IF EXISTS `qrtz_simprop_triggers`;
CREATE TABLE `qrtz_simprop_triggers` (
  `SCHED_NAME` varchar(120) NOT NULL,
  `TRIGGER_NAME` varchar(200) NOT NULL,
  `TRIGGER_GROUP` varchar(200) NOT NULL,
  `STR_PROP_1` varchar(512) DEFAULT NULL,
  `STR_PROP_2` varchar(512) DEFAULT NULL,
  `STR_PROP_3` varchar(512) DEFAULT NULL,
  `INT_PROP_1` int(11) DEFAULT NULL,
  `INT_PROP_2` int(11) DEFAULT NULL,
  `LONG_PROP_1` bigint(20) DEFAULT NULL,
  `LONG_PROP_2` bigint(20) DEFAULT NULL,
  `DEC_PROP_1` decimal(13,4) DEFAULT NULL,
  `DEC_PROP_2` decimal(13,4) DEFAULT NULL,
  `BOOL_PROP_1` varchar(1) DEFAULT NULL,
  `BOOL_PROP_2` varchar(1) DEFAULT NULL,
  PRIMARY KEY (`SCHED_NAME`,`TRIGGER_NAME`,`TRIGGER_GROUP`),
  CONSTRAINT `qrtz_simprop_triggers_ibfk_1` FOREIGN KEY (`SCHED_NAME`, `TRIGGER_NAME`, `TRIGGER_GROUP`) REFERENCES `qrtz_triggers` (`SCHED_NAME`, `TRIGGER_NAME`, `TRIGGER_GROUP`)
) ENGINE=InnoDB DEFAULT CHARSET=utf8;

-- ----------------------------
-- Records of qrtz_simprop_triggers
-- ----------------------------

-- ----------------------------
-- Table structure for `qrtz_triggers`
-- ----------------------------
DROP TABLE IF EXISTS `qrtz_triggers`;
CREATE TABLE `qrtz_triggers` (
  `SCHED_NAME` varchar(120) NOT NULL,
  `TRIGGER_NAME` varchar(200) NOT NULL,
  `TRIGGER_GROUP` varchar(200) NOT NULL,
  `JOB_NAME` varchar(200) NOT NULL,
  `JOB_GROUP` varchar(200) NOT NULL,
  `DESCRIPTION` varchar(250) DEFAULT NULL,
  `NEXT_FIRE_TIME` bigint(13) DEFAULT NULL,
  `PREV_FIRE_TIME` bigint(13) DEFAULT NULL,
  `PRIORITY` int(11) DEFAULT NULL,
  `TRIGGER_STATE` varchar(16) NOT NULL,
  `TRIGGER_TYPE` varchar(8) NOT NULL,
  `START_TIME` bigint(13) NOT NULL,
  `END_TIME` bigint(13) DEFAULT NULL,
  `CALENDAR_NAME` varchar(200) DEFAULT NULL,
  `MISFIRE_INSTR` smallint(2) DEFAULT NULL,
  `JOB_DATA` blob,
  PRIMARY KEY (`SCHED_NAME`,`TRIGGER_NAME`,`TRIGGER_GROUP`),
  KEY `IDX_QRTZ_T_J` (`SCHED_NAME`,`JOB_NAME`,`JOB_GROUP`) USING BTREE,
  KEY `IDX_QRTZ_T_JG` (`SCHED_NAME`,`JOB_GROUP`) USING BTREE,
  KEY `IDX_QRTZ_T_C` (`SCHED_NAME`,`CALENDAR_NAME`) USING BTREE,
  KEY `IDX_QRTZ_T_G` (`SCHED_NAME`,`TRIGGER_GROUP`) USING BTREE,
  KEY `IDX_QRTZ_T_STATE` (`SCHED_NAME`,`TRIGGER_STATE`) USING BTREE,
  KEY `IDX_QRTZ_T_N_STATE` (`SCHED_NAME`,`TRIGGER_NAME`,`TRIGGER_GROUP`,`TRIGGER_STATE`) USING BTREE,
  KEY `IDX_QRTZ_T_N_G_STATE` (`SCHED_NAME`,`TRIGGER_GROUP`,`TRIGGER_STATE`) USING BTREE,
  KEY `IDX_QRTZ_T_NEXT_FIRE_TIME` (`SCHED_NAME`,`NEXT_FIRE_TIME`) USING BTREE,
  KEY `IDX_QRTZ_T_NFT_ST` (`SCHED_NAME`,`TRIGGER_STATE`,`NEXT_FIRE_TIME`) USING BTREE,
  KEY `IDX_QRTZ_T_NFT_MISFIRE` (`SCHED_NAME`,`MISFIRE_INSTR`,`NEXT_FIRE_TIME`) USING BTREE,
  KEY `IDX_QRTZ_T_NFT_ST_MISFIRE` (`SCHED_NAME`,`MISFIRE_INSTR`,`NEXT_FIRE_TIME`,`TRIGGER_STATE`) USING BTREE,
  KEY `IDX_QRTZ_T_NFT_ST_MISFIRE_GRP` (`SCHED_NAME`,`MISFIRE_INSTR`,`NEXT_FIRE_TIME`,`TRIGGER_GROUP`,`TRIGGER_STATE`) USING BTREE,
  CONSTRAINT `qrtz_triggers_ibfk_1` FOREIGN KEY (`SCHED_NAME`, `JOB_NAME`, `JOB_GROUP`) REFERENCES `qrtz_job_details` (`SCHED_NAME`, `JOB_NAME`, `JOB_GROUP`)
) ENGINE=InnoDB DEFAULT CHARSET=utf8;

-- ----------------------------
-- Records of qrtz_triggers
-- ----------------------------
INSERT INTO `qrtz_triggers` VALUES ('Mscheduler', '20150408000024', 'check_loan_over_expect_time', '20150408000024', 'check_loan_over_expect_time', null, '1430397680000', '-1', '5', 'WAITING', 'SIMPLE', '1430397680000', '0', null, '0', '');
INSERT INTO `qrtz_triggers` VALUES ('Mscheduler', '20150427000056', 'check_loan_over_expect_time', '20150427000056', 'check_loan_over_expect_time', null, '1432224000000', '-1', '5', 'WAITING', 'SIMPLE', '1432224000000', '0', null, '0', '');
INSERT INTO `qrtz_triggers` VALUES ('Mscheduler', '20150427000058', 'check_loan_over_expect_time', '20150427000058', 'check_loan_over_expect_time', null, '1430323200000', '-1', '5', 'WAITING', 'SIMPLE', '1430323200000', '0', null, '0', '');
INSERT INTO `qrtz_triggers` VALUES ('Mscheduler', '20150427000061', 'check_loan_over_expect_time', '20150427000061', 'check_loan_over_expect_time', null, '1430323200000', '-1', '5', 'WAITING', 'SIMPLE', '1430323200000', '0', null, '0', '');
INSERT INTO `qrtz_triggers` VALUES ('Mscheduler', '20150427000063', 'check_loan_over_expect_time', '20150427000063', 'check_loan_over_expect_time', null, '1432656000000', '-1', '5', 'WAITING', 'SIMPLE', '1432656000000', '0', null, '0', '');
INSERT INTO `qrtz_triggers` VALUES ('Mscheduler', '20150427000064', 'check_loan_over_expect_time', '20150427000064', 'check_loan_over_expect_time', null, '1432656000000', '-1', '5', 'WAITING', 'SIMPLE', '1432656000000', '0', null, '0', '');
INSERT INTO `qrtz_triggers` VALUES ('Mscheduler', '20150427000066', 'check_loan_over_expect_time', '20150427000066', 'check_loan_over_expect_time', null, '1435334400000', '-1', '5', 'WAITING', 'SIMPLE', '1435334400000', '0', null, '0', '');
INSERT INTO `qrtz_triggers` VALUES ('Mscheduler', '20150428000069', 'check_loan_over_expect_time', '20150428000069', 'check_loan_over_expect_time', null, '1430409600000', '-1', '5', 'WAITING', 'SIMPLE', '1430409600000', '0', null, '0', '');
INSERT INTO `qrtz_triggers` VALUES ('Mscheduler', '20150428000070', 'check_loan_over_expect_time', '20150428000070', 'check_loan_over_expect_time', null, '1430236800000', '-1', '5', 'WAITING', 'SIMPLE', '1430236800000', '0', null, '0', '');
INSERT INTO `qrtz_triggers` VALUES ('Mscheduler', '20150428000071', 'check_loan_over_expect_time', '20150428000071', 'check_loan_over_expect_time', null, '1430236800000', '-1', '5', 'WAITING', 'SIMPLE', '1430236800000', '0', null, '0', '');
INSERT INTO `qrtz_triggers` VALUES ('Mscheduler', '20150428000072', 'check_loan_over_expect_time', '20150428000072', 'check_loan_over_expect_time', null, '1430409600000', '-1', '5', 'WAITING', 'SIMPLE', '1430409600000', '0', null, '0', '');
INSERT INTO `qrtz_triggers` VALUES ('Mscheduler', '20150428000073', 'check_loan_over_expect_time', '20150428000073', 'check_loan_over_expect_time', null, '1454256000000', '-1', '5', 'WAITING', 'SIMPLE', '1454256000000', '0', null, '0', '');
INSERT INTO `qrtz_triggers` VALUES ('Mscheduler', '20150428000074', 'check_loan_over_expect_time', '20150428000074', 'check_loan_over_expect_time', null, '1430236800000', '-1', '5', 'WAITING', 'SIMPLE', '1430236800000', '0', null, '0', '');
INSERT INTO `qrtz_triggers` VALUES ('Mscheduler', '20150428000075', 'check_loan_over_expect_time', '20150428000075', 'check_loan_over_expect_time', null, '1430236800000', '-1', '5', 'WAITING', 'SIMPLE', '1430236800000', '0', null, '0', '');
INSERT INTO `qrtz_triggers` VALUES ('Mscheduler', '20150428000076', 'check_loan_over_expect_time', '20150428000076', 'check_loan_over_expect_time', null, '1430236800000', '-1', '5', 'WAITING', 'SIMPLE', '1430236800000', '0', null, '0', '');
INSERT INTO `qrtz_triggers` VALUES ('Mscheduler', '20150428000077', 'check_loan_over_expect_time', '20150428000077', 'check_loan_over_expect_time', null, '1430323200000', '-1', '5', 'WAITING', 'SIMPLE', '1430323200000', '0', null, '0', '');
INSERT INTO `qrtz_triggers` VALUES ('Mscheduler', 'auto_repayment', 'auto_repayment', 'auto_repayment', 'auto_repayment', null, '1430236860000', '1430150460000', '5', 'WAITING', 'CRON', '1426562124000', '0', null, '0', '');
INSERT INTO `qrtz_triggers` VALUES ('Mscheduler', 'loan_overdue_check', 'loan_overdue_check', 'loan_overdue_check', 'loan_overdue_check', null, '1430240400000', '1430154000000', '5', 'WAITING', 'CRON', '1426562125000', '0', null, '0', '');
INSERT INTO `qrtz_triggers` VALUES ('Mscheduler', 'refresh_trusteeship_operation', 'refresh_trusteeship_operation', 'refresh_trusteeship_operation', 'refresh_trusteeship_operation', null, '1430132880000', '1430132863345', '5', 'ERROR', 'CRON', '1426562123000', '0', null, '0', '');

-- ----------------------------
-- Table structure for `raise_invest`
-- ----------------------------
DROP TABLE IF EXISTS `raise_invest`;
CREATE TABLE `raise_invest` (
  `id` varchar(32) NOT NULL,
  `status` varchar(255) DEFAULT NULL,
  `time` datetime DEFAULT NULL,
  `payback_id` varchar(32) DEFAULT NULL,
  `message` varchar(400) DEFAULT NULL,
  `ship_address_id` varchar(32) DEFAULT NULL,
  `user_id` varchar(32) DEFAULT NULL,
  `money` double DEFAULT NULL,
  PRIMARY KEY (`id`),
  UNIQUE KEY `id` (`id`) USING BTREE,
  KEY `FKFB5973A82A334343` (`user_id`) USING BTREE,
  KEY `FKFB5973A8940851DA` (`payback_id`) USING BTREE,
  KEY `FKFB5973A8D5FB8901` (`ship_address_id`) USING BTREE,
  CONSTRAINT `raise_invest_ibfk_1` FOREIGN KEY (`user_id`) REFERENCES `user` (`id`),
  CONSTRAINT `raise_invest_ibfk_2` FOREIGN KEY (`payback_id`) REFERENCES `raise_payback` (`id`),
  CONSTRAINT `raise_invest_ibfk_3` FOREIGN KEY (`ship_address_id`) REFERENCES `ship_address` (`id`)
) ENGINE=InnoDB DEFAULT CHARSET=utf8;

-- ----------------------------
-- Records of raise_invest
-- ----------------------------
INSERT INTO `raise_invest` VALUES ('20141229000001', 'waiting_payback', '2014-12-29 20:27:44', '20141224000002', '给项目发起人留言 ', '95e9b9e905c64ecbbc3de26fb6fd6cfb', 'raise001', null);
INSERT INTO `raise_invest` VALUES ('20141229000002', 'complete', '2014-12-29 20:36:27', '20141224000001', '发起人留言发起人留言发起人留言发起人留言', '3b1e54bb95b74efaa53563cec1d256e9', 'raise002', null);
INSERT INTO `raise_invest` VALUES ('20150104000001', 'complete', '2015-01-04 11:40:57', '20141230000004', null, null, 'raise001', null);
INSERT INTO `raise_invest` VALUES ('20150104000002', 'complete', '2015-01-04 11:41:07', '20141230000004', null, null, 'raise001', null);
INSERT INTO `raise_invest` VALUES ('20150104000003', 'success', '2015-01-04 18:49:04', '20141230000004', '赏你了', null, 'raise003', '100');
INSERT INTO `raise_invest` VALUES ('20150109000001', 'success', '2015-01-09 09:59:57', '20141230000005', '', '3b1e54bb95b74efaa53563cec1d256e9', 'raise002', '555');
INSERT INTO `raise_invest` VALUES ('20150109000002', 'success', '2015-01-09 10:01:57', '20141230000005', '', '3b1e54bb95b74efaa53563cec1d256e9', 'raise002', '555');
INSERT INTO `raise_invest` VALUES ('20150119000001', 'cancel', '2015-01-19 16:51:46', '20150119000002', '给项目发起人留言 给项目发起人留言 ', '67dc783576f74f20b805ec4209077e85', 'raise002', '200');
INSERT INTO `raise_invest` VALUES ('20150119001005', 'cancel', '2015-01-19 17:15:15', '20150119000004', '', '67dc783576f74f20b805ec4209077e85', 'raise002', '300');
INSERT INTO `raise_invest` VALUES ('20150119001006', 'success', '2015-01-19 17:17:15', '20150119000003', '', null, 'raise002', '1000');
INSERT INTO `raise_invest` VALUES ('20150119001007', 'waiting_payback', '2015-01-19 17:49:39', '20150119000007', '', '67dc783576f74f20b805ec4209077e85', 'raise002', '1000');
INSERT INTO `raise_invest` VALUES ('20150119001008', 'cancel', '2015-01-19 20:13:54', '20150119000008', '', null, 'raise002', '1000');
INSERT INTO `raise_invest` VALUES ('20150127000001', 'success', '2015-01-27 17:24:14', '20150119000005', '', '67dc783576f74f20b805ec4209077e85', 'raise002', '200');
INSERT INTO `raise_invest` VALUES ('c395e7893e8549ceb1160f12cc89430d', 'complete', '2014-12-29 12:20:54', '20141226000001', null, null, 'raise001', null);

-- ----------------------------
-- Table structure for `raise_loan`
-- ----------------------------
DROP TABLE IF EXISTS `raise_loan`;
CREATE TABLE `raise_loan` (
  `id` varchar(32) NOT NULL,
  `commit_time` datetime DEFAULT NULL,
  `deadline` int(11) DEFAULT NULL,
  `description` text,
  `give_money_time` datetime DEFAULT NULL,
  `info` varchar(255) DEFAULT NULL,
  `max_money` double DEFAULT NULL,
  `money` double DEFAULT NULL,
  `photo` varchar(255) DEFAULT NULL,
  `status` varchar(255) DEFAULT NULL,
  `title` varchar(255) DEFAULT NULL,
  `type` varchar(255) DEFAULT NULL,
  `verify_time` datetime DEFAULT NULL,
  `video` varchar(255) DEFAULT NULL,
  `area_id` varchar(32) DEFAULT NULL,
  `user_id` varchar(32) DEFAULT NULL,
  `fee` double DEFAULT NULL,
  `complete_time` datetime DEFAULT NULL,
  `verify_message` varchar(1000) DEFAULT NULL,
  `create_time` datetime DEFAULT NULL,
  PRIMARY KEY (`id`),
  UNIQUE KEY `id` (`id`) USING BTREE,
  KEY `FK7316963670F403` (`area_id`) USING BTREE,
  KEY `FK73169632A334343` (`user_id`) USING BTREE,
  CONSTRAINT `raise_loan_ibfk_1` FOREIGN KEY (`user_id`) REFERENCES `user` (`id`),
  CONSTRAINT `raise_loan_ibfk_2` FOREIGN KEY (`area_id`) REFERENCES `area` (`id`)
) ENGINE=InnoDB DEFAULT CHARSET=utf8;

-- ----------------------------
-- Records of raise_loan
-- ----------------------------
INSERT INTO `raise_loan` VALUES ('20141224000001', '2015-01-12 09:52:35', '30', '<p>目描目描目描目描目描目描目描目描目描</p><p>目描目描目描目描目描目描目描目描目描目描目描</p><p>目描目描目描目描目描目描目描目描目描目描目描<img style=\"float: left;\" src=\"/ps2/upload/90171419385943094.jpg\" title=\"f65602087bf40ad19d5cd5a5542c11dfa8ecceee.jpg\"/></p>', '2015-01-03 14:08:38', '项目概述项目概述项目概述项目概述', null, '10000', '/upload/20141224/65441419385901709.jpg', 'draft', '众筹项目1', 'raise_type_book', null, 'http://player.youku.com/player.php/sid/XNzExMDUzMDAw/v.swf', '110100', 'raise001', null, null, null, '2014-12-31 21:35:49');
INSERT INTO `raise_loan` VALUES ('20141224000002', '2014-12-26 18:47:39', '31', '<p>项目描述项目描述项目描述项目描述项目描述项目描述项目描述</p>', '2014-12-29 22:26:21', '项目概述项目概述项目概述', null, '10000', '/upload/20141224/54831419387266619.jpg', 'complete', '众筹11222', 'raise_type_charity', '2014-12-26 20:13:47', 'http://player.youku.com/player.php/sid/XNzExMDUzMDAw/v.swf', '130100', 'raise001', null, '2014-12-31 10:02:53', null, '2014-12-31 21:35:56');
INSERT INTO `raise_loan` VALUES ('20141230000001', '2015-01-03 12:42:16', '10', '<p>项目描述项目描述项目描述</p><p>项目描述<strong>项目描述</strong>项目描述</p><p><br/></p><p>项目描述项目描<span style=\"text-decoration: underline;\">述项目描述项</span>目描述项目描述项目描述项目描述</p>', '2015-01-03 14:08:42', '项目概述', null, '10000', '/upload/20141230/37421419906102424.jpg', 'waiting_verify', '科技、众筹', 'raise_type_technology', '2014-12-31 16:08:41', '', '220100', 'raise001', null, null, '内容不够吸引人', '2014-12-31 21:35:53');
INSERT INTO `raise_loan` VALUES ('20141230000002', '2014-12-30 10:54:44', '10', '<p>项目描述项目描述项目描述项目描述</p>', '2015-01-03 14:08:44', '项目概述项目概述项目概述', null, '10000', '/upload/20141230/7871419907831739.jpg', 'raising', '测试发起人', 'raise_type_charity', '2014-12-30 10:55:26', '', '310100', 'raise001', null, null, null, '2014-12-31 21:36:00');
INSERT INTO `raise_loan` VALUES ('20150105000001', '2015-01-05 12:20:01', '10', '<p>gdfgdfg<br/></p>', null, 'iop/', null, '10000', '/upload/20150105/95631420431420037.jpg', 'draft', '下车请走人行道快递是', 'raise_type_book', null, 'http://player.youku.com/player.php/sid/XNzExMDUzMDAw/v.swf', '110100', 'raise001', null, null, null, '2015-01-05 12:20:01');
INSERT INTO `raise_loan` VALUES ('20150109000001', '2015-01-09 10:43:11', '10', '<p>项<em>目概述<strong>项</strong></em><strong>目概述</strong>项目概述</p>', null, '项目概述项目概述', null, '10000', '/upload/20150109/50561420771343249.jpg', 'waiting_verify', '再一遍流程', 'raise_type_vedio', null, 'http://player.youku.com/player.php/sid/XNzExMDUzMDAw/v.swf', '110100', 'admin', null, null, null, '2015-01-09 10:43:11');
INSERT INTO `raise_loan` VALUES ('20150119000001', '2015-01-19 16:49:34', '12', '<p><span style=\"text-align: right; font-family: &quot;Microsoft Yahei&quot;; background-color: rgb(255, 255, 255);\">项目描述</span><span style=\"text-align: right; font-family: &quot;Microsoft Yahei&quot;; background-color: rgb(255, 255, 255);\">项目描述</span><span style=\"text-align: right; font-family: &quot;Microsoft Yahei&quot;; background-color: rgb(255, 255, 255);\">项目描述</span></p>', null, '项目概述项目概述项目概述', null, '10000', '/upload/20150119/64671421657357743.jpg', 'raising', '流程111', 'raise_type_charity', '2015-01-19 16:50:51', '34434', '110100', 'raise001', null, null, '', '2015-01-19 16:49:34');
INSERT INTO `raise_loan` VALUES ('20150119000002', '2015-01-19 17:06:37', '10', '<p>项目描述项目描述项目描述项目描述</p>', null, '项目概述项目概述项目概述', null, '10000', '/upload/20150119/21401421658374987.jpg', 'raising', 'raise003的项', 'raise_type_book', '2015-01-19 17:10:01', 'http://player.youku.com/player.php/sid/XNzExMDUzMDAw/v.swf', '110100', 'raise003', '0', null, '', '2015-01-19 17:06:37');
INSERT INTO `raise_loan` VALUES ('20150119000003', '2015-01-19 17:48:18', '10', '<p>项目描述项目描述项目描述项目描述项目描述</p><p>项目描述项目描述项目描述</p><p>项目描述项目描述项目描述项目描述</p>', '2015-01-19 17:50:09', '项目概述项目概述项目概述', null, '1000', '/upload/20150119/9101421660871606.jpg', 'paying', 'raise003-1', 'raise_type_vedio', '2015-01-19 17:49:04', 'http://player.youku.com/player.php/sid/XNzExMDUzMDAw/v.swf', '110100', 'raise003', '0', null, '', '2015-01-19 17:48:18');
INSERT INTO `raise_loan` VALUES ('20150119000004', '2015-01-19 20:13:04', '12', '<p><span style=\"text-align: right; font-family: &quot;Microsoft Yahei&quot;; background-color: rgb(255, 255, 255);\">项目</span><span style=\"text-align: right; font-family: &quot;Microsoft Yahei&quot;; background-color: rgb(255, 255, 255);\">项目</span><span style=\"text-align: right; font-family: &quot;Microsoft Yahei&quot;; background-color: rgb(255, 255, 255);\">项目</span><span style=\"text-align: right; font-family: &quot;Microsoft Yahei&quot;; background-color: rgb(255, 255, 255);\">项目</span><span style=\"text-align: right; font-family: &quot;Microsoft Yahei&quot;; background-color: rgb(255, 255, 255);\">项目</span><span style=\"text-align: right; font-family: &quot;Microsoft Yahei&quot;; background-color: rgb(255, 255, 255);\">项目</span><span style=\"text-align: right; font-family: &quot;Microsoft Yahei&quot;; background-color: rgb(255, 255, 255);\">项目</span></p>', '2015-01-19 20:16:24', '概述概述概述概述概述概述', null, '10000', '/upload/20150119/63231421669573410.jpg', 'cancel', 'raise003流标', 'raise_type_book', '2015-01-19 20:13:31', '34434', '110100', 'raise003', '0', null, '', '2015-01-19 20:13:04');
INSERT INTO `raise_loan` VALUES ('20150120000001', '2015-01-20 09:41:42', '10', '<p>项目描述项目描述项目描述</p>', null, '项目概述项目概述项目概述', null, '10000', '/upload/20150120/12691421718092137.jpg', 'waiting_verify', '弹出框', 'raise_type_book', null, 'http://player.youku.com/player.php/sid/XNzExMDUzMDAw/v.swf', '110100', 'raise001', '0', null, null, '2015-01-20 09:41:42');

-- ----------------------------
-- Table structure for `raise_loan_comments`
-- ----------------------------
DROP TABLE IF EXISTS `raise_loan_comments`;
CREATE TABLE `raise_loan_comments` (
  `loan_id` varchar(32) NOT NULL,
  `comment_id` varchar(32) NOT NULL,
  KEY `FKF9388550CCDD1507` (`comment_id`) USING BTREE,
  KEY `FKF938855069CBCAB` (`loan_id`) USING BTREE,
  CONSTRAINT `raise_loan_comments_ibfk_1` FOREIGN KEY (`loan_id`) REFERENCES `raise_loan` (`id`),
  CONSTRAINT `raise_loan_comments_ibfk_2` FOREIGN KEY (`comment_id`) REFERENCES `comment` (`id`)
) ENGINE=InnoDB DEFAULT CHARSET=utf8;

-- ----------------------------
-- Records of raise_loan_comments
-- ----------------------------
INSERT INTO `raise_loan_comments` VALUES ('20141224000002', '287a5e7b525f4f1fa1545da5e3c59505');
INSERT INTO `raise_loan_comments` VALUES ('20141224000002', '69c4c463358441408bedb5b9b9121f09');
INSERT INTO `raise_loan_comments` VALUES ('20141224000002', '9e8bab240736417bb568850494521b69');
INSERT INTO `raise_loan_comments` VALUES ('20141224000002', '647b2968aa23402f85a86a88775cc26f');
INSERT INTO `raise_loan_comments` VALUES ('20141224000002', 'fb4e906af54a4d859b6139b925fa7d7a');
INSERT INTO `raise_loan_comments` VALUES ('20141230000002', 'b1fb1a50bf1746b99d2b8bbe12e73f4c');
INSERT INTO `raise_loan_comments` VALUES ('20141230000002', '2e7355b508f64743ac2d92816bb3f248');
INSERT INTO `raise_loan_comments` VALUES ('20141230000002', '6a0ca6a22dd14333a376575b0a89fd8e');
INSERT INTO `raise_loan_comments` VALUES ('20141230000002', '5b110d7cfe7e4655bbdb14c8d2e65080');
INSERT INTO `raise_loan_comments` VALUES ('20141230000002', '5a7aba0a85ee42668c16558b080d653a');
INSERT INTO `raise_loan_comments` VALUES ('20141230000002', '041cd39ac1534bae8d4f27d5e64c8599');
INSERT INTO `raise_loan_comments` VALUES ('20141230000002', '5efca8af69314a829f9a25c7cb0cae09');
INSERT INTO `raise_loan_comments` VALUES ('20141230000002', '9aedbde016b04d4ba45620c3a0b6ad6a');
INSERT INTO `raise_loan_comments` VALUES ('20141230000002', 'c00ca29cbd35485d937283d06d1444c6');
INSERT INTO `raise_loan_comments` VALUES ('20141230000002', 'e88c20932bac49e993c90e81ca4a974b');
INSERT INTO `raise_loan_comments` VALUES ('20141230000002', 'a86b502da1404109b19986710536165e');
INSERT INTO `raise_loan_comments` VALUES ('20141230000002', '1b4e694ebb6d4aa3812097404769ead6');
INSERT INTO `raise_loan_comments` VALUES ('20141230000002', 'd2af9f96ca4a4df4b3b793289c652ba0');
INSERT INTO `raise_loan_comments` VALUES ('20141230000002', '0319d031d07948a9b8495bae6ef3c80e');
INSERT INTO `raise_loan_comments` VALUES ('20141230000002', '2e5da74ffe3b49a78bdea8c4928d6aba');
INSERT INTO `raise_loan_comments` VALUES ('20141230000002', '1c47a581a08a44deb8af3accc0d6d8f0');
INSERT INTO `raise_loan_comments` VALUES ('20141230000002', '47b402ec6f5c48508f00453f1c93cc01');
INSERT INTO `raise_loan_comments` VALUES ('20141230000002', '9ed84e3ddf144b7ebcba571a7d952592');
INSERT INTO `raise_loan_comments` VALUES ('20141230000002', '988542485cb94ba189b12656bc329cc9');
INSERT INTO `raise_loan_comments` VALUES ('20141230000002', '7292afd1e8e74216be1705fc84749d8f');
INSERT INTO `raise_loan_comments` VALUES ('20141230000002', '82f8238d4dd041bfa394be2eade56f74');
INSERT INTO `raise_loan_comments` VALUES ('20141230000002', '184dc78cf21846548bdea89fd5e9022a');

-- ----------------------------
-- Table structure for `raise_loan_likers`
-- ----------------------------
DROP TABLE IF EXISTS `raise_loan_likers`;
CREATE TABLE `raise_loan_likers` (
  `user_id` varchar(32) NOT NULL,
  `loan_id` varchar(32) NOT NULL,
  KEY `FK96E00274E9C263F0` (`user_id`) USING BTREE,
  KEY `FK96E00274470D9BFE` (`loan_id`) USING BTREE,
  KEY `FK96E002742A334343` (`user_id`) USING BTREE,
  KEY `FK96E0027469CBCAB` (`loan_id`) USING BTREE,
  CONSTRAINT `raise_loan_likers_ibfk_1` FOREIGN KEY (`user_id`) REFERENCES `user` (`id`),
  CONSTRAINT `raise_loan_likers_ibfk_2` FOREIGN KEY (`loan_id`) REFERENCES `raise_loan` (`id`)
) ENGINE=InnoDB DEFAULT CHARSET=utf8;

-- ----------------------------
-- Records of raise_loan_likers
-- ----------------------------
INSERT INTO `raise_loan_likers` VALUES ('raise003', '20141224000002');
INSERT INTO `raise_loan_likers` VALUES ('admin', '20141230000002');

-- ----------------------------
-- Table structure for `raise_payback`
-- ----------------------------
DROP TABLE IF EXISTS `raise_payback`;
CREATE TABLE `raise_payback` (
  `id` varchar(32) NOT NULL,
  `loan_id` varchar(32) NOT NULL,
  `title` varchar(255) DEFAULT NULL,
  `description` text,
  `photo` varchar(255) DEFAULT NULL,
  `money` double DEFAULT NULL,
  `per_limit` int(11) DEFAULT NULL,
  `per_user_limit` int(11) DEFAULT NULL,
  `logistics` varchar(255) DEFAULT NULL,
  `pay_time` int(11) DEFAULT NULL,
  `seq_num` int(11) DEFAULT NULL,
  PRIMARY KEY (`id`),
  UNIQUE KEY `id` (`id`) USING BTREE,
  KEY `FKCC1A443C69CBCAB` (`loan_id`) USING BTREE,
  CONSTRAINT `raise_payback_ibfk_1` FOREIGN KEY (`loan_id`) REFERENCES `raise_loan` (`id`)
) ENGINE=InnoDB DEFAULT CHARSET=utf8;

-- ----------------------------
-- Records of raise_payback
-- ----------------------------
INSERT INTO `raise_payback` VALUES ('20141224000001', '20141224000002', '项目名称1', '项目概述1', '/upload/20141224/28761419407055212.jpg', '1937', '10', '10', 'type0', '10', '1');
INSERT INTO `raise_payback` VALUES ('20141224000002', '20141224000002', '手机一部', 'nokia手机一部nokia手机一部nokia手机一部nokia手机一部nokia手机一部nokia手机一部nokia手机一部nokia手机一部nokia手机一部nokia手机一部', '/upload/20141224/15541419413284239.jpg', '1000', '12', null, 'type1', '12', '0');
INSERT INTO `raise_payback` VALUES ('20141226000001', '20141224000002', '无私支持', '感谢您的无私奉献，这份捐赠将助我们的梦想飞的更高更远。', null, '0', null, '1', null, null, '10000');
INSERT INTO `raise_payback` VALUES ('20141230000001', '20141230000001', '无私支持', '感谢您的无私奉献，这份捐赠将助我们的梦想飞的更高更远。', null, '0', null, '0', null, null, '10000');
INSERT INTO `raise_payback` VALUES ('20141230000002', '20141230000001', '回报一', '简单的介绍你的项目，不超过50个字。', '/upload/20141230/51171419906197073.jpg', '100', null, null, 'type0', '10', '0');
INSERT INTO `raise_payback` VALUES ('20141230000003', '20141230000001', '回报2', '划圆顶进地鄙不是中中国教科书中不国中顺是不是另', '/upload/20141230/61421419906234283.jpg', '200', '10', null, 'type0', '1', '1');
INSERT INTO `raise_payback` VALUES ('20141230000004', '20141230000002', '无私支持', '感谢您的无私奉献，这份捐赠将助我们的梦想飞的更高更远。', null, '0', null, '0', null, null, '10000');
INSERT INTO `raise_payback` VALUES ('20141230000005', '20141230000002', '有回报入库', '好辰时器大吃大喝大吃大喝口口口口口口口噪大大大大地', '/upload/20141230/78151419907888245.jpg', '555', '10', '10', 'type1', '0', '1');
INSERT INTO `raise_payback` VALUES ('20150105000001', '20150105000001', '无私支持', '感谢您的无私奉献，这份捐赠将助我们的梦想飞的更高更远。', null, '0', null, '0', null, null, '10000');
INSERT INTO `raise_payback` VALUES ('20150109000001', '20150109000001', '无私支持', '感谢您的无私奉献，这份捐赠将助我们的梦想飞的更高更远。', null, '0', null, '0', null, null, '10000');
INSERT INTO `raise_payback` VALUES ('20150119000001', '20150119000001', '无私支持', '感谢您的无私奉献，这份捐赠将助我们的梦想飞的更高更远。', null, '0', null, '0', null, null, '10000');
INSERT INTO `raise_payback` VALUES ('20150119000002', '20150119000001', '回报1', '回报回报', '/upload/20150119/83641421657404857.jpg', '200', '10', null, 'type1', '20', '1');
INSERT INTO `raise_payback` VALUES ('20150119000003', '20150119000002', '无私支持', '感谢您的无私奉献，这份捐赠将助我们的梦想飞的更高更远。', null, '0', null, '0', null, null, '10000');
INSERT INTO `raise_payback` VALUES ('20150119000004', '20150119000002', '回报名称回报名称', '回报概述回报概述回报概述', '/upload/20150119/10731421658506142.jpg', '300', '10', '10', 'type1', '23', '1');
INSERT INTO `raise_payback` VALUES ('20150119000005', '20150119000002', '回报200元', '回报概述回报概述回报概述', '/upload/20150119/85621421658558312.jpg', '200', '10', '10', 'type1', '10', '0');
INSERT INTO `raise_payback` VALUES ('20150119000006', '20150119000003', '无私支持', '感谢您的无私奉献，这份捐赠将助我们的梦想飞的更高更远。', null, '0', null, '0', null, null, '10000');
INSERT INTO `raise_payback` VALUES ('20150119000007', '20150119000003', '回报回报', '回报概述回报概述', '/upload/20150119/28621421660917624.jpg', '1000', '10', null, 'type1', '10', '0');
INSERT INTO `raise_payback` VALUES ('20150119000008', '20150119000004', '无私支持', '感谢您的无私奉献，这份捐赠将助我们的梦想飞的更高更远。', null, '0', null, '0', null, null, '10000');
INSERT INTO `raise_payback` VALUES ('20150120000001', '20150120000001', '无私支持', '感谢您的无私奉献，这份捐赠将助我们的梦想飞的更高更远。', null, '0', null, '0', null, null, '10000');
INSERT INTO `raise_payback` VALUES ('20150120000002', '20150120000001', '回报一', '回报概述回报概述回报概述回报概述回报概述', '/upload/20150120/34411421721402993.jpg', '1000', '10', null, 'type1', '10', '1');

-- ----------------------------
-- Table structure for `real_name_certification_validate_log`
-- ----------------------------
DROP TABLE IF EXISTS `real_name_certification_validate_log`;
CREATE TABLE `real_name_certification_validate_log` (
  `id` varchar(32) NOT NULL,
  `status` varchar(50) NOT NULL,
  `time` datetime DEFAULT NULL,
  `user` varchar(32) DEFAULT NULL,
  PRIMARY KEY (`id`),
  UNIQUE KEY `id` (`id`) USING BTREE,
  KEY `FK2921793332F40FF` (`user`) USING BTREE,
  CONSTRAINT `real_name_certification_validate_log_ibfk_1` FOREIGN KEY (`user`) REFERENCES `user` (`id`)
) ENGINE=InnoDB DEFAULT CHARSET=utf8;

-- ----------------------------
-- Records of real_name_certification_validate_log
-- ----------------------------

-- ----------------------------
-- Table structure for `recharge`
-- ----------------------------
DROP TABLE IF EXISTS `recharge`;
CREATE TABLE `recharge` (
  `id` varchar(32) NOT NULL,
  `time` datetime NOT NULL,
  `actual_money` double NOT NULL,
  `recharge_way` varchar(32) NOT NULL,
  `fee` double NOT NULL,
  `coupon` varchar(32) DEFAULT NULL,
  `user_id` varchar(32) NOT NULL,
  `is_recharged_by_admin` varchar(1) NOT NULL,
  `status` varchar(100) DEFAULT NULL,
  `success_time` datetime DEFAULT NULL,
  `remark` varchar(500) DEFAULT NULL,
  PRIMARY KEY (`id`),
  KEY `FK_Reference_25` (`coupon`) USING BTREE,
  KEY `FK_Reference_6` (`user_id`) USING BTREE,
  KEY `FKCFF27EA75E19EABE` (`coupon`) USING BTREE,
  CONSTRAINT `recharge_ibfk_1` FOREIGN KEY (`coupon`) REFERENCES `user_coupon` (`id`),
  CONSTRAINT `recharge_ibfk_2` FOREIGN KEY (`coupon`) REFERENCES `coupon` (`id`),
  CONSTRAINT `recharge_ibfk_3` FOREIGN KEY (`user_id`) REFERENCES `user` (`id`)
) ENGINE=InnoDB DEFAULT CHARSET=utf8;

-- ----------------------------
-- Records of recharge
-- ----------------------------
INSERT INTO `recharge` VALUES ('2015031700000001', '2015-03-17 21:16:46', '100', 'BOC', '0', null, 'admin', '0', 'wait_pay', null, null);
INSERT INTO `recharge` VALUES ('2015031900000001', '2015-03-19 16:52:45', '1', 'NJCB', '0', null, 'tuotian', '0', 'wait_pay', null, null);
INSERT INTO `recharge` VALUES ('2015040300000001', '2015-04-03 16:53:07', '100', 'NJCB', '0', null, 'xingditu', '0', 'wait_pay', null, null);
INSERT INTO `recharge` VALUES ('2015040300000002', '2015-04-03 18:30:05', '1', 'WFCCB', '0', null, 'seekmm', '0', 'wait_pay', null, null);
INSERT INTO `recharge` VALUES ('2015040700000001', '2015-04-07 10:01:19', '1', 'NJCB', '0', null, 'songyf', '0', 'wait_pay', null, null);
INSERT INTO `recharge` VALUES ('2015040700000002', '2015-04-07 18:21:10', '100', 'admin', '0', null, 'xingditu', '1', 'success', '2015-04-07 18:21:10', null);
INSERT INTO `recharge` VALUES ('2015040700000003', '2015-04-07 18:23:42', '210', 'admin', '0', null, 'xingditu', '1', 'success', '2015-04-07 18:23:42', null);
INSERT INTO `recharge` VALUES ('2015040700000004', '2015-04-07 18:25:07', '800', 'admin', '0', null, 'xingditu', '1', 'success', '2015-04-07 18:25:07', null);
INSERT INTO `recharge` VALUES ('2015040800000001', '2015-04-08 15:04:37', '100', 'admin', '0', null, 'wulala', '1', 'success', '2015-04-08 15:04:37', null);
INSERT INTO `recharge` VALUES ('2015040800000002', '2015-04-08 15:04:43', '100', 'admin', '0', null, 'wulala', '1', 'success', '2015-04-08 15:04:43', null);
INSERT INTO `recharge` VALUES ('2015040800000003', '2015-04-08 15:04:51', '100', 'admin', '0', null, 'wulala', '1', 'success', '2015-04-08 15:04:51', null);
INSERT INTO `recharge` VALUES ('2015040800000004', '2015-04-08 17:07:40', '1', 'CCB', '0', null, 'jdsb1', '0', 'wait_pay', null, null);
INSERT INTO `recharge` VALUES ('2015040800000005', '2015-04-08 17:14:28', '100000', 'admin', '0', null, 'wangxibao9', '1', 'success', '2015-04-08 17:14:28', null);
INSERT INTO `recharge` VALUES ('2015040800000006', '2015-04-08 17:37:14', '1', 'CITIC', '0', null, 'jdsb2', '0', 'wait_pay', null, null);
INSERT INTO `recharge` VALUES ('2015041000000001', '2015-04-10 09:55:07', '1', 'CCB', '0', null, 'jdsb2', '0', 'wait_pay', null, null);
INSERT INTO `recharge` VALUES ('2015041000000002', '2015-04-10 10:28:06', '1', 'CCB', '0', null, 'jdsb1', '0', 'success', '2015-04-10 10:30:17', null);
INSERT INTO `recharge` VALUES ('2015041000000003', '2015-04-10 10:35:40', '4', 'CCB', '0', null, 'jdsb1', '0', 'wait_pay', null, null);
INSERT INTO `recharge` VALUES ('2015041000000004', '2015-04-10 11:06:13', '4', 'CCB', '0', null, 'jdsb1', '0', 'success', '2015-04-10 11:07:24', null);
INSERT INTO `recharge` VALUES ('2015041600000001', '2015-04-16 11:29:57', '100000', 'admin', '0', null, 'sidneygao', '1', 'success', '2015-04-16 11:29:57', null);
INSERT INTO `recharge` VALUES ('2015041600000002', '2015-04-16 15:01:53', '100', 'CITIC', '0', null, 'zhaoshuai', '0', 'wait_pay', null, null);
INSERT INTO `recharge` VALUES ('2015041600000003', '2015-04-16 15:13:32', '200', 'CMB', '0', null, 'mleoshi', '0', 'success', '2015-04-16 15:19:23', null);
INSERT INTO `recharge` VALUES ('2015041600000004', '2015-04-16 15:59:19', '50', 'ICBC', '0', null, 'wll001', '0', 'success', '2015-04-16 16:01:20', null);
INSERT INTO `recharge` VALUES ('2015041600000005', '2015-04-16 16:12:13', '1', 'CMB', '0', null, 'sidneygao', '0', 'wait_pay', null, null);
INSERT INTO `recharge` VALUES ('2015041600000006', '2015-04-16 16:12:55', '1', 'CITIC', '0', null, 'sidneygao', '0', 'wait_pay', null, null);
INSERT INTO `recharge` VALUES ('2015041600000007', '2015-04-16 16:13:37', '100', 'CITIC', '0', null, 'zhaoshuai', '0', 'wait_pay', null, null);
INSERT INTO `recharge` VALUES ('2015041600000008', '2015-04-16 16:36:52', '90', 'CITIC', '0', null, 'zhengcong', '0', 'wait_pay', null, null);
INSERT INTO `recharge` VALUES ('2015041600000009', '2015-04-16 16:37:11', '90', 'BCCB', '0', null, 'zhengcong', '0', 'wait_pay', null, null);
INSERT INTO `recharge` VALUES ('2015041600000010', '2015-04-16 16:46:22', '90', 'BCCB', '0', null, 'zhengcong', '0', 'wait_pay', null, null);
INSERT INTO `recharge` VALUES ('2015041600000011', '2015-04-16 16:46:45', '222', 'HXB', '0', null, 'zhengcong', '0', 'wait_pay', null, null);
INSERT INTO `recharge` VALUES ('2015041600000012', '2015-04-16 16:47:18', '220', 'BCCB', '0', null, 'zhengcong', '0', 'wait_pay', null, null);
INSERT INTO `recharge` VALUES ('2015041600000013', '2015-04-16 16:47:37', '22', 'CITIC', '0', null, 'zhengcong', '0', 'wait_pay', null, null);
INSERT INTO `recharge` VALUES ('2015041600000014', '2015-04-16 16:50:03', '78', 'BCCB', '0', null, 'zhengcong', '0', 'wait_pay', null, null);
INSERT INTO `recharge` VALUES ('2015041600000015', '2015-04-16 16:54:00', '100', 'BCCB', '0', null, 'zhaoshuai', '0', 'wait_pay', null, null);
INSERT INTO `recharge` VALUES ('2015041600000016', '2015-04-16 16:54:18', '122', 'BCCB', '0', null, 'zhengcong', '0', 'wait_pay', null, null);
INSERT INTO `recharge` VALUES ('2015041600000017', '2015-04-16 16:57:41', '1228', 'ICBC', '0', null, 'zhengcong', '0', 'wait_pay', null, null);
INSERT INTO `recharge` VALUES ('2015041600000018', '2015-04-16 16:58:25', '121', 'HXB', '0', null, 'zhengcong', '0', 'wait_pay', null, null);
INSERT INTO `recharge` VALUES ('2015041600000019', '2015-04-16 17:02:27', '12', 'GDB', '0', null, 'zhengcong', '0', 'wait_pay', null, null);
INSERT INTO `recharge` VALUES ('2015041600000020', '2015-04-16 17:55:28', '2', 'CMB', '0', null, 'sidneygao', '0', 'wait_pay', null, null);
INSERT INTO `recharge` VALUES ('2015041600000021', '2015-04-16 17:57:28', '2', 'CMB', '0', null, 'sidneygao', '0', 'wait_pay', null, null);
INSERT INTO `recharge` VALUES ('2015041600000022', '2015-04-16 17:58:08', '2', 'CMB', '0', null, 'sidneygao', '0', 'wait_pay', null, null);
INSERT INTO `recharge` VALUES ('2015041600000023', '2015-04-16 18:00:01', '2', 'CMB', '0', null, 'sidneygao', '0', 'wait_pay', null, null);
INSERT INTO `recharge` VALUES ('2015041600000024', '2015-04-16 18:02:02', '2', 'CMB', '0', null, 'sidneygao', '0', 'success', '2015-04-16 18:09:11', null);
INSERT INTO `recharge` VALUES ('2015041600000025', '2015-04-16 18:10:30', '1', 'CMB', '0', null, 'sidneygao', '0', 'success', '2015-04-16 18:14:17', null);
INSERT INTO `recharge` VALUES ('2015041600000026', '2015-04-16 18:16:46', '100', 'CMB', '0', null, 'zhengcong', '0', 'wait_pay', null, null);
INSERT INTO `recharge` VALUES ('2015041600000027', '2015-04-16 18:17:58', '100', 'CMB', '0', null, 'zhengcong', '0', 'wait_pay', null, null);
INSERT INTO `recharge` VALUES ('2015041600000028', '2015-04-16 18:18:46', '100', 'CMB', '0', null, 'zhengcong', '0', 'wait_pay', null, null);
INSERT INTO `recharge` VALUES ('2015041600000029', '2015-04-16 18:20:55', '100', 'CMB', '0', null, 'zhengcong', '0', 'wait_pay', null, null);
INSERT INTO `recharge` VALUES ('2015041700000001', '2015-04-17 09:43:59', '100', 'CMB', '0', null, 'zhengcong', '0', 'wait_pay', null, null);
INSERT INTO `recharge` VALUES ('2015041700000002', '2015-04-17 09:48:06', '100', 'CMB', '0', null, 'zhengcong', '0', 'wait_pay', null, null);
INSERT INTO `recharge` VALUES ('2015041700000003', '2015-04-17 10:20:06', '100', 'CMB', '0', null, 'zhengcong', '0', 'wait_pay', null, null);
INSERT INTO `recharge` VALUES ('2015041700000004', '2015-04-17 10:24:16', '100', 'CMB', '0', null, 'zhengcong', '0', 'wait_pay', null, null);
INSERT INTO `recharge` VALUES ('2015041700000005', '2015-04-17 10:27:04', '1', 'CCB', '0', null, 'zhengcong', '0', 'wait_pay', null, null);
INSERT INTO `recharge` VALUES ('2015041700000006', '2015-04-17 10:29:36', '2', 'BCCB', '0', null, 'zhengcong', '0', 'wait_pay', null, null);
INSERT INTO `recharge` VALUES ('2015041700000007', '2015-04-17 10:29:46', '24', 'BOC', '0', null, 'zhengcong', '0', 'wait_pay', null, null);
INSERT INTO `recharge` VALUES ('2015041700000008', '2015-04-17 10:30:07', '245', 'CMB', '0', null, 'zhengcong', '0', 'wait_pay', null, null);
INSERT INTO `recharge` VALUES ('2015041700000009', '2015-04-17 10:30:27', '44', 'CCB', '0', null, 'zhengcong', '0', 'wait_pay', null, null);
INSERT INTO `recharge` VALUES ('2015041700000010', '2015-04-17 10:31:09', '446', 'CCB', '0', null, 'zhengcong', '0', 'wait_pay', null, null);
INSERT INTO `recharge` VALUES ('2015041700000011', '2015-04-17 10:31:31', '44', 'HXB', '0', null, 'zhengcong', '0', 'wait_pay', null, null);
INSERT INTO `recharge` VALUES ('2015041700000012', '2015-04-17 10:32:12', '440', 'COMM', '0', null, 'zhengcong', '0', 'wait_pay', null, null);
INSERT INTO `recharge` VALUES ('2015041700000013', '2015-04-17 10:32:55', '1', 'BCCB', '0', null, 'sidneygao', '0', 'wait_pay', null, null);
INSERT INTO `recharge` VALUES ('2015041700000014', '2015-04-17 10:33:03', '1', 'CITIC', '0', null, 'sidneygao', '0', 'wait_pay', null, null);
INSERT INTO `recharge` VALUES ('2015041700000015', '2015-04-17 10:33:13', '1', 'ABC', '0', null, 'sidneygao', '0', 'wait_pay', null, null);
INSERT INTO `recharge` VALUES ('2015041700000016', '2015-04-17 10:35:55', '100', 'CCB', '0', null, 'zhengcong', '0', 'wait_pay', null, null);
INSERT INTO `recharge` VALUES ('2015041700000017', '2015-04-17 10:45:24', '1', 'CCB', '0', null, 'zhengcong', '0', 'success', '2015-04-17 10:46:53', null);
INSERT INTO `recharge` VALUES ('2015041700000018', '2015-04-17 11:01:57', '99', 'CCB', '0', null, 'zhengcong', '0', 'success', '2015-04-17 11:03:10', null);
INSERT INTO `recharge` VALUES ('2015041700000019', '2015-04-17 13:23:11', '10', 'CMB', '0', null, 'sidneygao', '0', 'success', '2015-04-17 13:25:46', null);
INSERT INTO `recharge` VALUES ('2015041700000020', '2015-04-17 13:54:57', '50', 'CEB', '0', null, 'zhaoshuai', '0', 'wait_pay', null, null);
INSERT INTO `recharge` VALUES ('2015042100000001', '2015-04-21 15:23:42', '11', 'BCCB', '0', null, 'mleoshi', '0', 'wait_pay', null, null);
INSERT INTO `recharge` VALUES ('2015042100000002', '2015-04-21 21:11:09', '100', 'BCCB', '0', null, 'wangxibao9', '0', 'wait_pay', null, null);
INSERT INTO `recharge` VALUES ('2015042100000003', '2015-04-21 21:18:54', '100', 'COMM', '0', null, 'wangxibao9', '0', 'wait_pay', null, null);
INSERT INTO `recharge` VALUES ('2015042100000004', '2015-04-21 21:20:38', '1000', 'BOC', '0', null, 'wangxibao9', '0', 'wait_pay', null, null);
INSERT INTO `recharge` VALUES ('2015042200000001', '2015-04-22 14:27:19', '50', 'CMB', '0', null, 'wll001', '0', 'wait_pay', null, null);
INSERT INTO `recharge` VALUES ('2015042200000002', '2015-04-22 14:28:21', '50', 'CCB', '0', null, 'wll001', '0', 'wait_pay', null, null);
INSERT INTO `recharge` VALUES ('2015042200000003', '2015-04-22 20:30:48', '1', 'BCCB', '0', null, 'wangxibao9', '0', 'wait_pay', null, null);
INSERT INTO `recharge` VALUES ('2015042200000004', '2015-04-22 20:37:40', '1', 'GDB', '0', null, 'wangxibao9', '0', 'wait_pay', null, null);
INSERT INTO `recharge` VALUES ('2015042200000005', '2015-04-22 20:41:27', '1', 'NJCB', '0', null, 'wangxibao9', '0', 'wait_pay', null, null);
INSERT INTO `recharge` VALUES ('2015042300000001', '2015-04-23 20:30:14', '1', 'ABC', '0', null, 'wangxibao9', '0', 'wait_pay', null, null);
INSERT INTO `recharge` VALUES ('2015042300000002', '2015-04-23 20:44:02', '1', 'BCCB', '0', null, 'wangxibao9', '0', 'wait_pay', null, null);
INSERT INTO `recharge` VALUES ('2015042300000003', '2015-04-23 20:44:11', '2', 'COMM', '0', null, 'wangxibao9', '0', 'wait_pay', null, null);
INSERT INTO `recharge` VALUES ('2015042300000004', '2015-04-23 20:44:28', '2', 'SPDB', '0', null, 'wangxibao9', '0', 'wait_pay', null, null);
INSERT INTO `recharge` VALUES ('2015042300000005', '2015-04-23 20:44:33', '2', 'CITIC', '0', null, 'wangxibao9', '0', 'wait_pay', null, null);
INSERT INTO `recharge` VALUES ('2015042300000006', '2015-04-23 20:44:38', '2', 'HXB', '0', null, 'wangxibao9', '0', 'wait_pay', null, null);
INSERT INTO `recharge` VALUES ('2015042300000007', '2015-04-23 20:44:43', '2', 'ABC', '0', null, 'wangxibao9', '0', 'wait_pay', null, null);
INSERT INTO `recharge` VALUES ('2015042300000008', '2015-04-23 20:44:47', '2', 'PSBC', '0', null, 'wangxibao9', '0', 'wait_pay', null, null);
INSERT INTO `recharge` VALUES ('2015042300000009', '2015-04-23 20:44:51', '2', 'CIB', '0', null, 'wangxibao9', '0', 'wait_pay', null, null);
INSERT INTO `recharge` VALUES ('2015042300000010', '2015-04-23 20:45:00', '2', 'CCB', '0', null, 'wangxibao9', '0', 'wait_pay', null, null);
INSERT INTO `recharge` VALUES ('2015042300000011', '2015-04-23 20:45:09', '2', 'CMBC', '0', null, 'wangxibao9', '0', 'wait_pay', null, null);
INSERT INTO `recharge` VALUES ('2015042300000012', '2015-04-23 20:45:14', '2', 'NJCB', '0', null, 'wangxibao9', '0', 'wait_pay', null, null);
INSERT INTO `recharge` VALUES ('2015042300000013', '2015-04-23 20:45:39', '2', 'NJCB', '0', null, 'wangxibao9', '0', 'wait_pay', null, null);
INSERT INTO `recharge` VALUES ('2015042300000014', '2015-04-23 21:07:02', '2', 'BCCB', '0', null, 'wangxibao9', '0', 'wait_pay', null, null);
INSERT INTO `recharge` VALUES ('2015042300000015', '2015-04-23 21:07:13', '2', 'NJCB', '0', null, 'wangxibao9', '0', 'wait_pay', null, null);
INSERT INTO `recharge` VALUES ('2015042300000016', '2015-04-23 21:08:08', '2', 'BOC', '0', null, 'wangxibao9', '0', 'wait_pay', null, null);
INSERT INTO `recharge` VALUES ('2015042300000017', '2015-04-23 21:08:20', '2', 'GDB', '0', null, 'wangxibao9', '0', 'wait_pay', null, null);
INSERT INTO `recharge` VALUES ('2015042300000018', '2015-04-23 21:08:23', '2', 'CEB', '0', null, 'wangxibao9', '0', 'wait_pay', null, null);
INSERT INTO `recharge` VALUES ('2015042300000019', '2015-04-23 21:08:27', '2', 'COMM', '0', null, 'wangxibao9', '0', 'wait_pay', null, null);
INSERT INTO `recharge` VALUES ('2015042300000020', '2015-04-23 21:08:31', '2', 'NJCB', '0', null, 'wangxibao9', '0', 'wait_pay', null, null);
INSERT INTO `recharge` VALUES ('2015042300000021', '2015-04-23 21:10:37', '1', 'BCCB', '0', null, 'wangxibao9', '0', 'wait_pay', null, null);
INSERT INTO `recharge` VALUES ('2015042300000022', '2015-04-23 21:34:19', '1', 'BJBANK', '0', null, 'wangxibao9', '0', 'wait_pay', null, null);
INSERT INTO `recharge` VALUES ('2015042300000023', '2015-04-23 21:34:25', '1', 'WZCB', '0', null, 'wangxibao9', '0', 'wait_pay', null, null);
INSERT INTO `recharge` VALUES ('2015042400000001', '2015-04-24 17:55:38', '1', 'BOC', '0', null, 'sidneygao', '0', 'wait_pay', null, null);
INSERT INTO `recharge` VALUES ('2015042400000002', '2015-04-24 18:00:51', '11', 'CMB', '0', null, 'sidneygao', '0', 'wait_pay', null, null);
INSERT INTO `recharge` VALUES ('2015042700000001', '2015-04-27 11:36:45', '123', 'WZCB', '0', null, 'mleoshi', '0', 'wait_pay', null, null);
INSERT INTO `recharge` VALUES ('2015042700000002', '2015-04-27 11:37:10', '123', 'BJBANK', '0', null, 'mleoshi', '0', 'wait_pay', null, null);
INSERT INTO `recharge` VALUES ('2015042700000003', '2015-04-27 11:40:11', '123', 'BOC', '0', null, 'mleoshi', '0', 'wait_pay', null, null);
INSERT INTO `recharge` VALUES ('2015042700000004', '2015-04-27 12:10:22', '25', 'CCB', '0', null, 'zhengcong', '0', 'success', '2015-04-27 12:12:33', null);
INSERT INTO `recharge` VALUES ('2015042700000005', '2015-04-27 15:37:14', '1', 'CCB', '0', null, 'wangxibao9', '0', 'wait_pay', null, null);
INSERT INTO `recharge` VALUES ('2015042700000006', '2015-04-27 15:54:02', '3', 'CMB', '0', null, 'jdsb1', '0', 'success', '2015-04-27 15:55:13', null);
INSERT INTO `recharge` VALUES ('2015042700000007', '2015-04-27 16:29:50', '2', 'ICBC', '0', null, 'wll001', '0', 'success', '2015-04-27 16:31:09', null);
INSERT INTO `recharge` VALUES ('2015042700000008', '2015-04-27 17:21:08', '5', 'CCB', '0', null, 'zhengcong', '0', 'success', '2015-04-27 17:22:25', null);
INSERT INTO `recharge` VALUES ('2015042700000009', '2015-04-27 17:22:05', '100', 'ICBC', '0', null, 'wll001', '0', 'wait_pay', null, null);
INSERT INTO `recharge` VALUES ('2015042700000010', '2015-04-27 17:23:13', '80', 'ICBC', '0', null, 'wll001', '0', 'wait_pay', null, null);
INSERT INTO `recharge` VALUES ('2015042800000001', '2015-04-28 11:41:58', '8', 'ICBC', '0', null, 'wll001', '0', 'success', '2015-04-28 11:42:46', null);

-- ----------------------------
-- Table structure for `region`
-- ----------------------------
DROP TABLE IF EXISTS `region`;
CREATE TABLE `region` (
  `id` varchar(32) NOT NULL,
  `title` varchar(50) NOT NULL,
  `description` text,
  PRIMARY KEY (`id`)
) ENGINE=InnoDB DEFAULT CHARSET=utf8;

-- ----------------------------
-- Records of region
-- ----------------------------

-- ----------------------------
-- Table structure for `region_component`
-- ----------------------------
DROP TABLE IF EXISTS `region_component`;
CREATE TABLE `region_component` (
  `component_id` varchar(32) NOT NULL,
  `region_id` varchar(32) NOT NULL,
  `seq_num` int(11) DEFAULT NULL,
  PRIMARY KEY (`component_id`,`region_id`),
  KEY `FK3E9B1D7281DC4883` (`region_id`) USING BTREE,
  KEY `FK3E9B1D72D96698B1` (`component_id`) USING BTREE,
  CONSTRAINT `region_component_ibfk_1` FOREIGN KEY (`region_id`) REFERENCES `region` (`id`),
  CONSTRAINT `region_component_ibfk_2` FOREIGN KEY (`component_id`) REFERENCES `component` (`id`)
) ENGINE=InnoDB DEFAULT CHARSET=utf8;

-- ----------------------------
-- Records of region_component
-- ----------------------------

-- ----------------------------
-- Table structure for `risk_indemnitication`
-- ----------------------------
DROP TABLE IF EXISTS `risk_indemnitication`;
CREATE TABLE `risk_indemnitication` (
  `id` varchar(32) NOT NULL,
  `rate` varchar(20) DEFAULT NULL,
  `risk_rank` varchar(32) DEFAULT NULL,
  `description` varchar(255) DEFAULT NULL,
  PRIMARY KEY (`id`),
  UNIQUE KEY `id` (`id`) USING BTREE,
  KEY `FKF7212479BF8BD49C` (`risk_rank`) USING BTREE,
  CONSTRAINT `risk_indemnitication_ibfk_1` FOREIGN KEY (`risk_rank`) REFERENCES `risk_rank` (`id`)
) ENGINE=InnoDB DEFAULT CHARSET=utf8;

-- ----------------------------
-- Records of risk_indemnitication
-- ----------------------------
INSERT INTO `risk_indemnitication` VALUES ('indemnitication_01', '0.5', 'AAA', '');
INSERT INTO `risk_indemnitication` VALUES ('indemnitication_02', '0.75', 'AA', null);
INSERT INTO `risk_indemnitication` VALUES ('indemnitication_03', '1', 'A', null);
INSERT INTO `risk_indemnitication` VALUES ('indemnitication_04', '2', 'B', null);
INSERT INTO `risk_indemnitication` VALUES ('indemnitication_05', '3', 'C', null);
INSERT INTO `risk_indemnitication` VALUES ('indemnitication_06', '4', 'D', null);
INSERT INTO `risk_indemnitication` VALUES ('indemnitication_07', '5', 'HR', null);

-- ----------------------------
-- Table structure for `risk_preparedness`
-- ----------------------------
DROP TABLE IF EXISTS `risk_preparedness`;
CREATE TABLE `risk_preparedness` (
  `id` varchar(32) NOT NULL,
  `rate` varchar(255) DEFAULT NULL,
  `risk_rank` varchar(32) DEFAULT NULL,
  `description` varchar(255) DEFAULT NULL,
  PRIMARY KEY (`id`),
  UNIQUE KEY `id` (`id`) USING BTREE,
  KEY `FK3FBCFF84BF8BD49C` (`risk_rank`) USING BTREE,
  CONSTRAINT `risk_preparedness_ibfk_1` FOREIGN KEY (`risk_rank`) REFERENCES `risk_rank` (`id`)
) ENGINE=InnoDB DEFAULT CHARSET=utf8;

-- ----------------------------
-- Records of risk_preparedness
-- ----------------------------
INSERT INTO `risk_preparedness` VALUES ('prepare_01', '0.5', 'AAA', null);
INSERT INTO `risk_preparedness` VALUES ('prepare_02', '0.75', 'AA', '');
INSERT INTO `risk_preparedness` VALUES ('prepare_03', '1', 'A', null);
INSERT INTO `risk_preparedness` VALUES ('prepare_04', '2', 'B', null);
INSERT INTO `risk_preparedness` VALUES ('prepare_05', '3', 'C', null);
INSERT INTO `risk_preparedness` VALUES ('prepare_06', '4', 'D', null);
INSERT INTO `risk_preparedness` VALUES ('prepare_07', '5', 'HR', null);

-- ----------------------------
-- Table structure for `risk_rank`
-- ----------------------------
DROP TABLE IF EXISTS `risk_rank`;
CREATE TABLE `risk_rank` (
  `id` varchar(32) NOT NULL,
  `description` varchar(255) DEFAULT NULL,
  `rank` varchar(20) DEFAULT NULL,
  `version` int(11) DEFAULT NULL,
  `score` int(11) DEFAULT NULL,
  PRIMARY KEY (`id`),
  UNIQUE KEY `id` (`id`) USING BTREE
) ENGINE=InnoDB DEFAULT CHARSET=utf8;

-- ----------------------------
-- Records of risk_rank
-- ----------------------------
INSERT INTO `risk_rank` VALUES ('A', '等级A,风险高于AA\r\n', 'A', '0', '3');
INSERT INTO `risk_rank` VALUES ('AA', '仅次于AAA风险等级，稍低', 'AA', '0', '2');
INSERT INTO `risk_rank` VALUES ('AAA', '最高风险等级', 'AAA', '0', '1');
INSERT INTO `risk_rank` VALUES ('B', '等级B，风险高于等级A', 'B', '0', '4');
INSERT INTO `risk_rank` VALUES ('C', '风险等级C,风险高于B', 'C', '0', '5');
INSERT INTO `risk_rank` VALUES ('D', '风险等级D，风险高于C', 'D', '0', '6');
INSERT INTO `risk_rank` VALUES ('HR', '风险等级HR,风险最高', 'HR', '0', '7');

-- ----------------------------
-- Table structure for `risk_reserve`
-- ----------------------------
DROP TABLE IF EXISTS `risk_reserve`;
CREATE TABLE `risk_reserve` (
  `id` varchar(32) NOT NULL,
  `type` varchar(200) NOT NULL,
  `operator` varchar(32) DEFAULT NULL,
  `money` double NOT NULL,
  `balance` double NOT NULL,
  `detail` varchar(200) DEFAULT NULL,
  `time` datetime DEFAULT NULL,
  `seq_num` int(11) DEFAULT NULL,
  PRIMARY KEY (`id`),
  KEY `FK_Reference_20` (`operator`) USING BTREE,
  CONSTRAINT `risk_reserve_ibfk_1` FOREIGN KEY (`operator`) REFERENCES `user` (`id`)
) ENGINE=InnoDB DEFAULT CHARSET=utf8;

-- ----------------------------
-- Records of risk_reserve
-- ----------------------------

-- ----------------------------
-- Table structure for `role`
-- ----------------------------
DROP TABLE IF EXISTS `role`;
CREATE TABLE `role` (
  `id` varchar(32) NOT NULL,
  `name` varchar(100) NOT NULL,
  `description` text,
  PRIMARY KEY (`id`)
) ENGINE=InnoDB DEFAULT CHARSET=utf8;

-- ----------------------------
-- Records of role
-- ----------------------------
INSERT INTO `role` VALUES ('ADMINISTRATOR', '管理员', '系统最高权限-系统管理员');
INSERT INTO `role` VALUES ('COORDINATIONASSISTANTER', '助理利率协调人', '较低级别的利率协调人');
INSERT INTO `role` VALUES ('COORDINATIONELDER', '资深利率协调人', '最高级别的利率协调人');
INSERT INTO `role` VALUES ('COORDINATIONER', '利率协调人', '级别高于助理协调人，低于资深协调人');
INSERT INTO `role` VALUES ('CORP', '企业用户', '企业用户');
INSERT INTO `role` VALUES ('GUARANTEE', '担保公司', '担保公司权限');
INSERT INTO `role` VALUES ('INACTIVE', '未激活', '用户注册后未激活');
INSERT INTO `role` VALUES ('INVESTOR', '投资人', '拥有普通用户和投资权限');
INSERT INTO `role` VALUES ('LOANER', '借款者', '拥有借款权限');
INSERT INTO `role` VALUES ('MEMBER', '用户', '前台用户登录');
INSERT INTO `role` VALUES ('ROLE_MERCHANDISER', '业务员', 'ROLE_MERCHANDISER - 平台业务员');
INSERT INTO `role` VALUES ('rs', '人事', '人事');
INSERT INTO `role` VALUES ('TESTER', '测试角色', '为测试人员提供的系统测试账号。');
INSERT INTO `role` VALUES ('VIP', 'VIP', 'VIP会员');
INSERT INTO `role` VALUES ('WAIT_CONFIRM', '等待审核', '等待审核');
INSERT INTO `role` VALUES ('wzwh', '文章维护', '文章维护');
INSERT INTO `role` VALUES ('xitongpeizhiyuan', '系统配置员', '系统配置员');
INSERT INTO `role` VALUES ('xmfb', '项目发布', '项目发布');
INSERT INTO `role` VALUES ('xmwh', '项目维护', '项目维护');

-- ----------------------------
-- Table structure for `role_permission`
-- ----------------------------
DROP TABLE IF EXISTS `role_permission`;
CREATE TABLE `role_permission` (
  `role_id` varchar(32) NOT NULL,
  `permission_id` varchar(32) NOT NULL,
  PRIMARY KEY (`role_id`,`permission_id`),
  KEY `FK_role_authority_authority` (`permission_id`) USING BTREE,
  CONSTRAINT `role_permission_ibfk_1` FOREIGN KEY (`role_id`) REFERENCES `role` (`id`),
  CONSTRAINT `role_permission_ibfk_2` FOREIGN KEY (`permission_id`) REFERENCES `permission` (`id`)
) ENGINE=InnoDB DEFAULT CHARSET=utf8;

-- ----------------------------
-- Records of role_permission
-- ----------------------------
INSERT INTO `role_permission` VALUES ('ADMINISTRATOR', '1');
INSERT INTO `role_permission` VALUES ('ADMINISTRATOR', '2');
INSERT INTO `role_permission` VALUES ('xmfb', '2');
INSERT INTO `role_permission` VALUES ('ADMINISTRATOR', '3');
INSERT INTO `role_permission` VALUES ('xmwh', '3');
INSERT INTO `role_permission` VALUES ('ADMINISTRATOR', '4');
INSERT INTO `role_permission` VALUES ('wzwh', '4');
INSERT INTO `role_permission` VALUES ('ADMINISTRATOR', '5');
INSERT INTO `role_permission` VALUES ('rs', '5');
INSERT INTO `role_permission` VALUES ('ADMINISTRATOR', '6');
INSERT INTO `role_permission` VALUES ('ADMINISTRATOR', 'admin_index');
INSERT INTO `role_permission` VALUES ('ADMINISTRATOR', 'ads_mgr');
INSERT INTO `role_permission` VALUES ('ADMINISTRATOR', 'app_info');
INSERT INTO `role_permission` VALUES ('ADMINISTRATOR', 'AUTO_INVEST');
INSERT INTO `role_permission` VALUES ('VIP', 'AUTO_INVEST');
INSERT INTO `role_permission` VALUES ('ADMINISTRATOR', 'auto_invest_config');
INSERT INTO `role_permission` VALUES ('ADMINISTRATOR', 'banner_list');
INSERT INTO `role_permission` VALUES ('ADMINISTRATOR', 'bill_check_mgr');
INSERT INTO `role_permission` VALUES ('ADMINISTRATOR', 'bill_mgr');
INSERT INTO `role_permission` VALUES ('ADMINISTRATOR', 'business_config');
INSERT INTO `role_permission` VALUES ('ADMINISTRATOR', 'CATEGORY_TERM_EDIT');
INSERT INTO `role_permission` VALUES ('ADMINISTRATOR', 'category_term_list');
INSERT INTO `role_permission` VALUES ('ADMINISTRATOR', 'CATEGORY_TERM_TYPE_EDIT');
INSERT INTO `role_permission` VALUES ('ADMINISTRATOR', 'checkBalance');
INSERT INTO `role_permission` VALUES ('ADMINISTRATOR', 'CONFIG_EDIT');
INSERT INTO `role_permission` VALUES ('xitongpeizhiyuan', 'CONFIG_EDIT');
INSERT INTO `role_permission` VALUES ('ADMINISTRATOR', 'config_list');
INSERT INTO `role_permission` VALUES ('ADMINISTRATOR', 'config_mgr');
INSERT INTO `role_permission` VALUES ('ADMINISTRATOR', 'CONFIG_TYPE_EDIT');
INSERT INTO `role_permission` VALUES ('ADMINISTRATOR', 'config_type_list');
INSERT INTO `role_permission` VALUES ('ADMINISTRATOR', 'contract_list');
INSERT INTO `role_permission` VALUES ('ADMINISTRATOR', 'contract_mgr');
INSERT INTO `role_permission` VALUES ('ADMINISTRATOR', 'contract_template_list');
INSERT INTO `role_permission` VALUES ('ADMINISTRATOR', 'COORDINATIONRATE_EDIT');
INSERT INTO `role_permission` VALUES ('COORDINATIONASSISTANTER', 'COORDINATIONRATE_EDIT');
INSERT INTO `role_permission` VALUES ('COORDINATIONELDER', 'COORDINATIONRATE_EDIT');
INSERT INTO `role_permission` VALUES ('COORDINATIONER', 'COORDINATIONRATE_EDIT');
INSERT INTO `role_permission` VALUES ('ADMINISTRATOR', 'CORP');
INSERT INTO `role_permission` VALUES ('CORP', 'CORP');
INSERT INTO `role_permission` VALUES ('ADMINISTRATOR', 'coupon_mgr');
INSERT INTO `role_permission` VALUES ('ADMINISTRATOR', 'credit_list');
INSERT INTO `role_permission` VALUES ('ADMINISTRATOR', 'credit_mgr');
INSERT INTO `role_permission` VALUES ('ADMINISTRATOR', 'credit_rating_log_list');
INSERT INTO `role_permission` VALUES ('ADMINISTRATOR', 'dict_list');
INSERT INTO `role_permission` VALUES ('ADMINISTRATOR', 'enterprise_loan_apply_list');
INSERT INTO `role_permission` VALUES ('ADMINISTRATOR', 'fee_config');
INSERT INTO `role_permission` VALUES ('ADMINISTRATOR', 'finance_mgr');
INSERT INTO `role_permission` VALUES ('ADMINISTRATOR', 'global_config');
INSERT INTO `role_permission` VALUES ('ADMINISTRATOR', 'GUARANTEE');
INSERT INTO `role_permission` VALUES ('GUARANTEE', 'GUARANTEE');
INSERT INTO `role_permission` VALUES ('ADMINISTRATOR', 'guarantee_company_list');
INSERT INTO `role_permission` VALUES ('ADMINISTRATOR', 'gy');
INSERT INTO `role_permission` VALUES ('rs', 'gy');
INSERT INTO `role_permission` VALUES ('wzwh', 'gy');
INSERT INTO `role_permission` VALUES ('xmfb', 'gy');
INSERT INTO `role_permission` VALUES ('xmwh', 'gy');
INSERT INTO `role_permission` VALUES ('ADMINISTRATOR', 'hongbaoshiyong');
INSERT INTO `role_permission` VALUES ('INACTIVE', 'INACTIVE');
INSERT INTO `role_permission` VALUES ('ADMINISTRATOR', 'investment_list');
INSERT INTO `role_permission` VALUES ('ADMINISTRATOR', 'INVESTOR');
INSERT INTO `role_permission` VALUES ('INVESTOR', 'INVESTOR');
INSERT INTO `role_permission` VALUES ('ADMINISTRATOR', 'invest_transfer_config');
INSERT INTO `role_permission` VALUES ('ADMINISTRATOR', 'language_list');
INSERT INTO `role_permission` VALUES ('ADMINISTRATOR', 'link_list');
INSERT INTO `role_permission` VALUES ('ADMINISTRATOR', 'link_type_list');
INSERT INTO `role_permission` VALUES ('ADMINISTRATOR', 'loan-type_list');
INSERT INTO `role_permission` VALUES ('ADMINISTRATOR', 'LOANER');
INSERT INTO `role_permission` VALUES ('LOANER', 'LOANER');
INSERT INTO `role_permission` VALUES ('ADMINISTRATOR', 'loaner_list');
INSERT INTO `role_permission` VALUES ('ADMINISTRATOR', 'loan_add');
INSERT INTO `role_permission` VALUES ('ADMINISTRATOR', 'loan_comment_list');
INSERT INTO `role_permission` VALUES ('ADMINISTRATOR', 'loan_comment_mgr');
INSERT INTO `role_permission` VALUES ('ADMINISTRATOR', 'loan_list');
INSERT INTO `role_permission` VALUES ('ADMINISTRATOR', 'loan_list_cancel');
INSERT INTO `role_permission` VALUES ('ADMINISTRATOR', 'loan_list_complete');
INSERT INTO `role_permission` VALUES ('ADMINISTRATOR', 'loan_list_raising');
INSERT INTO `role_permission` VALUES ('ADMINISTRATOR', 'loan_list_recheck');
INSERT INTO `role_permission` VALUES ('ADMINISTRATOR', 'loan_list_repaying');
INSERT INTO `role_permission` VALUES ('ADMINISTRATOR', 'loan_list_waiting_verify');
INSERT INTO `role_permission` VALUES ('ADMINISTRATOR', 'loan_mgr');
INSERT INTO `role_permission` VALUES ('ADMINISTRATOR', 'loan_mgr_2');
INSERT INTO `role_permission` VALUES ('ADMINISTRATOR', 'loan_overdue');
INSERT INTO `role_permission` VALUES ('ADMINISTRATOR', 'mail_config');
INSERT INTO `role_permission` VALUES ('ADMINISTRATOR', 'marketing_mgr');
INSERT INTO `role_permission` VALUES ('ADMINISTRATOR', 'MENU_EDIT');
INSERT INTO `role_permission` VALUES ('ADMINISTRATOR', 'menu_list');
INSERT INTO `role_permission` VALUES ('ADMINISTRATOR', 'menu_mgr');
INSERT INTO `role_permission` VALUES ('ADMINISTRATOR', 'menu_mgr_2');
INSERT INTO `role_permission` VALUES ('ADMINISTRATOR', 'MENU_TYPE_EDIT');
INSERT INTO `role_permission` VALUES ('ADMINISTRATOR', 'menu_type_list');
INSERT INTO `role_permission` VALUES ('ADMINISTRATOR', 'my_menus');
INSERT INTO `role_permission` VALUES ('ADMINISTRATOR', 'my_work');
INSERT INTO `role_permission` VALUES ('ADMINISTRATOR', 'NODE_EDIT');
INSERT INTO `role_permission` VALUES ('wzwh', 'NODE_EDIT');
INSERT INTO `role_permission` VALUES ('ADMINISTRATOR', 'node_list');
INSERT INTO `role_permission` VALUES ('ADMINISTRATOR', 'node_mgr');
INSERT INTO `role_permission` VALUES ('ADMINISTRATOR', 'node_mgr_2');
INSERT INTO `role_permission` VALUES ('ADMINISTRATOR', 'NODE_TYPE_EDIT');
INSERT INTO `role_permission` VALUES ('wzwh', 'NODE_TYPE_EDIT');
INSERT INTO `role_permission` VALUES ('ADMINISTRATOR', 'PERMISSION_EDIT');
INSERT INTO `role_permission` VALUES ('ADMINISTRATOR', 'permission_list');
INSERT INTO `role_permission` VALUES ('ADMINISTRATOR', 'permission_mgr');
INSERT INTO `role_permission` VALUES ('ADMINISTRATOR', 'point_mgr');
INSERT INTO `role_permission` VALUES ('ADMINISTRATOR', 'queryLoanStatus');
INSERT INTO `role_permission` VALUES ('ADMINISTRATOR', 'queryMerInfo');
INSERT INTO `role_permission` VALUES ('ADMINISTRATOR', 'queryTranseq');
INSERT INTO `role_permission` VALUES ('ADMINISTRATOR', 'queryTransferStatus');
INSERT INTO `role_permission` VALUES ('ADMINISTRATOR', 'queryUserStatus');
INSERT INTO `role_permission` VALUES ('ADMINISTRATOR', 'raise_loan_list');
INSERT INTO `role_permission` VALUES ('ADMINISTRATOR', 'raise_mgr');
INSERT INTO `role_permission` VALUES ('ADMINISTRATOR', 'recharge_list');
INSERT INTO `role_permission` VALUES ('ADMINISTRATOR', 'recharge_withdraw_mgr');
INSERT INTO `role_permission` VALUES ('ADMINISTRATOR', 'referee');
INSERT INTO `role_permission` VALUES ('ADMINISTRATOR', 'referee_list');
INSERT INTO `role_permission` VALUES ('ADMINISTRATOR', 'referee_mgr');
INSERT INTO `role_permission` VALUES ('ADMINISTRATOR', 'repayment_list');
INSERT INTO `role_permission` VALUES ('ADMINISTRATOR', 'ROLE_ADMIN');
INSERT INTO `role_permission` VALUES ('rs', 'ROLE_ADMIN');
INSERT INTO `role_permission` VALUES ('TESTER', 'ROLE_ADMIN');
INSERT INTO `role_permission` VALUES ('wzwh', 'ROLE_ADMIN');
INSERT INTO `role_permission` VALUES ('xmfb', 'ROLE_ADMIN');
INSERT INTO `role_permission` VALUES ('xmwh', 'ROLE_ADMIN');
INSERT INTO `role_permission` VALUES ('ADMINISTRATOR', 'ROLE_EDIT');
INSERT INTO `role_permission` VALUES ('TESTER', 'ROLE_EDIT');
INSERT INTO `role_permission` VALUES ('ADMINISTRATOR', 'role_list');
INSERT INTO `role_permission` VALUES ('ADMINISTRATOR', 'safe_config');
INSERT INTO `role_permission` VALUES ('ADMINISTRATOR', 'security_mgr');
INSERT INTO `role_permission` VALUES ('ADMINISTRATOR', 'site_config');
INSERT INTO `role_permission` VALUES ('ADMINISTRATOR', 'system_audit');
INSERT INTO `role_permission` VALUES ('ADMINISTRATOR', 'system_bill_list');
INSERT INTO `role_permission` VALUES ('ADMINISTRATOR', 'system_config');
INSERT INTO `role_permission` VALUES ('ADMINISTRATOR', 'system_refresh');
INSERT INTO `role_permission` VALUES ('ADMINISTRATOR', 'system_util');
INSERT INTO `role_permission` VALUES ('ADMINISTRATOR', 'system_util_1');
INSERT INTO `role_permission` VALUES ('ADMINISTRATOR', 'TEST');
INSERT INTO `role_permission` VALUES ('TESTER', 'TEST');
INSERT INTO `role_permission` VALUES ('ADMINISTRATOR', 'transfer_list');
INSERT INTO `role_permission` VALUES ('ADMINISTRATOR', 'tzjop');
INSERT INTO `role_permission` VALUES ('ADMINISTRATOR', 'url_mapping_list');
INSERT INTO `role_permission` VALUES ('ADMINISTRATOR', 'USER');
INSERT INTO `role_permission` VALUES ('INVESTOR', 'USER');
INSERT INTO `role_permission` VALUES ('LOANER', 'USER');
INSERT INTO `role_permission` VALUES ('MEMBER', 'USER');
INSERT INTO `role_permission` VALUES ('ADMINISTRATOR', 'userPointList');
INSERT INTO `role_permission` VALUES ('ADMINISTRATOR', 'user_bill_list');
INSERT INTO `role_permission` VALUES ('ADMINISTRATOR', 'USER_EDIT');
INSERT INTO `role_permission` VALUES ('rs', 'USER_EDIT');
INSERT INTO `role_permission` VALUES ('TESTER', 'USER_EDIT');
INSERT INTO `role_permission` VALUES ('ADMINISTRATOR', 'user_last_bill_list');
INSERT INTO `role_permission` VALUES ('ADMINISTRATOR', 'user_list');
INSERT INTO `role_permission` VALUES ('ADMINISTRATOR', 'user_list_vip');
INSERT INTO `role_permission` VALUES ('ADMINISTRATOR', 'user_login_log_list');
INSERT INTO `role_permission` VALUES ('ADMINISTRATOR', 'user_message');
INSERT INTO `role_permission` VALUES ('ADMINISTRATOR', 'user_message_node_list');
INSERT INTO `role_permission` VALUES ('ADMINISTRATOR', 'user_message_template_list');
INSERT INTO `role_permission` VALUES ('ADMINISTRATOR', 'user_message_way_list');
INSERT INTO `role_permission` VALUES ('ADMINISTRATOR', 'user_mgr');
INSERT INTO `role_permission` VALUES ('ADMINISTRATOR', 'user_mgr_2');
INSERT INTO `role_permission` VALUES ('ADMINISTRATOR', 'user_operate_log_list');
INSERT INTO `role_permission` VALUES ('ADMINISTRATOR', 'user_safe_config');
INSERT INTO `role_permission` VALUES ('ADMINISTRATOR', 'VIP');
INSERT INTO `role_permission` VALUES ('VIP', 'VIP');
INSERT INTO `role_permission` VALUES ('ADMINISTRATOR', 'WAIT_CONFIRM');
INSERT INTO `role_permission` VALUES ('WAIT_CONFIRM', 'WAIT_CONFIRM');
INSERT INTO `role_permission` VALUES ('ADMINISTRATOR', 'withdraw_list_recheck');
INSERT INTO `role_permission` VALUES ('ADMINISTRATOR', 'withdraw_list_success');
INSERT INTO `role_permission` VALUES ('ADMINISTRATOR', 'withdraw_list_verify_fail');
INSERT INTO `role_permission` VALUES ('ADMINISTRATOR', 'withdraw_list_wait_verify');

-- ----------------------------
-- Table structure for `search_dataset`
-- ----------------------------
DROP TABLE IF EXISTS `search_dataset`;
CREATE TABLE `search_dataset` (
  `ID` char(10) DEFAULT NULL,
  `TYPE` char(10) DEFAULT NULL,
  `DATA` char(10) DEFAULT NULL
) ENGINE=InnoDB DEFAULT CHARSET=utf8;

-- ----------------------------
-- Records of search_dataset
-- ----------------------------

-- ----------------------------
-- Table structure for `select_item`
-- ----------------------------
DROP TABLE IF EXISTS `select_item`;
CREATE TABLE `select_item` (
  `id` varchar(32) NOT NULL,
  `name` varchar(50) NOT NULL,
  `items` varchar(1000) DEFAULT NULL,
  `description` varchar(500) DEFAULT NULL,
  `item_group` varchar(32) DEFAULT NULL,
  PRIMARY KEY (`id`),
  KEY `FK_Reference_31` (`item_group`) USING BTREE,
  CONSTRAINT `select_item_ibfk_1` FOREIGN KEY (`item_group`) REFERENCES `select_item_group` (`id`)
) ENGINE=InnoDB DEFAULT CHARSET=utf8 COMMENT='所有的候选项，例如投资权限提交信息时候的那些选项';

-- ----------------------------
-- Records of select_item
-- ----------------------------
INSERT INTO `select_item` VALUES ('companyBusiness', '公司行业', '制造业，信息技术，政府机关，媒体/广告，零售/批发，教育/培训，公共事业，交通运输业，房地产业，能源业，金融/法律，餐饮/旅馆业，医疗/卫生/保健，建筑工程，农业，娱乐服务业，体育/艺术，公益组织，其它\r\n\r\n\r\n\r\n	\r\n', '用户所在公司经营的行业', 'aboutaccount');
INSERT INTO `select_item` VALUES ('companySize', '公司规模', '10人以下，10-100人，100-500人，500人以上\r\n\r\n', '公司规模，主要是人数', 'aboutaccount');
INSERT INTO `select_item` VALUES ('companyType', '单位类型', '国家机关，事业单位，央企及下属机构，国有企业，外企及合资企业，民营企业，个体经营者，学生，其他', '用户是哪种单位类型', 'aboutaccount');
INSERT INTO `select_item` VALUES ('jobInfo', '职业情况', '工薪阶层，小企业主，网店店主，学生', '用户的职业情况', 'aboutaccount');
INSERT INTO `select_item` VALUES ('monthincome', '月收入', '1000元以下，1001-2000元，2000-5000元，5000-10000元，10000-20000元，20000-50000元，50000元以上\r\n\r\n\r\n', '月薪', 'aboutaccount');
INSERT INTO `select_item` VALUES ('workyears', '工作年限', '1年以下（含1年），1-3年（含3年），3-5年（含5年），5年以上\r\n\r\n', '工作年限', 'aboutaccount');

-- ----------------------------
-- Table structure for `select_item_group`
-- ----------------------------
DROP TABLE IF EXISTS `select_item_group`;
CREATE TABLE `select_item_group` (
  `id` varchar(32) NOT NULL,
  `name` varchar(100) DEFAULT NULL,
  `description` varchar(500) DEFAULT NULL,
  PRIMARY KEY (`id`)
) ENGINE=InnoDB DEFAULT CHARSET=utf8;

-- ----------------------------
-- Records of select_item_group
-- ----------------------------
INSERT INTO `select_item_group` VALUES ('aboutaccount', '用户细节信息', '用户细节相关的信息');
INSERT INTO `select_item_group` VALUES ('userInvest', '用户投资', '用户投资管理相关的信息');
INSERT INTO `select_item_group` VALUES ('userloan', '用户借款', '用户借款信息细节');

-- ----------------------------
-- Table structure for `sendbox`
-- ----------------------------
DROP TABLE IF EXISTS `sendbox`;
CREATE TABLE `sendbox` (
  `id` varchar(32) NOT NULL,
  `content` varchar(255) DEFAULT NULL,
  `inbox_id` varchar(32) DEFAULT NULL,
  `send_time` datetime DEFAULT NULL,
  `status` varchar(255) DEFAULT NULL,
  `title` varchar(255) DEFAULT NULL,
  `receiver` varchar(32) DEFAULT NULL,
  `sender` varchar(32) DEFAULT NULL,
  `isdelete` varchar(255) DEFAULT NULL,
  PRIMARY KEY (`id`),
  UNIQUE KEY `id` (`id`) USING BTREE,
  KEY `FK760321432C43F23` (`receiver`) USING BTREE,
  KEY `FK76032143FCF86F69` (`sender`) USING BTREE,
  CONSTRAINT `sendbox_ibfk_1` FOREIGN KEY (`receiver`) REFERENCES `user` (`id`),
  CONSTRAINT `sendbox_ibfk_2` FOREIGN KEY (`sender`) REFERENCES `user` (`id`)
) ENGINE=InnoDB DEFAULT CHARSET=utf8;

-- ----------------------------
-- Records of sendbox
-- ----------------------------

-- ----------------------------
-- Table structure for `ship_address`
-- ----------------------------
DROP TABLE IF EXISTS `ship_address`;
CREATE TABLE `ship_address` (
  `id` varchar(32) NOT NULL,
  `user_id` varchar(32) DEFAULT NULL,
  `name` varchar(100) DEFAULT NULL,
  `mobile` varchar(20) DEFAULT NULL,
  `area_id` varchar(32) DEFAULT NULL,
  `zip_code` varchar(6) DEFAULT NULL,
  `is_default` varchar(255) DEFAULT NULL,
  `address` varchar(255) DEFAULT NULL,
  `bankcard_id` varchar(32) DEFAULT NULL,
  `status` varchar(255) DEFAULT NULL,
  PRIMARY KEY (`id`),
  UNIQUE KEY `id` (`id`) USING BTREE,
  KEY `FK49ED20F1670F403` (`area_id`) USING BTREE,
  KEY `FK49ED20F12A334343` (`user_id`) USING BTREE,
  KEY `FK49ED20F19A6F6C7B` (`bankcard_id`) USING BTREE,
  CONSTRAINT `ship_address_ibfk_1` FOREIGN KEY (`user_id`) REFERENCES `user` (`id`),
  CONSTRAINT `ship_address_ibfk_2` FOREIGN KEY (`area_id`) REFERENCES `area` (`id`),
  CONSTRAINT `ship_address_ibfk_3` FOREIGN KEY (`bankcard_id`) REFERENCES `bank_card` (`id`)
) ENGINE=InnoDB DEFAULT CHARSET=utf8;

-- ----------------------------
-- Records of ship_address
-- ----------------------------
INSERT INTO `ship_address` VALUES ('2571815ba9874e0a8d7c6fc70335cf88', 'admin', '测试一', '13789798374', '110100', '134314', '0', '详细地址详细地址', '29927ea1678b40b1b420018c3bb436d8', 'deleted');
INSERT INTO `ship_address` VALUES ('34885f8922204c5ba8654485eb186846', 'raise001', '张三', '13789237497', '110100', '234324', '0', '23497987', null, 'normal');
INSERT INTO `ship_address` VALUES ('3b1e54bb95b74efaa53563cec1d256e9', 'raise002', 'raise002', '13789791279', '220100', '234234', '0', '详细地址', '619d0353e5924804b659c5227b3180b3', null);
INSERT INTO `ship_address` VALUES ('61cc188372114e8f885f12e35f844a76', 'raise001', '张大', '13778923749', '140100', '234324', '0', '234234234', '876e445b71794855bc0a980643f42938', null);
INSERT INTO `ship_address` VALUES ('67dc783576f74f20b805ec4209077e85', 'raise002', '张三', '13713897493', '110100', '134329', '0', '管理软件学院', null, 'normal');
INSERT INTO `ship_address` VALUES ('95e9b9e905c64ecbbc3de26fb6fd6cfb', 'raise001', '5435', '13789730147', '440100', '234234', '0', '23423423', '3e70225d393541f7b2d16797deb06caf', null);
INSERT INTO `ship_address` VALUES ('a0afaf3c3a9d4f2ba113ab77c7d3d008', 'raise001', '张二', '12349872349', '120100', '234523', '0', '地无可奈何花落去 村', 'f0d1bd81c9df4e98867da8535ce9c32c', null);
INSERT INTO `ship_address` VALUES ('b9378e13b0ff47269ecae31864695afe', 'raise001', '法律界', '13798723947', '340100', '234214', '0', '士大夫工', '3e70225d393541f7b2d16797deb06caf', null);
INSERT INTO `ship_address` VALUES ('c7efb7db3c974666bd3908f808ff9736', 'raise001', '张大d', '13789723974', '130100', '234535', '0', '电视连续剧协', '3e70225d393541f7b2d16797deb06caf', null);
INSERT INTO `ship_address` VALUES ('dd2d9695fe754052b36f866a63b599f5', 'raise001', '新弹出方式', '13789237497', '110100', '', '0', '顶戴似懂非懂霜', null, 'normal');
INSERT INTO `ship_address` VALUES ('fa01f418e4214dae803516d339242c30', 'raise001', '个人中心修改', '13779832749', '110100', '', '1', '顶戴顶戴枯', null, 'normal');

-- ----------------------------
-- Table structure for `system_bill`
-- ----------------------------
DROP TABLE IF EXISTS `system_bill`;
CREATE TABLE `system_bill` (
  `id` varchar(32) NOT NULL,
  `time` datetime NOT NULL,
  `type` varchar(32) DEFAULT NULL,
  `money` double DEFAULT NULL,
  `detail` varchar(200) DEFAULT NULL,
  `seq_num` int(11) DEFAULT NULL,
  `reason` varchar(200) DEFAULT NULL,
  `balance` double DEFAULT NULL,
  PRIMARY KEY (`id`)
) ENGINE=InnoDB DEFAULT CHARSET=utf8 COMMENT='直接给系统建一个用户，然后用用户的投资账户就行\r\n           ';

-- ----------------------------
-- Records of system_bill
-- ----------------------------
INSERT INTO `system_bill` VALUES ('007816dad26b4ae2a7737c50a0d9c490', '2015-04-03 14:28:51', 'in', '0', '借款管理费, 借款ID：20150318000010', '19', 'give_money_to_borrower', '931.82');
INSERT INTO `system_bill` VALUES ('031a9f42b3e64733ada18054007cd8e8', '2015-03-20 11:03:11', 'in', '0', '借款：20150320000015正常还款，扣除手续费， 还款ID：201503200000150001', '16', 'normal_repay', '931.82');
INSERT INTO `system_bill` VALUES ('043c24d0d6234a079ab95aa1022bd65d', '2015-03-18 15:17:49', 'in', '0', '借款：20150318000005正常还款，扣除手续费， 还款ID：201503180000050001', '7', 'normal_repay', '0');
INSERT INTO `system_bill` VALUES ('08db1dd9a17347ee8eb865e699dd249d', '2015-04-27 18:05:33', 'in', '1', '借款管理费, 借款ID：20150427000068', '61', 'give_money_to_borrower', '942.07');
INSERT INTO `system_bill` VALUES ('0dd9b30078d54d8b992d2dea97e4933b', '2015-03-17 11:51:22', 'in', '0', '投资：20150317000001收到还款，扣除手续费, 还款ID:201503170000020001', '2', 'normal_repay', '0');
INSERT INTO `system_bill` VALUES ('10334fca9e06474bbe680f3ba115cfbd', '2015-03-18 15:15:38', 'in', '0', '借款管理费, 借款ID：20150318000005', '5', 'give_money_to_borrower', '0');
INSERT INTO `system_bill` VALUES ('12ac6832932c4681b72a6dc28e3c6bf5', '2015-04-28 11:58:34', 'in', '0.03', '投资：20150428000002收到还款，扣除手续费, 还款ID:201504280000770001', '65', 'normal_repay', '944.1');
INSERT INTO `system_bill` VALUES ('14c8b1558b89409a9db801bbd31437e9', '2015-04-17 10:46:53', 'in', '0', '充值手续费, 用户ID：zhengcong充值ID2015041700000017', '37', 'recharge_success', '933.92');
INSERT INTO `system_bill` VALUES ('16cc13a4dd784be989c5babba81f2787', '2015-03-20 11:01:50', 'in', '0', '借款管理费, 借款ID：20150320000015', '14', 'give_money_to_borrower', '931.82');
INSERT INTO `system_bill` VALUES ('1c1c8d76f9994e64b381ee4cb81bc5a0', '2015-03-17 11:51:22', 'in', '0', '投资：20150317000002收到还款，扣除手续费, 还款ID:201503170000020001', '3', 'normal_repay', '0');
INSERT INTO `system_bill` VALUES ('22933f413900435d893cad3e650980d3', '2015-04-21 17:41:15', 'in', '1', '借款管理费, 借款ID：20150421000051', '45', 'give_money_to_borrower', '937.03');
INSERT INTO `system_bill` VALUES ('22c2de325b434d9a9b4e6665a8df8d0d', '2015-04-27 17:44:42', 'in', '1', '借款管理费, 借款ID：20150427000066', '56', 'give_money_to_borrower', '940.03');
INSERT INTO `system_bill` VALUES ('261582942b374288b5619e6c161dd5ed', '2015-04-27 17:55:27', 'in', '0.35', '投资：20150427000015收到还款，扣除手续费, 还款ID:201504270000660001', '57', 'normal_repay', '940.38');
INSERT INTO `system_bill` VALUES ('34d3ce55abf2421d8467e81455f8ba7b', '2015-04-27 17:42:11', 'in', '0', '借款管理费, 借款ID：20150427000067', '55', 'give_money_to_borrower', '939.03');
INSERT INTO `system_bill` VALUES ('37cefa5175f847639db35ce164b31188', '2015-04-27 16:19:00', 'in', '0', '借款管理费, 借款ID：20150427000059', '50', 'give_money_to_borrower', '937.03');
INSERT INTO `system_bill` VALUES ('3d5c0dfa40a345bdb468024ca785e646', '2015-04-27 17:33:16', 'in', '0', '借款管理费, 借款ID：20150427000065', '54', 'give_money_to_borrower', '939.03');
INSERT INTO `system_bill` VALUES ('42716586986245db838480fb96425f7c', '2015-04-27 12:12:33', 'in', '0', '充值手续费, 用户ID：zhengcong充值ID2015042700000004', '46', 'recharge_success', '937.03');
INSERT INTO `system_bill` VALUES ('45b291c3b6f240b4a4887059c78d62a4', '2015-04-17 14:19:49', 'in', '2', '借款管理费, 借款ID：20150417000050', '40', 'give_money_to_borrower', '935.92');
INSERT INTO `system_bill` VALUES ('460dc7a886f84c20808654853dbb22b8', '2015-04-16 16:53:07', 'in', '2', '借款管理费, 借款ID：20150416000049', '31', 'give_money_to_borrower', '933.82');
INSERT INTO `system_bill` VALUES ('4713bc8ee6af4addb3440d5539eeac7d', '2015-04-28 11:58:34', 'in', '0', '借款：20150428000077正常还款，扣除手续费， 还款ID：201504280000770001', '68', 'normal_repay', '944.18');
INSERT INTO `system_bill` VALUES ('4ca00a8e1dd643f1960a99882c1e5975', '2015-04-27 17:55:27', 'in', '0', '借款：20150427000066正常还款，扣除手续费， 还款ID：201504270000660001', '59', 'normal_repay', '941.07');
INSERT INTO `system_bill` VALUES ('4e6c2b082b9d4b20a8eff894ec3212d3', '2015-04-17 14:59:18', 'in', '0.05', '投资：20150417000005收到还款，扣除手续费, 还款ID:201504170000500001', '43', 'normal_repay', '936.03');
INSERT INTO `system_bill` VALUES ('58649166a7ec46648a646d50072bd686', '2015-03-20 11:03:09', 'in', '0', '投资：20150320000001收到还款，扣除手续费, 还款ID:201503200000150001', '15', 'normal_repay', '931.82');
INSERT INTO `system_bill` VALUES ('59093e68760c43b08a1a74917396cf1e', '2015-04-16 15:19:23', 'in', '0', '充值手续费, 用户ID：mleoshi充值ID2015041600000003', '29', 'recharge_success', '931.82');
INSERT INTO `system_bill` VALUES ('5acd465d0c2144c1831bea495859d36c', '2015-04-16 18:16:39', 'in', '0.05', '投资：20150416000007收到还款，扣除手续费, 还款ID:201504160000490001', '34', 'normal_repay', '933.87');
INSERT INTO `system_bill` VALUES ('5eafe2dcea7446e0a6bcc4d4ec9c0af0', '2015-04-17 13:25:46', 'in', '0', '充值手续费, 用户ID：sidneygao充值ID2015041700000019', '39', 'recharge_success', '933.92');
INSERT INTO `system_bill` VALUES ('6621282e06a6478da8368585f2003584', '2015-04-16 18:16:39', 'in', '0', '借款：20150416000049正常还款，扣除手续费， 还款ID：201504160000490001', '36', 'normal_repay', '933.92');
INSERT INTO `system_bill` VALUES ('6eda0e39da364931b17a5a5688af3083', '2015-04-07 10:49:03', 'in', '0', '提现申请通过, 扣除手续费。提现ID:2015040700000002', '20', 'withdraw_success', '931.82');
INSERT INTO `system_bill` VALUES ('6ef26db3db324c48a849c936dcf37324', '2015-04-16 16:01:20', 'in', '0', '充值手续费, 用户ID：wll001充值ID2015041600000004', '30', 'recharge_success', '931.82');
INSERT INTO `system_bill` VALUES ('6f66d98eadb847129d1ae43a18c8642c', '2015-04-14 14:22:53', 'in', '0', '借款管理费, 借款ID：20150414000044', '25', 'give_money_to_borrower', '931.82');
INSERT INTO `system_bill` VALUES ('6fc03a4996fe4dcc82d7571ce09aa55f', '2015-04-15 16:22:59', 'in', '0', '借款管理费, 借款ID：20150415000045', '28', 'give_money_to_borrower', '931.82');
INSERT INTO `system_bill` VALUES ('718b1a8468c74341a5b3623203d8afa4', '2015-04-27 15:59:51', 'in', '0', '借款管理费, 借款ID：20150427000058', '48', 'give_money_to_borrower', '937.03');
INSERT INTO `system_bill` VALUES ('74dcb30133e74e77812abf7d61091625', '2015-04-27 15:55:13', 'in', '0', '充值手续费, 用户ID：jdsb1充值ID2015042700000006', '47', 'recharge_success', '937.03');
INSERT INTO `system_bill` VALUES ('772f50e62b7243dcbce2b33b8c6f87bd', '2015-04-27 16:31:09', 'in', '0', '充值手续费, 用户ID：wll001充值ID2015042700000007', '51', 'recharge_success', '937.03');
INSERT INTO `system_bill` VALUES ('78c4d1ac72dc4545a07cad102ae7e089', '2015-04-03 14:26:40', 'in', '0', '借款管理费, 借款ID：20150318000012', '17', 'give_money_to_borrower', '931.82');
INSERT INTO `system_bill` VALUES ('821237a226044eeb9d57d61aeaf85d47', '2015-04-27 17:56:43', 'in', '0', '提前还款罚金及借款手续费到账，借款ID:20150427000066', '60', 'advance_repay', '941.07');
INSERT INTO `system_bill` VALUES ('84a60b6262254bd9b0dd40cc7d7ad95f', '2015-04-16 18:16:39', 'in', '0.05', '投资：20150416000008收到还款，扣除手续费, 还款ID:201504160000490001', '35', 'normal_repay', '933.92');
INSERT INTO `system_bill` VALUES ('86abddaf934645439f7c2287c8e0dc7a', '2015-03-17 11:51:22', 'in', '0', '借款：20150317000002正常还款，扣除手续费， 还款ID：201503170000020001', '4', 'normal_repay', '0');
INSERT INTO `system_bill` VALUES ('8e4ff966de664bfaa141f38028103c0a', '2015-04-03 14:27:34', 'in', '0', '借款管理费, 借款ID：20150318000011', '18', 'give_money_to_borrower', '931.82');
INSERT INTO `system_bill` VALUES ('8f6daba7e99e4addb77c20b13086fee5', '2015-04-28 11:58:34', 'in', '0.03', '投资：20150428000004收到还款，扣除手续费, 还款ID:201504280000770001', '67', 'normal_repay', '944.18');
INSERT INTO `system_bill` VALUES ('921fb86342fa43a69e7057135100d90e', '2015-04-27 16:32:23', 'in', '2', '借款管理费, 借款ID：20150427000061', '52', 'give_money_to_borrower', '939.03');
INSERT INTO `system_bill` VALUES ('9681f2ff583f4668a2f58d07e5323048', '2015-04-16 18:09:11', 'in', '0', '充值手续费, 用户ID：sidneygao充值ID2015041600000024', '32', 'recharge_success', '933.82');
INSERT INTO `system_bill` VALUES ('9801ed8c89ea48fd90800e20bc1f0f95', '2015-04-16 18:14:17', 'in', '0', '充值手续费, 用户ID：sidneygao充值ID2015041600000025', '33', 'recharge_success', '933.82');
INSERT INTO `system_bill` VALUES ('9886029ab2214fe090bec5c0df2eaf7e', '2015-04-27 17:22:25', 'in', '0', '充值手续费, 用户ID：zhengcong充值ID2015042700000008', '53', 'recharge_success', '939.03');
INSERT INTO `system_bill` VALUES ('9bea2ac8df6142b68b02ea624db28dec', '2015-04-17 11:03:10', 'in', '0', '充值手续费, 用户ID：zhengcong充值ID2015041700000018', '38', 'recharge_success', '933.92');
INSERT INTO `system_bill` VALUES ('9bf34f9d450a4624b9d04eee85b85f08', '2015-04-10 11:07:24', 'in', '0', '充值手续费, 用户ID：jdsb1充值ID2015041000000004', '23', 'recharge_success', '931.82');
INSERT INTO `system_bill` VALUES ('9bf66eec0008410e8dbe557323627169', '2015-04-14 14:35:38', 'in', '0', '投资：20150414000001收到还款，扣除手续费, 还款ID:201504140000440001', '26', 'normal_repay', '931.82');
INSERT INTO `system_bill` VALUES ('9ebdf4b3777548689932bf08d74b3a24', '2015-04-27 16:18:40', 'in', '0', '借款管理费, 借款ID：20150427000060', '49', 'give_money_to_borrower', '937.03');
INSERT INTO `system_bill` VALUES ('a802ebeebc98434489fc085f565b5315', '2015-04-28 11:42:46', 'in', '0', '充值手续费, 用户ID：wll001充值ID2015042800000001', '63', 'recharge_success', '942.07');
INSERT INTO `system_bill` VALUES ('a97c836e35d04939802fcdf9a7e12578', '2015-04-28 11:20:07', 'in', '0', '借款管理费, 借款ID：20150428000076', '62', 'give_money_to_borrower', '942.07');
INSERT INTO `system_bill` VALUES ('aeb44be4abe144a3b39f616d2894e33e', '2015-03-19 16:12:35', 'in', '0', '借款：20150319000013正常还款，扣除手续费， 还款ID：201503190000130001', '11', 'normal_repay', '912.82');
INSERT INTO `system_bill` VALUES ('b1f02f7d90ea4d34ba436f21f4499929', '2015-04-10 11:03:23', 'in', '0', '借款管理费, 借款ID：20150410000035', '22', 'give_money_to_borrower', '931.82');
INSERT INTO `system_bill` VALUES ('b580a5d157a84380a38c1ab79aa8298a', '2015-03-19 16:16:11', 'in', '4', '购买债权手续费，编号：05b720919c0848b6bb29afa0a2090736', '12', 'transfer', '916.82');
INSERT INTO `system_bill` VALUES ('b9d6237587de4af4ad348449962d31ab', '2015-04-14 14:35:39', 'in', '0', '借款：20150414000044正常还款，扣除手续费， 还款ID：201504140000440001', '27', 'normal_repay', '931.82');
INSERT INTO `system_bill` VALUES ('bd95579eacef423bb1c927f81f1783f4', '2015-04-28 11:58:34', 'in', '0.05', '投资：20150428000003收到还款，扣除手续费, 还款ID:201504280000770001', '66', 'normal_repay', '944.15');
INSERT INTO `system_bill` VALUES ('c0ebabba49c64a2c9d117f70cab286ae', '2015-04-27 17:55:27', 'in', '0.69', '投资：20150427000016收到还款，扣除手续费, 还款ID:201504270000660001', '58', 'normal_repay', '941.07');
INSERT INTO `system_bill` VALUES ('c12ae16c87754c6d8a57ae415b9ec2d4', '2015-04-10 10:30:17', 'in', '0', '充值手续费, 用户ID：jdsb1充值ID2015041000000002', '21', 'recharge_success', '931.82');
INSERT INTO `system_bill` VALUES ('c7ab5927f90d4afa98a504dd145d4b9f', '2015-04-28 11:49:55', 'in', '2', '借款管理费, 借款ID：20150428000077', '64', 'give_money_to_borrower', '944.07');
INSERT INTO `system_bill` VALUES ('ca7db6e96c724f58a7f60fa29f93a366', '2015-03-18 15:17:48', 'in', '0', '投资：20150318000001收到还款，扣除手续费, 还款ID:201503180000050001', '6', 'normal_repay', '0');
INSERT INTO `system_bill` VALUES ('cf71d70652d74855ac2b8bbff1b1ab01', '2015-03-19 16:11:59', 'in', '0', '借款管理费, 借款ID：20150319000013', '9', 'give_money_to_borrower', '912.82');
INSERT INTO `system_bill` VALUES ('d692894b2e1c47e99a520ec05a573908', '2015-03-18 16:33:06', 'in', '912.82', '提前还款罚金及借款手续费到账，借款ID:20150317000002', '8', 'advance_repay', '912.82');
INSERT INTO `system_bill` VALUES ('da2eaf0516b94eb28f86d62793379ce9', '2015-04-13 15:07:05', 'in', '0', '借款管理费, 借款ID：20150413000042', '24', 'give_money_to_borrower', '931.82');
INSERT INTO `system_bill` VALUES ('db2e8357e18340e898a0349861eaf13a', '2015-04-17 14:59:18', 'in', '0.03', '投资：20150417000002收到还款，扣除手续费, 还款ID:201504170000500001', '41', 'normal_repay', '935.95');
INSERT INTO `system_bill` VALUES ('e1717d1d418f409baceb9699fd616d85', '2015-03-19 16:18:38', 'in', '15', '提前还款罚金及借款手续费到账，借款ID:20150319000013', '13', 'advance_repay', '931.82');
INSERT INTO `system_bill` VALUES ('efb2b7fee3584784bdb9271d5d4ca876', '2015-03-19 16:12:35', 'in', '0', '投资：20150319000001收到还款，扣除手续费, 还款ID:201503190000130001', '10', 'normal_repay', '912.82');
INSERT INTO `system_bill` VALUES ('f15593b172df4ea68cd7542cf9c1bb00', '2015-03-17 11:35:33', 'in', '0', '借款管理费, 借款ID：20150317000002', '1', 'give_money_to_borrower', '0');
INSERT INTO `system_bill` VALUES ('fb958a6ae0fc45218b4b4ae0dc0842c2', '2015-04-17 14:59:18', 'in', '0', '借款：20150417000050正常还款，扣除手续费， 还款ID：201504170000500001', '44', 'normal_repay', '936.03');
INSERT INTO `system_bill` VALUES ('fbe6ec758cd94c96ac2a9bbfd7896cb7', '2015-04-17 14:59:18', 'in', '0.03', '投资：20150417000004收到还款，扣除手续费, 还款ID:201504170000500001', '42', 'normal_repay', '935.98');

-- ----------------------------
-- Table structure for `system_index`
-- ----------------------------
DROP TABLE IF EXISTS `system_index`;
CREATE TABLE `system_index` (
  `id` varchar(32) NOT NULL,
  `name` varchar(100) NOT NULL,
  `num` double NOT NULL,
  `description` varchar(200) DEFAULT NULL,
  PRIMARY KEY (`id`)
) ENGINE=InnoDB DEFAULT CHARSET=utf8 COMMENT='系统所有指数，例如推荐利率，协调利率，之类的，都是固定时间计算出来然后存在这张表里\r\n           ';

-- ----------------------------
-- Records of system_index
-- ----------------------------

-- ----------------------------
-- Table structure for `system_log`
-- ----------------------------
DROP TABLE IF EXISTS `system_log`;
CREATE TABLE `system_log` (
  `id` varchar(32) NOT NULL,
  `log_date` datetime DEFAULT NULL,
  `log_level` varchar(20) DEFAULT NULL,
  `ip` varchar(64) DEFAULT NULL,
  `info` text,
  PRIMARY KEY (`id`)
) ENGINE=InnoDB DEFAULT CHARSET=utf8;

-- ----------------------------
-- Records of system_log
-- ----------------------------

-- ----------------------------
-- Table structure for `system_money_log`
-- ----------------------------
DROP TABLE IF EXISTS `system_money_log`;
CREATE TABLE `system_money_log` (
  `id` varchar(32) NOT NULL,
  `time` datetime NOT NULL,
  `reason` varchar(100) NOT NULL,
  `money` double NOT NULL,
  `from_account` varchar(32) DEFAULT NULL,
  `to_account` varchar(32) DEFAULT NULL,
  `operator` varchar(32) DEFAULT NULL,
  `balance` double DEFAULT NULL,
  `description` varchar(500) DEFAULT NULL,
  `detail` varchar(200) DEFAULT NULL,
  `seq_num` int(11) DEFAULT NULL,
  `type` varchar(200) DEFAULT NULL,
  PRIMARY KEY (`id`),
  KEY `FK_Reference_24` (`operator`) USING BTREE,
  CONSTRAINT `system_money_log_ibfk_1` FOREIGN KEY (`operator`) REFERENCES `user` (`id`)
) ENGINE=InnoDB DEFAULT CHARSET=utf8;

-- ----------------------------
-- Records of system_money_log
-- ----------------------------

-- ----------------------------
-- Table structure for `template`
-- ----------------------------
DROP TABLE IF EXISTS `template`;
CREATE TABLE `template` (
  `id` varchar(32) NOT NULL,
  `name` varchar(50) NOT NULL,
  `theme_id` varchar(32) NOT NULL,
  `description` text,
  PRIMARY KEY (`id`),
  KEY `FK_template_theme` (`theme_id`) USING BTREE,
  CONSTRAINT `template_ibfk_1` FOREIGN KEY (`theme_id`) REFERENCES `theme` (`id`)
) ENGINE=InnoDB DEFAULT CHARSET=utf8;

-- ----------------------------
-- Records of template
-- ----------------------------

-- ----------------------------
-- Table structure for `template_region`
-- ----------------------------
DROP TABLE IF EXISTS `template_region`;
CREATE TABLE `template_region` (
  `template_id` varchar(32) NOT NULL,
  `region_id` varchar(32) NOT NULL,
  PRIMARY KEY (`template_id`,`region_id`),
  KEY `FK_template_region_region` (`region_id`) USING BTREE,
  CONSTRAINT `template_region_ibfk_1` FOREIGN KEY (`template_id`) REFERENCES `template` (`id`),
  CONSTRAINT `template_region_ibfk_2` FOREIGN KEY (`region_id`) REFERENCES `region` (`id`)
) ENGINE=InnoDB DEFAULT CHARSET=utf8;

-- ----------------------------
-- Records of template_region
-- ----------------------------

-- ----------------------------
-- Table structure for `theme`
-- ----------------------------
DROP TABLE IF EXISTS `theme`;
CREATE TABLE `theme` (
  `id` varchar(32) NOT NULL,
  `name` varchar(50) NOT NULL,
  `screenshot_uri` varchar(100) DEFAULT NULL,
  `description` text,
  `status` varchar(1) NOT NULL,
  PRIMARY KEY (`id`)
) ENGINE=InnoDB DEFAULT CHARSET=utf8;

-- ----------------------------
-- Records of theme
-- ----------------------------

-- ----------------------------
-- Table structure for `transfer_apply`
-- ----------------------------
DROP TABLE IF EXISTS `transfer_apply`;
CREATE TABLE `transfer_apply` (
  `id` varchar(32) NOT NULL,
  `apply_time` datetime DEFAULT NULL,
  `corpus` double DEFAULT NULL,
  `deadline` datetime DEFAULT NULL,
  `premium` double DEFAULT NULL,
  `status` varchar(255) DEFAULT NULL,
  `invest_id` varchar(32) DEFAULT NULL,
  PRIMARY KEY (`id`),
  UNIQUE KEY `id` (`id`) USING BTREE,
  KEY `FK75B3C21AC736B472` (`invest_id`) USING BTREE,
  CONSTRAINT `transfer_apply_ibfk_1` FOREIGN KEY (`invest_id`) REFERENCES `invest` (`id`)
) ENGINE=InnoDB DEFAULT CHARSET=utf8;

-- ----------------------------
-- Records of transfer_apply
-- ----------------------------
INSERT INTO `transfer_apply` VALUES ('32143d31996f4fdd8b7e53f5cf32f0b8', '2015-03-19 16:13:17', '2000', '2015-03-20 16:13:17', '0', 'transfered', '20150319000001');

-- ----------------------------
-- Table structure for `trusteeship_account`
-- ----------------------------
DROP TABLE IF EXISTS `trusteeship_account`;
CREATE TABLE `trusteeship_account` (
  `id` varchar(32) NOT NULL,
  `account_id` varchar(500) DEFAULT NULL,
  `create_time` datetime DEFAULT NULL,
  `status` varchar(500) NOT NULL,
  `trusteeship` varchar(500) NOT NULL,
  `user_id` varchar(32) NOT NULL,
  PRIMARY KEY (`id`),
  UNIQUE KEY `id` (`id`) USING BTREE,
  KEY `FK221B70222A334343` (`user_id`) USING BTREE,
  CONSTRAINT `trusteeship_account_ibfk_1` FOREIGN KEY (`user_id`) REFERENCES `user` (`id`)
) ENGINE=InnoDB DEFAULT CHARSET=utf8;

-- ----------------------------
-- Records of trusteeship_account
-- ----------------------------
INSERT INTO `trusteeship_account` VALUES ('UB201504081447010000000003571502', '02000155413841', '2015-04-08 14:47:02', 'passed', 'umpay', 'wangxibao9');
INSERT INTO `trusteeship_account` VALUES ('UB201504081707280000000003573277', '02000155419962', '2015-04-08 17:07:29', 'passed', 'umpay', 'jdsb1');
INSERT INTO `trusteeship_account` VALUES ('UB201504081737010000000003573522', '02000155421148', '2015-04-08 17:37:02', 'passed', 'umpay', 'jdsb2');
INSERT INTO `trusteeship_account` VALUES ('UB201504091030430000000003578704', '02000155440951', '2015-04-09 10:30:44', 'passed', 'umpay', 'wll001');
INSERT INTO `trusteeship_account` VALUES ('UB201504131709370000000003631826', '02000155632271', '2015-04-13 17:09:37', 'passed', 'umpay', 'jdsb3');
INSERT INTO `trusteeship_account` VALUES ('UB201504161125550000000003661819', '02000155741813', '2015-04-16 11:25:55', 'passed', 'umpay', 'sidneygao');
INSERT INTO `trusteeship_account` VALUES ('UB201504161125570000000003661793', '02000155741809', '2015-04-16 11:25:58', 'passed', 'umpay', 'mleoshi');
INSERT INTO `trusteeship_account` VALUES ('UB201504161500160000000003664503', '02000155751017', '2015-04-16 15:00:17', 'passed', 'umpay', 'zhaoshuai');
INSERT INTO `trusteeship_account` VALUES ('UB201504161636050000000003665807', '02000155755430', '2015-04-16 16:36:05', 'passed', 'umpay', 'zhengcong');

-- ----------------------------
-- Table structure for `trusteeship_operation`
-- ----------------------------
DROP TABLE IF EXISTS `trusteeship_operation`;
CREATE TABLE `trusteeship_operation` (
  `id` varchar(32) NOT NULL,
  `mark_id` varchar(50) NOT NULL,
  `operator` varchar(500) DEFAULT NULL,
  `request_data` text,
  `request_time` datetime DEFAULT NULL,
  `response_data` text,
  `response_time` datetime DEFAULT NULL,
  `status` varchar(100) DEFAULT NULL,
  `trusteeship` varchar(200) DEFAULT NULL,
  `type` varchar(200) DEFAULT NULL,
  `request_url` varchar(1024) DEFAULT NULL,
  `charset` varchar(20) DEFAULT NULL,
  PRIMARY KEY (`id`),
  UNIQUE KEY `id` (`id`) USING BTREE
) ENGINE=InnoDB DEFAULT CHARSET=utf8;

-- ----------------------------
-- Records of trusteeship_operation
-- ----------------------------
INSERT INTO `trusteeship_operation` VALUES ('007593c3fda045d59d70ad75bb247b2d', '14292392486456222800011071010402', 'zhengcong', '{\"identity_code\":\"\",\"mer_date\":\"20150417\",\"sign_type\":\"RSA\",\"notify_url\":\"http://115.28.171.163:7090/trusteeship_return_s2s/mer_bind_card\",\"charset\":\"UTF-8\",\"order_id\":\"14292392486456222800011071010402\",\"card_id\":\"VQgXtonOdwwbysgc2mD88vGbj3/tbhT0paik5OuWVdtbgs9oEnqLL6kYEI/2IkWXcisCUngKewdIgV3tIJh2ZVoPQTs1ut5Q8knqZVdFaoA/oqHXv+4sShZ9NFO27xfYCAiZwnboetDMSR/Um/FplT6fAhqeHpcp4d6hoSPBOR0\\u003d\",\"version\":\"1.0\",\"account_name\":\"gKPeUPrAwN1/ZlzsMfN9wUl016Qoz7fRrCwb8jxykGAjnL4gCqRoXWQU1MYIaDJgw4ThsC36ryGNkJCSDUGgH41SHqrFMZKd3IdzZ04uqXTFAXpI/h5ldWRmGkPrW3vcLcctzEp4wn7V+mwwemRFFNwp9Y3ajEW3WH7/QLF/XLM\\u003d\",\"sign\":\"AzJfoCskbCcjHJV1MePwyzfIXLMyMvEj04akK0grN3aTFyqnlkee9JsLSNnZtuZsxEUPdBxKdAsqOERQ0QTQQ8IG5S7Kc+SlbUaUGttcxqhACcOwzvvSadoKiJhZj/9XESLMnW3+F19hR8JHfJE7MjMs3uQ7Vvmb6cYnEWq+0zc\\u003d\",\"mer_id\":\"7099088\",\"identity_type\":\"IDENTITY_CARD\",\"service\":\"mer_bind_card\",\"user_id\":\"UB201504161636050000000003665807\",\"res_format\":\"HTML\",\"ret_url\":\"http://115.28.171.163:7090/trusteeship_return_web/mer_bind_card\"}', '2015-04-17 10:54:08', null, null, 'sended', 'umpay', 'mer_bind_card', 'http://pay.soopay.net/spay/pay/payservice.do', 'utf-8');
INSERT INTO `trusteeship_operation` VALUES ('0228a418f2c6496ab8fe94c73065a774', '20150408000021', '20150408000021', 'charset=UTF-8&loan_user_id=UB201504081447010000000003571502&mer_id=7099088&project_amount=1000000&project_expire_date=20150419&project_id=20150408000021&project_name=asdfghj&res_format=HTML&service=mer_bind_project&sign_type=RSA&version=1.0', '2015-04-08 18:18:18', '{sign=Ap3ACOUVbV+Lulytb7bZH2/OPe65BppjJESzCYwVgaehf/834ECLTv0BsJYZ9zPWdyzPijY9TPRFjllTRkFhFiMklQtzWxHy4tjzu+qPECx5k0vn2X1ITCgHK0YzVf7rdjWqLrB12wKkNI0L+sC+Mi2OJ7CFJqzK46xaaFy104s=, ret_code=0000, project_state=92, mer_check_date=20150408, mer_id=7099088, sign_type=RSA, ret_msg=操作成功, project_account_id=7099088A0000020, plain=mer_check_date=20150408&mer_id=7099088&project_account_id=7099088A0000020&project_state=92&ret_code=0000&ret_msg=操作成功&version=1.0, version=1.0}', '2015-04-08 18:18:18', 'passed', 'umpay', 'mer_bind_project', 'http://pay.soopay.net/spay/pay/payservice.do?charset=UTF-8&loan_user_id=UB201504081447010000000003571502&mer_id=7099088&project_amount=1000000&project_expire_date=20150419&project_id=20150408000021&project_name=asdfghj&res_format=HTML&service=mer_bind_project&sign_type=RSA&version=1.0&sign=fRHM90ERlMYQYqGucqRGFUTl%2FOSPIDs7GF0QBnzQST%2FBkjPR8QAIMXbUKU0Vd%2F%2BCz3lHyZNL4sAcIcDCblNDNJsnuC%2FliHfff2afUMa7utnky3E1OmRy9YKI2hzoQCypTh0XMoaVft8Hqki7eS5ViiqyMtDItT4EWfFI1iAoGlg%3D', 'utf-8');
INSERT INTO `trusteeship_operation` VALUES ('027be71d99d64b968387172109a6cfc6', '2015041600000007', '2015041600000007', '{\"mer_date\":\"20150416\",\"sign_type\":\"RSA\",\"notify_url\":\"http://115.28.171.163:7090/trusteeship_return_s2s/mer_recharge_person\",\"charset\":\"UTF-8\",\"order_id\":\"2015041600000007\",\"version\":\"1.0\",\"user_ip\":\"118.187.56.162\",\"amount\":\"10000\",\"sign\":\"btwKFJzcPc8FRyCe+uB8RpRVvIkn4PWlMSNg9R5IZnP1bbPYMhrOrfMoeUuwivHhY4iUG1nBwqTIDpLq3tz7qO9+ba3gH9Ws0xGovelNeFt9XBbAtbSfYYDWVg6KFWAAqaqHlQJluLiKYOtYL1UxBStnnidcTPcDLcrqaHRQ5wQ\\u003d\",\"gate_id\":\"CITIC\",\"pay_type\":\"B2CDEBITBANK\",\"mer_id\":\"7099088\",\"service\":\"mer_recharge_person\",\"user_id\":\"UB201504161500160000000003664503\",\"res_format\":\"HTML\",\"ret_url\":\"http://115.28.171.163:7090/trusteeship_return_web/mer_recharge_person\"}', '2015-04-16 16:13:37', null, null, 'sended', 'umpay', 'mer_recharge_person', 'http://pay.soopay.net/spay/pay/payservice.do', 'utf-8');
INSERT INTO `trusteeship_operation` VALUES ('03032349a43744fa8d87f083ac2d745c', '20150428000003', '20150428000003', '{\"mer_date\":\"20150428\",\"sign_type\":\"RSA\",\"notify_url\":\"http://115.28.171.163:7090/trusteeship_return_s2s/project_transfer_invest\",\"charset\":\"UTF-8\",\"order_id\":\"20150428000003\",\"version\":\"1.0\",\"amount\":\"5000\",\"sign\":\"rXNUmvTEpE9FRey6tF9DNPNuLTUi9r/85VelC5mdRhmktNyr9k3vaUzOQznPm5W8lrFW2t0Sen14SpRXggCupuHFGOLPw91+SbAqji75shMMc1sdOlfqd1TkRqNUKKeIomxLDaseb+X7hxKM9tOdkGH1JmRWy4pUW5wcpaPjrO8\\u003d\",\"partic_type\":\"01\",\"serv_type\":\"01\",\"partic_user_id\":\"UB201504161125550000000003661819\",\"mer_id\":\"7099088\",\"project_id\":\"20150428000077\",\"partic_acc_type\":\"01\",\"service\":\"project_transfer\",\"trans_action\":\"01\",\"res_format\":\"HTML\",\"ret_url\":\"http://115.28.171.163:7090/trusteeship_return_web/project_transfer_invest\"}', '2015-04-28 11:44:09', '{sign=o5Ufno4mMTw/5l/uk4zvuA/lrE5SNWumJa7GPMc/dkJN0t6EwmAWbRKlnO91ZXMD7SRVrKhFCrocNak/Oh8jNiFaHu9YVNchPRY9ocoFzM90HIZs8g0f1tg1QyWCKqVSpbVi/ufQz0lOCFFUqX4fkMJ2B+0+K8yOigqUSnEv4x0=, trade_no=1504285017329843, ret_code=0000, mer_date=20150428, mer_id=7099088, mer_check_date=20150428, sign_type=RSA, service=project_tranfer_notify, ret_msg=交易成功。, order_id=20150428000003, version=4.0}', '2015-04-28 11:46:27', 'passed', 'umpay', 'project_transfer_invest', 'http://pay.soopay.net/spay/pay/payservice.do', 'utf-8');
INSERT INTO `trusteeship_operation` VALUES ('034423a6e9eb4a149c333896248dee8d', '2015041600000008', '2015041600000008', '{\"mer_date\":\"20150416\",\"sign_type\":\"RSA\",\"notify_url\":\"http://115.28.171.163:7090/trusteeship_return_s2s/mer_recharge_person\",\"charset\":\"UTF-8\",\"order_id\":\"2015041600000008\",\"version\":\"1.0\",\"user_ip\":\"118.187.56.162\",\"amount\":\"9000\",\"sign\":\"Ss5WarS8MnVQL3jS0My06H5pIP2Im2mBKgpkSwtBpOYtyLBACgFDYSHO8aZB/QTBL1oE7XkWSpVL8pWLISLgQO38RiHYgbZItnTH2g/ok4WK3D03G20RHkGNjb+zKVtl/Wqz1mP5iRRMyuxaQhbrI0wfIMCMqE25Qh/DQDulnJ4\\u003d\",\"gate_id\":\"CITIC\",\"pay_type\":\"B2CDEBITBANK\",\"mer_id\":\"7099088\",\"service\":\"mer_recharge_person\",\"user_id\":\"UB201504161636050000000003665807\",\"res_format\":\"HTML\",\"ret_url\":\"http://115.28.171.163:7090/trusteeship_return_web/mer_recharge_person\"}', '2015-04-16 16:36:52', null, null, 'sended', 'umpay', 'mer_recharge_person', 'http://pay.soopay.net/spay/pay/payservice.do', 'utf-8');
INSERT INTO `trusteeship_operation` VALUES ('03ad56e53dcd466185eac20dbbc41320', '2015042100000006', '2015042100000006', '{\"mer_date\":\"20150421\",\"sign_type\":\"RSA\",\"notify_url\":\"http://115.28.171.163:7090/trusteeship_return_s2s/cust_withdrawals\",\"charset\":\"UTF-8\",\"order_id\":\"2015042100000006\",\"version\":\"1.0\",\"amount\":\"2000\",\"sign\":\"EvbHRapbuxsFL+lO8t9z8peR6wGqKIoBfoisN9yPbfOSk00Sl3lybSkP2EsFsQGvnJiHk1RcywE2I6i9ADrXL1eF4VhB74BszY9B7bTYEsdibpcSZ+V9zJP6gG47k+SXfx85WMazZakfut6qAO27JG3NRkMiYl/0DNxeotpw1Lo\\u003d\",\"mer_id\":\"7099088\",\"service\":\"cust_withdrawals\",\"user_id\":\"UB201504091030430000000003578704\",\"res_format\":\"HTML\",\"ret_url\":\"http://115.28.171.163:7090/trusteeship_return_web/cust_withdrawals\"}', '2015-04-21 19:56:28', null, null, 'sended', 'umpay', 'cust_withdrawals', 'http://pay.soopay.net/spay/pay/payservice.do', 'utf-8');
INSERT INTO `trusteeship_operation` VALUES ('04cf25a2a0374242bec3d4c88d33e94b', '20150422000054', '20150422000054', 'charset=UTF-8&loan_user_id=UB201504161125550000000003661819&mer_id=7099088&project_amount=7000&project_expire_date=20150423&project_id=20150422000054&project_name=ld002&res_format=HTML&service=mer_bind_project&sign_type=RSA&version=1.0', '2015-04-22 14:41:03', '{sign=pyrEysqvvz0wj3u4UeUKoiK7ZZBGOq4zVmKi5XlXLR2vtQqcpN7AUQb3QxqBCSLhUietVkWCKOVfxYaX2BO3IbXEICGKkA/pNQ5gGg90agDN3eOTJC5kRBt8D9MrXdcw3Hev4i/dC+QP0w57b7XppfdN14kxye8Os20ypmcK0Cc=, ret_code=0000, project_state=92, mer_check_date=20150422, mer_id=7099088, sign_type=RSA, ret_msg=操作成功, project_account_id=7099088A0000160, plain=mer_check_date=20150422&mer_id=7099088&project_account_id=7099088A0000160&project_state=92&ret_code=0000&ret_msg=操作成功&version=1.0, version=1.0}', '2015-04-22 14:41:03', 'passed', 'umpay', 'mer_bind_project', 'http://pay.soopay.net/spay/pay/payservice.do?charset=UTF-8&loan_user_id=UB201504161125550000000003661819&mer_id=7099088&project_amount=7000&project_expire_date=20150423&project_id=20150422000054&project_name=ld002&res_format=HTML&service=mer_bind_project&sign_type=RSA&version=1.0&sign=jxyRR1AUkkXWrRVekzbCwRHTxHvGx1r2ao%2F1lYQ4Yu5YyTyMSdOGyhNjUbxAM5fIVOBG0GyOWJAAyqIKD%2FO7i4F24OhYK99r7aQ%2F3sXmuycQq2GipbAF5JhOsFMNMJ3Njw%2BEPmnIGduG7vp0qvKW2283SyYHmGg5opx7F9T%2BkdQ%3D', 'utf-8');
INSERT INTO `trusteeship_operation` VALUES ('063994cb26e94ad58b5840669f38449b', '2015042300000011', '2015042300000011', '{\"mer_date\":\"20150423\",\"sign_type\":\"RSA\",\"notify_url\":\"http://115.28.171.163:7090/trusteeship_return_s2s/mer_recharge_person\",\"charset\":\"UTF-8\",\"order_id\":\"2015042300000011\",\"version\":\"1.0\",\"user_ip\":\"124.200.110.58\",\"amount\":\"200\",\"sign\":\"YQ8QIRATnwuqPlcxX9r0CwQllmAKTndLAm8Lod+cPGUoarY7N1U+GcRw7kx0UxzJmGLkCco1IJGX9xRb5G+Fizh0/5SwwveotPR7wW8BZmurru2K57gnF6RGqVMMxbFAwXkNJqCmvV3ZsmMf6iSQcJMVUDm7GioBNeTtAEGAgTI\\u003d\",\"gate_id\":\"CMBC\",\"pay_type\":\"B2CDEBITBANK\",\"mer_id\":\"7099088\",\"service\":\"mer_recharge_person\",\"user_id\":\"UB201504081447010000000003571502\",\"res_format\":\"HTML\",\"ret_url\":\"http://115.28.171.163:7090/trusteeship_return_web/mer_recharge_person\"}', '2015-04-23 20:45:09', null, null, 'sended', 'umpay', 'mer_recharge_person', 'http://pay.soopay.net/spay/pay/payservice.do', 'utf-8');
INSERT INTO `trusteeship_operation` VALUES ('067c8456749f4ab7a1a2be50795218b7', '2015041600000010', '2015041600000010', '{\"mer_date\":\"20150416\",\"sign_type\":\"RSA\",\"notify_url\":\"http://115.28.171.163:7090/trusteeship_return_s2s/mer_recharge_person\",\"charset\":\"UTF-8\",\"order_id\":\"2015041600000010\",\"version\":\"1.0\",\"user_ip\":\"118.187.56.162\",\"amount\":\"9000\",\"sign\":\"eTqSbkRfC59IF0cJZyYA6NA/IYDu9KcJ/8dghINDpLsfGLjdPduda4aRfCbvsf/XB+BGDCOEz0vI6YnzZHobLdscdyCFnS7u377T/3nl2hPK0zQZAnz8g9zosfmzO8VLH3xJxTIdYc2sTuQPXqWmSj+fpoOOVk4mSbaTTwTCZeI\\u003d\",\"gate_id\":\"BCCB\",\"pay_type\":\"B2CDEBITBANK\",\"mer_id\":\"7099088\",\"service\":\"mer_recharge_person\",\"user_id\":\"UB201504161636050000000003665807\",\"res_format\":\"HTML\",\"ret_url\":\"http://115.28.171.163:7090/trusteeship_return_web/mer_recharge_person\"}', '2015-04-16 16:46:22', null, null, 'sended', 'umpay', 'mer_recharge_person', 'http://pay.soopay.net/spay/pay/payservice.do', 'utf-8');
INSERT INTO `trusteeship_operation` VALUES ('06c223c22a5641c5919c9349e4cb10e4', '14291782658446225881007549453', 'zhengcong', '{\"identity_code\":\"\",\"mer_date\":\"20150416\",\"sign_type\":\"RSA\",\"notify_url\":\"http://115.28.171.163:7090/trusteeship_return_s2s/mer_bind_card\",\"charset\":\"UTF-8\",\"order_id\":\"14291782658446225881007549453\",\"card_id\":\"d955+o9AfmqUVy6RjjqdOkmll49pg7JZoOOD7FK0nM7Nd2DdOY7ZtEgd7trz+PZ5GUX+9Wxu2am53mH/JcD9CbcrGmNPM6r65z4vOvqVblmLsphygc2UkbsE/sCnN7MFz2CzdH4tOYpSps+Ez/QF9KEbdgl3qe3fm8Vy1pD9IPE\\u003d\",\"version\":\"1.0\",\"account_name\":\"haLJqoufcPIeTB75I6O2Q9gcCTfPiv0qs5st6BI4xH7zSfFUH/CWi4F1sFc6Z7F/xvodugMq6UPhsDO4BnmMvi94ZY2Nr6l6Msv19I5Do+dxGHICyS7TvscYEOn5J+XmGxPadVpD/JN3v4E2Nic/Eb2kGeZ2GzIdRvpr63+qWLw\\u003d\",\"sign\":\"LnZj5pAifqmi8wC3Dk9jlhCwzChXGdrweMEH0kHaKslwyFJaRgA7FtzatmY0tBvNDdCy+t4aYIs/YIXzQLAN63NYiedZ3QmEaxOinVJHc6lxLjOt/1pUAB2jfgrzk8pTFHCBdjp0aWL48eK0oDOuqCvnPsK+oD+w7TSaiX64wMQ\\u003d\",\"mer_id\":\"7099088\",\"identity_type\":\"IDENTITY_CARD\",\"service\":\"mer_bind_card\",\"user_id\":\"UB201504161636050000000003665807\",\"res_format\":\"HTML\",\"ret_url\":\"http://115.28.171.163:7090/trusteeship_return_web/mer_bind_card\"}', '2015-04-16 17:57:45', null, null, 'sended', 'umpay', 'mer_bind_card', 'http://pay.soopay.net/spay/pay/payservice.do', 'utf-8');
INSERT INTO `trusteeship_operation` VALUES ('0865bc7e98a447dcadc751015dd48415', '2015041700000012', '2015041700000012', '{\"mer_date\":\"20150417\",\"sign_type\":\"RSA\",\"notify_url\":\"http://115.28.171.163:7090/trusteeship_return_s2s/mer_recharge_person\",\"charset\":\"UTF-8\",\"order_id\":\"2015041700000012\",\"version\":\"1.0\",\"user_ip\":\"118.187.56.162\",\"amount\":\"44000\",\"sign\":\"Kr9djtk8JxngObIW9aB56KdBr89MlBZkkcqrHBP2bc7yNLOQb/6KLtDeaYDyVUBDLeuzlOXeqFyRIf3k7YvGhb1i2d929AoaGk8xnyKFMz8whz7ZpREvvRZbRQESIlAjgr9QIZhdGG/xbEYIzgG4rGQlaMNNNcNpbqnelXNJrQg\\u003d\",\"gate_id\":\"COMM\",\"pay_type\":\"B2CDEBITBANK\",\"mer_id\":\"7099088\",\"service\":\"mer_recharge_person\",\"user_id\":\"UB201504161636050000000003665807\",\"res_format\":\"HTML\",\"ret_url\":\"http://115.28.171.163:7090/trusteeship_return_web/mer_recharge_person\"}', '2015-04-17 10:32:12', null, null, 'sended', 'umpay', 'mer_recharge_person', 'http://pay.soopay.net/spay/pay/payservice.do', 'utf-8');
INSERT INTO `trusteeship_operation` VALUES ('0869d547ca35477da5c11115aced8d5b', '14295313383246217000010031760880', 'wangxibao9', '{\"identity_code\":\"dlx947pKr2MHyp2sGUBfdW9LadndWQsJMRBAi0xZQxMHfhZUn9/cijg5RtO5bqEzvqpwNHBgGTqrFJKaDYs4ZHNG/3F9yKl8M/tXwX+icXDGJj0dzCWsmraytl3IimsPyTCzq3QEeZnYnjPPRXZaPQvnj0MTFP2nuy7gk6OJLvU\\u003d\",\"mer_date\":\"20150420\",\"sign_type\":\"RSA\",\"notify_url\":\"http://115.28.171.163:7090/trusteeship_return_s2s/mer_bind_card\",\"charset\":\"UTF-8\",\"order_id\":\"14295313383246217000010031760880\",\"card_id\":\"OBTSiYkwsJ4TNklxqXUQk9XsfCaPl74Ah/3ivj9JyKIgaxQPKgACeHFsxVckVPWYokNl6dHLgiKrirXrq+4DfQLBV3uedkrQWu7Q76VQGuesb9npmNuAtcWIfp4+U3kx8mtUlVV77N1B07S/HSGk0gLpD1oVAY7qcQDlKkQa4dI\\u003d\",\"version\":\"1.0\",\"account_name\":\"AgEeJC23wjRnRHcXCBAgpuMUC5bu/6k8kLiLItuDz9jaabXSGI3JeZVofEOrGGa6m/HO2FWxQ4m2N3rEQtrzRe/FrG7FXHioWEKa7sJUigho27CBODM3giXdTwsbqAC3VwaJRUcnUFk0t2RAekRNpmBB5nvmcyU+6iXMW/QXX88\\u003d\",\"sign\":\"jI8800c2k+6/eza+SNfiOhGFJAXUPRqERd8/CBY7Bxkh6wtE8tWZwCbS9cJ9g1nJ2eeNDuViG15sRV00ANfj8KqFuS+CEfrzqQWkyfGS5A9xp07QmrAH4/Y5B1r17DGCyy7+RuRgNX89O1Mi6BLHLuNifj1v2XgSG0E8lEzTuVE\\u003d\",\"mer_id\":\"7099088\",\"identity_type\":\"IDENTITY_CARD\",\"service\":\"mer_bind_card\",\"user_id\":\"UB201504081447010000000003571502\",\"res_format\":\"HTML\",\"ret_url\":\"http://115.28.171.163:7090/trusteeship_return_web/mer_bind_card\"}', '2015-04-20 20:02:18', null, null, 'sended', 'umpay', 'mer_bind_card', 'http://pay.soopay.net/spay/pay/payservice.do', 'utf-8');
INSERT INTO `trusteeship_operation` VALUES ('08d83c43f5a546cab0e166075dcc53f2', '0120150422000001', '20150422000001', 'amount=3500&charset=UTF-8&mer_date=20150422&mer_id=7099088&notify_url=http%3A%2F%2F115.28.171.163%3A7090%2Ftrusteeship_return_s2s%2Fproject_transfer_fail_by_manager&order_id=0120150422000001&partic_acc_type=01&partic_type=01&partic_user_id=UB201504091030430000000003578704&project_id=20150422000055&res_format=HTML&ret_url=http%3A%2F%2F115.28.171.163%3A7090%2Ftrusteeship_return_web%2Fproject_transfer_fail_by_manager&serv_type=51&service=project_transfer&sign_type=RSA&trans_action=02&version=1.0', '2015-04-22 14:49:55', '{sign=GFebZctmSRxQg/uHu0o1bBZRmdMFqO2LlFk+l/YYfpCjj/qAvlLDIyGn31CLIs1SmcXWqRzdnkAKj4y5ihEZMIXcTxMueETtrtn7K9dH4QZgMnMfJA29MByDw578EuQzVyWQW8lkNyeR7PrVDoRIG0rNXP/aIC3FAh5QRTu2nRw=, trade_no=1504225016313393, ret_code=0000, mer_date=20150422, mer_check_date=20150422, mer_id=7099088, sign_type=RSA, ret_msg=交易成功。, order_id=0120150422000001, plain=mer_check_date=20150422&mer_date=20150422&mer_id=7099088&order_id=0120150422000001&ret_code=0000&ret_msg=交易成功。&trade_no=1504225016313393&version=1.0, version=1.0}', '2015-04-22 14:49:56', 'passed', 'umpay', 'project_transfer_fail_by_manager', 'http://pay.soopay.net/spay/pay/payservice.do?amount=3500&charset=UTF-8&mer_date=20150422&mer_id=7099088&notify_url=http%3A%2F%2F115.28.171.163%3A7090%2Ftrusteeship_return_s2s%2Fproject_transfer_fail_by_manager&order_id=0120150422000001&partic_acc_type=01&partic_type=01&partic_user_id=UB201504091030430000000003578704&project_id=20150422000055&res_format=HTML&ret_url=http%3A%2F%2F115.28.171.163%3A7090%2Ftrusteeship_return_web%2Fproject_transfer_fail_by_manager&serv_type=51&service=project_transfer&sign_type=RSA&trans_action=02&version=1.0&sign=WMjApaYUwPiXOL1JWuxUTjoPncnJvJfKOlSh%2Fb%2FkZ4aFIpR1mzNbgqvmLpAPTrXZBiit8Y68R9G%2BKNPgigUlmelICZpLKB8DFkyna%2FfLFswCG5zmYwvfhpKbE4ZF8eWFwywKD6daxMZTy9Oipk8IXDUrVuXrSxN8iqb8F3spKxM%3D', 'utf-8');
INSERT INTO `trusteeship_operation` VALUES ('08e3960d087144e2a3d1682a40fa2a51', '14296171592856212260200067624532', 'wll001', '{\"identity_code\":\"afoGRUWKtwsm4nTBZ9tq7u8Tx+Igz5zPwZ5m0MIXE8cS5Y/FFfsVhktkV8JWbmUElX2iKsVXU+cPkJ5DNuETwxPkcmknppi3qaR2/fWtEtdRGVzq79JIaFsONHaWspK0TZ9D8EdCs7r53k5wrAF6QKu2XoI9GYJiqk97EXy61Ao\\u003d\",\"mer_date\":\"20150421\",\"sign_type\":\"RSA\",\"notify_url\":\"http://115.28.171.163:7090/trusteeship_return_s2s/mer_bind_card\",\"charset\":\"UTF-8\",\"order_id\":\"14296171592856212260200067624532\",\"card_id\":\"rL/nfJxTnklsKxKaEA3eTbRdSDCatq9PqOdmw9vBFXR1xxlQSx01KLTthNuckSFkjpTND681+mmWsyNNre6fys+byTJJm1yIefW6IZSvoV7qeRMzgHr5SDz1wk/XRl8M+hWkbFw0uMjboWZbgwrP+muwfrtDdRoNMpPaqVEZpNY\\u003d\",\"version\":\"1.0\",\"account_name\":\"cR3HjJGPb9aba+c7B/RwwgPdWuT9tC7veN1K/6N9rce0zcw1cpkGboL3GFGQ7nZq94/m8jVfhtDqjAnpSEGocgE0jBMwspyv0ElVDbQMa4LxOunN3nnVbalLLr6WG3s7pbAbTarHrsL3R9VC7Fxjd3FbedZvelYYjLn/GtRIZO4\\u003d\",\"sign\":\"RnGdjAFfEmMWcQF9RA59IfcNeEFDTPZZdqpBRRvMeSUpwOtWwFKv7eQJN/SjVIt+cxDTXCAwmHgXIO8CUITlyjpzKOpiLoPv3sP5EaEJYEJrRGs5qUjeCa3bywPzKdbmrhWS3tmB42NQwJCsl9kL/LG2i3FeZWP7tbHM8SLYivk\\u003d\",\"mer_id\":\"7099088\",\"identity_type\":\"IDENTITY_CARD\",\"service\":\"mer_bind_card\",\"user_id\":\"UB201504091030430000000003578704\",\"res_format\":\"HTML\",\"ret_url\":\"http://115.28.171.163:7090/trusteeship_return_web/mer_bind_card\"}', '2015-04-21 19:52:39', null, null, 'sended', 'umpay', 'mer_bind_card', 'http://pay.soopay.net/spay/pay/payservice.do', 'utf-8');
INSERT INTO `trusteeship_operation` VALUES ('09a4ac8a0e7b48fba7ba8fd6b857c5a5', '2015042000000003', '2015042000000003', '{\"mer_date\":\"20150420\",\"sign_type\":\"RSA\",\"notify_url\":\"http://115.28.171.163:7090/trusteeship_return_s2s/cust_withdrawals\",\"charset\":\"UTF-8\",\"order_id\":\"2015042000000003\",\"version\":\"1.0\",\"amount\":\"1000\",\"sign\":\"K0YA4mvEb87Egel2HhN5vnh1+nEgnmOId2+vPt2FPBGXLbiR+vDeLC3LcE8x8XW23ahHwv235Ba+v7sDyofLJ0M14mjTEq/D/ZNRJHjFOQkhi/pL2rKobDkV4Mk7c6jZ4tS9UAc9s4sFA4xCwfAcPPHWHUX4rNo2H/XnQbAn3Ro\\u003d\",\"mer_id\":\"7099088\",\"service\":\"cust_withdrawals\",\"user_id\":\"UB201504161636050000000003665807\",\"res_format\":\"HTML\",\"ret_url\":\"http://115.28.171.163:7090/trusteeship_return_web/cust_withdrawals\"}', '2015-04-20 10:33:51', null, null, 'sended', 'umpay', 'cust_withdrawals', 'http://pay.soopay.net/spay/pay/payservice.do', 'utf-8');
INSERT INTO `trusteeship_operation` VALUES ('09c85b14a25544798f7e80d8c407f670', '2015041600000027', '2015041600000027', '{\"mer_date\":\"20150416\",\"sign_type\":\"RSA\",\"notify_url\":\"http://115.28.171.163:7090/trusteeship_return_s2s/mer_recharge_person\",\"charset\":\"UTF-8\",\"order_id\":\"2015041600000027\",\"version\":\"1.0\",\"user_ip\":\"118.187.56.162\",\"amount\":\"10000\",\"sign\":\"PL3k4AQPYdTXbiwj4ynfO7q0ZADNfGCgxkwZKsoG3WFatPzhsTOC7VVaXVBAudi2Pi+qQ5KMlpAgTtuS0nPYbkKP/aIpbcy3W51Eb6shDiwEs2ywLATw2ACouyISPEpmO2T6EAlKdQ8kmyEz6Lyt49CvYjHjCon2ZT/sFVBQDRo\\u003d\",\"gate_id\":\"CMB\",\"pay_type\":\"B2CDEBITBANK\",\"mer_id\":\"7099088\",\"service\":\"mer_recharge_person\",\"user_id\":\"UB201504161636050000000003665807\",\"res_format\":\"HTML\",\"ret_url\":\"http://115.28.171.163:7090/trusteeship_return_web/mer_recharge_person\"}', '2015-04-16 18:17:58', null, null, 'sended', 'umpay', 'mer_recharge_person', 'http://pay.soopay.net/spay/pay/payservice.do', 'utf-8');
INSERT INTO `trusteeship_operation` VALUES ('0a153dc2e2cb486caf32374a2b93823b', '2015041600000025', '2015041600000025', '{\"mer_date\":\"20150416\",\"sign_type\":\"RSA\",\"notify_url\":\"http://115.28.171.163:7090/trusteeship_return_s2s/mer_recharge_person\",\"charset\":\"UTF-8\",\"order_id\":\"2015041600000025\",\"version\":\"1.0\",\"user_ip\":\"118.187.56.162\",\"amount\":\"100\",\"sign\":\"tgEjnhZGdR27krbJnSiU5Ee/KQ+KUBQKF1fZlP/Kj04LWPpyy9MCLSP/Lg0IHARiBsb4Z9Qgw4pPWgVRF9MIiu2qQmZSjwrEbQcjHhICQ8bJ7OQ8P76jgOcjlGXzZ/71/YZK0W08HNROocEzmRXzFA07H2wBNuAiizkoJdhShAQ\\u003d\",\"gate_id\":\"CMB\",\"pay_type\":\"B2CDEBITBANK\",\"mer_id\":\"7099088\",\"service\":\"mer_recharge_person\",\"user_id\":\"UB201504161125550000000003661819\",\"res_format\":\"HTML\",\"ret_url\":\"http://115.28.171.163:7090/trusteeship_return_web/mer_recharge_person\"}', '2015-04-16 18:10:30', '{trade_no=1504161810309844, mer_date=20150416, sign_type=RSA, ret_msg=充值成功, com_amt=0, order_id=2015041600000025, version=4.0, sign=QvgnF8cHkmSf+YFqRJMW+JCQPS72G4HQnuVu918blOzAg5I/tyJhofTJzA8k491V79OOp25O+XBNOLQobRWthHgpTMVTEmyC4C4nd1S9GEpLbLOTNoHYPQ29st+jbfGmbUt0HvxRRE+0ffY980Pt7zIJ0Wd3G/gHm/JtsRhhwBk=, balance=000000000000010100, ret_code=0000, mer_check_date=20150416, mer_id=7099088, service=recharge_notify}', '2015-04-16 18:14:24', 'passed', 'umpay', 'mer_recharge_person', 'http://pay.soopay.net/spay/pay/payservice.do', 'utf-8');
INSERT INTO `trusteeship_operation` VALUES ('0a34fae989e24d28a4850825b98ee30a', '20150427000009', '20150427000009', '{\"mer_date\":\"20150427\",\"sign_type\":\"RSA\",\"notify_url\":\"http://115.28.171.163:7090/trusteeship_return_s2s/project_transfer_invest\",\"charset\":\"UTF-8\",\"order_id\":\"20150427000009\",\"version\":\"1.0\",\"amount\":\"2500\",\"sign\":\"VhYOmSMEUYWq4hrH2QiWlTg/5fUev2f3whGWtODThMIqCX02Zv2WbX9aSYEizA/vJQSFNQCmSykyVDCPp68/Sl8XA08ZV9iFGESjGI2izDwZVrEHdYpbVK/XMl5rXhbRYbwV4q1N2OGn7+ZfmNxzi7vfD6muvNrReexucdquxH8\\u003d\",\"partic_type\":\"01\",\"serv_type\":\"01\",\"partic_user_id\":\"UB201504161636050000000003665807\",\"mer_id\":\"7099088\",\"project_id\":\"20150427000061\",\"partic_acc_type\":\"01\",\"service\":\"project_transfer\",\"trans_action\":\"01\",\"res_format\":\"HTML\",\"ret_url\":\"http://115.28.171.163:7090/trusteeship_return_web/project_transfer_invest\"}', '2015-04-27 16:29:15', null, null, 'sended', 'umpay', 'project_transfer_invest', 'http://pay.soopay.net/spay/pay/payservice.do', 'utf-8');
INSERT INTO `trusteeship_operation` VALUES ('0a775491d3a04308ac79353f4f0f5431', '14291786275206225881007549453', 'zhengcong', '{\"identity_code\":\"\",\"mer_date\":\"20150416\",\"sign_type\":\"RSA\",\"notify_url\":\"http://115.28.171.163:7090/trusteeship_return_s2s/mer_bind_card\",\"charset\":\"UTF-8\",\"order_id\":\"14291786275206225881007549453\",\"card_id\":\"oYmTiCVNwKuwgYu93q2AMBzKYOjSg7S+YyFq0lb5DpBk2P7SUjedNgDX0oDHh/YIPYF8rntwgdgBJExZMOJNUYdOGktJ1QZUEZvt0k4TzCuT7cRzdu/IpZoAtkKyZFc9FkTWIG3BDAfUIFFnk7AKOfVSNmDffcd9ZcxgkTn/PCs\\u003d\",\"version\":\"1.0\",\"account_name\":\"V4QD4XgpUzBXwWgXCuG3q17Pg+7Y8kp+b5g8lVYFn8txFLidzhjHR2U8GyvUMFQXQejUxlVJS6+dg8d72AkZxIconxwjQHHbldMVrQzBV1USIsuxyr0dGIyt4NFcvGKpHz2OshRuYi6NxCVlP0mx02sKnPsR0lCgUpHf8IviNl4\\u003d\",\"sign\":\"Ywfm3j/zL6Acj666kbXWSU2Gqj5ghL5NIue73icQ6wNztFBnpwuPfC2AC8ASIojg/tXrQFmVv/dphkY/ip+xSJyONO3qV0IPodk75PQQhMDDCx88didgiwWM1K/tvY7eNDAdsblmPBQPM9DApwKYKvGd21frhl/MaJQkmYtHI7g\\u003d\",\"mer_id\":\"7099088\",\"identity_type\":\"IDENTITY_CARD\",\"service\":\"mer_bind_card\",\"user_id\":\"UB201504161636050000000003665807\",\"res_format\":\"HTML\",\"ret_url\":\"http://115.28.171.163:7090/trusteeship_return_web/mer_bind_card\"}', '2015-04-16 18:03:47', null, null, 'sended', 'umpay', 'mer_bind_card', 'http://pay.soopay.net/spay/pay/payservice.do', 'utf-8');
INSERT INTO `trusteeship_operation` VALUES ('0b41f4e0b5d947d5aa5ea2abcf674812', '0120150421000051', '20150421000051', 'amount=8900&charset=UTF-8&mer_date=20150421&mer_id=7099088&notify_url=http%3A%2F%2F115.28.171.163%3A7090%2Ftrusteeship_return_s2s%2Fproject_transfer_give_money_to_borrower&order_id=0120150421000051&partic_acc_type=01&partic_type=02&partic_user_id=UB201504161125550000000003661819&project_id=20150421000051&res_format=HTML&ret_url=http%3A%2F%2F115.28.171.163%3A7090%2Ftrusteeship_return_web%2Fproject_transfer_give_money_to_borrower&serv_type=53&service=project_transfer&sign_type=RSA&trans_action=02&version=1.0', '2015-04-21 17:41:15', '{sign=N29WD+AlLfy3pA2cH73FlZU3kZgLHBhtkZNySexlQhm042nQPYYnXF1N5+0k0zkNOFDz7mjyrzfRTZRzmC977py73Y3g4ERuamCZu8I242XbguS4z0v2SWZsDxBKgWL6lw2RAQdNJ87e1kLsfEFFDWHfL7UOPWxLtTSuDshS7m4=, trade_no=1504215016208223, ret_code=0000, mer_date=20150421, mer_check_date=20150421, mer_id=7099088, sign_type=RSA, ret_msg=交易成功。, order_id=0120150421000051, plain=mer_check_date=20150421&mer_date=20150421&mer_id=7099088&order_id=0120150421000051&ret_code=0000&ret_msg=交易成功。&trade_no=1504215016208223&version=1.0, version=1.0}', '2015-04-21 17:41:15', 'passed', 'umpay', 'project_transfer_give_money_to_borrower', 'http://pay.soopay.net/spay/pay/payservice.do?amount=8900&charset=UTF-8&mer_date=20150421&mer_id=7099088&notify_url=http%3A%2F%2F115.28.171.163%3A7090%2Ftrusteeship_return_s2s%2Fproject_transfer_give_money_to_borrower&order_id=0120150421000051&partic_acc_type=01&partic_type=02&partic_user_id=UB201504161125550000000003661819&project_id=20150421000051&res_format=HTML&ret_url=http%3A%2F%2F115.28.171.163%3A7090%2Ftrusteeship_return_web%2Fproject_transfer_give_money_to_borrower&serv_type=53&service=project_transfer&sign_type=RSA&trans_action=02&version=1.0&sign=O0BKqi4Q%2FUXNz0mWtvxY%2Fd5Hd1CWrPc6iJvr2Zd5N73fUdr9eoQawNY%2BhjMD11Ms9eJp5cD0p0Sd1LkJPKkuGhFC5IRNSj1UK91AJ%2FK5YWYvpk7aymXMKEX8K4gA8JZoXo2SwsczRWQl9wvzjH0QL4FdskwlZk8%2B6DR%2BtEsZxtQ%3D', 'utf-8');
INSERT INTO `trusteeship_operation` VALUES ('0b9140db95294881991828a658c67f27', '20150410000034', '20150410000034', 'charset=UTF-8&loan_user_id=UB201504081707280000000003573277&mer_id=7099088&project_amount=10000&project_expire_date=20150412&project_id=20150410000034&project_name=sdfdf&res_format=HTML&service=mer_bind_project&sign_type=RSA&version=1.0', '2015-04-10 09:44:04', '{sign=mE+2jDoy1bKa/OVffYPbMhLayWYp49zyEQjZwnhfDy40DTcJmx+TnG+wiN0zFR2f0CpcI1h+sSUf1EHGSerBDXqrhf9nxizr2owPkx5EvjFGsNEB5jL7lbre7nnnGGeicquDK/dRPXdlgwW6JX8mDG4Gh+WJKrtTofV/jzTZr+o=, ret_code=0000, project_state=92, mer_check_date=20150410, mer_id=7099088, sign_type=RSA, ret_msg=操作成功, project_account_id=7099088A0000002, plain=mer_check_date=20150410&mer_id=7099088&project_account_id=7099088A0000002&project_state=92&ret_code=0000&ret_msg=操作成功&version=1.0, version=1.0}', '2015-04-10 09:44:04', 'passed', 'umpay', 'mer_bind_project', 'http://pay.soopay.net/spay/pay/payservice.do?charset=UTF-8&loan_user_id=UB201504081707280000000003573277&mer_id=7099088&project_amount=10000&project_expire_date=20150412&project_id=20150410000034&project_name=sdfdf&res_format=HTML&service=mer_bind_project&sign_type=RSA&version=1.0&sign=EXsT5ObwlqMeaVD2pzk%2Fm3r0vW6DlVYj%2BR839W7c1VwHQW5bhDk1RDqFYbshE%2FE1c4X3FRtj2AEICC1Bf31%2FlHBp4LF65J3UxLOdwaoRdWKZawRnYCSUG%2BcP3yqR8OFFP2SrLKepGSaKqWUCIg3CZ8QTbRk%2BXGKKweYfqNA5A04%3D', 'utf-8');
INSERT INTO `trusteeship_operation` VALUES ('0bcadc5f5c7b48398ebde465dba5fb94', '1429176193349123212312132212', 'zhengcong', '{\"identity_code\":\"\",\"mer_date\":\"20150416\",\"sign_type\":\"RSA\",\"notify_url\":\"http://115.28.171.163:7090/trusteeship_return_s2s/mer_bind_card\",\"charset\":\"UTF-8\",\"order_id\":\"1429176193349123212312132212\",\"card_id\":\"TRiL0IzDbRltkEx4DUWwQU2xoxS3pp4shYTj/4CgWcZ+WSnQSg0wY3XpfV0CPpoAklqKy3V8xuhORT8QLHJSOMQ6cxjPG3PvZD8TgSqj211EkdjO0ZhdSRdLnHyCQDRIZOW5enHmS5zNuGPUiVR7ODBpEt/Eaoz3n7ej7IsI/G0\\u003d\",\"version\":\"1.0\",\"account_name\":\"TgVC9Cm662An6S2a7d8g8SxbttR010p+CrnVtHBPURpBB9JkX6R8nzB730KssIvF7mdw6QD71PGETTokPjt+QsSxWzo3xkr60mkIrv4x4uAbVuXG/5c0SvzFsJEZQL85VNW4M/23k8pU3ApODI723YGkbjlo1LB7Qiis5cLDg9g\\u003d\",\"sign\":\"aCrt/s62HvA4mZJgCyB4UiRY7UssC2mPQEmmaIsjUZfx9x/ZSC1Klmz8Jhj3X+qGNrObcJTqUVrW4g13It9P+SDZM7Oo9W+AIdwSX+fRBeR/JcSgVsn4rY4DGzf9xZvDIgymBcWvWceUqlCeZUc/dnWr/F5CK/bN4Q9X8phRRI0\\u003d\",\"mer_id\":\"7099088\",\"identity_type\":\"IDENTITY_CARD\",\"service\":\"mer_bind_card\",\"user_id\":\"UB201504161636050000000003665807\",\"res_format\":\"HTML\",\"ret_url\":\"http://115.28.171.163:7090/trusteeship_return_web/mer_bind_card\"}', '2015-04-16 17:23:13', null, null, 'sended', 'umpay', 'mer_bind_card', 'http://pay.soopay.net/spay/pay/payservice.do', 'utf-8');
INSERT INTO `trusteeship_operation` VALUES ('0d23f4f4aa2941d6a5d092e1c027e289', '2015041600000017', '2015041600000017', '{\"mer_date\":\"20150416\",\"sign_type\":\"RSA\",\"notify_url\":\"http://115.28.171.163:7090/trusteeship_return_s2s/mer_recharge_person\",\"charset\":\"UTF-8\",\"order_id\":\"2015041600000017\",\"version\":\"1.0\",\"user_ip\":\"118.187.56.162\",\"amount\":\"122800\",\"sign\":\"e1dgGnrexrsePXg5wWBRPaL0qVGpVDHHd2FoDN6OW6Au2LQUkH+MPw8XsddzMH89f5opMccHBR2DZUl1froKxCBKIdSnV9o7vn2uIBLpqNVbjjPORUbZ0AjTJSXz628Pd3MgekdnHquihB8G9I+bVRbh4bD0VElp2w95GCh+pnI\\u003d\",\"gate_id\":\"ICBC\",\"pay_type\":\"B2CDEBITBANK\",\"mer_id\":\"7099088\",\"service\":\"mer_recharge_person\",\"user_id\":\"UB201504161636050000000003665807\",\"res_format\":\"HTML\",\"ret_url\":\"http://115.28.171.163:7090/trusteeship_return_web/mer_recharge_person\"}', '2015-04-16 16:57:41', null, null, 'sended', 'umpay', 'mer_recharge_person', 'http://pay.soopay.net/spay/pay/payservice.do', 'utf-8');
INSERT INTO `trusteeship_operation` VALUES ('0edc9168348d4203bc71adbd130913bb', '2015042700000006', '2015042700000006', '{\"mer_date\":\"20150427\",\"sign_type\":\"RSA\",\"notify_url\":\"http://115.28.171.163:7090/trusteeship_return_s2s/mer_recharge_person\",\"charset\":\"UTF-8\",\"order_id\":\"2015042700000006\",\"version\":\"1.0\",\"user_ip\":\"124.200.110.58\",\"amount\":\"300\",\"sign\":\"skcbOh1klASwq+enyjklw339I4S6FMCF/Gk2SXhYHmqOh0BhMjHgPn5dbZYwcE2z3XfuLGUsA1IZYuzHxb/y8HVo/5V0ZItu+tdE9rqQqpBKsEwF2W6UnblFCULdmNBx0010uDeVhsQ7vX51O4t5/LPPGtzFIwt8GVLZwdw5uH0\\u003d\",\"gate_id\":\"CMB\",\"pay_type\":\"B2CDEBITBANK\",\"mer_id\":\"7099088\",\"service\":\"mer_recharge_person\",\"user_id\":\"UB201504081707280000000003573277\",\"res_format\":\"HTML\",\"ret_url\":\"http://115.28.171.163:7090/trusteeship_return_web/mer_recharge_person\"}', '2015-04-27 15:54:02', '{sign=fRmHAXa5g5L9N40n0EXbs0DSTpiT6AIXrLikS7a4e4arIukKtswJy1dXkjF+SGY/pMFWk1D/qdx2sDgd8Cy9ES971POz8rO9dRcUOeu2YBy//KrpeTG57NHskYtcrZZ9EmvyuL63TyGSe6PqJdZpk9IpvFC9Gh7Ngi8porF4qWE=, trade_no=1504271554023551, ret_code=0000, mer_date=20150427, mer_id=7099088, mer_check_date=20150427, sign_type=RSA, service=recharge_notify, ret_msg=充值成功, order_id=2015042700000006, com_amt=0, version=4.0}', '2015-04-27 15:55:21', 'passed', 'umpay', 'mer_recharge_person', 'http://pay.soopay.net/spay/pay/payservice.do', 'utf-8');
INSERT INTO `trusteeship_operation` VALUES ('10d51db37df84162995ae386ba3825b0', '0120150410000035', '20150410000035', 'amount=100&charset=UTF-8&mer_date=20150410&mer_id=7099088&notify_url=http%3A%2F%2F115.28.171.163%3A7090%2Ftrusteeship_return_s2s%2Fproject_transfer_give_money_to_borrower&order_id=0120150410000035&partic_acc_type=01&partic_type=02&partic_user_id=UB201504081737010000000003573522&project_id=20150410000035&res_format=HTML&ret_url=http%3A%2F%2F115.28.171.163%3A7090%2Ftrusteeship_return_web%2Fproject_transfer_give_money_to_borrower&serv_type=53&service=project_transfer&sign_type=RSA&trans_action=02&version=1.0', '2015-04-10 11:03:22', '{sign=BGXHGi1TPELpn4xm7PRPwOujZM3jnvpdMDUUJZodapqx4g2TPYhaNZhMi7GzbBFa/qIcCULJY2/mALFJmHf+nAKK8r6W9Bpp0I0fiup02hGqMUVupaHnGhXhU9tABm9UrDztGWVbG0NfLfajIItMqowBzNTS609+uH1JbVslm1A=, trade_no=1504105014127923, ret_code=0000, mer_date=20150410, mer_check_date=20150410, mer_id=7099088, sign_type=RSA, ret_msg=交易成功。, order_id=0120150410000035, plain=mer_check_date=20150410&mer_date=20150410&mer_id=7099088&order_id=0120150410000035&ret_code=0000&ret_msg=交易成功。&trade_no=1504105014127923&version=1.0, version=1.0}', '2015-04-10 11:03:23', 'passed', 'umpay', 'project_transfer_give_money_to_borrower', 'http://pay.soopay.net/spay/pay/payservice.do?amount=100&charset=UTF-8&mer_date=20150410&mer_id=7099088&notify_url=http%3A%2F%2F115.28.171.163%3A7090%2Ftrusteeship_return_s2s%2Fproject_transfer_give_money_to_borrower&order_id=0120150410000035&partic_acc_type=01&partic_type=02&partic_user_id=UB201504081737010000000003573522&project_id=20150410000035&res_format=HTML&ret_url=http%3A%2F%2F115.28.171.163%3A7090%2Ftrusteeship_return_web%2Fproject_transfer_give_money_to_borrower&serv_type=53&service=project_transfer&sign_type=RSA&trans_action=02&version=1.0&sign=XOPPP2%2Bm%2BuZPYU9C%2F1JpCCmSTDv2JzMJNbauAZ2WiQ3nv7AWhnKervOERK8f6NnxTPTkeZzsK0aFux3HVjtsZHVC3BHdKlUtDiWYD%2BQu%2FUq%2BpWrKjjnBGouSNW2GOVUqbu9TAnOZbwqbII8mtfv%2Fmyn1OnaOqA8hNtIHLlIZ4zo%3D', 'utf-8');
INSERT INTO `trusteeship_operation` VALUES ('111f173ad2514d158d5db125e130743e', '0220150428000077', '20150428000077', 'amount=200&charset=UTF-8&mer_date=20150428&mer_id=7099088&notify_url=http%3A%2F%2F115.28.171.163%3A7090%2Ftrusteeship_return_s2s%2F&order_id=0220150428000077&partic_acc_type=02&partic_type=03&partic_user_id=7099088&project_id=20150428000077&res_format=HTML&ret_url=http%3A%2F%2F115.28.171.163%3A7090%2Ftrusteeship_return_web%2F&serv_type=52&service=project_transfer&sign_type=RSA&trans_action=02&version=1.0', '2015-04-28 11:49:55', '{sign=juCuxzJIFIHgOlSAzXCsOVUVAu581Kvv2jo4XvH20uA4foCgVzGTe3viqpSTcEPIg7/NjxeJv+UY2emKcq6k1aY9huQK6sf6AysivgaCISyIcvNFFy96PxXaim8OpxsHYtwiWvP3qK7m8ZlzpwTeyBQV5HegDK5xAh3BfeS3ang=, trade_no=1504285017329943, ret_code=0000, mer_date=20150428, mer_check_date=20150428, mer_id=7099088, sign_type=RSA, ret_msg=交易成功。, order_id=0220150428000077, plain=mer_check_date=20150428&mer_date=20150428&mer_id=7099088&order_id=0220150428000077&ret_code=0000&ret_msg=交易成功。&trade_no=1504285017329943&version=1.0, version=1.0}', '2015-04-28 11:49:56', 'passed', 'umpay', 'project_transfer', 'http://pay.soopay.net/spay/pay/payservice.do?amount=200&charset=UTF-8&mer_date=20150428&mer_id=7099088&notify_url=http%3A%2F%2F115.28.171.163%3A7090%2Ftrusteeship_return_s2s%2F&order_id=0220150428000077&partic_acc_type=02&partic_type=03&partic_user_id=7099088&project_id=20150428000077&res_format=HTML&ret_url=http%3A%2F%2F115.28.171.163%3A7090%2Ftrusteeship_return_web%2F&serv_type=52&service=project_transfer&sign_type=RSA&trans_action=02&version=1.0&sign=FxPQ%2FK%2FSZ6jxbynrk2nDu9SXSgWTIlapx%2BAiLtN9ieHhCmSgvFi7hollpMUIhpnFFSP1G5p78%2F04YLWq0hQ6Kx1E7OHVAAq64%2BlxDjf0MM5P%2Fnpa51mtwEmyo4kR7qwOzPZDK88oSfD5msQrurvvrjHqCQgycQ3vYYLjHzEo%2Bf0%3D', 'utf-8');
INSERT INTO `trusteeship_operation` VALUES ('115a4955c8c94ad49b3bde52642359ee', '14296012055286212260200067624532', 'wll001', '{\"identity_code\":\"VLA8mabeh6iHWStN6YqPIDvo57YEpOKPQPqybtEqfxinrBYLcZkSXADbwcFet3ba/W9hX0/esPHc+9pXg3LqYCSXJVb4QMOQXbQGnGLIsAfQXBdAo1i5u+rISIZn23ND6+RX3hsM9dWs3ZQhhJFjw3XtuZ85yFsV32x45Tgg1/g\\u003d\",\"mer_date\":\"20150421\",\"sign_type\":\"RSA\",\"notify_url\":\"http://115.28.171.163:7090/trusteeship_return_s2s/mer_bind_card\",\"charset\":\"UTF-8\",\"order_id\":\"14296012055286212260200067624532\",\"card_id\":\"QuLpB1wxV3mTvZFqEgCwZZd5HFFIMnFjYBooKpnvyFBSGiqnicYpY1syaRhOZWMgiMRDsp4V0E9f8KZBccHzSUemPxcQiA4dGu3Ncndh773OIZQ9efWADiX7YtIB6ijfXY66nDx7POzP7+NjwDDRqXOFCIpV8c/rU8r7oJDCGJc\\u003d\",\"version\":\"1.0\",\"account_name\":\"GZQ82Lvfm3NbzyBpi+2agOJ5LIdkOXO0IeA0m+MI3W7yV8W+bCQREMh7APIBCcgl1Ut7Y7G7rAyURQg6fUmGUfV7W6aD2qNROgJYjcSPpxge7nBTSA0W6beoKGaSZVSmBgyD2xDRLGSuMVGiaaJFxnViiOf/kZzKKxAoWFZJ7Rs\\u003d\",\"sign\":\"H6XkYtYiUHHljk4OyCWQYY972dekr9swkLpoTN+zKiT60gKwt/sT7Dv90gYTiyG+V9Z3mSHfWQP618epNqzvS04O5GtWJjfarOQxHyujvdSK8eldLph+79GuZjbvR83C1psuc6iyjn7p5cCtRbuIC4e0KF39zUlnSXbfRc3K+3w\\u003d\",\"mer_id\":\"7099088\",\"identity_type\":\"IDENTITY_CARD\",\"service\":\"mer_bind_card\",\"user_id\":\"UB201504091030430000000003578704\",\"res_format\":\"HTML\",\"ret_url\":\"http://115.28.171.163:7090/trusteeship_return_web/mer_bind_card\"}', '2015-04-21 15:26:45', null, null, 'sended', 'umpay', 'mer_bind_card', 'http://pay.soopay.net/spay/pay/payservice.do', 'utf-8');
INSERT INTO `trusteeship_operation` VALUES ('11971972964b40fa825eba44df4308ad', '2015041700000011', '2015041700000011', '{\"mer_date\":\"20150417\",\"sign_type\":\"RSA\",\"notify_url\":\"http://115.28.171.163:7090/trusteeship_return_s2s/mer_recharge_person\",\"charset\":\"UTF-8\",\"order_id\":\"2015041700000011\",\"version\":\"1.0\",\"user_ip\":\"118.187.56.162\",\"amount\":\"4400\",\"sign\":\"W7as38mz+oX10DgUnMP64rmhe6Ksdd47xgDu6/D5+/wUsg8T6xHw8w1nPH4VlvZzgfq6TsgLRpBOeeBBzXHfnqHeuzyHmB7MY3vzok9N3YOcWOwqai8uD+sfFE5qRrl+9gp+Dld9lDYN0h0Kl6zVmfDKRK0/x8L9jkxsmKRJlrY\\u003d\",\"gate_id\":\"HXB\",\"pay_type\":\"B2CDEBITBANK\",\"mer_id\":\"7099088\",\"service\":\"mer_recharge_person\",\"user_id\":\"UB201504161636050000000003665807\",\"res_format\":\"HTML\",\"ret_url\":\"http://115.28.171.163:7090/trusteeship_return_web/mer_recharge_person\"}', '2015-04-17 10:31:31', null, null, 'sended', 'umpay', 'mer_recharge_person', 'http://pay.soopay.net/spay/pay/payservice.do', 'utf-8');
INSERT INTO `trusteeship_operation` VALUES ('138f3ec8262143e4a3208e818babc09d', '20150427000062', '20150427000062', 'charset=UTF-8&loan_user_id=UB201504161125550000000003661819&mer_id=7099088&project_amount=10000&project_expire_date=20150428&project_id=20150427000062&project_name=sl_0427&res_format=HTML&service=mer_bind_project&sign_type=RSA&version=1.0', '2015-04-27 16:26:18', '{sign=C2UNEbTDyVoS7Lpncud85j7zPFvumjjqypQPcHhTG/AspgMxkMdPy3ttJmXeXTjDglQLZx4G/qc6i5XpJ7pweCAUq9l0g8XuHYCELnezt+gfvdUV1cKCnvqSWsDnhNBncQuLWkbXKS1q3BUpoT8S4M08J4Obiu5YeCe/QQSTBdw=, ret_code=0000, project_state=92, mer_check_date=20150427, mer_id=7099088, sign_type=RSA, ret_msg=操作成功, project_account_id=7099088A0000222, plain=mer_check_date=20150427&mer_id=7099088&project_account_id=7099088A0000222&project_state=92&ret_code=0000&ret_msg=操作成功&version=1.0, version=1.0}', '2015-04-27 16:26:18', 'passed', 'umpay', 'mer_bind_project', 'http://pay.soopay.net/spay/pay/payservice.do?charset=UTF-8&loan_user_id=UB201504161125550000000003661819&mer_id=7099088&project_amount=10000&project_expire_date=20150428&project_id=20150427000062&project_name=sl_0427&res_format=HTML&service=mer_bind_project&sign_type=RSA&version=1.0&sign=ofIEO%2BXybA3HnSPTRhd5QsgSCvFFnv3SO54FUp%2FpzFu0E459XGXlqKUeQ64HabJuXJwnkb7zok5AyXP4NZCH5BTcdb%2FwbagqbkBSMuFkVHlk2cw7tJQFVDW5aOM9htOhJVvQCQ0mpYXUfb4SZqiwEDxJdYogWonfTuD0FnyiF7s%3D', 'utf-8');
INSERT INTO `trusteeship_operation` VALUES ('13e1e039f88147fa8713ca3e215a1044', '20150427000065', '20150427000065', 'charset=UTF-8&loan_user_id=UB201504091030430000000003578704&mer_id=7099088&project_amount=7000&project_expire_date=20150428&project_id=20150427000065&project_name=%E8%BD%AC%E7%BB%99%E7%9A%AE%E5%86%AC70%E5%85%8320150427&res_format=HTML&service=mer_bind_project&sign_type=RSA&version=1.0', '2015-04-27 17:31:24', '{sign=Y1OGJPHtLfa9EJHt5JjF1rXpcidfp6RvjQOAvmhSYiaNPqrzXptGZdG5JiuGfUeU+eFoQ+CPVwM5EPGzCGZpSwaGVcHJTn8U3hv7l0mTruuOUwr7SMLnua9ut20rre7oU4FkryP5yzkNKtTwev12EgEPhdfUMLUoGvk0jGFMpe0=, ret_code=0000, project_state=92, mer_check_date=20150427, mer_id=7099088, sign_type=RSA, ret_msg=操作成功, project_account_id=7099088A0000240, plain=mer_check_date=20150427&mer_id=7099088&project_account_id=7099088A0000240&project_state=92&ret_code=0000&ret_msg=操作成功&version=1.0, version=1.0}', '2015-04-27 17:31:25', 'passed', 'umpay', 'mer_bind_project', 'http://pay.soopay.net/spay/pay/payservice.do?charset=UTF-8&loan_user_id=UB201504091030430000000003578704&mer_id=7099088&project_amount=7000&project_expire_date=20150428&project_id=20150427000065&project_name=%E8%BD%AC%E7%BB%99%E7%9A%AE%E5%86%AC70%E5%85%8320150427&res_format=HTML&service=mer_bind_project&sign_type=RSA&version=1.0&sign=FeUSm2VlhXkEYmiTIL32Xf6LvFtZJkhzX0qluNj5d6j40RU65qrrCS%2B1g3Gmn%2BB3Dwgt24jTM2SNB5%2FViF3B3vJPHKMYXTBRfyVy0PTdWa3mQTAvG4Kiw221v2UoOaa08WaOBlJLAaKtqvWIjJgcq656lynANwIST2rM1h52haQ%3D', 'utf-8');
INSERT INTO `trusteeship_operation` VALUES ('1436536fc2aa4b0eae1a4ae15541f2e7', '14291717671986225880116305732', 'mleoshi', '{\"identity_code\":\"bJYaIeNPO+MwpCmmR4Y8M0DCfDSfFmB+u4Y6YjBWrOMY3/oRGJw54LQDlkXEaeeOzSUQ7rDe8WgOOqQ6b71nEkGIJdMBUmgV9+qcLuj+yulDEqyv2LwKw27fAM1Xqx5j58n2Oe0jIcyoidt5Om3t1rnJfCJlYwBmi8mbOltvSLg\\u003d\",\"mer_date\":\"20150416\",\"sign_type\":\"RSA\",\"notify_url\":\"http://115.28.171.163:7090/trusteeship_return_s2s/mer_bind_card\",\"charset\":\"UTF-8\",\"order_id\":\"14291717671986225880116305732\",\"card_id\":\"cKt6adEZq8QM4jSJ8v81FXbFkI9f91d7W8z6lOZ8JoYOlST5MjIIaEQcuoWo88UqyWtVaEPMgI2XJkZI/CRcnTZcQcrLMw5o74Lx7D9Y7PzgthaQFnLLK5OjoAAzUWX4ZXOn/ea7yByPbWgDDxb4KYZdELdbOWxRBKOYFDhiIK8\\u003d\",\"version\":\"1.0\",\"account_name\":\"vgd8mKzSVjiRYWJwbdLwg5jLc52VviufHJdUBo2aZoUAM1/gJ7rmPKwAyq+QUui60r+r3GzsF5o8Hf9fyp7V1a/5Mcs6ZSM8QXv+v/lr9FuW3vGS9+1MYlucScSo56U81XNspUJ8nh/et74FU7Z0qLxnmhRSfpM7OINrenwroUU\\u003d\",\"sign\":\"Y23yi31H4R77lPh7nGlREXGoP97/U7uAlsfZDbKzz7INs66eGWHu/wDuMF7iZPFGKX6fK2CX0S+HpWi0PAr4R94LKbTZ8d5liSslS3nxypOO6fvUw1JKM1WBnFkmqz8LOeRYCjCEhOX562nQJSPcnUc4vpwD0YSkZlbGyvLm0qg\\u003d\",\"mer_id\":\"7099088\",\"identity_type\":\"IDENTITY_CARD\",\"service\":\"mer_bind_card\",\"user_id\":\"UB201504161125570000000003661793\",\"res_format\":\"HTML\",\"ret_url\":\"http://115.28.171.163:7090/trusteeship_return_web/mer_bind_card\"}', '2015-04-16 16:09:27', '{sign=N1cj8sonymULXW35HWCLS21o/3L6ZiQwFxUa6amz2Gf9PwW70XwTvAu/31RUFfApxl5az0vAuc8NRxTi5JWYycrIKIcVCWp3OaPbNvSWqEhunRYH/Eb0zZJCVK/CWu9V2UAWsC8nOpFPNlR399akxNi3A89l0AARCxnO4OgAHVU=, ret_code=0000, mer_date=20150416, mer_id=7099088, sign_type=RSA, service=mer_bind_card_apply_notify, ret_msg=交易成功。, user_id=UB201504161125570000000003661793, order_id=14291717671986225880116305732, version=4.0}', '2015-04-16 16:12:30', 'passed', 'umpay', 'mer_bind_card', 'http://pay.soopay.net/spay/pay/payservice.do', 'utf-8');
INSERT INTO `trusteeship_operation` VALUES ('14da6f3dd312400a94ccbd2f5236f7df', '14292364770786212260200067624532', 'wll001', '{\"identity_code\":\"ThosKgZHMRocVKPm5CDfHMvytdmqPNktJzV/NMb27Omvcj8TdZEYbsXBm0tQyqaXZWO8GfIGIN6xsB7EJizwP3gbcGxXTtDCzeihQdYd3dEn2fsDLtpecI6xul/zLSx/6W9C1CyIfpngOhlbho1R45kJhs6VAfHRDbQBwNjlpRM\\u003d\",\"mer_date\":\"20150417\",\"sign_type\":\"RSA\",\"notify_url\":\"http://115.28.171.163:7090/trusteeship_return_s2s/mer_bind_card\",\"charset\":\"UTF-8\",\"order_id\":\"14292364770786212260200067624532\",\"card_id\":\"O6ik59ksLKLZW3tWh0P1yTqiZl1YrTvMfNq768rGClEGaNi60SloLA77K8lRshpI/l4X3MYYsgVh/eajLVMMk7bv6Ov8lKdH6NldkbfaURnRNpMxwY49RZms5mXF80yt/0h+viJ31QuPj/6RO0a8gd3cuOVylmvIwGNhOo4mlcQ\\u003d\",\"version\":\"1.0\",\"account_name\":\"AtZtmuTF4jozAqibOsD/SuMduJsxCZtR82+hqEn3JmzukQAPXzORhHFGUgiIVtNVIlSOHmyjuNts8wvMe+Kt4Qifaq1Z7NDJH8SRwhthUHjuhdbaxEFRiwcvmqm1aJ4g+vApQ8xAdsMDIOXIBiQZvieB2eJ8nei5oTHUNy8S8Ek\\u003d\",\"sign\":\"DGjgrwRDkm2lskYCh/9DqQ/lyL/RBYiEAqYMMF3SvW8KLkbpGZLcVRgVOARIBWNkoFLdIbOr9L6u+TcvD/DpeY5W1iq2OyvyhB2Xl+xp/oqlbB2bqSy1ZaQZiury5/25lfIqT/UlFzfnDWs+jS4pEwSfIqb1ZUTdH8bq6mvoogE\\u003d\",\"mer_id\":\"7099088\",\"identity_type\":\"IDENTITY_CARD\",\"service\":\"mer_bind_card\",\"user_id\":\"UB201504091030430000000003578704\",\"res_format\":\"HTML\",\"ret_url\":\"http://115.28.171.163:7090/trusteeship_return_web/mer_bind_card\"}', '2015-04-17 10:07:57', null, null, 'sended', 'umpay', 'mer_bind_card', 'http://pay.soopay.net/spay/pay/payservice.do', 'utf-8');
INSERT INTO `trusteeship_operation` VALUES ('154e97d3616547d1bde3063b1feba5af', '2015042700000004', '2015042700000004', '{\"mer_date\":\"20150427\",\"sign_type\":\"RSA\",\"notify_url\":\"http://115.28.171.163:7090/trusteeship_return_s2s/mer_recharge_person\",\"charset\":\"UTF-8\",\"order_id\":\"2015042700000004\",\"version\":\"1.0\",\"user_ip\":\"118.187.56.162\",\"amount\":\"2500\",\"sign\":\"ge/zDhZgQPELnZa+hYjY3oqLwHtRNdH/BiZF5/+a3AVW6GINLTJcHxZV62HmUkNLVKHPQuAF6FEfarwge0j1lcuE+zC6+3qEimSmCLUKRkZllKJaeA6OQABuf0USCA6gkdBhp87cy5AwWnlwBCJMItF0D+KjZ9A9EdoQI2qaG3Q\\u003d\",\"gate_id\":\"CCB\",\"pay_type\":\"B2CDEBITBANK\",\"mer_id\":\"7099088\",\"service\":\"mer_recharge_person\",\"user_id\":\"UB201504161636050000000003665807\",\"res_format\":\"HTML\",\"ret_url\":\"http://115.28.171.163:7090/trusteeship_return_web/mer_recharge_person\"}', '2015-04-27 12:10:22', '{sign=Ju1LaCwERFri/3gh6EbtycCd04ghvlOxGsg1VxI5mG6+B4qr47zcsSMN7n6kosaMmCxdBtDcg9GRmYk4UvdlAF5uF1plokkASL7k63ZtT6NIH/DHc06Ca7UutmupDAUYWTLEoMbmSMQwK4Lg/b7NrSJzJXdH6ods+k+z8TnT6ks=, trade_no=1504271210226611, ret_code=0000, mer_date=20150427, mer_id=7099088, mer_check_date=20150427, sign_type=RSA, service=recharge_notify, ret_msg=充值成功, order_id=2015042700000004, com_amt=0, version=4.0}', '2015-04-27 12:12:39', 'passed', 'umpay', 'mer_recharge_person', 'http://pay.soopay.net/spay/pay/payservice.do', 'utf-8');
INSERT INTO `trusteeship_operation` VALUES ('15ed1d983c2c46898a793e20ed629849', '2015042100000001', '2015042100000001', '{\"mer_date\":\"20150421\",\"sign_type\":\"RSA\",\"notify_url\":\"http://115.28.171.163:7090/trusteeship_return_s2s/cust_withdrawals\",\"charset\":\"UTF-8\",\"order_id\":\"2015042100000001\",\"version\":\"1.0\",\"amount\":\"3000\",\"sign\":\"IbQzRxDhtblmBYYVXEiCkvTZjNDO2IiK93g68n8cD190e6f0uLw/Qlm1ax31aoK+yxD91cUH6BAHO7I+oqal+WDOrH3qTS2PDPm/3bptfUwM+JAvpGLW7ujjy7ACES+mqW4Iz1JpP8OUbouwLrNGXS2J+gVCBhvAr/hjFxlVk/E\\u003d\",\"mer_id\":\"7099088\",\"service\":\"cust_withdrawals\",\"user_id\":\"UB201504161636050000000003665807\",\"res_format\":\"HTML\",\"ret_url\":\"http://115.28.171.163:7090/trusteeship_return_web/cust_withdrawals\"}', '2015-04-21 14:36:41', null, null, 'sended', 'umpay', 'cust_withdrawals', 'http://pay.soopay.net/spay/pay/payservice.do', 'utf-8');
INSERT INTO `trusteeship_operation` VALUES ('16b6d212ff63438b823d5edcbf252adc', '14298483416296217000010031760880', 'wangxibao9', '{\"identity_code\":\"t5xa/PvfLLksPe6F/aNuQRV72OIZF88Vf1BEvuyRfOXWcrOi8OboUX1b8PGASzSQoaS3kaGty1O+KCJnVbZoq/DRuK4och9lGFMkgh/MNe8moQIKgzyEIXm/taLH3vNd0cfKPS05X753WhqOBJdgurWm+jKiuox0r5avGwi+UCw\\u003d\",\"mer_date\":\"20150424\",\"sign_type\":\"RSA\",\"notify_url\":\"http://115.28.171.163:7090/trusteeship_return_s2s/mer_bind_card\",\"charset\":\"UTF-8\",\"order_id\":\"14298483416296217000010031760880\",\"card_id\":\"TDJjYWnhAI8lE2AWZYVGiv2LjDVPrQwuy0P5LKwTSVX8tX1Jvf9ZddDJlf6IQBe4HWtg2UhjZOgx20n5HDI7vXDn+KJ2D5mY5/5E2z0F1A8siIamYXjAuoC/KiSgkfKzk16jXnIVjAAgPxSp+sRs6deaEHeZhnQS/oJUTrk07yY\\u003d\",\"version\":\"1.0\",\"account_name\":\"Sg3Nv0hN7w/GykruaHFFmuOQcMa/RdhWL8hZdbCAE4DRVuTe3kMmLkh1535je5cz93racMVYS48Dvb8CD/xWTYDVKu650UTqCcs8OHAFemDnsT2EgFKaNqYLWf7vm5ArnsDZXx9D81X0g6tpyi5kyNosb/LigCe08gb9iYXukiM\\u003d\",\"sign\":\"Vrfa5TALkLGk40zv+09sDh09vOIGhiNbbtKkYw+Lt72o1BPuJ3SQJQ8owoO5gii2SYxPU6leuWGwYHO9i9KJ3Ftz1ionBdhmyZN7S7mzPEfG8OaSRd0EEAFmME5e1C0YBggpJpX/O0QtUS4M51jOkN7Z8CHoEn1MD/s4YRk4IRk\\u003d\",\"mer_id\":\"7099088\",\"identity_type\":\"IDENTITY_CARD\",\"service\":\"mer_bind_card\",\"user_id\":\"UB201504081447010000000003571502\",\"res_format\":\"HTML\",\"ret_url\":\"http://115.28.171.163:7090/trusteeship_return_web/mer_bind_card\"}', '2015-04-24 12:05:41', null, null, 'sended', 'umpay', 'mer_bind_card', 'http://pay.soopay.net/spay/pay/payservice.do', 'utf-8');
INSERT INTO `trusteeship_operation` VALUES ('1704f564624c4fd997cc8bbf0a8e9a70', '2015041600000019', '2015041600000019', '{\"mer_date\":\"20150416\",\"sign_type\":\"RSA\",\"notify_url\":\"http://115.28.171.163:7090/trusteeship_return_s2s/mer_recharge_person\",\"charset\":\"UTF-8\",\"order_id\":\"2015041600000019\",\"version\":\"1.0\",\"user_ip\":\"118.187.56.162\",\"amount\":\"1200\",\"sign\":\"FscZx8dEA9TOk3KeC1yJnup0dw/cWWzBiVfQlIxgddDCEZg8/EKt3t7gBbJ3IZqpmEPfP6gejT9ph5VMuJpShIkir+xKM2+KSWpEU9MWcoxM7ULOd+Jg7UsQpwq9SAgZPUIBnDazTl1zq3wJEwnk31usVbI9jCJogQ7OeTi+l7A\\u003d\",\"gate_id\":\"GDB\",\"pay_type\":\"B2CDEBITBANK\",\"mer_id\":\"7099088\",\"service\":\"mer_recharge_person\",\"user_id\":\"UB201504161636050000000003665807\",\"res_format\":\"HTML\",\"ret_url\":\"http://115.28.171.163:7090/trusteeship_return_web/mer_recharge_person\"}', '2015-04-16 17:02:27', null, null, 'sended', 'umpay', 'mer_recharge_person', 'http://pay.soopay.net/spay/pay/payservice.do', 'utf-8');
INSERT INTO `trusteeship_operation` VALUES ('1711e797c89f410e92a95b55feb0822d', '2015041700000010', '2015041700000010', '{\"mer_date\":\"20150417\",\"sign_type\":\"RSA\",\"notify_url\":\"http://115.28.171.163:7090/trusteeship_return_s2s/mer_recharge_person\",\"charset\":\"UTF-8\",\"order_id\":\"2015041700000010\",\"version\":\"1.0\",\"user_ip\":\"118.187.56.162\",\"amount\":\"44600\",\"sign\":\"qYNKEFIKxMt6UWjmzLHz084WwvW+6cADmaXHm4hDvK2Ng/qpmjfM0CnVlGdrnr/puz4mJRBVpYewla+yqIG0XrtuK2bFrA246F1h7OmtzGf8OruBSIoDzTdp1KaR1ctSmphsmkfiPHluDsdcBxW4N7lplVPPJYoZ51Ykfc145vM\\u003d\",\"gate_id\":\"CCB\",\"pay_type\":\"B2CDEBITBANK\",\"mer_id\":\"7099088\",\"service\":\"mer_recharge_person\",\"user_id\":\"UB201504161636050000000003665807\",\"res_format\":\"HTML\",\"ret_url\":\"http://115.28.171.163:7090/trusteeship_return_web/mer_recharge_person\"}', '2015-04-17 10:31:09', null, null, 'sended', 'umpay', 'mer_recharge_person', 'http://pay.soopay.net/spay/pay/payservice.do', 'utf-8');
INSERT INTO `trusteeship_operation` VALUES ('178f4709ac4340d5b1dee2f22f550afd', '2015041700000001', '2015041700000001', '{\"mer_date\":\"20150417\",\"sign_type\":\"RSA\",\"notify_url\":\"http://115.28.171.163:7090/trusteeship_return_s2s/cust_withdrawals\",\"charset\":\"UTF-8\",\"order_id\":\"2015041700000001\",\"version\":\"1.0\",\"amount\":\"5000\",\"sign\":\"hpgH2lpW1MStAELC8+buwQuX/0WSAp8jEYdTwVYCxaM8LjmQQ8OpJ2jBCL3JO/Xp6hdVsuCY/aooznYLFrYMjQkehGVbNk+oUn7R53vB37iMx4mnMQzVt61Uh30U6ArGBPFDbjje9DR2ZVzUp0TvC4dvtlfgqOaXm4zXbb6PlKk\\u003d\",\"mer_id\":\"7099088\",\"service\":\"cust_withdrawals\",\"user_id\":\"UB201504161636050000000003665807\",\"res_format\":\"HTML\",\"ret_url\":\"http://115.28.171.163:7090/trusteeship_return_web/cust_withdrawals\"}', '2015-04-17 11:03:48', null, null, 'sended', 'umpay', 'cust_withdrawals', 'http://pay.soopay.net/spay/pay/payservice.do', 'utf-8');
INSERT INTO `trusteeship_operation` VALUES ('17d6186e42ca47d9bd5bc7c4353ec0ac', '2015041500000001', '2015041500000001', '{\"mer_date\":\"20150415\",\"sign_type\":\"RSA\",\"notify_url\":\"http://115.28.171.163:7090/trusteeship_return_s2s/cust_withdrawals\",\"charset\":\"UTF-8\",\"order_id\":\"2015041500000001\",\"version\":\"1.0\",\"amount\":\"100\",\"sign\":\"ejTmlAUNKgZDX2OJnruWFhw5LcwiZ+g/03pefx6ZLpXl1PQ4LBm+lNjNAeXhQkrHBE/1ozaSuPuyvLPO3GYLI/BZoXsAgihb62o8yMMsiabUUs3X/IHsibLVRJrJSwzHv6yNSKs2mks6ZzPXv7g9wmegoRtQoEn9Ib8YdgvkKK4\\u003d\",\"mer_id\":\"7099088\",\"service\":\"cust_withdrawals\",\"user_id\":\"UB201504131709370000000003631826\",\"res_format\":\"HTML\",\"ret_url\":\"http://115.28.171.163:7090/trusteeship_return_web/cust_withdrawals\"}', '2015-04-15 16:23:25', null, null, 'sended', 'umpay', 'cust_withdrawals', 'http://pay.soopay.net/spay/pay/payservice.do', 'utf-8');
INSERT INTO `trusteeship_operation` VALUES ('1837f298610d4520824a32b7a7661c2a', '20150427000017', '20150427000017', '{\"mer_date\":\"20150427\",\"sign_type\":\"RSA\",\"notify_url\":\"http://115.28.171.163:7090/trusteeship_return_s2s/project_transfer_invest\",\"charset\":\"UTF-8\",\"order_id\":\"20150427000017\",\"version\":\"1.0\",\"amount\":\"3000\",\"sign\":\"hCwyjR90oQhNhwTVDpb2G/Nt3Ywvl5cgdwidUvJDMHjhPv4CSgPVMaW6ZXebZSf/6a2xrUObYO/TYPbZyMBRvQPApVe+8CsKO53V86k7gNOG5ME2gVmOb+koeSSnKVIlOCiyXfMeJwXdN7EYMbh9dNkzEdZlS9vNKVXoHLxHusE\\u003d\",\"partic_type\":\"01\",\"serv_type\":\"01\",\"partic_user_id\":\"UB201504161636050000000003665807\",\"mer_id\":\"7099088\",\"project_id\":\"20150427000068\",\"partic_acc_type\":\"01\",\"service\":\"project_transfer\",\"trans_action\":\"01\",\"res_format\":\"HTML\",\"ret_url\":\"http://115.28.171.163:7090/trusteeship_return_web/project_transfer_invest\"}', '2015-04-27 18:02:50', '{sign=aYF8cdC0b+e6eZdoO2eeIO/hOY1y9rU66tYm0nBGgK0Bzmc4DCnva5GF/yAC0rPeJrA9ZXszJuWeN2YqjOjk/+XI2uxd5tZpM0+YPrT9bymGR1nj21KWc/uNIboDuqf07etQkao6ROc0slYRqZ0UgRkeWkymMKA0ZDCn9d0cIy0=, trade_no=1504275017139933, ret_code=0000, mer_date=20150427, mer_id=7099088, mer_check_date=20150427, sign_type=RSA, service=project_tranfer_notify, ret_msg=交易成功。, order_id=20150427000017, version=4.0}', '2015-04-27 18:03:24', 'passed', 'umpay', 'project_transfer_invest', 'http://pay.soopay.net/spay/pay/payservice.do', 'utf-8');
INSERT INTO `trusteeship_operation` VALUES ('183b2c277d7945468767fce9505e6f76', '20150416000008', '20150416000008', '{\"mer_date\":\"20150416\",\"sign_type\":\"RSA\",\"notify_url\":\"http://115.28.171.163:7090/trusteeship_return_s2s/project_transfer_invest\",\"charset\":\"UTF-8\",\"order_id\":\"20150416000008\",\"version\":\"1.0\",\"amount\":\"5000\",\"sign\":\"l8jRXHOkKCZhvYGaERrzFJLxJTVgl/YmExi4EY/VXp1tfGlJwGngd4wf7J8rOv+/awR4czVbIf8sP/iKHJWO5fUPh5fKWQUGUpaMDSCCELAmQagtOOQ/EALPMDnR0h+GnuA+ekiiNsPi7ZVd8Vi9MhCbBkV4yJSAxRqLVrqg1qs\\u003d\",\"partic_type\":\"01\",\"serv_type\":\"01\",\"partic_user_id\":\"UB201504161125570000000003661793\",\"mer_id\":\"7099088\",\"project_id\":\"20150416000049\",\"partic_acc_type\":\"01\",\"service\":\"project_transfer\",\"trans_action\":\"01\",\"res_format\":\"HTML\",\"ret_url\":\"http://115.28.171.163:7090/trusteeship_return_web/project_transfer_invest\"}', '2015-04-16 16:49:07', '{sign=ucE95lB4i9VxZpidXCtsrn8pRJMZAhpzgcfX4fkG67EA2GWwtscrb6XGCp5upqb6CNctgY+scOeaQcboOxmrliNyg6qqgJbyDxguVzY26nsZDR68JA5KQuzPE3rCr2exeEncz6J4MMhzN1dqIgxRJJ0jlAuZ0tlH/FuHPWyg1Rs=, trade_no=1504165015383493, ret_code=0000, mer_date=20150416, mer_id=7099088, mer_check_date=20150416, sign_type=RSA, service=project_tranfer_notify, ret_msg=交易成功。, order_id=20150416000008, version=4.0}', '2015-04-16 16:49:55', 'passed', 'umpay', 'project_transfer_invest', 'http://pay.soopay.net/spay/pay/payservice.do', 'utf-8');
INSERT INTO `trusteeship_operation` VALUES ('1905036efd3f48a7a0cf4194f0d9719f', '2015042100005100011430100528995', '201504210000510001', '{\"mer_date\":\"20150427\",\"sign_type\":\"RSA\",\"notify_url\":\"http://115.28.171.163:7090/trusteeship_return_s2s/project_transfer_overdue_repay\",\"charset\":\"UTF-8\",\"order_id\":\"2015042100005100011430100528995\",\"version\":\"1.0\",\"amount\":\"9058\",\"sign\":\"Z+BnXBjXdzTFHe40rmpXntTlF8iiyvObbTI2rdM8fV8ytBYd1NgcvnfdqivtgT7Jqr1rP69UxqW+5RpGSSGaCgNN3+CBJPYfuzKEyr9SJCfBaqN/Jv6PFiuUB3zkR0QajrzttZrNMYgu7tCJMVlEJZbpL8ROJr0yKAvu7KNHXlE\\u003d\",\"partic_type\":\"02\",\"serv_type\":\"03\",\"partic_user_id\":\"UB201504161125550000000003661819\",\"mer_id\":\"7099088\",\"project_id\":\"20150421000051\",\"partic_acc_type\":\"01\",\"service\":\"project_transfer\",\"trans_action\":\"01\",\"res_format\":\"HTML\",\"ret_url\":\"http://115.28.171.163:7090/trusteeship_return_web/project_transfer_overdue_repay\"}', '2015-04-27 10:08:49', null, null, 'sended', 'umpay', 'project_transfer_overdue_repay', 'http://pay.soopay.net/spay/pay/payservice.do', 'utf-8');
INSERT INTO `trusteeship_operation` VALUES ('193ebb81cfd84077a31c42d3c4130974', '20150414000001', '20150414000001', '{\"mer_date\":\"20150414\",\"sign_type\":\"RSA\",\"notify_url\":\"http://115.28.171.163:7090/trusteeship_return_s2s/project_transfer_invest\",\"charset\":\"UTF-8\",\"order_id\":\"20150414000001\",\"version\":\"1.0\",\"amount\":\"200\",\"sign\":\"RqZ2TDmBO//PVx9g8NQECKKGuMW4HqjPwCD7Gx28zpWY8gD7e3P3h1BB3oiU7aP2a6H/h5t4HZs2XsbbMOJZV8zvnZZ+LVtBCzpI3jHz5LkOKG9rKq9WstMeQBDYdV4PbBhY9JdXwUGZDFlAwt2bZT4127LRgUfsmHgcFQL/kwQ\\u003d\",\"partic_type\":\"01\",\"serv_type\":\"01\",\"partic_user_id\":\"UB201504081707280000000003573277\",\"mer_id\":\"7099088\",\"project_id\":\"20150414000044\",\"partic_acc_type\":\"01\",\"service\":\"project_transfer\",\"trans_action\":\"01\",\"res_format\":\"HTML\",\"ret_url\":\"http://115.28.171.163:7090/trusteeship_return_web/project_transfer_invest\"}', '2015-04-14 14:20:32', '{sign=GkPviG3DkRmh+flaHwEnYnBLjwnYZobuFpsvC4NFL6/EbfzC5fvfw1GQCJdPyNuUh7Zvmq7lQ8m30zB1cgVo8bvVQjKcBgTNeJvdaEcjkcCJ6Smg2aIRXbxCGTnYWgtMeoapswiYtQHzwkWVNqIcfHzlw2z0SSjnr4obL3yZsw4=, trade_no=1504145014739173, ret_code=0000, mer_date=20150414, mer_id=7099088, mer_check_date=20150414, sign_type=RSA, service=project_tranfer_notify, ret_msg=交易成功。, order_id=20150414000001, version=4.0}', '2015-04-14 14:22:17', 'passed', 'umpay', 'project_transfer_invest', 'http://pay.soopay.net/spay/pay/payservice.do', 'utf-8');
INSERT INTO `trusteeship_operation` VALUES ('1a310b399d2c4792ad9cba3a91fbdbd0', '2015041700000007', '2015041700000007', '{\"mer_date\":\"20150417\",\"sign_type\":\"RSA\",\"notify_url\":\"http://115.28.171.163:7090/trusteeship_return_s2s/mer_recharge_person\",\"charset\":\"UTF-8\",\"order_id\":\"2015041700000007\",\"version\":\"1.0\",\"user_ip\":\"118.187.56.162\",\"amount\":\"2400\",\"sign\":\"cstIGgxGnxqO+rE4jcrLskY4Kl2a96jFwZRUrmPzyuqHMStejwDF3Y5cLxXhr79ZNYMT/ieqld3k0JuxOoXMWy0TK/Sfk5CEY84HA6msfmHs0V9IiVO1lydU/rEwOBjvDp0x5rN1eX0eGVFusCuEUP5yH4n3CJifoUEScMHfFoM\\u003d\",\"gate_id\":\"BOC\",\"pay_type\":\"B2CDEBITBANK\",\"mer_id\":\"7099088\",\"service\":\"mer_recharge_person\",\"user_id\":\"UB201504161636050000000003665807\",\"res_format\":\"HTML\",\"ret_url\":\"http://115.28.171.163:7090/trusteeship_return_web/mer_recharge_person\"}', '2015-04-17 10:29:46', null, null, 'sended', 'umpay', 'mer_recharge_person', 'http://pay.soopay.net/spay/pay/payservice.do', 'utf-8');
INSERT INTO `trusteeship_operation` VALUES ('1ba6278596f14a5784ef3bea5cc3e1dc', '20150427000003', '20150427000003', '{\"mer_date\":\"20150427\",\"sign_type\":\"RSA\",\"notify_url\":\"http://115.28.171.163:7090/trusteeship_return_s2s/project_transfer_invest\",\"charset\":\"UTF-8\",\"order_id\":\"20150427000003\",\"version\":\"1.0\",\"amount\":\"2500\",\"sign\":\"YCExdQQFELvudwgtZC0DChwkLLsNNvUzhSseqjlCUii+amz6RYwVtsepq886mLv9Jb75EjCye0O/IpEtqqT0rz8OvSTyXtJ0dzh2TWB4TNY0EuVA3q6haJGQcuC1/JAxoJ2NcDD8p271145ZLiyX5X0vlbqumjI/lIukPA82hyA\\u003d\",\"partic_type\":\"01\",\"serv_type\":\"01\",\"partic_user_id\":\"UB201504161636050000000003665807\",\"mer_id\":\"7099088\",\"project_id\":\"20150427000056\",\"partic_acc_type\":\"01\",\"service\":\"project_transfer\",\"trans_action\":\"01\",\"res_format\":\"HTML\",\"ret_url\":\"http://115.28.171.163:7090/trusteeship_return_web/project_transfer_invest\"}', '2015-04-27 12:13:04', '{sign=HUiAd7KxjEpgPjqUSyN3khy2gXYcwEHw/84LY414ShZ6JwYo1vGuWOJBkN39yAxxm20hwpAnqIiL3noB9mDsIbN+7hwxhFl2d8/ybjEP6n7ectRXOx2jdYiuIs4Kt61P3JLpvxmTDiKmF0ot0ECeEtryTfUuiAv5Njr0tqh4+Y4=, trade_no=1504275016965043, ret_code=0000, mer_date=20150427, mer_id=7099088, mer_check_date=20150427, sign_type=RSA, service=project_tranfer_notify, ret_msg=交易成功。, order_id=20150427000003, version=4.0}', '2015-04-27 12:13:41', 'passed', 'umpay', 'project_transfer_invest', 'http://pay.soopay.net/spay/pay/payservice.do', 'utf-8');
INSERT INTO `trusteeship_operation` VALUES ('1be6ec3e0ad948d48aeffc5bdcff1d28', '14296012231226212260200067624532', 'wll001', '{\"identity_code\":\"j97KJ4G1xb0zvv3lcjStMq3VctwLn6XHeZoiLbFlpzQwRVYU5bgQNkIhOBuOrat8wncJV1kp9T2vNy/F9jq1NMCCcyo8VVV3XsrZwx9M+wNQKaMy3PdBQ/ogfspthInOBtFnC8H1lT8lsYoYOY9L/F5Z2n6mmeMTIyekgXd5gEE\\u003d\",\"mer_date\":\"20150421\",\"sign_type\":\"RSA\",\"notify_url\":\"http://115.28.171.163:7090/trusteeship_return_s2s/mer_bind_card\",\"charset\":\"UTF-8\",\"order_id\":\"14296012231226212260200067624532\",\"card_id\":\"tL6lablQil/eLDwaPyBA2t8I9ad/ixEt2riUZNxeiRSf0D4L1ARdOgOQf0/se5X8CVyjpE4odiDjqdSMxRnc4O+lowqUdTxyXpo834T9JxFzLZk5qX+wfam5nWmuVKlOMZcYFrfYY3ofo5JiSeFVR0DceqwYYWFMR9eAoD1dUSQ\\u003d\",\"version\":\"1.0\",\"account_name\":\"id1pGV9tC3cuKPmumP0VxMZY7wI+SC3gQhhuZanxs4zEm/L4qrmFMEFDAxCFfhusbH29spPGb+1J4oqNCc7Ll5L0l/UpuKQxrl9hV/K22W5itaG1NHFahki96cK6VvV6hS01JIujpPR7ddl7M75HK3+NTknPqKVnoe8KYPM2oRw\\u003d\",\"sign\":\"X8p9pD+VKNnc1tiExf9ANREwpxlGH7PVLEzmWZoWlmgdE0eo9HEHrTG4tozDG2LHCCmuHUmUyQRWcuXrepm6S/7Aa9w/ma9x2ep6+vWMowfWHhJVyZo7nY8K2ooYLwbdb7n0zREYrTo9GInZsIi3SXvA+RIHBgUt8XFlvKozvHY\\u003d\",\"mer_id\":\"7099088\",\"identity_type\":\"IDENTITY_CARD\",\"service\":\"mer_bind_card\",\"user_id\":\"UB201504091030430000000003578704\",\"res_format\":\"HTML\",\"ret_url\":\"http://115.28.171.163:7090/trusteeship_return_web/mer_bind_card\"}', '2015-04-21 15:27:03', null, null, 'sended', 'umpay', 'mer_bind_card', 'http://pay.soopay.net/spay/pay/payservice.do', 'utf-8');
INSERT INTO `trusteeship_operation` VALUES ('1c0c397fc0584ab9be13ebab9821151c', '20150410000037', '20150410000037', 'charset=UTF-8&loan_user_id=UB201504081737010000000003573522&mer_id=7099088&project_amount=100&project_expire_date=20150412&project_id=20150410000037&project_name=%E6%B5%8B%E8%AF%95%E9%A1%B9%E7%9B%AE----%E8%AF%B4%E9%83%BD%E7%BA%B7%E7%BA%B7&res_format=HTML&service=mer_bind_project&sign_type=RSA&version=1.0', '2015-04-10 11:27:56', '{sign=K+wlTW9q47wKAH50PdxvG4QuPWDUIYd2BV05fTvOFJq7FrtQt8W9poRb+8mYGf4Kt4kYsqbP+ori9hFNwKCxacmDWyrI0lZ3gXOoP/UdCzqEK5wWZUQ8Bk/2NMtzbwtp8o6y/cJYO35s8Kd4efMj1llvsgAuBbDuMV96xNf8faM=, ret_code=0000, project_state=92, mer_check_date=20150410, mer_id=7099088, sign_type=RSA, ret_msg=操作成功, project_account_id=7099088A0000044, plain=mer_check_date=20150410&mer_id=7099088&project_account_id=7099088A0000044&project_state=92&ret_code=0000&ret_msg=操作成功&version=1.0, version=1.0}', '2015-04-10 11:27:56', 'passed', 'umpay', 'mer_bind_project', 'http://pay.soopay.net/spay/pay/payservice.do?charset=UTF-8&loan_user_id=UB201504081737010000000003573522&mer_id=7099088&project_amount=100&project_expire_date=20150412&project_id=20150410000037&project_name=%E6%B5%8B%E8%AF%95%E9%A1%B9%E7%9B%AE----%E8%AF%B4%E9%83%BD%E7%BA%B7%E7%BA%B7&res_format=HTML&service=mer_bind_project&sign_type=RSA&version=1.0&sign=SpI6grO%2Fzohu5Exh8uyI0SiAZaxKSeBpuSCqJ4bVW9fctTihaIc22nBPFm63oovLVhkTq1EoHExSBxkr5SsefOahrGQp7209rQIUhfwQrkuk0lba0Uf8G7B25Yx8GR4lF8ZUF%2Fo1YXRVSfx4%2FggOCVqZtra8uFCFZ1Gu28ZI%2B1I%3D', 'utf-8');
INSERT INTO `trusteeship_operation` VALUES ('1c217d1442034d8c8a87b3a58ab0f12e', '20150427000004', '20150427000004', '{\"mer_date\":\"20150427\",\"sign_type\":\"RSA\",\"notify_url\":\"http://115.28.171.163:7090/trusteeship_return_s2s/project_transfer_invest\",\"charset\":\"UTF-8\",\"order_id\":\"20150427000004\",\"version\":\"1.0\",\"amount\":\"100\",\"sign\":\"BV4GwE8KTmc8vLI4OWTWSA8S3XHzosPzf9xhgObPXcyX5A4RHYg3RyENvSLi0LghON8wyxK5P69vpR7RsXp4vxZ1m/HCtrK8thDW5+HiSFjCKHxO0dDNdds/UxmctfG1dOKh//zQuDSuJabg3ZQwUlsA4XuImC0YzFvFF3mwTDA\\u003d\",\"partic_type\":\"01\",\"serv_type\":\"01\",\"partic_user_id\":\"UB201504091030430000000003578704\",\"mer_id\":\"7099088\",\"project_id\":\"20150427000057\",\"partic_acc_type\":\"01\",\"service\":\"project_transfer\",\"trans_action\":\"01\",\"res_format\":\"HTML\",\"ret_url\":\"http://115.28.171.163:7090/trusteeship_return_web/project_transfer_invest\"}', '2015-04-27 15:06:57', '{sign=A0ruQ+8RkjMWi7Ie+qmD9MzT6ZnNk3T2WjPSJ568UPmySc4/VdkULX3EuVMv23fblgokBJ5zL+o1VtGPh5isAFr43bC0tqVVyo2S+VCmG3wDyELQ32I/LCdAwOGpyt4wIc8kbfLLmuYycfO0rwMq5ED9fDv2ybg/lunJr20ws1o=, trade_no=1504275017099473, ret_code=0000, mer_date=20150427, mer_id=7099088, mer_check_date=20150427, sign_type=RSA, service=project_tranfer_notify, ret_msg=交易成功。, order_id=20150427000004, version=4.0}', '2015-04-27 15:07:30', 'passed', 'umpay', 'project_transfer_invest', 'http://pay.soopay.net/spay/pay/payservice.do', 'utf-8');
INSERT INTO `trusteeship_operation` VALUES ('1c3e23fe07d34db1b777a1645c9122db', '20150427000018', '20150427000018', '{\"mer_date\":\"20150427\",\"sign_type\":\"RSA\",\"notify_url\":\"http://115.28.171.163:7090/trusteeship_return_s2s/project_transfer_invest\",\"charset\":\"UTF-8\",\"order_id\":\"20150427000018\",\"version\":\"1.0\",\"amount\":\"6000\",\"sign\":\"UWWFy/cueLM8520TeMT6CAPgHMPqVjcsD7Hs1Lf0dQ7kDxPSvAd2BlfDSe8JtqiqCNgmOC947rhPVhviuJjAHFOm6dhyvvyQ2Z8IEf/4ReAMWKhMnWXUD9b7+2Ly3ABrfCihLigSNpfxVAcO+ll1huBQ651ko5g7kzdRJ3lf0Bg\\u003d\",\"partic_type\":\"01\",\"serv_type\":\"01\",\"partic_user_id\":\"UB201504091030430000000003578704\",\"mer_id\":\"7099088\",\"project_id\":\"20150427000068\",\"partic_acc_type\":\"01\",\"service\":\"project_transfer\",\"trans_action\":\"01\",\"res_format\":\"HTML\",\"ret_url\":\"http://115.28.171.163:7090/trusteeship_return_web/project_transfer_invest\"}', '2015-04-27 18:03:44', '{sign=Av/ZvVKSlf3ueNVYDcqc5Mm6J5dGt4XhmQm5I+NJlXU/u6rE3ffMx/3PB6dpHRz9pgjnywT38vGThy/cZ4nTfA0QsR2cDOaywz26bg1ZWcxKAPtk/4wJlfxwIK9IJAR0zdj6n+6E3IPE6fm/hKbYq8a16shyAMidOZnNR21tQqw=, trade_no=1504275017141583, ret_code=0000, mer_date=20150427, mer_id=7099088, mer_check_date=20150427, sign_type=RSA, service=project_tranfer_notify, ret_msg=交易成功。, order_id=20150427000018, version=4.0}', '2015-04-27 18:04:17', 'passed', 'umpay', 'project_transfer_invest', 'http://pay.soopay.net/spay/pay/payservice.do', 'utf-8');
INSERT INTO `trusteeship_operation` VALUES ('1c5f809221b1440f972c4db31af71030', '2015041600000003', '2015041600000003', '{\"mer_date\":\"20150416\",\"sign_type\":\"RSA\",\"notify_url\":\"http://115.28.171.163:7090/trusteeship_return_s2s/cust_withdrawals\",\"charset\":\"UTF-8\",\"order_id\":\"2015041600000003\",\"version\":\"1.0\",\"amount\":\"10000\",\"sign\":\"Dn2408y7lRw5+xY6QcwFwjSxE4Mye/kvLUFgjD57WbeRSGhuK8BqtkUEzWe6aL0Jwh309l02h2x0O+UVa/l2LMcQRXa4H8Eo65ZL6UEedgrj/B/UzkMC0YX78srU2fClUa5QP3GTk3daHikODJIJTYVRijutBzu7i+jsWLb/aSA\\u003d\",\"mer_id\":\"7099088\",\"service\":\"cust_withdrawals\",\"user_id\":\"UB201504161125550000000003661819\",\"res_format\":\"HTML\",\"ret_url\":\"http://115.28.171.163:7090/trusteeship_return_web/cust_withdrawals\"}', '2015-04-16 11:35:52', null, null, 'sended', 'umpay', 'cust_withdrawals', 'http://pay.soopay.net/spay/pay/payservice.do', 'utf-8');
INSERT INTO `trusteeship_operation` VALUES ('1d12d9bdda834b90b8b860b95dd8f4aa', '2015042300000002', '2015042300000002', '{\"mer_date\":\"20150423\",\"sign_type\":\"RSA\",\"notify_url\":\"http://115.28.171.163:7090/trusteeship_return_s2s/mer_recharge_person\",\"charset\":\"UTF-8\",\"order_id\":\"2015042300000002\",\"version\":\"1.0\",\"user_ip\":\"124.200.110.58\",\"amount\":\"100\",\"sign\":\"m4EPRGZjC3k61OG64pXhXdPPP9lLlELuRZbCd/5VyEuftsXneUSO17lA9tHfJ4wiF/5eCWx0lidS3dfMd0D2SVFHR/eOhZ2t8T3YNjzSWaErG9AVLs6MtRwLHHQ8Mjmul8VT0LWWd8ajFS3fLOWmzHiEWrVaSsgEwD6SOKGOrns\\u003d\",\"gate_id\":\"BCCB\",\"pay_type\":\"B2CDEBITBANK\",\"mer_id\":\"7099088\",\"service\":\"mer_recharge_person\",\"user_id\":\"UB201504081447010000000003571502\",\"res_format\":\"HTML\",\"ret_url\":\"http://115.28.171.163:7090/trusteeship_return_web/mer_recharge_person\"}', '2015-04-23 20:44:02', null, null, 'sended', 'umpay', 'mer_recharge_person', 'http://pay.soopay.net/spay/pay/payservice.do', 'utf-8');
INSERT INTO `trusteeship_operation` VALUES ('1f79eaa79db24943b683bc27773a502d', '0220150414000044', '20150414000044', 'amount=0&charset=UTF-8&mer_date=20150414&mer_id=7099088&notify_url=http%3A%2F%2F115.28.171.163%3A7090%2Ftrusteeship_return_s2s%2F&order_id=0220150414000044&partic_acc_type=02&partic_type=03&partic_user_id=7099088&project_id=20150414000044&res_format=HTML&ret_url=http%3A%2F%2F115.28.171.163%3A7090%2Ftrusteeship_return_web%2F&serv_type=52&service=project_transfer&sign_type=RSA&trans_action=02&version=1.0', '2015-04-14 14:22:53', '{sign=jmpToDSU+G3aw2nzi+Kq2FA32xlXEPsfsFHPNnc1DZU8VsYwfBUbDxJTKfVXvXyZtapC3QMoLuu56xoX6z5niFhP0PDfwKw94cOnjAUF5Im2kKKhWZyUMl098kdUqSITBbwreBfJl/Qcx/95nq1sx90REM7cZiBrDefot6SW3sI=, ret_code=00060700, ret_msg=请求的参数[amount(0)]格式或值不正确, plain=ret_code=00060700&ret_msg=请求的参数[amount(0)]格式或值不正确}', '2015-04-14 14:22:54', 'refused', 'umpay', 'project_transfer', 'http://pay.soopay.net/spay/pay/payservice.do?amount=0&charset=UTF-8&mer_date=20150414&mer_id=7099088&notify_url=http%3A%2F%2F115.28.171.163%3A7090%2Ftrusteeship_return_s2s%2F&order_id=0220150414000044&partic_acc_type=02&partic_type=03&partic_user_id=7099088&project_id=20150414000044&res_format=HTML&ret_url=http%3A%2F%2F115.28.171.163%3A7090%2Ftrusteeship_return_web%2F&serv_type=52&service=project_transfer&sign_type=RSA&trans_action=02&version=1.0&sign=k80%2BtN0pmf07yTnYcsWfRy7CkegerxKkXatfn20P%2FQ%2Bv8qrNsm%2BYsW9%2BYlBeXGJU30G8whtE%2FI8h0GrweSHfcvs4EtWMwwr3Vtd6gKJv9DqHaz3VvGnR6r1H8gi1HibDVUeZMfuG52j81IrpjRGs3Wi9Lb7Cw0lH11gqWyP3vOQ%3D', 'utf-8');
INSERT INTO `trusteeship_operation` VALUES ('1f7bb25db2a8434290b66b04cc794164', '20150421000002', '20150421000002', '{\"mer_date\":\"20150421\",\"sign_type\":\"RSA\",\"notify_url\":\"http://115.28.171.163:7090/trusteeship_return_s2s/project_transfer_invest\",\"charset\":\"UTF-8\",\"order_id\":\"20150421000002\",\"version\":\"1.0\",\"amount\":\"3000\",\"sign\":\"XdaE3zaxBbZRfTimIsLY5A90hFKOH1TJMLEiT9aJQsfxXrP7FtcACM3JqYbJrMGnwlfiispU95k/vsQ5Qo8w//GVVue30qL42pFq3EJkPriorXIfS/WBq7LCYTUG3mdo9AFzM7RNjQTZ5DWI0d7wryHlopNJYcNNEGDhS2KvMiU\\u003d\",\"partic_type\":\"01\",\"serv_type\":\"01\",\"partic_user_id\":\"UB201504161636050000000003665807\",\"mer_id\":\"7099088\",\"project_id\":\"20150421000051\",\"partic_acc_type\":\"01\",\"service\":\"project_transfer\",\"trans_action\":\"01\",\"res_format\":\"HTML\",\"ret_url\":\"http://115.28.171.163:7090/trusteeship_return_web/project_transfer_invest\"}', '2015-04-21 17:33:39', '{sign=Piw5ICedD1m3E7VIjABo/5I86ZK0gPCSZz1ETAAuT17KwZFEnP4jPqXxSE2EdYFzoX+6x8aUQW+IARoL3XGq5ay1BD+hoHrPmehQatko5SkvsIALiZ04P9tXyMeKK2MqmwCL3nvzpcqpRlQLuxkjaVLUPFP/oHimJRX2vdKotng=, trade_no=1504215016206993, ret_code=0000, mer_date=20150421, mer_id=7099088, mer_check_date=20150421, sign_type=RSA, service=project_tranfer_notify, ret_msg=交易成功。, order_id=20150421000002, version=4.0}', '2015-04-21 17:34:12', 'passed', 'umpay', 'project_transfer_invest', 'http://pay.soopay.net/spay/pay/payservice.do', 'utf-8');
INSERT INTO `trusteeship_operation` VALUES ('20898660da22442689789a5d7f158600', '0120150416000049', '20150416000049', 'amount=9800&charset=UTF-8&mer_date=20150416&mer_id=7099088&notify_url=http%3A%2F%2F115.28.171.163%3A7090%2Ftrusteeship_return_s2s%2Fproject_transfer_give_money_to_borrower&order_id=0120150416000049&partic_acc_type=01&partic_type=02&partic_user_id=UB201504161125550000000003661819&project_id=20150416000049&res_format=HTML&ret_url=http%3A%2F%2F115.28.171.163%3A7090%2Ftrusteeship_return_web%2Fproject_transfer_give_money_to_borrower&serv_type=53&service=project_transfer&sign_type=RSA&trans_action=02&version=1.0', '2015-04-16 16:53:07', '{sign=mnwtiN3XDbQZN2t07NkKz1XdapvyrbEAzIVxuZxt1M68rpAa7tdaWk+9vfVvU4KBZrwQKIhjW3XpbKxjv2FjTTZBcF8/n9ReAPtIiqvozr/hSQG2GGeDTrM5707kc32vGXuq+KhR4jaZGpmReIT8PE0PPSwn5YvCSANcXT9pzVM=, trade_no=1504165015383933, ret_code=0000, mer_date=20150416, mer_check_date=20150416, mer_id=7099088, sign_type=RSA, ret_msg=交易成功。, order_id=0120150416000049, plain=mer_check_date=20150416&mer_date=20150416&mer_id=7099088&order_id=0120150416000049&ret_code=0000&ret_msg=交易成功。&trade_no=1504165015383933&version=1.0, version=1.0}', '2015-04-16 16:53:07', 'passed', 'umpay', 'project_transfer_give_money_to_borrower', 'http://pay.soopay.net/spay/pay/payservice.do?amount=9800&charset=UTF-8&mer_date=20150416&mer_id=7099088&notify_url=http%3A%2F%2F115.28.171.163%3A7090%2Ftrusteeship_return_s2s%2Fproject_transfer_give_money_to_borrower&order_id=0120150416000049&partic_acc_type=01&partic_type=02&partic_user_id=UB201504161125550000000003661819&project_id=20150416000049&res_format=HTML&ret_url=http%3A%2F%2F115.28.171.163%3A7090%2Ftrusteeship_return_web%2Fproject_transfer_give_money_to_borrower&serv_type=53&service=project_transfer&sign_type=RSA&trans_action=02&version=1.0&sign=o%2FaLo4WJvv4gDm4lQDW2TTv3TJzWXNX%2BIss7mhy1d8b83WZp4e0%2BsY2PRs%2B7%2FQe6GTf%2FrRK%2F6a76OXlgQVndVTmdu2lAmT%2FmFvIg71KbV%2BE03UAT6TqRMp%2BfCQBIAwcoRZ%2Fd6I%2BdjA7DsdyWn%2FjBCgWDT%2BqaFrzdMMQ4ypOm%2BZg%3D', 'utf-8');
INSERT INTO `trusteeship_operation` VALUES ('225327d7b87944198553a6a261d1b65d', '20150409000030', '20150409000030', 'charset=UTF-8&loan_user_id=UB201504081447010000000003571502&mer_id=7099088&project_amount=1000000&project_expire_date=20150426&project_id=20150409000030&project_name=ceshi------wxb&res_format=HTML&service=mer_bind_project&sign_type=RSA&version=1.0', '2015-04-09 17:03:35', '{sign=VokXqBzU8/grAAKkGPaW7eurjVbHpVeA3gfl1BrESauBBesoGv9mzRCi6rDvXmED7RVqMX95FgdU3Z1g3cVW3hNXcgGnhmqqxvXtZh8kriyplQtvijKmseKPhXs/LW5O2iNqAuMSYDSr4gR+vA6IM/XN/BD2OLxDiC/2PKfLJ94=, ret_code=0000, project_state=92, mer_check_date=20150409, mer_id=7099088, sign_type=RSA, ret_msg=操作成功, project_account_id=7099088A0000023, plain=mer_check_date=20150409&mer_id=7099088&project_account_id=7099088A0000023&project_state=92&ret_code=0000&ret_msg=操作成功&version=1.0, version=1.0}', '2015-04-09 17:03:35', 'passed', 'umpay', 'mer_bind_project', 'http://pay.soopay.net/spay/pay/payservice.do?charset=UTF-8&loan_user_id=UB201504081447010000000003571502&mer_id=7099088&project_amount=1000000&project_expire_date=20150426&project_id=20150409000030&project_name=ceshi------wxb&res_format=HTML&service=mer_bind_project&sign_type=RSA&version=1.0&sign=MRP%2FGf%2BYNLKmKbztm6ORRmRZJEPqf69JS7aBe5ui4urnl%2BbnHIjXq7hLnPRSGkXpvGfnRW%2Bq1ImxkfVUFsifSWCZHOqmyCdkYf0cA9E2gCK3z2%2FuCjYdgIH5zCgpva9Pk1eECEBHvy3DTcztQ5EyR5tu35Sl1tDECK45Lanscvg%3D', 'utf-8');
INSERT INTO `trusteeship_operation` VALUES ('22974226a132498dbbd9f4c8118ee5e6', '2015042700000001', '2015042700000001', '{\"mer_date\":\"20150427\",\"sign_type\":\"RSA\",\"notify_url\":\"http://115.28.171.163:7090/trusteeship_return_s2s/mer_recharge_person\",\"charset\":\"UTF-8\",\"order_id\":\"2015042700000001\",\"version\":\"1.0\",\"user_ip\":\"118.187.56.162\",\"amount\":\"12300\",\"sign\":\"QCiTblvnoLdlpgoz9b0dW4j07Kw/4aG7cnJZRwas7NaUNe7erTXQljnisWCeM4IgEgDofLl4hPtBaJlzzdiqyDMTeD0lNT9jcoFk7WrZvEcgpBhoWYwSdpo1OuENNw24ZwnNeKzBU43hv0twuSMNwzQGezwuGk/GQaJ9wMjKs38\\u003d\",\"gate_id\":\"WZCB\",\"pay_type\":\"B2CDEBITBANK\",\"mer_id\":\"7099088\",\"service\":\"mer_recharge_person\",\"user_id\":\"UB201504161125570000000003661793\",\"res_format\":\"HTML\",\"ret_url\":\"http://115.28.171.163:7090/trusteeship_return_web/mer_recharge_person\"}', '2015-04-27 11:36:45', null, null, 'sended', 'umpay', 'mer_recharge_person', 'http://pay.soopay.net/spay/pay/payservice.do', 'utf-8');
INSERT INTO `trusteeship_operation` VALUES ('22b4082fcc90407abe652a26ed45e150', '2015042400000002', '2015042400000002', '{\"mer_date\":\"20150424\",\"sign_type\":\"RSA\",\"notify_url\":\"http://115.28.171.163:7090/trusteeship_return_s2s/mer_recharge_person\",\"charset\":\"UTF-8\",\"order_id\":\"2015042400000002\",\"version\":\"1.0\",\"user_ip\":\"118.187.56.162\",\"amount\":\"1100\",\"sign\":\"Ru7X7+9FCmzHDXt/pVz54hgSCah5rFezhA8lr+u5fAQn6mbBC+OIJUlSfCVaN0VzbSO7obaZvAvJ/21oRYVzHKAVnckAG6guxoy1SiwPTuvDdObmwNSeNPLq3QK6oGiMmkpDDNlyBlVxmUxSLzDKEonlXssWUSrPDx6CBoQVfIo\\u003d\",\"gate_id\":\"CMB\",\"pay_type\":\"B2CDEBITBANK\",\"mer_id\":\"7099088\",\"service\":\"mer_recharge_person\",\"user_id\":\"UB201504161125550000000003661819\",\"res_format\":\"HTML\",\"ret_url\":\"http://115.28.171.163:7090/trusteeship_return_web/mer_recharge_person\"}', '2015-04-24 18:00:51', null, null, 'sended', 'umpay', 'mer_recharge_person', 'http://pay.soopay.net/spay/pay/payservice.do', 'utf-8');
INSERT INTO `trusteeship_operation` VALUES ('232d372a47494b20852b442f669c2a11', '14295807540226217000010031760880', 'wangxibao9', '{\"identity_code\":\"MhYd5vdp61neIrxMstyCrlsLhFI4KclaVTc9WmiRiVmeNEpDxh4iCLRYe7NBzHr086YYbIDc+/50RGpiE0pvkaocCyzIg3lKbkHbYUmnJ8KTBUiy0m1yD7dsOul9CloUGEJfJpaB8toYsy5CrvdLZy3D0QBxinri2s/d/0Q2Guc\\u003d\",\"mer_date\":\"20150421\",\"sign_type\":\"RSA\",\"notify_url\":\"http://115.28.171.163:7090/trusteeship_return_s2s/mer_bind_card\",\"charset\":\"UTF-8\",\"order_id\":\"14295807540226217000010031760880\",\"card_id\":\"q1uqYapflVfqjnXx4+W15VfxXz8MQoT7RwjYGpI/c/4bcb+50FkgH3qPV4stqepL7PDx+beQPcKq61VNH2tVFM72PvCaZoFbcb7NjL4jVQVmreL/oHHYw8NtO2fQ/1JA2kEgsjf1DUOXswBErT8quj5imDQUL1xGpVJuTdkHBGk\\u003d\",\"version\":\"1.0\",\"account_name\":\"W/EyuZwY8C3Q5LFVsIDKrj8mPMfvwNTuZoCy9bT+apHOPLTWg0rFJPOyf/SRNM3QQtX7l3BpRjo3Ww69H6VgBTwai4e/E5wwzEIvOkWgA+WHq+LKCT6E1WGCe/qhuhUGpfbZ7Bbw7N/R44Um+iVWq9Zs2NrVV48rW5qVp6X/WAk\\u003d\",\"sign\":\"LUgEgdKWEA0XJkJTr1mQIAKAQ76syvKc/6EC4KjYJk++b8MhKzI+jxHoe6lKJshRQ1e0J7wl6rrDqZ0hUPrPdqxgNuPuJE3lJCh5vD0w0gw8tjeTVG9J1u9m6TVz/ZFw17NXIqvOsEDZrYYd+t3fTaijzPQI/jeoo5Hx28dTOWo\\u003d\",\"mer_id\":\"7099088\",\"identity_type\":\"IDENTITY_CARD\",\"service\":\"mer_bind_card\",\"user_id\":\"UB201504081447010000000003571502\",\"res_format\":\"HTML\",\"ret_url\":\"http://115.28.171.163:7090/trusteeship_return_web/mer_bind_card\"}', '2015-04-21 09:45:54', '{sign=pDBFS+gv/yGgDFjaZDVb6m8+bXiI2CpohNqrcgLv4D9mE/J4XOXH3aTza3yYEEYAAj2CPxYNWH7ygzx1sssJHHz5vfZhQfH1xUjMTdt4kaJyGqBkWN+jgNRgJoudY+eRL9MVNVs2/UDitUODKXRBnY4FtVTbiVisnHQLWLEyvxA=, ret_code=0000, mer_date=20150421, mer_id=7099088, sign_type=RSA, service=mer_bind_card_apply_notify, ret_msg=交易成功。, user_id=UB201504081447010000000003571502, order_id=14295807540226217000010031760880, version=4.0}', '2015-04-21 09:47:36', 'passed', 'umpay', 'mer_bind_card', 'http://pay.soopay.net/spay/pay/payservice.do', 'utf-8');
INSERT INTO `trusteeship_operation` VALUES ('24206ce05eb64f9295912ba68f286625', '20150413000003', '20150413000003', '{\"mer_date\":\"20150413\",\"sign_type\":\"RSA\",\"notify_url\":\"http://115.28.171.163:7090/trusteeship_return_s2s/project_transfer_invest\",\"charset\":\"UTF-8\",\"order_id\":\"20150413000003\",\"version\":\"1.0\",\"amount\":\"100\",\"sign\":\"lGmjv+R7LjVw129254HieToUb67dzYk/QSdbnLE1O8rPNM5lTx5RWhPG6ekzROT95EDiu2fry8MzYyEVWXGfvwXKHT7QAHdfNnoWLktickcDLQRzw6/J6vmeNSyrcxvgxtnfWucecCR+MjQVXoTlqR97mVO0ijyy52y+ONpkcTU\\u003d\",\"partic_type\":\"01\",\"serv_type\":\"01\",\"partic_user_id\":\"UB201504081737010000000003573522\",\"mer_id\":\"7099088\",\"project_id\":\"20150413000043\",\"partic_acc_type\":\"01\",\"service\":\"project_transfer\",\"trans_action\":\"01\",\"res_format\":\"HTML\",\"ret_url\":\"http://115.28.171.163:7090/trusteeship_return_web/project_transfer_invest\"}', '2015-04-13 15:09:02', null, null, 'sended', 'umpay', 'project_transfer_invest', 'http://pay.soopay.net/spay/pay/payservice.do', 'utf-8');
INSERT INTO `trusteeship_operation` VALUES ('2535378970f94accb50417792b0463e3', '14289925925126225880173032708', 'jdsb3', '{\"identity_code\":\"xFKwp8anh/V6yueEohpE5R2xiE9UxyM6RWopQBMFFi2d1szusSShWz+sQ/0jd3ent4plMMk7+NfmCLk1NwQSZdQddagtNckXnvSwSRalh2CFZv+OZhetcXGWVA12XJijnUVcaEX3FdkYyQszjVF+yDLYjAAwRS6KAb1Bk3T/8jQ\\u003d\",\"mer_date\":\"20150414\",\"sign_type\":\"RSA\",\"notify_url\":\"http://115.28.171.163:7090/trusteeship_return_s2s/mer_bind_card\",\"charset\":\"UTF-8\",\"order_id\":\"14289925925126225880173032708\",\"card_id\":\"YCLpeTpJeLf/D4qgeFd0vVgMluiEJ+qaHb2kztSE2zB0hmY47sLFJiNNSKuTTTcm9uQfikdoKAwsVqABhmRWt/4YTPdNtAIddCH0Pl7Ln+eoQ8Hw4/VvRJ9P+K3VMFrC75S5qB2J1vMSL37rcWBhxu1L8S8TNKwMAbFqBBzH2mY\\u003d\",\"version\":\"1.0\",\"account_name\":\"HKW/zon5fHvrjDGhrHOihGSHlN8lITi1mh7gJkhSdfc8c5DqpG7beXtv1v1gSJ/HrVc+CNkAuTZjRAlHNNwKRivxWX9A17a7A/4nUbDerAMuONbjq5wTtTOWNHHGjYZyzZ0S47CEkbvPvyfXKTTpX32av5c/nHyI13Uy8LHYvOA\\u003d\",\"sign\":\"bRmewn2KZIA7uGo1bYpmf86J5qWp5iX0BSuhAM6VIYcX3rkBkCUtMxebPOvT1CSdnchdV/yp6XMxZFVbRX+ECfiSVX+06wXLhgzEwf/dP4qyG/Omj70jlSxXJXeStYcf2JBYHDhtJgGamvvElXb27igXlwsYCUmEtwpm0mET3M4\\u003d\",\"mer_id\":\"7099088\",\"identity_type\":\"IDENTITY_CARD\",\"service\":\"mer_bind_card\",\"user_id\":\"UB201504131709370000000003631826\",\"res_format\":\"HTML\",\"ret_url\":\"http://115.28.171.163:7090/trusteeship_return_web/mer_bind_card\"}', '2015-04-14 14:23:12', null, null, 'sended', 'umpay', 'mer_bind_card', 'http://pay.soopay.net/spay/pay/payservice.do', 'utf-8');
INSERT INTO `trusteeship_operation` VALUES ('26e8f9318ec24847997325688a763cda', '2015042100005100011429946651135', '201504210000510001', '{\"mer_date\":\"20150425\",\"sign_type\":\"RSA\",\"notify_url\":\"http://115.28.171.163:7090/trusteeship_return_s2s/project_transfer_overdue_repay\",\"charset\":\"UTF-8\",\"order_id\":\"2015042100005100011429946651135\",\"version\":\"1.0\",\"amount\":\"9058\",\"sign\":\"PBxMENNIJ7ee33SA1P8hSe9jmq3oIbJoX3nuh6tJJCDvuSVxgrpbHw7zmyOYvv7/FTGYDJobmHvs5yCRSeiQBILrbuMPNubzeyct15SHY/QZ7/I8CITvgp4D/WfAwm9LayNwM9aQl3dLKsDxyb2beQORqzpMfaZI3Rs8xeqkjOQ\\u003d\",\"partic_type\":\"02\",\"serv_type\":\"03\",\"partic_user_id\":\"UB201504161125550000000003661819\",\"mer_id\":\"7099088\",\"project_id\":\"20150421000051\",\"partic_acc_type\":\"01\",\"service\":\"project_transfer\",\"trans_action\":\"01\",\"res_format\":\"HTML\",\"ret_url\":\"http://115.28.171.163:7090/trusteeship_return_web/project_transfer_overdue_repay\"}', '2015-04-25 15:24:11', null, null, 'sended', 'umpay', 'project_transfer_overdue_repay', 'http://pay.soopay.net/spay/pay/payservice.do', 'utf-8');
INSERT INTO `trusteeship_operation` VALUES ('274543ff0aae4a8aadd4fe94cb68a463', '20150422000002', '20150422000002', '{\"mer_date\":\"20150422\",\"sign_type\":\"RSA\",\"notify_url\":\"http://115.28.171.163:7090/trusteeship_return_s2s/project_transfer_invest\",\"charset\":\"UTF-8\",\"order_id\":\"20150422000002\",\"version\":\"1.0\",\"amount\":\"3500\",\"sign\":\"Aq/HEBK2DGDyPRYF6bUPxkuULAgN0d02aDrn5039UsnD8S88pI5uB6VTEo+BQgfTdYwhhXGMPBfFyW9R36sQjntXi1KujYz3931L0uS4v/k1p/0vPB9RT0/vXzLlpM00IJP/qt81ZmW2Y6JpL+olR66VMxPgmG+BUllyGaczxOo\\u003d\",\"partic_type\":\"01\",\"serv_type\":\"01\",\"partic_user_id\":\"UB201504161125570000000003661793\",\"mer_id\":\"7099088\",\"project_id\":\"20150422000055\",\"partic_acc_type\":\"01\",\"service\":\"project_transfer\",\"trans_action\":\"01\",\"res_format\":\"HTML\",\"ret_url\":\"http://115.28.171.163:7090/trusteeship_return_web/project_transfer_invest\"}', '2015-04-22 14:47:22', null, null, 'sended', 'umpay', 'project_transfer_invest', 'http://pay.soopay.net/spay/pay/payservice.do', 'utf-8');
INSERT INTO `trusteeship_operation` VALUES ('28661ea06bdb4f0bba842481d960a502', '20150410000038', '20150410000038', 'charset=UTF-8&loan_user_id=UB201504081737010000000003573522&mer_id=7099088&project_amount=100&project_expire_date=20150417&project_id=20150410000038&project_name=%E4%BF%AE%E6%94%B9%E4%BF%A1%E6%81%AF&res_format=HTML&service=mer_bind_project&sign_type=RSA&version=1.0', '2015-04-10 14:49:31', '{sign=BcToNdnqugcFhO1yU7uSqQ9wyJ0w/YlhQYBWyYxnvTuFjw17fs1qQsH3082g6xNAG37xz6wNLzAnASIrkxRdojF0y0HN4XC122OP7sPC7xupMQnRGZR0r0eI7fQScR7Vc/zNOAGcEHwri9ByWM8clzrE9UGNrAkHweIiAMV6Rys=, ret_code=0000, project_state=92, mer_check_date=20150410, mer_id=7099088, sign_type=RSA, ret_msg=操作成功, project_account_id=7099088A0000004, plain=mer_check_date=20150410&mer_id=7099088&project_account_id=7099088A0000004&project_state=92&ret_code=0000&ret_msg=操作成功&version=1.0, version=1.0}', '2015-04-10 14:49:32', 'passed', 'umpay', 'mer_bind_project', 'http://pay.soopay.net/spay/pay/payservice.do?charset=UTF-8&loan_user_id=UB201504081737010000000003573522&mer_id=7099088&project_amount=100&project_expire_date=20150417&project_id=20150410000038&project_name=%E4%BF%AE%E6%94%B9%E4%BF%A1%E6%81%AF&res_format=HTML&service=mer_bind_project&sign_type=RSA&version=1.0&sign=VbUWqREsqqAnLXUMwCe2XxxKSjyQKgx%2BsowRk%2F4wNpdP4HTwGgj4saHKOQ9yzymVhIAvwNhYkI%2BHJjdDJLcK25%2BzyKoPklgDPVC%2FlB6GRGFD%2FzMsytbcZEacPVOKo61wy4JXHh27SzyudwuVbQCRq1n2fq1mUkPqq0I78p6WCgI%3D', 'utf-8');
INSERT INTO `trusteeship_operation` VALUES ('28a78091b2ad43fa974342b3c18ccead', '20150417000004', '20150417000004', '{\"mer_date\":\"20150417\",\"sign_type\":\"RSA\",\"notify_url\":\"http://115.28.171.163:7090/trusteeship_return_s2s/project_transfer_invest\",\"charset\":\"UTF-8\",\"order_id\":\"20150417000004\",\"version\":\"1.0\",\"amount\":\"2500\",\"sign\":\"D52lTTNkDoYC8FoyX5K6ef06B0fYwujTo716Zc4l8/IoJa05bUkj+8KigbxYJaKg4mC3smbYXILJDhYPADZSxmne5eCr1Z2maCM3VDaz7SxHxsjCtURznAQnQrsdx4tFSS3WNhbQschp1ltcl5bLtndoIhLsg5zY0gFFR6BwToc\\u003d\",\"partic_type\":\"01\",\"serv_type\":\"01\",\"partic_user_id\":\"UB201504091030430000000003578704\",\"mer_id\":\"7099088\",\"project_id\":\"20150417000050\",\"partic_acc_type\":\"01\",\"service\":\"project_transfer\",\"trans_action\":\"01\",\"res_format\":\"HTML\",\"ret_url\":\"http://115.28.171.163:7090/trusteeship_return_web/project_transfer_invest\"}', '2015-04-17 13:43:03', '{sign=Ugqp6tUue6Mis39MxTNzy40MS/8mq73Ea1jWiks3JP3VGUrnN3ucKaabI4tBf7XpsSfO2kD29lLLvFREdSxcwBW9ihil55RmO5W6OHiKm9qxaQykFsJZn62vc/z6nC0nuzwsH8ChILPiONOyRgKc9tP/s1aOPftAj6C2Jw4HBdk=, trade_no=1504175015544933, ret_code=0000, mer_date=20150417, mer_id=7099088, mer_check_date=20150417, sign_type=RSA, service=project_tranfer_notify, ret_msg=交易成功。, order_id=20150417000004, version=4.0}', '2015-04-17 13:50:39', 'passed', 'umpay', 'project_transfer_invest', 'http://pay.soopay.net/spay/pay/payservice.do', 'utf-8');
INSERT INTO `trusteeship_operation` VALUES ('28cee490ac384eb19f5d2212700ebae0', '201504160000070001', '201504160000070001', 'amount=5045&charset=UTF-8&mer_date=20150416&mer_id=7099088&notify_url=http%3A%2F%2F115.28.171.163%3A7090%2Ftrusteeship_return_s2s%2F&order_id=201504160000070001&partic_acc_type=01&partic_type=01&partic_user_id=UB201504161125570000000003661793&project_id=20150416000049&res_format=HTML&ret_url=http%3A%2F%2F115.28.171.163%3A7090%2Ftrusteeship_return_web%2F&serv_type=54&service=project_transfer&sign_type=RSA&trans_action=02&version=1.0', '2015-04-16 18:16:39', '{sign=MYDlHcHMWe91Mc2ycXV/tvbwQDF4dWfDcP1WzULQrMQtiGltNSERHZhRt6O9OSgoOfDsdOI0nmDkNfIQnPYQh6QQq6oMRdX9b2HdvAnpjZ+gp1ZOf6GmtM7HQ7Cjgqa/wnqCjSUYvFXekUuZIGmD3+/VmNZAlyZcih/xKl7bzxg=, trade_no=1504165015391753, ret_code=0000, mer_date=20150416, mer_check_date=20150416, mer_id=7099088, sign_type=RSA, ret_msg=交易成功。, order_id=201504160000070001, plain=mer_check_date=20150416&mer_date=20150416&mer_id=7099088&order_id=201504160000070001&ret_code=0000&ret_msg=交易成功。&trade_no=1504165015391753&version=1.0, version=1.0}', '2015-04-16 18:16:39', 'passed', 'umpay', 'project_transfer', 'http://pay.soopay.net/spay/pay/payservice.do?amount=5045&charset=UTF-8&mer_date=20150416&mer_id=7099088&notify_url=http%3A%2F%2F115.28.171.163%3A7090%2Ftrusteeship_return_s2s%2F&order_id=201504160000070001&partic_acc_type=01&partic_type=01&partic_user_id=UB201504161125570000000003661793&project_id=20150416000049&res_format=HTML&ret_url=http%3A%2F%2F115.28.171.163%3A7090%2Ftrusteeship_return_web%2F&serv_type=54&service=project_transfer&sign_type=RSA&trans_action=02&version=1.0&sign=XtvGHE2yrgpHUI37e3egzwdwxyUNyZR%2BQqslpWsJbC8Oqgpai1J5X264JAIfig15fUu5s5x1u2pwRgMbHLHvakmESmTEHRqK1gaowXRAiIjO8DYlB1qylgWkRE7JrXgHmXKwLQL62NlXZp3fi0YKl%2B6gJDrlbMwLUzcI0ZVicVc%3D', 'utf-8');
INSERT INTO `trusteeship_operation` VALUES ('29ab51cdf3894d06ab7611ecc894e8d6', '14291787524916212260200067624532', 'wll001', '{\"identity_code\":\"HECuTKYP3WVAhOEXdIAQ7SKehS6yJ9D2LOH52fF/bUJb3XgjC/8MB8AoaWokjrXqQlg7u6tVsDkdNwzexGj8RNWVRzOPgBS0MZKYk23CjIwjuFWOxVvsbxIRzgq729rFXta3B/BH83WumEFiDSN9pBrPxl2MtxftneQfrNZjEWs\\u003d\",\"mer_date\":\"20150416\",\"sign_type\":\"RSA\",\"notify_url\":\"http://115.28.171.163:7090/trusteeship_return_s2s/mer_bind_card\",\"charset\":\"UTF-8\",\"order_id\":\"14291787524916212260200067624532\",\"card_id\":\"vE+ITe62Cz7JSfLUBw/6v2lOipGODWzuxpCbomes9kZFJn/4oZ5Y6+xmfLyYGj9glL+t37GCsO1NuuUvIC1/s2QLfPyOqb1PMdPvx8HXa6AYU53iSz3Qp+HstbQ33HmqXACE0vLSunIkBlWRJLGJWC0D+VdDRCfIc6xlvk0Olog\\u003d\",\"version\":\"1.0\",\"account_name\":\"kAzy2+8y62C4RAGt2lAw6CD4tc6+C+V2Pk6QB80VjXBLmkCUO+3XOGOKHs8YQ/NWoayeSyHrYaBcbENfJv3Wxd59uxDGUhLt0JLAnJtAKdl1MxpFViET8wRAsDjWnXXBqfvj02yfCXwBvAUQp95SfGUstX9XaL/I/Fnee7wqPNk\\u003d\",\"sign\":\"oYfkTUkeukmZN0EpvB7Yxj0x0TSz871Bbn22/EDOmWZXJLcQRMBuBYZuGMuI3oJXDD9Xa78e4GJsdDnDdbH/VgbB6e9bXo5FeUvBatN0m+Nt6UUBqCRv7whCirvoM/iZnXzMzK08/aWXlfmHYtQmVZFFPyJDPFDLt9w2PzLSLQk\\u003d\",\"mer_id\":\"7099088\",\"identity_type\":\"IDENTITY_CARD\",\"service\":\"mer_bind_card\",\"user_id\":\"UB201504091030430000000003578704\",\"res_format\":\"HTML\",\"ret_url\":\"http://115.28.171.163:7090/trusteeship_return_web/mer_bind_card\"}', '2015-04-16 18:05:52', null, null, 'sended', 'umpay', 'mer_bind_card', 'http://pay.soopay.net/spay/pay/payservice.do', 'utf-8');
INSERT INTO `trusteeship_operation` VALUES ('29abd0e81f20459dad2ca78105801a75', '2015042100000004', '2015042100000004', '{\"mer_date\":\"20150421\",\"sign_type\":\"RSA\",\"notify_url\":\"http://115.28.171.163:7090/trusteeship_return_s2s/mer_recharge_person\",\"charset\":\"UTF-8\",\"order_id\":\"2015042100000004\",\"version\":\"1.0\",\"user_ip\":\"124.200.110.58\",\"amount\":\"100000\",\"sign\":\"SUXh9fnJIsi8ctExdFF2cevwbm2Vfhzs4Hxrt+iFqM7uOU0FdJAUCRYk5/B0N6ZcRRB1WzDG/nZs2u/BNI99EGtEQH5SUo7IekogNJmJXyNSyebEThsOXJf6bZRQiqvQYD6461OLXmWSumrMqDRnhPlCF6lNkpNPjdGoLUZI9fU\\u003d\",\"gate_id\":\"BOC\",\"pay_type\":\"B2CDEBITBANK\",\"mer_id\":\"7099088\",\"service\":\"mer_recharge_person\",\"user_id\":\"UB201504081447010000000003571502\",\"res_format\":\"HTML\",\"ret_url\":\"http://115.28.171.163:7090/trusteeship_return_web/mer_recharge_person\"}', '2015-04-21 21:20:38', null, null, 'sended', 'umpay', 'mer_recharge_person', 'http://pay.soopay.net/spay/pay/payservice.do', 'utf-8');
INSERT INTO `trusteeship_operation` VALUES ('2a8b36037a754c5583ddb88aeccd1fd5', '14291753486506212260200067624532', 'wll001', '{\"identity_code\":\"wX/Jh0JibvjBbMJPFKXj8lITSaz271e3wv3NEBNVmDmwxwu187UUP90yKgaAOMH/g9uuBKDzdV3rXDhQ7fF6ZXIcPiFqPeRvbSxZqzONF3CDbtCEvebl4ea+FBjj+inEuGd0XITqiyRL7bjHOM64RBhKjXsowa+DXd8n8tB/Hxo\\u003d\",\"mer_date\":\"20150416\",\"sign_type\":\"RSA\",\"notify_url\":\"http://115.28.171.163:7090/trusteeship_return_s2s/mer_bind_card\",\"charset\":\"UTF-8\",\"order_id\":\"14291753486506212260200067624532\",\"card_id\":\"uXbVAuHW0/Su7G376N3OiWaPYApc0nURxKdOK8IeiDAaaUC7JNya8sT0mnNkML0Kyp4D9tk88BQo8L7CUNkg0QdfzgW7gsghgd2FO300hYkGuQqKJtfZQm6qJ+hYzZEbgWxw3FhWMaOXkeoKFH+NTrIHKIVynZzRZfAfgRYBLu0\\u003d\",\"version\":\"1.0\",\"account_name\":\"ZcuNXxM7r+sD8naRl4hoqqui3sfrcVJUXWlR68ceg/ey3i5lPPC0vUm84sCe8fC6P8INlB1bciTrXouRhA+7XqaAHAg1M/AwC/FBbeiBZ6ENlj8v+XUR2gt8lgOgHTvulWzizlTETzPGRpqCXT4KPywHGS2VShyX5fmnvbRA9qI\\u003d\",\"sign\":\"KaUVd0tSzgEaZ8x4bC7MSfpW8NulGwvvkbITM8e+DLlQmA4tL7MtktyZBMKiTrczFVJ1LX7CLbCRn7wH8GHsunCZ/r/7Y8Mq094t3mbCFe5jwZHXbmPHOWHj1WYEvSc0lERJriL4e7Lp6n2NjzmeVCKWjlfMettVU4ElL1vKiVo\\u003d\",\"mer_id\":\"7099088\",\"identity_type\":\"IDENTITY_CARD\",\"service\":\"mer_bind_card\",\"user_id\":\"UB201504091030430000000003578704\",\"res_format\":\"HTML\",\"ret_url\":\"http://115.28.171.163:7090/trusteeship_return_web/mer_bind_card\"}', '2015-04-16 17:09:08', null, null, 'sended', 'umpay', 'mer_bind_card', 'http://pay.soopay.net/spay/pay/payservice.do', 'utf-8');
INSERT INTO `trusteeship_operation` VALUES ('2af9a5790509469ca5d0891f402da47a', '14292391982546222800011071010402', 'zhengcong', '{\"identity_code\":\"\",\"mer_date\":\"20150417\",\"sign_type\":\"RSA\",\"notify_url\":\"http://115.28.171.163:7090/trusteeship_return_s2s/mer_bind_card\",\"charset\":\"UTF-8\",\"order_id\":\"14292391982546222800011071010402\",\"card_id\":\"RJ4BBukdXcCTxGfM9YZ5l8pUCcBRjIaKJWvd/WUZ5ME1puy3oantbV+jNLXpKCPQG19FdVV6MTOcqlUw2NpSESsuPBhu2V1zi66jT5vPrB/90VWBuHUD1B4SbulXlZyNeG9AFmiYHndS+vUI1SoU4ELjsNTA1HjmVxFx4Ju6R0Y\\u003d\",\"version\":\"1.0\",\"account_name\":\"DM8l4m4tN47D1lhdyVyE7+GNf768nYreHyy5L1pFH8I9h5XM1Tpci5NL0D4rky17MpW02Ml7VvAo7j6tSU7IATWfG53WcMC/jozbKV1MkxgElcx1aw7uXoNzlDyww7p3BNi9ajKNxETVIsoint26XtWQM92vpWIOP6QLlCPcuj8\\u003d\",\"sign\":\"oCl0sFqTjBCXQCuxDxmwaJxyOOIE3Mx6dqWXUMcS1y0g6jmfuAhQ8Mowf439v2Cik9s//ADqNaG/xy+oX/wvIb1PF1PxC6aH98xjWBuxJNdebXHqH6N9jLN0W/0AHi7Kq0xst4exseXwJZh0bBGqnxxAtUGCtt/DDCZ3nvyyNyM\\u003d\",\"mer_id\":\"7099088\",\"identity_type\":\"IDENTITY_CARD\",\"service\":\"mer_bind_card\",\"user_id\":\"UB201504161636050000000003665807\",\"res_format\":\"HTML\",\"ret_url\":\"http://115.28.171.163:7090/trusteeship_return_web/mer_bind_card\"}', '2015-04-17 10:53:18', null, null, 'sended', 'umpay', 'mer_bind_card', 'http://pay.soopay.net/spay/pay/payservice.do', 'utf-8');
INSERT INTO `trusteeship_operation` VALUES ('2b0b812a05ea49e8b96c5bf4f9a4dcf8', '20150409000028', '20150409000028', 'charset=UTF-8&loan_user_id=UB201504091030430000000003578704&mer_id=7099088&project_amount=100000&project_expire_date=20150410&project_id=20150409000028&project_name=%E5%8A%A0%E6%81%AF%E6%A0%87&res_format=HTML&service=mer_bind_project&sign_type=RSA&version=1.0', '2015-04-09 11:47:37', '{sign=DBlyB+e3EWOYmbAyKAuaDt71nfI6fxTTZbx4QVQFAoh8iY1rK0rFVtUL1/HEX4iSEjgE5DI9cSdyymh6GHe26j9DLm15TpIfy/JqHCzBLFkJn2omJZeOaggkcaxrrkNTZ0/5ojjltR6RKis98PNxCBJ0EMe5tR7t9Are2wgS564=, ret_code=0000, project_state=92, mer_check_date=20150409, mer_id=7099088, sign_type=RSA, ret_msg=操作成功, project_account_id=7099088A0000022, plain=mer_check_date=20150409&mer_id=7099088&project_account_id=7099088A0000022&project_state=92&ret_code=0000&ret_msg=操作成功&version=1.0, version=1.0}', '2015-04-09 11:47:38', 'passed', 'umpay', 'mer_bind_project', 'http://pay.soopay.net/spay/pay/payservice.do?charset=UTF-8&loan_user_id=UB201504091030430000000003578704&mer_id=7099088&project_amount=100000&project_expire_date=20150410&project_id=20150409000028&project_name=%E5%8A%A0%E6%81%AF%E6%A0%87&res_format=HTML&service=mer_bind_project&sign_type=RSA&version=1.0&sign=mQa4dL1NVCncPAja3ttFAFSm82fkSAhZCqlrE3dhtKNHzl1GmeKSiu9uUKElClr6sMq0AETQqoux2pt2sgxcQkkC7hhuHvoMqk%2Bjbm%2FwCKEqKdNcjcF5iig%2B%2ByD8aGmsGhefrS7wnQjnuBvnsL3gq3AYZDPFKTAsrZyWkcqf2qA%3D', 'utf-8');
INSERT INTO `trusteeship_operation` VALUES ('2ba4e3015cc24c04880d6c10fcb35dc7', '2015042700005800011430121620444', '201504270000580001', '{\"mer_date\":\"20150427\",\"sign_type\":\"RSA\",\"notify_url\":\"http://115.28.171.163:7090/trusteeship_return_s2s/project_transfer_normal_repay\",\"charset\":\"UTF-8\",\"order_id\":\"2015042700005800011430121620444\",\"version\":\"1.0\",\"amount\":\"102\",\"sign\":\"oCZiw3s5PN4CjcLCtEBrMrQTI9wyXu0aRfzMenf+FpdTKtd63DUn0fd+Sn0arkCu8oG/JkGGYFF8LDtuuZNUP/osuaGd85yG+KPsNjmxd+/Ctc5R8vkue9CMCSyp9/laQ6b+osy7Lzc2rPDfs4ZgE5QR6bhVZ58QYKZTxsModdc\\u003d\",\"partic_type\":\"02\",\"serv_type\":\"03\",\"partic_user_id\":\"UB201504081737010000000003573522\",\"mer_id\":\"7099088\",\"project_id\":\"20150427000058\",\"partic_acc_type\":\"01\",\"service\":\"project_transfer\",\"trans_action\":\"01\",\"res_format\":\"HTML\",\"ret_url\":\"http://115.28.171.163:7090/trusteeship_return_web/project_transfer_normal_repay\"}', '2015-04-27 16:00:20', null, null, 'sended', 'umpay', 'project_transfer_normal_repay', 'http://pay.soopay.net/spay/pay/payservice.do', 'utf-8');
INSERT INTO `trusteeship_operation` VALUES ('2bd1424ccff54495a18605c6f1adda91', '0120150422000003', '20150422000003', 'amount=3500&charset=UTF-8&mer_date=20150422&mer_id=7099088&notify_url=http%3A%2F%2F115.28.171.163%3A7090%2Ftrusteeship_return_s2s%2Fproject_transfer_fail_by_manager&order_id=0120150422000003&partic_acc_type=01&partic_type=01&partic_user_id=UB201504161125570000000003661793&project_id=20150422000055&res_format=HTML&ret_url=http%3A%2F%2F115.28.171.163%3A7090%2Ftrusteeship_return_web%2Fproject_transfer_fail_by_manager&serv_type=51&service=project_transfer&sign_type=RSA&trans_action=02&version=1.0', '2015-04-22 14:49:57', '{sign=qF+7qOuvYzW6c8Est6P1lCQhSd9GCv3uMaZaBfivIL3nXk4xPp6djaICBGEWxLw31uXAr7YXarRfTC6sJa+dqhNxFuct7OcLqtBMR5LMZ8eH6ljSeemZ6r55j9ECaig4niZ0eTgdzgOti/J3jSgCwQjpxo57R/eVgvlMucAxg8c=, ret_code=00072045, mer_id=7099088, sign_type=RSA, ret_msg=账户余额不足，请联系商户查询您的托管账户余额！, plain=mer_id=7099088&ret_code=00072045&ret_msg=账户余额不足，请联系商户查询您的托管账户余额！&version=1.0, version=1.0}', '2015-04-22 14:49:57', 'refused', 'umpay', 'project_transfer_fail_by_manager', 'http://pay.soopay.net/spay/pay/payservice.do?amount=3500&charset=UTF-8&mer_date=20150422&mer_id=7099088&notify_url=http%3A%2F%2F115.28.171.163%3A7090%2Ftrusteeship_return_s2s%2Fproject_transfer_fail_by_manager&order_id=0120150422000003&partic_acc_type=01&partic_type=01&partic_user_id=UB201504161125570000000003661793&project_id=20150422000055&res_format=HTML&ret_url=http%3A%2F%2F115.28.171.163%3A7090%2Ftrusteeship_return_web%2Fproject_transfer_fail_by_manager&serv_type=51&service=project_transfer&sign_type=RSA&trans_action=02&version=1.0&sign=ImTdQsIyCskiBlpBPgDz9cQhYQBZs3OQ57iW%2BKvCsbtxT93KipvXivqe36m2K%2BInz5aZIRnH2NK1mjp5m7N7xm%2BJ2sDxwOeZzhriM3Lt9xmcbNOsPphXLB%2F4wToxR3SXYKjqfRiZi0Jngewxk%2BmyAWFnCPX3Muaet9bN1SYXdcM%3D', 'utf-8');
INSERT INTO `trusteeship_operation` VALUES ('2be0fa1f4c0b4a5f8aef91d32aa0082e', '2015042100005100011430101714034', '201504210000510001', '{\"mer_date\":\"20150427\",\"sign_type\":\"RSA\",\"notify_url\":\"http://115.28.171.163:7090/trusteeship_return_s2s/project_transfer_overdue_repay\",\"charset\":\"UTF-8\",\"order_id\":\"2015042100005100011430101714034\",\"version\":\"1.0\",\"amount\":\"9058\",\"sign\":\"Ji9w3ODw+taOTfATN1MRG6x8X1aPyKHoyzb2DZklOx/LIdWXMrXXAk8xPooBfUmrKcFDjSzqnw4grwGvrP9HAf2rof4H3oa0EWUcIV9ZXWBy/qooyp7MICo3T2Zd3Cqu7j195Ncrh83p/8rElrGV38jjMdOT3xzpj0snRuyzeAI\\u003d\",\"partic_type\":\"02\",\"serv_type\":\"03\",\"partic_user_id\":\"UB201504161125550000000003661819\",\"mer_id\":\"7099088\",\"project_id\":\"20150421000051\",\"partic_acc_type\":\"01\",\"service\":\"project_transfer\",\"trans_action\":\"01\",\"res_format\":\"HTML\",\"ret_url\":\"http://115.28.171.163:7090/trusteeship_return_web/project_transfer_overdue_repay\"}', '2015-04-27 10:28:34', null, null, 'sended', 'umpay', 'project_transfer_overdue_repay', 'http://pay.soopay.net/spay/pay/payservice.do', 'utf-8');
INSERT INTO `trusteeship_operation` VALUES ('2c679652a94c4fedb0074ba9dd4941c8', '2015041700000002', '2015041700000002', '{\"mer_date\":\"20150417\",\"sign_type\":\"RSA\",\"notify_url\":\"http://115.28.171.163:7090/trusteeship_return_s2s/cust_withdrawals\",\"charset\":\"UTF-8\",\"order_id\":\"2015041700000002\",\"version\":\"1.0\",\"amount\":\"5000\",\"sign\":\"MrJw/5N0o5XzipBhz+xio7AV6vEDkoX1pV9TVV/I/ItL4awrgLaG/meBT/nVgmdJdImLY2x27oarVHRwgarV/EtLWtmYU4PeDBazZuSEZ03/B05Yeh+/oJ6tLezdGpbv6OPKmqVlWjRisdPSyqjTJDB8UAcv/RzsopblLFCIgoU\\u003d\",\"mer_id\":\"7099088\",\"service\":\"cust_withdrawals\",\"user_id\":\"UB201504161636050000000003665807\",\"res_format\":\"HTML\",\"ret_url\":\"http://115.28.171.163:7090/trusteeship_return_web/cust_withdrawals\"}', '2015-04-17 11:10:27', null, null, 'sended', 'umpay', 'cust_withdrawals', 'http://pay.soopay.net/spay/pay/payservice.do', 'utf-8');
INSERT INTO `trusteeship_operation` VALUES ('2c8a9cb7b19640579096495d9c9940bb', '2015042300000010', '2015042300000010', '{\"mer_date\":\"20150423\",\"sign_type\":\"RSA\",\"notify_url\":\"http://115.28.171.163:7090/trusteeship_return_s2s/mer_recharge_person\",\"charset\":\"UTF-8\",\"order_id\":\"2015042300000010\",\"version\":\"1.0\",\"user_ip\":\"124.200.110.58\",\"amount\":\"200\",\"sign\":\"iA4mdF6x40euaM/chVH9D4h7Vil+OiB4KEei9zsdweYeen0LQJDiGEEkvH8xUH0lvnpbun/pfmcFaAXgAl/aPsBSespH7hWtTsbzdLR85ui1Qh8CMwt/bJbAU8YHBDPU5XBq7RytADM0+ZFXdugd2xHZ0VSltKlKLqCtxg4ElWA\\u003d\",\"gate_id\":\"CCB\",\"pay_type\":\"B2CDEBITBANK\",\"mer_id\":\"7099088\",\"service\":\"mer_recharge_person\",\"user_id\":\"UB201504081447010000000003571502\",\"res_format\":\"HTML\",\"ret_url\":\"http://115.28.171.163:7090/trusteeship_return_web/mer_recharge_person\"}', '2015-04-23 20:45:00', null, null, 'sended', 'umpay', 'mer_recharge_person', 'http://pay.soopay.net/spay/pay/payservice.do', 'utf-8');
INSERT INTO `trusteeship_operation` VALUES ('2d3f935eb29945838a27d09b72e2488f', '14291797585356212260200067624532', 'wll001', '{\"identity_code\":\"RmQTaKt6GkParuXbb5b9t8gWdtg5cQQvCPzsV3Tk6REfvp/C9czveetZtgFYi7hLzq8PH1CWppo8nQMqT9rVStlGq9ZRJjjxSCdeWUeOV+S9t4IngCi6T8h2gqMmOJI6gb6hszNnWps6NAHn18UcycHBXKentXKI0GXK3svVxa0\\u003d\",\"mer_date\":\"20150416\",\"sign_type\":\"RSA\",\"notify_url\":\"http://115.28.171.163:7090/trusteeship_return_s2s/mer_bind_card\",\"charset\":\"UTF-8\",\"order_id\":\"14291797585356212260200067624532\",\"card_id\":\"kSEc1WOvE9mIzJzaiDoGO8pkNBiX9Ge2oiCcp1XV8mtbycLDrirAvzAL6RArjtBB3czHHCPe9jc27RcM08Ymu+6In+oLXv3QsBJhDbttadcxIYhPMOBUg+qstclkHRX1RSZ7aY/iSh6Sz25r9qZvEO0aa/1KbvrFDSmklRqL7JI\\u003d\",\"version\":\"1.0\",\"account_name\":\"Jqmr1k0SLcHsb1PLZVscFXTH3cfooN+4yTOLXKnhWVkKqmRuUnL/uJJ0Q1HyYhVm6ssQ9nPP/1BxntOF631DNgxt5J/cyf2Ql9GmEb//mow3Zts8W6GkEPTy37P88GeTHRUmaY/P+dUpU+jn5wMejnJRUf5M1sePhfepQNcvpXQ\\u003d\",\"sign\":\"ojROoxvMsGZkX3HXrphM8cBnnhKoIh3VXuDSm1hv2YbCAXnjXfbdj6YrZ6D3yws6KM/4qkAF4cPW8OiiVPUrGhRn2shDRhw7IxMtmYh4mU4Aol6tzMdQh3SAHJ2sEX9FAjGaq7SlitrU+mmcXxOA8gsE5bKzGV/5iAWtdGvgAQA\\u003d\",\"mer_id\":\"7099088\",\"identity_type\":\"IDENTITY_CARD\",\"service\":\"mer_bind_card\",\"user_id\":\"UB201504091030430000000003578704\",\"res_format\":\"HTML\",\"ret_url\":\"http://115.28.171.163:7090/trusteeship_return_web/mer_bind_card\"}', '2015-04-16 18:22:38', null, null, 'sended', 'umpay', 'mer_bind_card', 'http://pay.soopay.net/spay/pay/payservice.do', 'utf-8');
INSERT INTO `trusteeship_operation` VALUES ('2d4d693da5074609b1a2d65ee1a58e7b', '20150427000016', '20150427000016', '{\"mer_date\":\"20150427\",\"sign_type\":\"RSA\",\"notify_url\":\"http://115.28.171.163:7090/trusteeship_return_s2s/project_transfer_invest\",\"charset\":\"UTF-8\",\"order_id\":\"20150427000016\",\"version\":\"1.0\",\"amount\":\"6000\",\"sign\":\"g8H0PwNRWrg5oxPGfQFfSV9qROwDEiTCewQ1U7uZf/HQLHLHnuL6UG1ktX33B7QicNM/seNUXgpyrr66iH4EdbXdse/5/0fF/GSXH+9zz5lAKY5z2MszZIhaWMXBEQBAaQzd0DodCSgBJpuSI9TCw+m17QdvZmfwEFqfNp6NkY4\\u003d\",\"partic_type\":\"01\",\"serv_type\":\"01\",\"partic_user_id\":\"UB201504091030430000000003578704\",\"mer_id\":\"7099088\",\"project_id\":\"20150427000066\",\"partic_acc_type\":\"01\",\"service\":\"project_transfer\",\"trans_action\":\"01\",\"res_format\":\"HTML\",\"ret_url\":\"http://115.28.171.163:7090/trusteeship_return_web/project_transfer_invest\"}', '2015-04-27 17:43:00', '{sign=rCbs+BFEtILT14XipDCu2ClkMnpoHSQzTGwsO/UX9L+VhRJAVAzXu/z1L82Xn9FR/aUSOAjBnwfuap9KM504wUoW3BLjGFq2AA2nNZDAOYW0WJlJYnHrDiEZBnEkGvp4cZiPJZD3IvkW0rwh3YLnGKsLt6GM8FkdH0IUMMqLTbg=, trade_no=1504275017135443, ret_code=0000, mer_date=20150427, mer_id=7099088, mer_check_date=20150427, sign_type=RSA, service=project_tranfer_notify, ret_msg=交易成功。, order_id=20150427000016, version=4.0}', '2015-04-27 17:43:36', 'passed', 'umpay', 'project_transfer_invest', 'http://pay.soopay.net/spay/pay/payservice.do', 'utf-8');
INSERT INTO `trusteeship_operation` VALUES ('2d8ead5a58d940f9a492b9891e5f38d6', '1429176251709123212312132212', 'zhengcong', '{\"identity_code\":\"\",\"mer_date\":\"20150416\",\"sign_type\":\"RSA\",\"notify_url\":\"http://115.28.171.163:7090/trusteeship_return_s2s/mer_bind_card\",\"charset\":\"UTF-8\",\"order_id\":\"1429176251709123212312132212\",\"card_id\":\"vSRJCxOsI8TYa2GrJyZQlwIvtoi0QDjyCV/HRqTHeZC7vkJb3qK53zOuhw/l538vmCR7ifrMqTzoFlw3GYPZpdCyJhXIcqsxQZRrrY9c9BPttWbFwin4yuqXr0VjH/trV3ZLvYTmTu0GmFE30MkwauVGS3t3XpmGG5UeFFECWUo\\u003d\",\"version\":\"1.0\",\"account_name\":\"Ua3HCRu4TwGwIwKhfWG36F/XKqYSqmEM1cZr2BKwPiZFaYxRWxh/e/6a/ac+yOeCUaCn01NV66BoGqWaIU1YLCWury5aiTbK/RoDyqnRzPEPS3IQsGLT9WZyNFqS9Q8u7YmsiLi9+TmUlb1L3Mn4byF7+URDZ+NbkahbCnu8sSQ\\u003d\",\"sign\":\"EUSiMFc8oxe/4PODzj2FduWlff6gZNxZDI/EewOn3UTM4dVmKkpqQUzC7+B4yMerMZNe1XCweLgIi/qgbQsQBwn5FC3U+b3poh6YywYbdyCFV7a6K88Wl0KCC7+9yb23bthyUiji/YxYUOqEDggNA9hjN699lWvDL0nyEYrPfks\\u003d\",\"mer_id\":\"7099088\",\"identity_type\":\"IDENTITY_CARD\",\"service\":\"mer_bind_card\",\"user_id\":\"UB201504161636050000000003665807\",\"res_format\":\"HTML\",\"ret_url\":\"http://115.28.171.163:7090/trusteeship_return_web/mer_bind_card\"}', '2015-04-16 17:24:11', null, null, 'sended', 'umpay', 'mer_bind_card', 'http://pay.soopay.net/spay/pay/payservice.do', 'utf-8');
INSERT INTO `trusteeship_operation` VALUES ('2e04d070f6f24b52b9e2ab97cc1c595b', '2015042300000007', '2015042300000007', '{\"mer_date\":\"20150423\",\"sign_type\":\"RSA\",\"notify_url\":\"http://115.28.171.163:7090/trusteeship_return_s2s/mer_recharge_person\",\"charset\":\"UTF-8\",\"order_id\":\"2015042300000007\",\"version\":\"1.0\",\"user_ip\":\"124.200.110.58\",\"amount\":\"200\",\"sign\":\"mlaHa6TjoiSPkji04Wp4mmif+r1nFf90RuF+18NpGWzmsM0bUz1y/PZY9fDo1YBQLNv5EJw1AxMP/UWe3JJuG9mW3N7pS4MaAP91LJ9UzBnmPwc2Smu02k+w7w67gX+zYew43P8VRFM6zO3vxBlaT5bHMPKbVGmV9gLUY2G8Hdg\\u003d\",\"gate_id\":\"ABC\",\"pay_type\":\"B2CDEBITBANK\",\"mer_id\":\"7099088\",\"service\":\"mer_recharge_person\",\"user_id\":\"UB201504081447010000000003571502\",\"res_format\":\"HTML\",\"ret_url\":\"http://115.28.171.163:7090/trusteeship_return_web/mer_recharge_person\"}', '2015-04-23 20:44:43', null, null, 'sended', 'umpay', 'mer_recharge_person', 'http://pay.soopay.net/spay/pay/payservice.do', 'utf-8');
INSERT INTO `trusteeship_operation` VALUES ('2ea5d59936544ad59c35e133d428a945', '20150421000051', '20150421000051', 'charset=UTF-8&loan_user_id=UB201504161125550000000003661819&mer_id=7099088&project_amount=9000&project_expire_date=20150421&project_id=20150421000051&project_name=%E5%8A%A0%E6%81%AF%E6%A0%87%E5%80%9F%E6%AC%BE90%E5%B9%B4%E5%8C%96120%E5%8A%A020%E6%9C%9F%E9%99%901%E5%A4%A9&res_format=HTML&service=mer_bind_project&sign_type=RSA&version=1.0', '2015-04-21 17:30:10', '{sign=ONS4u15i9CK6doYx7F5VxaRFnECi+DsFC7Q6uvuWFeVcWI5PGXhVV6nMkrY/wtklMRrSAgXwpN9Duyd+H1xtLe3hh+XXIo32DAidT1SXuNpyZsK6DmKqbwk+W9jtWgH9/HSw8fojkg4rI4U1NYWnMD4GAM1VpDsX6iBnadAnp+g=, ret_code=0000, project_state=92, mer_check_date=20150421, mer_id=7099088, sign_type=RSA, ret_msg=操作成功, project_account_id=7099088A0000120, plain=mer_check_date=20150421&mer_id=7099088&project_account_id=7099088A0000120&project_state=92&ret_code=0000&ret_msg=操作成功&version=1.0, version=1.0}', '2015-04-21 17:30:10', 'passed', 'umpay', 'mer_bind_project', 'http://pay.soopay.net/spay/pay/payservice.do?charset=UTF-8&loan_user_id=UB201504161125550000000003661819&mer_id=7099088&project_amount=9000&project_expire_date=20150421&project_id=20150421000051&project_name=%E5%8A%A0%E6%81%AF%E6%A0%87%E5%80%9F%E6%AC%BE90%E5%B9%B4%E5%8C%96120%E5%8A%A020%E6%9C%9F%E9%99%901%E5%A4%A9&res_format=HTML&service=mer_bind_project&sign_type=RSA&version=1.0&sign=NQx9JcT45iO4i2z8oGaSEWG5VS8a640D2LGxyyUBvhxV%2BtVPys2dxH5xxirMDoyNWEykzkQb7gW4fYFiDyMzRZ4smts0txhXsiVJdv2TjzgLAZiUNGRfbYZWB3XoB3yoiFMwDixd%2Bn2qYhBK84i7j%2B9OktumM82%2F%2BTML5xf%2BX8g%3D', 'utf-8');
INSERT INTO `trusteeship_operation` VALUES ('2efe84e66bf241bc916bd3a504b667b5', '2015041600000028', '2015041600000028', '{\"mer_date\":\"20150416\",\"sign_type\":\"RSA\",\"notify_url\":\"http://115.28.171.163:7090/trusteeship_return_s2s/mer_recharge_person\",\"charset\":\"UTF-8\",\"order_id\":\"2015041600000028\",\"version\":\"1.0\",\"user_ip\":\"118.187.56.162\",\"amount\":\"10000\",\"sign\":\"qcmGV/KvYz0zwK08cmPYzSbCLLAaYh7A6dNH9zfSyLr001umauspAqHUVMPfXjbGVMxtJEWqztQFQqbYZ3kzww27CiXsd86BAGftLFC8jXhu/zi4OaaNWYX0I3ovQ9YehlDKL+sgXs7QFssBh7WdQH3YUS+1Hddamf7ntD59EY4\\u003d\",\"gate_id\":\"CMB\",\"pay_type\":\"B2CDEBITBANK\",\"mer_id\":\"7099088\",\"service\":\"mer_recharge_person\",\"user_id\":\"UB201504161636050000000003665807\",\"res_format\":\"HTML\",\"ret_url\":\"http://115.28.171.163:7090/trusteeship_return_web/mer_recharge_person\"}', '2015-04-16 18:18:46', null, null, 'sended', 'umpay', 'mer_recharge_person', 'http://pay.soopay.net/spay/pay/payservice.do', 'utf-8');
INSERT INTO `trusteeship_operation` VALUES ('2fde72cd74384286a5b16300a7fc2632', '0220150421000051', '20150421000051', 'amount=100&charset=UTF-8&mer_date=20150421&mer_id=7099088&notify_url=http%3A%2F%2F115.28.171.163%3A7090%2Ftrusteeship_return_s2s%2F&order_id=0220150421000051&partic_acc_type=02&partic_type=03&partic_user_id=7099088&project_id=20150421000051&res_format=HTML&ret_url=http%3A%2F%2F115.28.171.163%3A7090%2Ftrusteeship_return_web%2F&serv_type=52&service=project_transfer&sign_type=RSA&trans_action=02&version=1.0', '2015-04-21 17:41:15', '{sign=nKT1HEe+2mlQBL+th0k+S8EndXXPy2brSyl4niU0gSbRQgXqBzNZfabLvS5IinUtWviHqK0KKmYzyPuFDnFLkKWMphzzQet30bjYaRXspxhRx5Ca2HyqTmyWQ5hbZbIXZuoFLfqPvdY7mD8p9OHn7253ZqKuoQQVPzyY7oL/Qfg=, trade_no=1504215016208233, ret_code=0000, mer_date=20150421, mer_check_date=20150421, mer_id=7099088, sign_type=RSA, ret_msg=交易成功。, order_id=0220150421000051, plain=mer_check_date=20150421&mer_date=20150421&mer_id=7099088&order_id=0220150421000051&ret_code=0000&ret_msg=交易成功。&trade_no=1504215016208233&version=1.0, version=1.0}', '2015-04-21 17:41:16', 'passed', 'umpay', 'project_transfer', 'http://pay.soopay.net/spay/pay/payservice.do?amount=100&charset=UTF-8&mer_date=20150421&mer_id=7099088&notify_url=http%3A%2F%2F115.28.171.163%3A7090%2Ftrusteeship_return_s2s%2F&order_id=0220150421000051&partic_acc_type=02&partic_type=03&partic_user_id=7099088&project_id=20150421000051&res_format=HTML&ret_url=http%3A%2F%2F115.28.171.163%3A7090%2Ftrusteeship_return_web%2F&serv_type=52&service=project_transfer&sign_type=RSA&trans_action=02&version=1.0&sign=UJVT%2F8%2FQaQnll2NulPJI%2Brvaty4j9YKwz2L5Nli2oXB9E3XWkOUYSyfOmX1eGWVgF6W%2BXU1A3iU6aEzVhdi2Q%2FFU1WAokznjd4QfMs7aTArL4uO02NG6ZuULeoCVvN7100xrINby8i2jCVctsc0y5uiVJTZGLIbjTvWIdxijOEk%3D', 'utf-8');
INSERT INTO `trusteeship_operation` VALUES ('2fede58c0f7d494f87c90b080c633681', '2015042300000005', '2015042300000005', '{\"mer_date\":\"20150423\",\"sign_type\":\"RSA\",\"notify_url\":\"http://115.28.171.163:7090/trusteeship_return_s2s/mer_recharge_person\",\"charset\":\"UTF-8\",\"order_id\":\"2015042300000005\",\"version\":\"1.0\",\"user_ip\":\"124.200.110.58\",\"amount\":\"200\",\"sign\":\"crqcZ/g7rVHhVFui9sFQS+7Ln+I2Fm5JpXRNmkfs0NSkleYYfiAX7NfA28H83EyKTU8rlNWWEiXEzAFJUmuFP/Q1IS6BRxx67ocYNBVI6efsj2ZIHlLdWKTi/MKzXwTt31WP8b06id/+8UR8ty9710tI6Vk6KeMNC/miL36avmo\\u003d\",\"gate_id\":\"CITIC\",\"pay_type\":\"B2CDEBITBANK\",\"mer_id\":\"7099088\",\"service\":\"mer_recharge_person\",\"user_id\":\"UB201504081447010000000003571502\",\"res_format\":\"HTML\",\"ret_url\":\"http://115.28.171.163:7090/trusteeship_return_web/mer_recharge_person\"}', '2015-04-23 20:44:33', null, null, 'sended', 'umpay', 'mer_recharge_person', 'http://pay.soopay.net/spay/pay/payservice.do', 'utf-8');
INSERT INTO `trusteeship_operation` VALUES ('302a685101774a978386da5a5a874b6c', '20150409000032', '20150409000032', 'charset=UTF-8&loan_user_id=UB201504081447010000000003571502&mer_id=7099088&project_amount=1000000&project_expire_date=20150410&project_id=20150409000032&project_name=DXB&res_format=HTML&service=mer_bind_project&sign_type=RSA&version=1.0', '2015-04-09 18:00:36', '{sign=swoAf9HUZY+NP5ZpTvZgwD988J+k/h1hdbFoB/mPlyVH27wZHCmsJ/vFjYhZYPZB7oUIMTb83NJEquaYXS2mu6rhOwBuXLC2qK9ICPDtD2QiZ+itW9jePOFKeIpqGHNAUyEuEaM43Hu6WeQcIlb2kmw+FMMcYrzUpsitjtHmuW4=, ret_code=0000, project_state=92, mer_check_date=20150409, mer_id=7099088, sign_type=RSA, ret_msg=操作成功, project_account_id=7099088A0000060, plain=mer_check_date=20150409&mer_id=7099088&project_account_id=7099088A0000060&project_state=92&ret_code=0000&ret_msg=操作成功&version=1.0, version=1.0}', '2015-04-09 18:00:37', 'passed', 'umpay', 'mer_bind_project', 'http://pay.soopay.net/spay/pay/payservice.do?charset=UTF-8&loan_user_id=UB201504081447010000000003571502&mer_id=7099088&project_amount=1000000&project_expire_date=20150410&project_id=20150409000032&project_name=DXB&res_format=HTML&service=mer_bind_project&sign_type=RSA&version=1.0&sign=ZihEusOUQK8wHJpGpgngDUgwdQgZG9qeXjxoHVeYAiQQqmYMKg6wyceNVDWBq3wcgvOKeaaZ4tuE6Imi0KrcBnftUoIRmQS3h2UOxw9K3mL2M%2B7dydAtox99JA2Z%2Fu6NynBHC05TZGfQR9JfYgx8eV51QtnI2MwfDhpn66ataAE%3D', 'utf-8');
INSERT INTO `trusteeship_operation` VALUES ('31fb726598df40d69cc97cc6318225e8', '20150427000061', '20150427000061', 'charset=UTF-8&loan_user_id=UB201504161125550000000003661819&mer_id=7099088&project_amount=10000&project_expire_date=20150430&project_id=20150427000061&project_name=100+for+case009&res_format=HTML&service=mer_bind_project&sign_type=RSA&version=1.0', '2015-04-27 16:25:37', '{sign=ncls5ZyzASAs/07scLtp2mxTtqAcGTNMrRqGqHcBdRkDX68FWXsHq/XegKkxHBoVpvKY40r9oqldGYBo/O/KoMzxjkf/oFSp8qCllEqb03sjN3coebc7W0KwspyF1Uqh3ZnQMF91C/ICevqqZ7DS2tfifXyNc4S04bIvXmww0GE=, ret_code=0000, project_state=92, mer_check_date=20150427, mer_id=7099088, sign_type=RSA, ret_msg=操作成功, project_account_id=7099088A0000201, plain=mer_check_date=20150427&mer_id=7099088&project_account_id=7099088A0000201&project_state=92&ret_code=0000&ret_msg=操作成功&version=1.0, version=1.0}', '2015-04-27 16:25:38', 'passed', 'umpay', 'mer_bind_project', 'http://pay.soopay.net/spay/pay/payservice.do?charset=UTF-8&loan_user_id=UB201504161125550000000003661819&mer_id=7099088&project_amount=10000&project_expire_date=20150430&project_id=20150427000061&project_name=100+for+case009&res_format=HTML&service=mer_bind_project&sign_type=RSA&version=1.0&sign=Wh7MwS1VJsdWeSgr%2FgsjErGQPVcf4oA3NFmdmJ4121ZlvHFyqgfgsCOArxci9wvKnFOjTf%2B9mlep2bNeMonR6cr%2B6dYCB30WyMNqp3Dv8lI4N3QcvD%2BSPh37wnugefrHiQRb4QtmI58TQgBNXNpwnV3rAtq%2FIlP5rnS8%2BrQvCGA%3D', 'utf-8');
INSERT INTO `trusteeship_operation` VALUES ('32a11b7c30ae4793a8e7497257a87e95', '20150413000004', '20150413000004', '{\"mer_date\":\"20150413\",\"sign_type\":\"RSA\",\"notify_url\":\"http://115.28.171.163:7090/trusteeship_return_s2s/project_transfer_invest\",\"charset\":\"UTF-8\",\"order_id\":\"20150413000004\",\"version\":\"1.0\",\"amount\":\"100\",\"sign\":\"UZTRQrNS+6/+bqz0LRqn/XfkcdUJjKcIn4GGW2MeMdhgUpZ4oz36xC9peF0l9ZwoiWTYfWkGfuaxTeFVhmLuj+P6pyeRs9HcNl+T5LVtwML13RTJRQiyr7l0cmRYYdFrVWY6zyAgTWCVwj6W9qkk/ViaFXCo9Yh9LZ2FgFx6MUk\\u003d\",\"partic_type\":\"01\",\"serv_type\":\"01\",\"partic_user_id\":\"UB201504081737010000000003573522\",\"mer_id\":\"7099088\",\"project_id\":\"20150413000043\",\"partic_acc_type\":\"01\",\"service\":\"project_transfer\",\"trans_action\":\"01\",\"res_format\":\"HTML\",\"ret_url\":\"http://115.28.171.163:7090/trusteeship_return_web/project_transfer_invest\"}', '2015-04-13 15:09:49', null, null, 'sended', 'umpay', 'project_transfer_invest', 'http://pay.soopay.net/spay/pay/payservice.do', 'utf-8');
INSERT INTO `trusteeship_operation` VALUES ('33cdfbd1c5f24d029aa7bcfc90eb6ade', '20150422000001', '20150422000001', '{\"mer_date\":\"20150422\",\"sign_type\":\"RSA\",\"notify_url\":\"http://115.28.171.163:7090/trusteeship_return_s2s/project_transfer_invest\",\"charset\":\"UTF-8\",\"order_id\":\"20150422000001\",\"version\":\"1.0\",\"amount\":\"3500\",\"sign\":\"dnzXz6VBamGPGE373k+9tBUpqW7UXtfLTp+76Pvggh6VxiZSFy/u2T0zipuL9T/zfrKABh3hai8VoLtEktTTC8YJX2SDmfPaxpQumPbT1+haht16pZB4vu67v0r1XTAhzIMGyW79mLezRzw5gdCBGqSLf+1BzPdYVYomNsrO4uc\\u003d\",\"partic_type\":\"01\",\"serv_type\":\"01\",\"partic_user_id\":\"UB201504091030430000000003578704\",\"mer_id\":\"7099088\",\"project_id\":\"20150422000055\",\"partic_acc_type\":\"01\",\"service\":\"project_transfer\",\"trans_action\":\"01\",\"res_format\":\"HTML\",\"ret_url\":\"http://115.28.171.163:7090/trusteeship_return_web/project_transfer_invest\"}', '2015-04-22 14:47:19', '{sign=uvwwwtxnoBQNFd5S8n18SY1OgGpeIX1Qcigs3/Sh1HWHCEf60yyofSu4AIVmYp338+WJLLWcvXnhKm2Tf0DpsBsqFVctSCQeNJbAeCcqM7wtsO30BpdZEFxD8jiDjRQiWuzroPHwIB/fByrTkSm9WKCfnl0jZM3QE9823ZCqENw=, trade_no=1504225016313613, ret_code=0000, mer_date=20150422, mer_id=7099088, mer_check_date=20150422, sign_type=RSA, service=project_tranfer_notify, ret_msg=交易成功。, order_id=20150422000001, version=4.0}', '2015-04-22 14:48:42', 'passed', 'umpay', 'project_transfer_invest', 'http://pay.soopay.net/spay/pay/payservice.do', 'utf-8');
INSERT INTO `trusteeship_operation` VALUES ('341598a9f63d4227a8611af5beb12552', '14295805578916217000010031760880', 'wangxibao9', '{\"identity_code\":\"OtGOST/oyoFav+KEFvm6Xugv6AT5N4yp7qg/3LHSZKzyxCJJaz1x/xDSTw1Lsrfw1FfFScRLmWkuqdEbIkIk/7kSLI1/CRd9pCPJZYFXiqMQVCLjVD3ggtnbXWx4HOXNHX3UQ+cl81EkxcOc3w7SpHj/DjjYkRv3zlCRkAhkd2M\\u003d\",\"mer_date\":\"20150421\",\"sign_type\":\"RSA\",\"notify_url\":\"http://115.28.171.163:7090/trusteeship_return_s2s/mer_bind_card\",\"charset\":\"UTF-8\",\"order_id\":\"14295805578916217000010031760880\",\"card_id\":\"V2ctrKG9Oudon5CXsQFsgE8wgpJpa6ooKddvQdc+92ubT9zjspVBhKwMYIaWJykGdLITkrhNGNZ/p3f41jyX/HvBie1sN93RC8v6tskdVjoan+Xy/0tB04hlEMu0vVB+d+q6g8O0h3z12Pd1PIgapIamfgUeaGIkhhjRnTCUosE\\u003d\",\"version\":\"1.0\",\"account_name\":\"Icv3ioOg3V9BmZi2l5Ij1kwtxse20bZgW6XCOlhua9GD77FXQ4HBPu/PY5u7PMH1h69vxMQlIYoqu1gtI1auQ5pharfpEg3cNO/8nScYnwq2M0SZ34h2j/qr6GE2iyamOzoavQsMIjDSSokJn8pDR9J9SjrIx18MnhFAxUgSScw\\u003d\",\"sign\":\"gcQ0gw8sQOalEiA9wh5O+QUmpzqx40DPzQX4Vl7yQuWHAjJeM/JLmcC/lYBabMs/RHwkzywb3Y82i6Qw85DkOJNbA/yKA343d2V1eZX99hWjbMDPW8PFAV9BdRvC4M7bOKJd4wd5iN5PQFx3b8i7d0HpUJdCJvdJiacwfL+2/lU\\u003d\",\"mer_id\":\"7099088\",\"identity_type\":\"IDENTITY_CARD\",\"service\":\"mer_bind_card\",\"user_id\":\"UB201504081447010000000003571502\",\"res_format\":\"HTML\",\"ret_url\":\"http://115.28.171.163:7090/trusteeship_return_web/mer_bind_card\"}', '2015-04-21 09:42:37', null, null, 'sended', 'umpay', 'mer_bind_card', 'http://pay.soopay.net/spay/pay/payservice.do', 'utf-8');
INSERT INTO `trusteeship_operation` VALUES ('342da0a1e0ec480fb5ca074083ebb5cd', '14291786105676225881007549453', 'zhengcong', '{\"identity_code\":\"\",\"mer_date\":\"20150416\",\"sign_type\":\"RSA\",\"notify_url\":\"http://115.28.171.163:7090/trusteeship_return_s2s/mer_bind_card\",\"charset\":\"UTF-8\",\"order_id\":\"14291786105676225881007549453\",\"card_id\":\"PwPUbVwufrIYQWOtHbpv6e5MdPxkLmdt9ymFRcyRR1kTjVaUy+w/6pqeomKWGn6+ssqSkvjsmEetiqgze236YAeEqZ/JU8QbikuBu0IXG2hdRZHVEA7SlJBTEbnB5c7FwIabOicidZMMvpHInnMxWKe9R6v4ZSvCIeBKcwlkBS4\\u003d\",\"version\":\"1.0\",\"account_name\":\"XKU9K3dDUfEWNhkYCY3TeJqbmz8g3PpG0ryTG5iN6/TrceAM6iPkMyGl5PyBauZVKztbhWspoQIk7No4IRN7o7HUoApnlrpF03vhLqsXdSZ2tAo5cpy665kf408Y5aXAcXUREwnIjGdsi7bCYlQR2K+csBNSdpIpDmpVgH/kXo8\\u003d\",\"sign\":\"jbZjCAZ37Mb9ZjcK5C6vFC4M41xxMUz6gWksjcDtN1lMcwbRmb/z0mF6a8KhNpyd/mUENzWI6iQc0jSGdpiwOINyMk5c9/jKUgJkEhF+i2uTW1Ahx8MttbSYhZM38R4ZVKYGTEtQCwrX2g4Qab1pkh6OzsS7mCQWd7IV63oKL4k\\u003d\",\"mer_id\":\"7099088\",\"identity_type\":\"IDENTITY_CARD\",\"service\":\"mer_bind_card\",\"user_id\":\"UB201504161636050000000003665807\",\"res_format\":\"HTML\",\"ret_url\":\"http://115.28.171.163:7090/trusteeship_return_web/mer_bind_card\"}', '2015-04-16 18:03:30', null, null, 'sended', 'umpay', 'mer_bind_card', 'http://pay.soopay.net/spay/pay/payservice.do', 'utf-8');
INSERT INTO `trusteeship_operation` VALUES ('34e0a2234abc45b0b94c3664d4853178', '0220150427000059', '20150427000059', 'amount=0&charset=UTF-8&mer_date=20150427&mer_id=7099088&notify_url=http%3A%2F%2F115.28.171.163%3A7090%2Ftrusteeship_return_s2s%2F&order_id=0220150427000059&partic_acc_type=02&partic_type=03&partic_user_id=7099088&project_id=20150427000059&res_format=HTML&ret_url=http%3A%2F%2F115.28.171.163%3A7090%2Ftrusteeship_return_web%2F&serv_type=52&service=project_transfer&sign_type=RSA&trans_action=02&version=1.0', '2015-04-27 16:19:01', '{sign=jmpToDSU+G3aw2nzi+Kq2FA32xlXEPsfsFHPNnc1DZU8VsYwfBUbDxJTKfVXvXyZtapC3QMoLuu56xoX6z5niFhP0PDfwKw94cOnjAUF5Im2kKKhWZyUMl098kdUqSITBbwreBfJl/Qcx/95nq1sx90REM7cZiBrDefot6SW3sI=, ret_code=00060700, ret_msg=请求的参数[amount(0)]格式或值不正确, plain=ret_code=00060700&ret_msg=请求的参数[amount(0)]格式或值不正确}', '2015-04-27 16:19:01', 'refused', 'umpay', 'project_transfer', 'http://pay.soopay.net/spay/pay/payservice.do?amount=0&charset=UTF-8&mer_date=20150427&mer_id=7099088&notify_url=http%3A%2F%2F115.28.171.163%3A7090%2Ftrusteeship_return_s2s%2F&order_id=0220150427000059&partic_acc_type=02&partic_type=03&partic_user_id=7099088&project_id=20150427000059&res_format=HTML&ret_url=http%3A%2F%2F115.28.171.163%3A7090%2Ftrusteeship_return_web%2F&serv_type=52&service=project_transfer&sign_type=RSA&trans_action=02&version=1.0&sign=JcMjy2hAZ9KW4x5QUyZ4EoBZT3%2Fe900bAXNqH680WfQc2AkclPoThyRQRLY0FeFaofjzrJ3FDPgPK0loL4xnr24DD4LrFgcuMAf4A%2BMzdYQRUuEHaCw2ZnNvOFIsZ5tRBrnoeJh7hfjUzdUJ4eJEkFmtIozDvutwO8iiCNsYaX0%3D', 'utf-8');
INSERT INTO `trusteeship_operation` VALUES ('35e42d4f1dcd419f9d64ec50a46f6fa1', '0220150427000060', '20150427000060', 'amount=0&charset=UTF-8&mer_date=20150427&mer_id=7099088&notify_url=http%3A%2F%2F115.28.171.163%3A7090%2Ftrusteeship_return_s2s%2F&order_id=0220150427000060&partic_acc_type=02&partic_type=03&partic_user_id=7099088&project_id=20150427000060&res_format=HTML&ret_url=http%3A%2F%2F115.28.171.163%3A7090%2Ftrusteeship_return_web%2F&serv_type=52&service=project_transfer&sign_type=RSA&trans_action=02&version=1.0', '2015-04-27 16:18:40', '{sign=jmpToDSU+G3aw2nzi+Kq2FA32xlXEPsfsFHPNnc1DZU8VsYwfBUbDxJTKfVXvXyZtapC3QMoLuu56xoX6z5niFhP0PDfwKw94cOnjAUF5Im2kKKhWZyUMl098kdUqSITBbwreBfJl/Qcx/95nq1sx90REM7cZiBrDefot6SW3sI=, ret_code=00060700, ret_msg=请求的参数[amount(0)]格式或值不正确, plain=ret_code=00060700&ret_msg=请求的参数[amount(0)]格式或值不正确}', '2015-04-27 16:18:40', 'refused', 'umpay', 'project_transfer', 'http://pay.soopay.net/spay/pay/payservice.do?amount=0&charset=UTF-8&mer_date=20150427&mer_id=7099088&notify_url=http%3A%2F%2F115.28.171.163%3A7090%2Ftrusteeship_return_s2s%2F&order_id=0220150427000060&partic_acc_type=02&partic_type=03&partic_user_id=7099088&project_id=20150427000060&res_format=HTML&ret_url=http%3A%2F%2F115.28.171.163%3A7090%2Ftrusteeship_return_web%2F&serv_type=52&service=project_transfer&sign_type=RSA&trans_action=02&version=1.0&sign=IE5PiZmHi%2FV0KZTEoeZMNBOzjfqsLhUnAkVhsz0YTpwZKUsq58VEU42JjogfRn3DCKprdAwFb0cxL4oq6vKcAuJMPv7Pd%2Bbnl4zXXwoxeo5wtA5AvDp3xHMI4AaNcWbwT%2Fw2lJT7GSltyJPJwtZU6eDmILf%2BMrU02UMgS2%2BlyKg%3D', 'utf-8');
INSERT INTO `trusteeship_operation` VALUES ('35f12cd02a814dcdb1d96bd1d043f329', '2015042100005100011429946666588', '201504210000510001', '{\"mer_date\":\"20150425\",\"sign_type\":\"RSA\",\"notify_url\":\"http://115.28.171.163:7090/trusteeship_return_s2s/project_transfer_overdue_repay\",\"charset\":\"UTF-8\",\"order_id\":\"2015042100005100011429946666588\",\"version\":\"1.0\",\"amount\":\"9058\",\"sign\":\"gJ7BFj9wXzp1P6XOCEKmZERJxZV5XYhOw5uI8Gg/FiPwXDlNkDIgi/UOXVWlwiyLP/VkGm9Y9Q5jhPnUTErhpjrlTNFsAUujIxWyW1sRBBIBnjLSjyqSw+8n3fL8te03CdI+QxP4/KCz0lty31exu1B6dGcNzx1ZitV0aInM/1E\\u003d\",\"partic_type\":\"02\",\"serv_type\":\"03\",\"partic_user_id\":\"UB201504161125550000000003661819\",\"mer_id\":\"7099088\",\"project_id\":\"20150421000051\",\"partic_acc_type\":\"01\",\"service\":\"project_transfer\",\"trans_action\":\"01\",\"res_format\":\"HTML\",\"ret_url\":\"http://115.28.171.163:7090/trusteeship_return_web/project_transfer_overdue_repay\"}', '2015-04-25 15:24:26', null, null, 'sended', 'umpay', 'project_transfer_overdue_repay', 'http://pay.soopay.net/spay/pay/payservice.do', 'utf-8');
INSERT INTO `trusteeship_operation` VALUES ('3640c186365f4bf6956d2283608ef876', '2015041600000015', '2015041600000015', '{\"mer_date\":\"20150416\",\"sign_type\":\"RSA\",\"notify_url\":\"http://115.28.171.163:7090/trusteeship_return_s2s/mer_recharge_person\",\"charset\":\"UTF-8\",\"order_id\":\"2015041600000015\",\"version\":\"1.0\",\"user_ip\":\"118.187.56.162\",\"amount\":\"10000\",\"sign\":\"R3n4qscjTlNlsDlO3RebZ2/BaffcR4tJPv4z2sUSwK30E5gykbmQeFlKc7UrrpnjPlh+2SeS0DCRsbfWnlpV3t+J2fQkvl1fw7WgANYAHvM4DLWdcagsNg1vkkReqJ+m/ehyaUupISNmUSpUKWW6BqJWnqi8hgA7HYB9rzIShSE\\u003d\",\"gate_id\":\"BCCB\",\"pay_type\":\"B2CDEBITBANK\",\"mer_id\":\"7099088\",\"service\":\"mer_recharge_person\",\"user_id\":\"UB201504161500160000000003664503\",\"res_format\":\"HTML\",\"ret_url\":\"http://115.28.171.163:7090/trusteeship_return_web/mer_recharge_person\"}', '2015-04-16 16:54:00', null, null, 'sended', 'umpay', 'mer_recharge_person', 'http://pay.soopay.net/spay/pay/payservice.do', 'utf-8');
INSERT INTO `trusteeship_operation` VALUES ('36812238ceaa44e097f849bb11aa1ca6', '14292392032386222800011071010402', 'zhengcong', '{\"identity_code\":\"\",\"mer_date\":\"20150417\",\"sign_type\":\"RSA\",\"notify_url\":\"http://115.28.171.163:7090/trusteeship_return_s2s/mer_bind_card\",\"charset\":\"UTF-8\",\"order_id\":\"14292392032386222800011071010402\",\"card_id\":\"cKEy2jhbet/WNm3Y+sCuAF3iEdIf/AjwkrlTyUW5/9WqMw2+FtFP5cdlHTLuOG6WoBx5gsLv1PdqYZUPyH81CCUO2IjUdisZsr6XEIc0ykQWhEMI74v4ztyR8xOu10FxjvcIjaAzTv6cmheqpfJH4rB/AHSjlyd8bR7ONOcJqw8\\u003d\",\"version\":\"1.0\",\"account_name\":\"UUTllLoqLDwogoi79Z7fOFhlGFqyBVV21MSQvrhp/sIwdrUoEgXWaXWeHj4NgEWZrLhEUUIb29Vn+E/1yoKChZSO6UiibGhEdyrn2qS8A2PoTKA362xOAQKxHTiSJ/f8L1rfqjAiOAVjEdR+EylltEPb/WtNc7UsMp1Uihhyn28\\u003d\",\"sign\":\"cX2sRFauMhgczgacnEaRWDkzfY9evUEw/MFesbLFpognb650cYemROY7pZg89DoS+rmo8Dhr1uhdJKFORVtuGU4jvAh7GC7RCBRp5V+q7b5C1tNf1yb9t53JF9YiMzsN2m+YP+kfV9/JLSkOVG9p0rmjzVnykZxkR6OeTgsrHp4\\u003d\",\"mer_id\":\"7099088\",\"identity_type\":\"IDENTITY_CARD\",\"service\":\"mer_bind_card\",\"user_id\":\"UB201504161636050000000003665807\",\"res_format\":\"HTML\",\"ret_url\":\"http://115.28.171.163:7090/trusteeship_return_web/mer_bind_card\"}', '2015-04-17 10:53:23', null, null, 'sended', 'umpay', 'mer_bind_card', 'http://pay.soopay.net/spay/pay/payservice.do', 'utf-8');
INSERT INTO `trusteeship_operation` VALUES ('37ce1acfe6c14c95b2393f38564e32b3', '2015041700000018', '2015041700000018', '{\"mer_date\":\"20150417\",\"sign_type\":\"RSA\",\"notify_url\":\"http://115.28.171.163:7090/trusteeship_return_s2s/mer_recharge_person\",\"charset\":\"UTF-8\",\"order_id\":\"2015041700000018\",\"version\":\"1.0\",\"user_ip\":\"118.187.56.162\",\"amount\":\"9900\",\"sign\":\"S59b93RRGNC3wNCtLSrTE/n5xcYHIJA24QyaesLLNHh9X1IdUr0JAEGqc42SK9q2JrEl2Y7fCcAPUXjsLUsATlRXttqIzw3TjxhnbmdRgZ/OMjmLxXhBpFEk0ZnUjr0SrFZNhn3Ziv6kGNAkgqv03uvhvPLhITypOfHW470gdus\\u003d\",\"gate_id\":\"CCB\",\"pay_type\":\"B2CDEBITBANK\",\"mer_id\":\"7099088\",\"service\":\"mer_recharge_person\",\"user_id\":\"UB201504161636050000000003665807\",\"res_format\":\"HTML\",\"ret_url\":\"http://115.28.171.163:7090/trusteeship_return_web/mer_recharge_person\"}', '2015-04-17 11:01:57', '{trade_no=1504171101581095, mer_date=20150417, sign_type=RSA, ret_msg=充值成功, com_amt=0, order_id=2015041700000018, version=4.0, sign=dEyK3Qv7If6M0r190Zep44igyYFrEZ4uXVzO1XduVVGidryhKcbQ1jsMfXGexxzFA7TyL69cSGLgFh3ftdUT9BPKa5EyRt5T4cDH2DoYqc2dtxmNnvcxsqhUBiWWa9ie872E4CYVhIZCLiORT+UJmdPBKU7G4gNrZtCkpeyTHcg=, balance=000000000000010000, ret_code=0000, mer_check_date=20150417, mer_id=7099088, service=recharge_notify}', '2015-04-17 11:03:15', 'passed', 'umpay', 'mer_recharge_person', 'http://pay.soopay.net/spay/pay/payservice.do', 'utf-8');
INSERT INTO `trusteeship_operation` VALUES ('381914fb5c6d4f8aa5f4dd0a772a7db3', '2015042800007700011430193477896', '201504280000770001', '{\"mer_date\":\"20150428\",\"sign_type\":\"RSA\",\"notify_url\":\"http://115.28.171.163:7090/trusteeship_return_s2s/project_transfer_normal_repay\",\"charset\":\"UTF-8\",\"order_id\":\"2015042800007700011430193477896\",\"version\":\"1.0\",\"amount\":\"10100\",\"sign\":\"FdahJi9g0jvV9mI54DBTmjJgAYqMf1em2ZQI2L/iAFCbvJ/SmPJL3oDbIk1bkdDu9ITuhZYtbh/1wz05hZt6RH1/YKk9pY7MzkiN9a/1SIPk0Bs6yrnnsbc30MdhQsWw7wVJ4oJ5swW/l3X+aZ3IAYt/zEmza15xBUoeBcS4E2Y\\u003d\",\"partic_type\":\"02\",\"serv_type\":\"03\",\"partic_user_id\":\"UB201504161636050000000003665807\",\"mer_id\":\"7099088\",\"project_id\":\"20150428000077\",\"partic_acc_type\":\"01\",\"service\":\"project_transfer\",\"trans_action\":\"01\",\"res_format\":\"HTML\",\"ret_url\":\"http://115.28.171.163:7090/trusteeship_return_web/project_transfer_normal_repay\"}', '2015-04-28 11:57:57', '{sign=OdmlhtVc3r9xJKL4KdQtZbvEP++Otdxbpk+dT1E9p3Ar2XGHQ1Fl88KWbXx3nlG7Jwcp+h5t6NF/9kba/ossHcgMD4T7OKdJRwYH7rkeswqbWNgnnOCY9jPwdPArm+JMGGE+tpRrqiI93rntewJ04VjI9zi9flXak7/6vTcsNDk=, trade_no=1504285017331253, ret_code=0000, mer_date=20150428, mer_id=7099088, mer_check_date=20150428, sign_type=RSA, service=project_tranfer_notify, ret_msg=交易成功。, order_id=2015042800007700011430193477896, version=4.0}', '2015-04-28 11:58:35', 'passed', 'umpay', 'project_transfer_normal_repay', 'http://pay.soopay.net/spay/pay/payservice.do', 'utf-8');
INSERT INTO `trusteeship_operation` VALUES ('3819d38570d64b15a58701ea3a37d606', '0120150427000068', '20150427000068', 'amount=8900&charset=UTF-8&mer_date=20150427&mer_id=7099088&notify_url=http%3A%2F%2F115.28.171.163%3A7090%2Ftrusteeship_return_s2s%2Fproject_transfer_give_money_to_borrower&order_id=0120150427000068&partic_acc_type=01&partic_type=02&partic_user_id=UB201504161125550000000003661819&project_id=20150427000068&res_format=HTML&ret_url=http%3A%2F%2F115.28.171.163%3A7090%2Ftrusteeship_return_web%2Fproject_transfer_give_money_to_borrower&serv_type=53&service=project_transfer&sign_type=RSA&trans_action=02&version=1.0', '2015-04-27 18:05:32', '{sign=HGPUIWjWGLTHE4sBVsGEDOK46n73Nw0w36WuvBOAWfDFiTOvDcLGsv9cV9T00OUdCO/4Jfw7FrGi0l4cMYnVQWAVwhjtoGYaM9XDnXCNhiinj9P5GNY25kOmBDjiNzrBHr7ExnGSWoHWEXzWDoug9nGbcNFUPWrFJXyDMaZqhG8=, trade_no=1504275017144223, ret_code=0000, mer_date=20150427, mer_check_date=20150427, mer_id=7099088, sign_type=RSA, ret_msg=交易成功。, order_id=0120150427000068, plain=mer_check_date=20150427&mer_date=20150427&mer_id=7099088&order_id=0120150427000068&ret_code=0000&ret_msg=交易成功。&trade_no=1504275017144223&version=1.0, version=1.0}', '2015-04-27 18:05:33', 'passed', 'umpay', 'project_transfer_give_money_to_borrower', 'http://pay.soopay.net/spay/pay/payservice.do?amount=8900&charset=UTF-8&mer_date=20150427&mer_id=7099088&notify_url=http%3A%2F%2F115.28.171.163%3A7090%2Ftrusteeship_return_s2s%2Fproject_transfer_give_money_to_borrower&order_id=0120150427000068&partic_acc_type=01&partic_type=02&partic_user_id=UB201504161125550000000003661819&project_id=20150427000068&res_format=HTML&ret_url=http%3A%2F%2F115.28.171.163%3A7090%2Ftrusteeship_return_web%2Fproject_transfer_give_money_to_borrower&serv_type=53&service=project_transfer&sign_type=RSA&trans_action=02&version=1.0&sign=E5jmP1LeafKZ0KyorgzRznmMUTOA1ukuOPIABaeZ4pw4XqRLbcXpA0yDTyeCYCVhu%2FeUen%2FsvkCEXxP4BBatB69Y1l1Fb9wwF6zHrnjHIp59KwKMEhsVyLm%2BNq8SAeMaHjGk5M4pMNcmF%2BDmn6ZZJ%2BeSt%2F0calqp%2F6dJuNWgWl8%3D', 'utf-8');
INSERT INTO `trusteeship_operation` VALUES ('387a10390b4f454fb5208af22ec2a546', '0220150417000050', '20150417000050', 'amount=200&charset=UTF-8&mer_date=20150417&mer_id=7099088&notify_url=http%3A%2F%2F115.28.171.163%3A7090%2Ftrusteeship_return_s2s%2F&order_id=0220150417000050&partic_acc_type=02&partic_type=03&partic_user_id=7099088&project_id=20150417000050&res_format=HTML&ret_url=http%3A%2F%2F115.28.171.163%3A7090%2Ftrusteeship_return_web%2F&serv_type=52&service=project_transfer&sign_type=RSA&trans_action=02&version=1.0', '2015-04-17 14:19:49', '{sign=ElDPs1gcpbkKu2JxM+udJlGzqb5X16gQtwufssCh3yt+RDE7d+zX+lV9jVnBTvS33YsXJtUgAOMUvDLAyI8EUySUJybQN2AyV1PXi5FsCMkRkEBljt0ta0SbLjkvcp8sy57ZxoChlcYVkTpOIJTd0UqRjqJtv1cj+4hlirmmbto=, trade_no=1504175015564913, ret_code=0000, mer_date=20150417, mer_check_date=20150417, mer_id=7099088, sign_type=RSA, ret_msg=交易成功。, order_id=0220150417000050, plain=mer_check_date=20150417&mer_date=20150417&mer_id=7099088&order_id=0220150417000050&ret_code=0000&ret_msg=交易成功。&trade_no=1504175015564913&version=1.0, version=1.0}', '2015-04-17 14:19:49', 'passed', 'umpay', 'project_transfer', 'http://pay.soopay.net/spay/pay/payservice.do?amount=200&charset=UTF-8&mer_date=20150417&mer_id=7099088&notify_url=http%3A%2F%2F115.28.171.163%3A7090%2Ftrusteeship_return_s2s%2F&order_id=0220150417000050&partic_acc_type=02&partic_type=03&partic_user_id=7099088&project_id=20150417000050&res_format=HTML&ret_url=http%3A%2F%2F115.28.171.163%3A7090%2Ftrusteeship_return_web%2F&serv_type=52&service=project_transfer&sign_type=RSA&trans_action=02&version=1.0&sign=aoqSlqTmd372YQQhNXbbZy1SqVLAnrKFqolzrj4Hky7pYQVF0X1GODQj%2FklLZJX9RGckm%2B0r%2F2vcEZGvjQ8Ejt6CR8IiQSbqR3E65gcohwRaxb9SrDRQp76iV0nv%2FD1%2B7x5Zfb3BJbGHzLvquSoOKAvTz6jRchb52MBneh5h89A%3D', 'utf-8');
INSERT INTO `trusteeship_operation` VALUES ('38b0c61cbabb4beeaa2417db38a1abf5', '14298486980106217710701871956', 'wll001', '{\"identity_code\":\"Ce8f+aFlVGrHMpqrmyodT3s9YjzE4e76bRPiQxAael+Qmc7m2pgiYY4Uv+N48i11qJP04JrfFy4lbTDQj31SQ4ozIedVll0NX8jBluNUkfaniz/uKKlGoY0cRVckjaPAJKQrEJYF2+yx5tsNK6UCT45CNxgLS6zXRuEnd9bxDUw\\u003d\",\"mer_date\":\"20150424\",\"sign_type\":\"RSA\",\"notify_url\":\"http://115.28.171.163:7090/trusteeship_return_s2s/mer_bind_card\",\"charset\":\"UTF-8\",\"order_id\":\"14298486980106217710701871956\",\"card_id\":\"TfcGSpzXLreLA4uOytcAjMT5pknA6kpCjW83MyBxva/88npTATbFiRRKpVsia9fc3mWsdQrqS6dgb3Ela4VH1OZl+ms+kfcnSvmTQHKJ1pk0Hwll1D0o93NJSnvrkFNJVihqkFrKLdNTo4qZcxHj+QhPwTbpjIai9C+h8BfBeO0\\u003d\",\"version\":\"1.0\",\"account_name\":\"J+m/ZJN0LQZ7GhSnHhcpVSyIYxs5sYF2DO8a0423d/Jhs6nzNXxXfTefkterS57WzKmZxGQHMGoDX5mE7k75pnRfq52BbmRmNlJasMjGKbxQ0DfOXBqwHwVzSHox0MRd72UiF+D0QDteenQ4Q2FVf8RXXvqaeEFyeAl/Gn5oLWY\\u003d\",\"sign\":\"tf68hePh0OR6yuFuof3Pxf6Vrnfs6JIK6jpHqkxtDsHBAMfY040cbG1HnSrpVrlOa2kD/kWV2xk6Z/aAp+x82YgXI40GJS+uPoxbEpxxQDCKuzpas4XuB+WUomXH5wh0eh4GSHnY3+/U15cNojI//PFd94G3y42DMpESIYJ4Dhs\\u003d\",\"mer_id\":\"7099088\",\"identity_type\":\"IDENTITY_CARD\",\"service\":\"mer_bind_card\",\"user_id\":\"UB201504091030430000000003578704\",\"res_format\":\"HTML\",\"ret_url\":\"http://115.28.171.163:7090/trusteeship_return_web/mer_bind_card\"}', '2015-04-24 12:11:38', null, null, 'sended', 'umpay', 'mer_bind_card', 'http://pay.soopay.net/spay/pay/payservice.do', 'utf-8');
INSERT INTO `trusteeship_operation` VALUES ('390de4e5cc4f42e48c12ac98731518b5', '20150410000039', '20150410000039', 'charset=UTF-8&loan_user_id=UB201504081737010000000003573522&mer_id=7099088&project_amount=100&project_expire_date=20150412&project_id=20150410000039&project_name=%E6%8F%90%E5%89%8D%E8%BF%98%E6%AC%BE&res_format=HTML&service=mer_bind_project&sign_type=RSA&version=1.0', '2015-04-10 16:15:14', '{sign=diqNpMxWpZmlUcu5tzss0uCRbuNz1tjIlU4Z1n+Vkz27Zs5mIKM8DT8w9xHguJqvxdlaUrmz2yKk485/DHXH6jgULIJO+e+V6oD/+WfSX5QnvwWgyoRJmgx4MUAwlV5e/q1N05KTpG7Op0Wh7+nQlRSds7nFcsRv2pCkRTKgnkM=, ret_code=0000, project_state=92, mer_check_date=20150410, mer_id=7099088, sign_type=RSA, ret_msg=操作成功, project_account_id=7099088A0000045, plain=mer_check_date=20150410&mer_id=7099088&project_account_id=7099088A0000045&project_state=92&ret_code=0000&ret_msg=操作成功&version=1.0, version=1.0}', '2015-04-10 16:15:14', 'passed', 'umpay', 'mer_bind_project', 'http://pay.soopay.net/spay/pay/payservice.do?charset=UTF-8&loan_user_id=UB201504081737010000000003573522&mer_id=7099088&project_amount=100&project_expire_date=20150412&project_id=20150410000039&project_name=%E6%8F%90%E5%89%8D%E8%BF%98%E6%AC%BE&res_format=HTML&service=mer_bind_project&sign_type=RSA&version=1.0&sign=D5TYd6CxnuZNdqonQv%2Fg098MAuH2G7mGcpkx%2FPODdJc4OCAl%2F79bsOwDfNtGDaLSZTz7sCq%2BxVaY3F%2BPiqqzg%2BtKYuW%2BiRDjWWOullGhTj00pitmvd5mGCUrAECPl10YnW%2F%2FW8gL8IJUMSim2m7DZenxmNBTYoGT5J3LSevTQSI%3D', 'utf-8');
INSERT INTO `trusteeship_operation` VALUES ('3a63d6f27371400db22e89245fb26041', '20150422000053', '20150422000053', 'charset=UTF-8&loan_user_id=UB201504161125550000000003661819&mer_id=7099088&project_amount=10000&project_expire_date=20150423&project_id=20150422000053&project_name=sjdh&res_format=HTML&service=mer_bind_project&sign_type=RSA&version=1.0', '2015-04-22 14:38:50', '{sign=Q9/bDbo8BAIu14DvQg7cEyOyoUhU1H3kIDJmFZZIUa3nNRvG07FwYYMWL0ZiidJJQ5jGo79PfgCITXFImyEqlnCz9UjKjuDocJkp8Lm5TU069VUKtq+su6yKalBdMWSqfUozOOu6r20gtXmqKuTJNojYVxUnkqGJzWsqmXtoddY=, ret_code=0000, project_state=92, mer_check_date=20150422, mer_id=7099088, sign_type=RSA, ret_msg=操作成功, project_account_id=7099088A0000141, plain=mer_check_date=20150422&mer_id=7099088&project_account_id=7099088A0000141&project_state=92&ret_code=0000&ret_msg=操作成功&version=1.0, version=1.0}', '2015-04-22 14:38:51', 'passed', 'umpay', 'mer_bind_project', 'http://pay.soopay.net/spay/pay/payservice.do?charset=UTF-8&loan_user_id=UB201504161125550000000003661819&mer_id=7099088&project_amount=10000&project_expire_date=20150423&project_id=20150422000053&project_name=sjdh&res_format=HTML&service=mer_bind_project&sign_type=RSA&version=1.0&sign=IRl%2Bck1jyf8zKf4yS1qbpN2yUnZRCAs2t5%2Fx8X0KfHAOjBdGr5U9SjBrYvg42La5iOLsug0FqZy17p2rrvkQw0QsEUk32QF8JQp%2FGGiR2Ko%2BX%2BpxXBG6TiUUd%2ByTzPzaXLdMJyemg3Wg8GGUDAwfB9h8uHtGr6fT6SUASsvUzUo%3D', 'utf-8');
INSERT INTO `trusteeship_operation` VALUES ('3b05394b291646de88eb70f0a6306cc3', '2015042700000007', '2015042700000007', '{\"mer_date\":\"20150427\",\"sign_type\":\"RSA\",\"notify_url\":\"http://115.28.171.163:7090/trusteeship_return_s2s/mer_recharge_person\",\"charset\":\"UTF-8\",\"order_id\":\"2015042700000007\",\"version\":\"1.0\",\"user_ip\":\"118.187.56.162\",\"amount\":\"200\",\"sign\":\"Tg/ZrHSMxUbpbu4/oMLUQms4jdJ6Eu6LXA/7hkJXq8IZ3q/dQeFCPlk7dirq9y4EhQUPJOdgjTgkslo/B05oS1lmVpPTCzdRxIGQgQapgIFloFSOijQaEPC9lFvotAlyWk5rc7u6Ty+tjrmLKOU7m62TpDv/niKVg6nniDANCLE\\u003d\",\"gate_id\":\"ICBC\",\"pay_type\":\"B2CDEBITBANK\",\"mer_id\":\"7099088\",\"service\":\"mer_recharge_person\",\"user_id\":\"UB201504091030430000000003578704\",\"res_format\":\"HTML\",\"ret_url\":\"http://115.28.171.163:7090/trusteeship_return_web/mer_recharge_person\"}', '2015-04-27 16:29:50', '{sign=JEFfeGW24lBjUi3eJRgdjMXpTVYIiHAgO7t0e5YGyE+IkcTwKooOULNN+27uZRDySVSa1ULWOaF9GV1+mZtXM0LqqXnAgTrtcflzAMZI2f1ymZxjbEHuhAjO2QtpAx5lQ8fHHssirpu2PQRPRATo11eBcxsoG2NEijy2uovJXoI=, trade_no=1504271629506251, ret_code=0000, mer_date=20150427, mer_id=7099088, mer_check_date=20150427, sign_type=RSA, service=recharge_notify, ret_msg=充值成功, order_id=2015042700000007, com_amt=0, version=4.0}', '2015-04-27 16:31:26', 'passed', 'umpay', 'mer_recharge_person', 'http://pay.soopay.net/spay/pay/payservice.do', 'utf-8');
INSERT INTO `trusteeship_operation` VALUES ('3b0a565a377d4cc29415fbb5a7c51a03', '14291722493616212260200067624532', 'wll001', '{\"identity_code\":\"vcU9wivAt+gMOqJuf0aoof7rjf7l6P5/l1fqRLBayNTPTTrHkWIPxQVdqZ3Tu/OLn6cXHFzWCGIbz0Y25teaPJRNx3P6Xm1kC3OcPCFDwYnymMPtJr0x3+NcdcbE4TIUvnLN9T7GT+qZMmgQNgZjN4nETIYoS3ML/QIazcKGwEI\\u003d\",\"mer_date\":\"20150416\",\"sign_type\":\"RSA\",\"notify_url\":\"http://115.28.171.163:7090/trusteeship_return_s2s/mer_bind_card\",\"charset\":\"UTF-8\",\"order_id\":\"14291722493616212260200067624532\",\"card_id\":\"qSsl9y5td8pAF4b+o+Ce1gkvYGrInJDErDAmiVI9uxBLFXaJHfSfxVf3afRxe4upe5ukcDO+Q9yAilx+rX4M0VJwlo2ap9f3LV9pSSn/papKZvdkPopBlOxMdafDkOx+I5hHIcTLoNPWQ0QYx9VtyiGvu10SJElZGjvtes3fpik\\u003d\",\"version\":\"1.0\",\"account_name\":\"SibPwuUTmO0xQ62cXZJHvCerhLRsg3k64KEGBwEMmN7rjdBVjey6WbqkUH2WNmVqwNpnN49zaw/YH4XQcnc5laYwkTDLMF2l9L5c2UIoUX+u78rIfdWlJb5b8HQ8wn2kgiq9CaFd38f3JU1Zu87cVR4PIGZYDY8tmU9g2wg7Pcw\\u003d\",\"sign\":\"evcaReKpIKl7ApC8wJrf/p5UMDs+bADoqNKx8T+oN9QIx07Ta9P8DUs2YxZkm0DNczuHRr8AEWLDx5ZaBKyKXoPrS6d8aAsp83+d6NKehLXfQVWnUztcqSL+eR9YYdgr9DEFZ2XVqsjH1In2mZUL/nL3wCbHN5MlHz8H0WyVE54\\u003d\",\"mer_id\":\"7099088\",\"identity_type\":\"IDENTITY_CARD\",\"service\":\"mer_bind_card\",\"user_id\":\"UB201504091030430000000003578704\",\"res_format\":\"HTML\",\"ret_url\":\"http://115.28.171.163:7090/trusteeship_return_web/mer_bind_card\"}', '2015-04-16 16:17:29', null, null, 'sended', 'umpay', 'mer_bind_card', 'http://pay.soopay.net/spay/pay/payservice.do', 'utf-8');
INSERT INTO `trusteeship_operation` VALUES ('3b9128042d004ee49f387002a4c6522b', '20150421000001', '20150421000001', '{\"mer_date\":\"20150421\",\"sign_type\":\"RSA\",\"notify_url\":\"http://115.28.171.163:7090/trusteeship_return_s2s/project_transfer_invest\",\"charset\":\"UTF-8\",\"order_id\":\"20150421000001\",\"version\":\"1.0\",\"amount\":\"10000\",\"sign\":\"KLCumoExDV2tBHmkEHngJKfq7mSisPVZHdV+FLEl3fm9IotP5MSI4biwcIva8QIIpOCKRvUN7Y//nL0uey22s9x/WBao2hjVYYGd4+mPap8hHXayngbmKpJIYxvDzZb5kg8xFHs2g2UPX7GjNmIgzk6tzRj2igRR8e2Vs54TmS8\\u003d\",\"partic_type\":\"01\",\"serv_type\":\"01\",\"partic_user_id\":\"UB201504081447010000000003571502\",\"mer_id\":\"7099088\",\"project_id\":\"20150409000031\",\"partic_acc_type\":\"01\",\"service\":\"project_transfer\",\"trans_action\":\"01\",\"res_format\":\"HTML\",\"ret_url\":\"http://115.28.171.163:7090/trusteeship_return_web/project_transfer_invest\"}', '2015-04-21 09:39:35', null, null, 'sended', 'umpay', 'project_transfer_invest', 'http://pay.soopay.net/spay/pay/payservice.do', 'utf-8');
INSERT INTO `trusteeship_operation` VALUES ('3bb3e0da34a54317a279120c752ea7a4', '2015042000000002', '2015042000000002', '{\"mer_date\":\"20150420\",\"sign_type\":\"RSA\",\"notify_url\":\"http://115.28.171.163:7090/trusteeship_return_s2s/cust_withdrawals\",\"charset\":\"UTF-8\",\"order_id\":\"2015042000000002\",\"version\":\"1.0\",\"amount\":\"2000\",\"sign\":\"pav+53dckOFSV31OoyPnbihxY9B0F7Z1cRfY1Asxp5sqUYVD7SyYakD1n8fPzfMFNN1v89Vr+ovlmv4o36vLcIAnbCeE3elUgIKmv3oQhl/BGqY2Y76NQLtl+xX5Y0L7+0ZbD8drgbyl5CcGqSGDNBqIjCY9mHPXJPe3WJ7KhiE\\u003d\",\"mer_id\":\"7099088\",\"service\":\"cust_withdrawals\",\"user_id\":\"UB201504161636050000000003665807\",\"res_format\":\"HTML\",\"ret_url\":\"http://115.28.171.163:7090/trusteeship_return_web/cust_withdrawals\"}', '2015-04-20 10:31:57', '{trade_no=1504201032462703, mer_date=20150420, trade_state=4, sign_type=RSA, ret_msg=交易成功, order_id=2015042000000002, version=4.0, amount=2000, sign=WXGky2ynMR8QwPiVVWc+P821gQuxbtkYvtQf1hKIK7QC0yBwjBu2AscJptFzLULPLnUAPtOSiNY6zNzjU/u8s9RZuMLaUs9JJnsxEYIGGTsLNB+eypGqDjHM9a8kfYTvG2BrEgdKfM1U0urQz+mucy4a0qMqZap9aq+MZzxdRcI=, transfer_settle_date=20150420, ret_code=0000, mer_id=7099088, transfer_date=20150420}', '2015-04-20 14:27:37', 'passed', 'umpay', 'cust_withdrawals', 'http://pay.soopay.net/spay/pay/payservice.do', 'utf-8');
INSERT INTO `trusteeship_operation` VALUES ('3bd027af05574ab3b561bc96a502a5d2', '20150417000005', '20150417000005', '{\"mer_date\":\"20150417\",\"sign_type\":\"RSA\",\"notify_url\":\"http://115.28.171.163:7090/trusteeship_return_s2s/project_transfer_invest\",\"charset\":\"UTF-8\",\"order_id\":\"20150417000005\",\"version\":\"1.0\",\"amount\":\"5000\",\"sign\":\"SlAyzX0cqDe4VbTrFZrgno5t70Z3r4Gxq5o9PJ0QeLUK2Aji9tM6NLmJzkDMwSjUNe5GtQCEPUzaZ3aMBRxu7yaHNzsjrnH7QcQZZWp36eEkaGfVNSpXeAYqjb7Tse1OXJc64x4OyvplXyFBnSQh0776pE3vNQFrLTF7Q5hklRc\\u003d\",\"partic_type\":\"01\",\"serv_type\":\"01\",\"partic_user_id\":\"UB201504161125570000000003661793\",\"mer_id\":\"7099088\",\"project_id\":\"20150417000050\",\"partic_acc_type\":\"01\",\"service\":\"project_transfer\",\"trans_action\":\"01\",\"res_format\":\"HTML\",\"ret_url\":\"http://115.28.171.163:7090/trusteeship_return_web/project_transfer_invest\"}', '2015-04-17 14:01:34', '{sign=s0fTisL9osWGuF9GYEqNVl3f4Mc02fHnRrJt1yVaioUKBqSukH7KRr6IpjuVnlg7fTSQSDRzOJ35pEHnupOoXOt8rkoKV3q5xes9sW5aZjg/EqwlPNfGZFS+ucDu/GrqoJ9osPVBGu/FNqbJ7caf7CFuSgd5Ok09+ckwu0TNVHA=, trade_no=1504175015554883, ret_code=0000, mer_date=20150417, mer_id=7099088, mer_check_date=20150417, sign_type=RSA, service=project_tranfer_notify, ret_msg=交易成功。, order_id=20150417000005, version=4.0}', '2015-04-17 14:04:22', 'passed', 'umpay', 'project_transfer_invest', 'http://pay.soopay.net/spay/pay/payservice.do', 'utf-8');
INSERT INTO `trusteeship_operation` VALUES ('3c36d3f17f2c4873aadb983253dc9002', '20150416000004', '20150416000004', '{\"mer_date\":\"20150416\",\"sign_type\":\"RSA\",\"notify_url\":\"http://115.28.171.163:7090/trusteeship_return_s2s/project_transfer_invest\",\"charset\":\"UTF-8\",\"order_id\":\"20150416000004\",\"version\":\"1.0\",\"amount\":\"10000\",\"sign\":\"ViMPxD/t0vgrNtsASWo6TOdFfGk5kEkOcEByzajyWI/WBL35ovIbytef2TRwjDl9b3WojUhn8iDxIJHsoRkIPxungPfnah6ytlmK/b/fJI6+6bgHXd1VyJyjc+Yc3bHhLOOxheTGHznKFOr3y4M74YeVvcgui87q/DA8OKdIk1k\\u003d\",\"partic_type\":\"01\",\"serv_type\":\"01\",\"partic_user_id\":\"UB201504161125550000000003661819\",\"mer_id\":\"7099088\",\"project_id\":\"20150416000047\",\"partic_acc_type\":\"01\",\"service\":\"project_transfer\",\"trans_action\":\"01\",\"res_format\":\"HTML\",\"ret_url\":\"http://115.28.171.163:7090/trusteeship_return_web/project_transfer_invest\"}', '2015-04-16 14:39:40', null, null, 'sended', 'umpay', 'project_transfer_invest', 'http://pay.soopay.net/spay/pay/payservice.do', 'utf-8');
INSERT INTO `trusteeship_operation` VALUES ('3c5740ddb7604905bc97f6576d226655', '0220150427000065', '20150427000065', 'amount=0&charset=UTF-8&mer_date=20150427&mer_id=7099088&notify_url=http%3A%2F%2F115.28.171.163%3A7090%2Ftrusteeship_return_s2s%2F&order_id=0220150427000065&partic_acc_type=02&partic_type=03&partic_user_id=7099088&project_id=20150427000065&res_format=HTML&ret_url=http%3A%2F%2F115.28.171.163%3A7090%2Ftrusteeship_return_web%2F&serv_type=52&service=project_transfer&sign_type=RSA&trans_action=02&version=1.0', '2015-04-27 17:33:16', '{sign=jmpToDSU+G3aw2nzi+Kq2FA32xlXEPsfsFHPNnc1DZU8VsYwfBUbDxJTKfVXvXyZtapC3QMoLuu56xoX6z5niFhP0PDfwKw94cOnjAUF5Im2kKKhWZyUMl098kdUqSITBbwreBfJl/Qcx/95nq1sx90REM7cZiBrDefot6SW3sI=, ret_code=00060700, ret_msg=请求的参数[amount(0)]格式或值不正确, plain=ret_code=00060700&ret_msg=请求的参数[amount(0)]格式或值不正确}', '2015-04-27 17:33:16', 'refused', 'umpay', 'project_transfer', 'http://pay.soopay.net/spay/pay/payservice.do?amount=0&charset=UTF-8&mer_date=20150427&mer_id=7099088&notify_url=http%3A%2F%2F115.28.171.163%3A7090%2Ftrusteeship_return_s2s%2F&order_id=0220150427000065&partic_acc_type=02&partic_type=03&partic_user_id=7099088&project_id=20150427000065&res_format=HTML&ret_url=http%3A%2F%2F115.28.171.163%3A7090%2Ftrusteeship_return_web%2F&serv_type=52&service=project_transfer&sign_type=RSA&trans_action=02&version=1.0&sign=hGl23phROpPzFd8So2D7B9HYqwAmUXEQMpiQCfgmS3VAZNq%2BGnuOsLP%2FkBJMOiXfJor%2F4w5NgiBsk4LY3H23IBgbRyKEa5KUyvLFrkh4VprBpZYa%2FLM9yf2rc5BhpaGIG%2BcCDAg11tLMgcPJH%2FuJOrEWm5ZEkMgt3%2BXAi2Bx5XE%3D', 'utf-8');
INSERT INTO `trusteeship_operation` VALUES ('3cc2c5e480f14f11be3aaffa3c5c050d', '2015041700000006', '2015041700000006', '{\"mer_date\":\"20150417\",\"sign_type\":\"RSA\",\"notify_url\":\"http://115.28.171.163:7090/trusteeship_return_s2s/mer_recharge_person\",\"charset\":\"UTF-8\",\"order_id\":\"2015041700000006\",\"version\":\"1.0\",\"user_ip\":\"118.187.56.162\",\"amount\":\"200\",\"sign\":\"sbx5dTYVkw8o+5x0v6ApVfrZ3DEzcsoTFdjxidYwnUrL/xfmz07arVd8w/vcaiLAiXtiyqOLgTJ/xdBtsqFjngPGJWbCB19G1Cfra71lqSiL//OmMYZflV2cHTo85PSoYqujuhQClH7nwZ+LRcx0cW9DUtK511TDN+JOinpztq4\\u003d\",\"gate_id\":\"BCCB\",\"pay_type\":\"B2CDEBITBANK\",\"mer_id\":\"7099088\",\"service\":\"mer_recharge_person\",\"user_id\":\"UB201504161636050000000003665807\",\"res_format\":\"HTML\",\"ret_url\":\"http://115.28.171.163:7090/trusteeship_return_web/mer_recharge_person\"}', '2015-04-17 10:29:36', null, null, 'sended', 'umpay', 'mer_recharge_person', 'http://pay.soopay.net/spay/pay/payservice.do', 'utf-8');
INSERT INTO `trusteeship_operation` VALUES ('3d56197ac1214872ad46f1de8a5e60f7', '2015042100005100011429945837161', '201504210000510001', '{\"mer_date\":\"20150425\",\"sign_type\":\"RSA\",\"notify_url\":\"http://115.28.171.163:7090/trusteeship_return_s2s/project_transfer_overdue_repay\",\"charset\":\"UTF-8\",\"order_id\":\"2015042100005100011429945837161\",\"version\":\"1.0\",\"amount\":\"9058\",\"sign\":\"qpJnVEn8lOn463+qi4kpgMVBqlEHokacDpAXIUtXUAnytG9zFV47AYQUfyiTCZtK/o+gQWdeoHZ9WYuJ2mw2NCO+T2F11G3HbdQy8k0guV5hPGIhpPrfLUlVZwkXK/8glTLLaMoKN5dbMDAKDEr6Q9ac4M2AQBv2zuFKlme11Xo\\u003d\",\"partic_type\":\"02\",\"serv_type\":\"03\",\"partic_user_id\":\"UB201504161125550000000003661819\",\"mer_id\":\"7099088\",\"project_id\":\"20150421000051\",\"partic_acc_type\":\"01\",\"service\":\"project_transfer\",\"trans_action\":\"01\",\"res_format\":\"HTML\",\"ret_url\":\"http://115.28.171.163:7090/trusteeship_return_web/project_transfer_overdue_repay\"}', '2015-04-25 15:10:37', null, null, 'sended', 'umpay', 'project_transfer_overdue_repay', 'http://pay.soopay.net/spay/pay/payservice.do', 'utf-8');
INSERT INTO `trusteeship_operation` VALUES ('3f405410084145abaecac7321a98a9e2', '2015042300000003', '2015042300000003', '{\"mer_date\":\"20150423\",\"sign_type\":\"RSA\",\"notify_url\":\"http://115.28.171.163:7090/trusteeship_return_s2s/mer_recharge_person\",\"charset\":\"UTF-8\",\"order_id\":\"2015042300000003\",\"version\":\"1.0\",\"user_ip\":\"124.200.110.58\",\"amount\":\"200\",\"sign\":\"aI0UqV5GPrNEEuVmt7rTq+0Oq99dBtWUjH2Vd1T5NwopYqtlv/LEnGpe1cZ27izw0Z+nuUPjppC7QRzJo4okOvjIY5P4g2kdVS6f+jjo/JVONdkilRS4veM5d8GV3sZ8gaU23TzgSlZAlLEojPi4tG7CkFbkFt4Kfjb2Yoa9XQ8\\u003d\",\"gate_id\":\"COMM\",\"pay_type\":\"B2CDEBITBANK\",\"mer_id\":\"7099088\",\"service\":\"mer_recharge_person\",\"user_id\":\"UB201504081447010000000003571502\",\"res_format\":\"HTML\",\"ret_url\":\"http://115.28.171.163:7090/trusteeship_return_web/mer_recharge_person\"}', '2015-04-23 20:44:11', null, null, 'sended', 'umpay', 'mer_recharge_person', 'http://pay.soopay.net/spay/pay/payservice.do', 'utf-8');
INSERT INTO `trusteeship_operation` VALUES ('40fcfc7d9f7d45aba3b0a62552e493e2', '2015041600000002', '2015041600000002', '{\"mer_date\":\"20150416\",\"sign_type\":\"RSA\",\"notify_url\":\"http://115.28.171.163:7090/trusteeship_return_s2s/mer_recharge_person\",\"charset\":\"UTF-8\",\"order_id\":\"2015041600000002\",\"version\":\"1.0\",\"user_ip\":\"118.187.56.162\",\"amount\":\"10000\",\"sign\":\"UrSd75g8GTdxpYCtBZue464OKK6hDheCaIqNf19920wusQfK5mHKNEIKLIwVlxGEwB0crk3tuo+A+/QaZHYV/oYLTYTftzeU8Nn+3L/3u9XeX8IFpgLHqK4hxahrKmMr2/VgRqEHKLCfkNc9WAyiuKoruwvOGMrS8+mItso/nX4\\u003d\",\"gate_id\":\"CITIC\",\"pay_type\":\"B2CDEBITBANK\",\"mer_id\":\"7099088\",\"service\":\"mer_recharge_person\",\"user_id\":\"UB201504161500160000000003664503\",\"res_format\":\"HTML\",\"ret_url\":\"http://115.28.171.163:7090/trusteeship_return_web/mer_recharge_person\"}', '2015-04-16 15:01:53', null, null, 'sended', 'umpay', 'mer_recharge_person', 'http://pay.soopay.net/spay/pay/payservice.do', 'utf-8');
INSERT INTO `trusteeship_operation` VALUES ('41275530a74d47768df1395f1dfee635', '201504160000080001', '201504160000080001', 'amount=5045&charset=UTF-8&mer_date=20150416&mer_id=7099088&notify_url=http%3A%2F%2F115.28.171.163%3A7090%2Ftrusteeship_return_s2s%2F&order_id=201504160000080001&partic_acc_type=01&partic_type=01&partic_user_id=UB201504161125570000000003661793&project_id=20150416000049&res_format=HTML&ret_url=http%3A%2F%2F115.28.171.163%3A7090%2Ftrusteeship_return_web%2F&serv_type=54&service=project_transfer&sign_type=RSA&trans_action=02&version=1.0', '2015-04-16 18:16:39', '{sign=BcT/envaNQQofX2leAVpuP8vHYaEMbJmiYTnC9nZY3ZIsF07OLoSYFVE8AscskekfOFco704eB3c2XBc61UikQxGrl/X3/HoNui98QcUasf3GYFM0BiUolgu0FeZbegqRbkvSp0GpyhAdTDXwW6Klee/dJ/nw5P5AQ0HcShpovA=, trade_no=1504165015392303, ret_code=0000, mer_date=20150416, mer_check_date=20150416, mer_id=7099088, sign_type=RSA, ret_msg=交易成功。, order_id=201504160000080001, plain=mer_check_date=20150416&mer_date=20150416&mer_id=7099088&order_id=201504160000080001&ret_code=0000&ret_msg=交易成功。&trade_no=1504165015392303&version=1.0, version=1.0}', '2015-04-16 18:16:40', 'passed', 'umpay', 'project_transfer', 'http://pay.soopay.net/spay/pay/payservice.do?amount=5045&charset=UTF-8&mer_date=20150416&mer_id=7099088&notify_url=http%3A%2F%2F115.28.171.163%3A7090%2Ftrusteeship_return_s2s%2F&order_id=201504160000080001&partic_acc_type=01&partic_type=01&partic_user_id=UB201504161125570000000003661793&project_id=20150416000049&res_format=HTML&ret_url=http%3A%2F%2F115.28.171.163%3A7090%2Ftrusteeship_return_web%2F&serv_type=54&service=project_transfer&sign_type=RSA&trans_action=02&version=1.0&sign=aEkpkuxf5EbXGPH%2F9K4FpH%2FZyqEH5%2Bi7i35EXviWofSDcTAqeM3WeUPFSBWisCCwoZWu7m%2BtHYiYbYKnrV633%2Ff9I9QzhLmKq8Tp5TNZUYSFJKO%2BKRKfm8IB7a%2BQnUFkbI0cO6sniI%2B6DcH0%2Btc9pPJotholJAEGJ3wgfTlQopc%3D', 'utf-8');
INSERT INTO `trusteeship_operation` VALUES ('4161912cae7041e4933d9e478d529cad', '2015042100005100011430132185357', '201504210000510001', '{\"mer_date\":\"20150427\",\"sign_type\":\"RSA\",\"notify_url\":\"http://115.28.171.163:7090/trusteeship_return_s2s/project_transfer_overdue_repay\",\"charset\":\"UTF-8\",\"order_id\":\"2015042100005100011430132185357\",\"version\":\"1.0\",\"amount\":\"9058\",\"sign\":\"nDgfkkgyWexwQT+J0BYzWynpHJF0cTjkL5+N9oIDbYiyundLgJx9X18PVelUmpL5R+iqEuccvEL3dNGPZZZHCGS3iDFNvnePeQZIPbIkoOPxRp0FQCrgMRzc4pu27rdIQuQaCktWB0jX9WIEELKfBkxmBwAX52lB5UMkBnwg7uk\\u003d\",\"partic_type\":\"02\",\"serv_type\":\"03\",\"partic_user_id\":\"UB201504161125550000000003661819\",\"mer_id\":\"7099088\",\"project_id\":\"20150421000051\",\"partic_acc_type\":\"01\",\"service\":\"project_transfer\",\"trans_action\":\"01\",\"res_format\":\"HTML\",\"ret_url\":\"http://115.28.171.163:7090/trusteeship_return_web/project_transfer_overdue_repay\"}', '2015-04-27 18:56:25', null, null, 'sended', 'umpay', 'project_transfer_overdue_repay', 'http://pay.soopay.net/spay/pay/payservice.do', 'utf-8');
INSERT INTO `trusteeship_operation` VALUES ('4191e3e9193149189d08f76133308756', '14291789317126225881007549453', 'zhengcong', '{\"identity_code\":\"\",\"mer_date\":\"20150416\",\"sign_type\":\"RSA\",\"notify_url\":\"http://115.28.171.163:7090/trusteeship_return_s2s/mer_bind_card\",\"charset\":\"UTF-8\",\"order_id\":\"14291789317126225881007549453\",\"card_id\":\"CYFtF/zaM9mWbj9i3aLqKOv4j+iKhq7hd9hTFB4RRCVgc+CKSONulYTGkxMJZivkVJxFnsZfzmD9GJjNEIl+Xgy/NTrQ2cMB0Jc1hyNs5KGNTjUzH4xYp7mXiaLzSB0jAPcrWQx5Rp/kcWR1RVY8nosZIhF/0Bh2WE3C9ni90Sg\\u003d\",\"version\":\"1.0\",\"account_name\":\"oorQ1rjhTyQkSDQAsHwXbeUh2+M3Ee9GEdfhdtN0O/Svb2+rMonIeXcNtUAOWO8/hViS+++0fEsYR6ldmjfMxrLdg5zdAwYbwxO1aqCjgjHqgyOY4KbsxzEO0S019L7AJz+VotjCTV2hu1OvTNa6tG02+R+Jc8R0w8+F2c69X5g\\u003d\",\"sign\":\"P6afMHEu/tvPNhNmhesUcZbkEMRwPWD9oUqzEomdQvKIeYikmxE7RgWrSNJpmI3fR4yvET0NZ+c4VPYydCnen/xbvpJUrGCtZt/rRlWraAsyYOxdce6XhEF4lSHF5td21se2R76GPpu2jO93jEmQP+76d6p2YlB5tmOpnJCNMgU\\u003d\",\"mer_id\":\"7099088\",\"identity_type\":\"IDENTITY_CARD\",\"service\":\"mer_bind_card\",\"user_id\":\"UB201504161636050000000003665807\",\"res_format\":\"HTML\",\"ret_url\":\"http://115.28.171.163:7090/trusteeship_return_web/mer_bind_card\"}', '2015-04-16 18:08:51', null, null, 'sended', 'umpay', 'mer_bind_card', 'http://pay.soopay.net/spay/pay/payservice.do', 'utf-8');
INSERT INTO `trusteeship_operation` VALUES ('41b2ad73ceaa4079a5ef3632d59aeced', '2015042800000001', '2015042800000001', '{\"mer_date\":\"20150428\",\"sign_type\":\"RSA\",\"notify_url\":\"http://115.28.171.163:7090/trusteeship_return_s2s/mer_recharge_person\",\"charset\":\"UTF-8\",\"order_id\":\"2015042800000001\",\"version\":\"1.0\",\"user_ip\":\"118.187.56.162\",\"amount\":\"800\",\"sign\":\"M3EAiD7g9XK90SU6bdnJgab4bS4cA0aFSZ2w8CzqR+A5jjhCUfDb8nPFinqhZvbaHe6EGPCESYfVfp8JujFlbSpM2LNsroq80CMoDj8COcWiPQ2CU32CAtLGenZe1alW+1mFFzVKGFw8s1nMKUbrrIMxpetKGVbvjZi8ZDt/GCM\\u003d\",\"gate_id\":\"ICBC\",\"pay_type\":\"B2CDEBITBANK\",\"mer_id\":\"7099088\",\"service\":\"mer_recharge_person\",\"user_id\":\"UB201504091030430000000003578704\",\"res_format\":\"HTML\",\"ret_url\":\"http://115.28.171.163:7090/trusteeship_return_web/mer_recharge_person\"}', '2015-04-28 11:41:58', '{trade_no=1504281141581352, mer_date=20150428, sign_type=RSA, ret_msg=充值成功, com_amt=0, order_id=2015042800000001, version=4.0, sign=dRP1zrLU9yPges/CQDS5CWA/4egsyN53Jfa8nNYzdG0Lh7ty6rLk3aWNaDTKaW8M6moD8sheJUDSrm7PDbh0xrGvZDMqss4alsJ+XUxDD120OgeWbr0VqeqtCaNNeoPzf3NWYxP4GAxIR6HnJHfd3KQsr0mspRDM8JDEX3aphRo=, balance=00000000002543, ret_code=0000, mer_check_date=20150428, mer_id=7099088, service=recharge_notify}', '2015-04-28 11:42:46', 'passed', 'umpay', 'mer_recharge_person', 'http://pay.soopay.net/spay/pay/payservice.do', 'utf-8');
INSERT INTO `trusteeship_operation` VALUES ('41e7beb4927f496d9cf4d94dc4198e1f', '1429238064833', 'sidneygao', '{\"identity_code\":\"SkZvS4AMZq7iIxqYugzgWexSTsaHGKOt/GSRlp0W+KchkRxQxLAnco1Z4Kt1l6xBkGNBNIbrTFf3Ot3GCnugRHuxjoPd4t6VijcgBcQyl3CFhxQ4G7PSTuEBtuwyhZnLOePGYM/u7KBPGapk79GAloRW10Ef3CZpUZOozdIjjw4\\u003d\",\"mer_date\":\"20150417\",\"sign_type\":\"RSA\",\"notify_url\":\"http://115.28.171.163:7090/trusteeship_return_s2s/mer_bind_card\",\"charset\":\"UTF-8\",\"order_id\":\"1429238064833\",\"card_id\":\"\",\"version\":\"1.0\",\"account_name\":\"Z6AfUe8XgPMvOn5P+3N/YkCMlVJ8vBtFJjb88wtKvKy8d7oJ+ly9LkVDCwycLsMfNo9qtvjY7QPFVBW9TzN37Bp2T8YTGSkqubwIiGNsGUSdYWwuds+h03NyqiuYhxCmdOvf4B04uXh6t3WGrlZkFMszCv8Dlv/gZTHbZBxHgVs\\u003d\",\"sign\":\"rP31wH7tx8ME3Tlo9vXt9S7MXeVDmPBKtsxpC4Tp0uY5E7d6Pte8Fs2hbLf06GGV/9dV2KgMYxgsBADvCSc4R5t5XJby2egiYNGcS/XI/MoMi6wLCK2MPoGYUS7a+Epo93V1ieyqdik21TgBRNBUS28IDPtTZlC/Mmtr4Bds02A\\u003d\",\"mer_id\":\"7099088\",\"identity_type\":\"IDENTITY_CARD\",\"service\":\"mer_bind_card\",\"user_id\":\"UB201504161125550000000003661819\",\"res_format\":\"HTML\",\"ret_url\":\"http://115.28.171.163:7090/trusteeship_return_web/mer_bind_card\"}', '2015-04-17 10:34:24', null, null, 'sended', 'umpay', 'mer_bind_card', 'http://pay.soopay.net/spay/pay/payservice.do', 'utf-8');
INSERT INTO `trusteeship_operation` VALUES ('428058e6d79643239179637481752439', '20150410000003', '20150410000003', '{\"mer_date\":\"20150410\",\"sign_type\":\"RSA\",\"notify_url\":\"http://115.28.171.163:7090/trusteeship_return_s2s/project_transfer_invest\",\"charset\":\"UTF-8\",\"order_id\":\"20150410000003\",\"version\":\"1.0\",\"amount\":\"100\",\"sign\":\"J5xcXoH7QnjF/6d97TnwLiMcm35eU0n8a5jcVMm9tRVsdTPZTdeH3fpHBFtgk+NFVeGYKxcoHf4pk3QbOiOJX+IwmcnTn0b2DPS/X3TehUeOlRh6uFdyC1DM7Et5vv5koiXVWTB2xuPiQUYIFC6fbrF+1hEIzj+435W9+ceFhrQ\\u003d\",\"partic_type\":\"01\",\"serv_type\":\"01\",\"partic_user_id\":\"UB201504081707280000000003573277\",\"mer_id\":\"7099088\",\"project_id\":\"20150410000038\",\"partic_acc_type\":\"01\",\"service\":\"project_transfer\",\"trans_action\":\"01\",\"res_format\":\"HTML\",\"ret_url\":\"http://115.28.171.163:7090/trusteeship_return_web/project_transfer_invest\"}', '2015-04-10 14:55:06', '{sign=sAhni6fpmhNLccdgLZOJ7LOqt5do1NBiCXMdCi97zDbyv6gmUy7acoh3dazBwt8pIsxF3/yFv6unlQEbdf7p5o0YGLEwnBhMPP45f/J3wSVWrXf94vUmBlNm9TyChQV//U6VHeLbqIkUjqAP6w3vrDhAJui/r4wlCt3coxmKIQM=, trade_no=1504105014190983, ret_code=0000, mer_date=20150410, mer_id=7099088, mer_check_date=20150410, sign_type=RSA, service=project_tranfer_notify, ret_msg=交易成功。, order_id=20150410000003, version=4.0}', '2015-04-10 14:55:47', 'passed', 'umpay', 'project_transfer_invest', 'http://pay.soopay.net/spay/pay/payservice.do', 'utf-8');
INSERT INTO `trusteeship_operation` VALUES ('42f596bd0aae449598c88ca6b3e817a4', '14291797289106212260200067624532', 'wll001', '{\"identity_code\":\"tpzoTfFktauuIfZTiAVBdReN1CqVP3wuI0soFfxKCiLPL8Ns9ddc4I2qZZ0TM6Ekk7Bg/UfFE8k8c5oz+bHMA4u1prZIOfiTYn7BzwJPWX/5YCIHpMD/V1wtqe67m4vxsE4UYfZDfK85sU7+TvXzMVLLUIlnGdiqux1aG1cDFiY\\u003d\",\"mer_date\":\"20150416\",\"sign_type\":\"RSA\",\"notify_url\":\"http://115.28.171.163:7090/trusteeship_return_s2s/mer_bind_card\",\"charset\":\"UTF-8\",\"order_id\":\"14291797289106212260200067624532\",\"card_id\":\"PtRkW7zRUZLL5FNyC6miB9V4SUopzDQ8nYW/bxRQD5bJlNwNMeknEs6xmu7b5wEgWkZzVGJawShDr013QNLcdFW50wLcVLkKA532IqViOg8ynwI/uAnwNxncmozZNRbgaesLXm5/+g4SYFgxPXU44XJDBkDEtXLbXwN37T9FQpU\\u003d\",\"version\":\"1.0\",\"account_name\":\"eNIexk0ExkvVaWfeTuzQZ4LAbhKZn4Z31kz6G0Y5WpWQiBCsrl6UnG4W7lGs4MwbTHGXAvskExAj5Dl2PWH1jtx5jMTIhMBK8K9uOxNfdRls7CWX9j5XHBB1RVqOo/L4gSbDZ70+IaYGTOaKWVUfdwoiOCLzexF6M6kRjFhEGcs\\u003d\",\"sign\":\"rKOgEKX9TKF9JJ0eXmwBkwuhSbmPeInDUfOyo2Qb7R8Q7VMXWO5BwbYw/4Saoc/2vzQSdRlpetmPSyg1O+v7UCyX2TijNcdbK/Iv+A9MWexRYpniteVjR77qhJZ09AqfcQhIAYwUSZy8jATrg/VwzTK+iJb/96ksihVoT8x0XzE\\u003d\",\"mer_id\":\"7099088\",\"identity_type\":\"IDENTITY_CARD\",\"service\":\"mer_bind_card\",\"user_id\":\"UB201504091030430000000003578704\",\"res_format\":\"HTML\",\"ret_url\":\"http://115.28.171.163:7090/trusteeship_return_web/mer_bind_card\"}', '2015-04-16 18:22:08', null, null, 'sended', 'umpay', 'mer_bind_card', 'http://pay.soopay.net/spay/pay/payservice.do', 'utf-8');
INSERT INTO `trusteeship_operation` VALUES ('433fdcf75b1c4683be13bdae5fd61926', '2015041000000001', '2015041000000001', '{\"mer_date\":\"20150410\",\"sign_type\":\"RSA\",\"notify_url\":\"http://115.28.171.163:7090/trusteeship_return_s2s/mer_recharge_person\",\"charset\":\"UTF-8\",\"order_id\":\"2015041000000001\",\"version\":\"1.0\",\"user_ip\":\"124.200.110.58\",\"amount\":\"100\",\"sign\":\"q7uoJ4GylX7JaMnsskgYI/AEXv/BqDz9SktsmizcUxenOdyQP0UWq4LFeaUb0Q5SKs57W3Q0FPwuawnHd4cM2RlTqtFv0zM2XiMqVgGID2BGWYDTQXFsTFT0pFHOkbf1pWCx2z5fNYbJPmJ/+75jjeHrNZ2e2mlffHSuXuMhT6I\\u003d\",\"gate_id\":\"CCB\",\"pay_type\":\"B2CDEBITBANK\",\"mer_id\":\"7099088\",\"service\":\"mer_recharge_person\",\"user_id\":\"UB201504081737010000000003573522\",\"res_format\":\"HTML\",\"ret_url\":\"http://115.28.171.163:7090/trusteeship_return_web/mer_recharge_person\"}', '2015-04-10 09:55:07', null, null, 'sended', 'umpay', 'mer_recharge_person', 'http://pay.soopay.net/spay/pay/payservice.do', 'utf-8');
INSERT INTO `trusteeship_operation` VALUES ('44f389ed64fc4f9f9dbe0222d39c6120', '2015040800000006', '2015040800000006', '{\"mer_date\":\"20150408\",\"sign_type\":\"RSA\",\"notify_url\":\"http://115.28.171.163:7090/trusteeship_return_s2s/mer_recharge_person\",\"charset\":\"UTF-8\",\"order_id\":\"2015040800000006\",\"version\":\"1.0\",\"user_ip\":\"124.200.110.58\",\"amount\":\"100\",\"sign\":\"VvtyECFhqhZTMWcy5Brst5EsUxnA3MkhDbzL9J1PcvJf2rhcI7SLYJmmyFJ6o8yFZwPLceV8g7qPt3gWHPT8fRNXzc2g9ZNSH9ObcER5pUqfGlD7Gk1MMLpnRKMWS1lcYp1Yis5oxtQ2+UGupwL67p4t1hZk1/3+yV/7M4jbFH8\\u003d\",\"gate_id\":\"CITIC\",\"pay_type\":\"B2CDEBITBANK\",\"mer_id\":\"7099088\",\"service\":\"mer_recharge_person\",\"user_id\":\"UB201504081737010000000003573522\",\"res_format\":\"HTML\",\"ret_url\":\"http://115.28.171.163:7090/trusteeship_return_web/mer_recharge_person\"}', '2015-04-08 17:37:14', null, null, 'sended', 'umpay', 'mer_recharge_person', 'http://pay.soopay.net/spay/pay/payservice.do', 'utf-8');
INSERT INTO `trusteeship_operation` VALUES ('456d7bfc1c4c4714b41a73e8d1c17d8c', '14289065094636225880173032708', 'jdsb1', '{\"identity_code\":\"fibY90rmd8mjKlGgn6cdrYfsq0veznn6GZrg4EztkqWPqKZReOEp8KQTeA+bImKrHUHa6sovBaqITJGHHwb9qqVx1EJg+UziiIi9PpTpSNLK0vLRQg4rH9M/jij/3LhrCYSv9gGMS30E+1V7tRBdMBDk5v+lmHdr7GOTjLRtdL0\\u003d\",\"mer_date\":\"20150413\",\"sign_type\":\"RSA\",\"notify_url\":\"http://115.28.171.163:7090/trusteeship_return_s2s/mer_bind_card\",\"charset\":\"UTF-8\",\"order_id\":\"14289065094636225880173032708\",\"card_id\":\"gY5skTE6TtNVmtX7rSHbxj5UYdwYkOZACnyoYZ5kegKSEqeyWpI0fX4MrQDRhODfUta4EvbKJi+UgYY8kxrBkKrQYl8KPPuLfqAmNqHNxoYhB3m3N0DZPb3V2DM+tziShlg5IOyC+5tiPTcCxogSxUHy1RcT9ZG1QFTGvgrwJX0\\u003d\",\"version\":\"1.0\",\"account_name\":\"jgNwFK/L1iSzzXunSD0TlV4t6rvgWR9U41aZKvgZdvOK98yXJPrdoaNagvPjIkhPAentEMSRVeChJz2QgX6GzKXI/EpFw5wbzyeuEeAFpCyeGDveTHdYtX4wqCh102ig5ICT5s8vvanx951qgshlTNZ7OuF+z/HTY+FxNyrHla0\\u003d\",\"sign\":\"etOnplgC5/uy81TXpQs8KX+ozcy7evWowfCBpHAr0ebQ/MOfZXhbEHRNSiWhExlpMT/jygL7tMjZRAJomjsX3ygGgas8WgAvl4KVsTI3pplS8j3F2/mZjoVxq1Tm9lL1d+gusVHhtolC/wW5sXeZLxsmlIOTRqzHtnw2ybVT3eo\\u003d\",\"mer_id\":\"7099088\",\"identity_type\":\"IDENTITY_CARD\",\"service\":\"mer_bind_card\",\"user_id\":\"UB201504081707280000000003573277\",\"res_format\":\"HTML\",\"ret_url\":\"http://115.28.171.163:7090/trusteeship_return_web/mer_bind_card\"}', '2015-04-13 14:28:29', null, null, 'sended', 'umpay', 'mer_bind_card', 'http://pay.soopay.net/spay/pay/payservice.do', 'utf-8');
INSERT INTO `trusteeship_operation` VALUES ('4614fe19da6741959a3dd55a76876e92', '2015041600000018', '2015041600000018', '{\"mer_date\":\"20150416\",\"sign_type\":\"RSA\",\"notify_url\":\"http://115.28.171.163:7090/trusteeship_return_s2s/mer_recharge_person\",\"charset\":\"UTF-8\",\"order_id\":\"2015041600000018\",\"version\":\"1.0\",\"user_ip\":\"118.187.56.162\",\"amount\":\"12100\",\"sign\":\"Q0SI3vLDUu39LmLCZDEwTcZkmSTVEk0GAZ4MTfMPYA9w+sp3/0Y5nBk/PgZYbGNeP5iO3supeA5PdJIJRNpf0qiHsHRyYtxEYTFyzaQHH7FvD+i3+SqXDv77W/k5QijRSY6E0a+Y4i11BG3ruNbJQ3wirHcXc355JiDfsmcq4fU\\u003d\",\"gate_id\":\"HXB\",\"pay_type\":\"B2CDEBITBANK\",\"mer_id\":\"7099088\",\"service\":\"mer_recharge_person\",\"user_id\":\"UB201504161636050000000003665807\",\"res_format\":\"HTML\",\"ret_url\":\"http://115.28.171.163:7090/trusteeship_return_web/mer_recharge_person\"}', '2015-04-16 16:58:25', null, null, 'sended', 'umpay', 'mer_recharge_person', 'http://pay.soopay.net/spay/pay/payservice.do', 'utf-8');
INSERT INTO `trusteeship_operation` VALUES ('4645ae480f3f423eb2902fc4b29afc28', '2015042400000003', '2015042400000003', '{\"mer_date\":\"20150424\",\"sign_type\":\"RSA\",\"notify_url\":\"http://115.28.171.163:7090/trusteeship_return_s2s/cust_withdrawals\",\"charset\":\"UTF-8\",\"order_id\":\"2015042400000003\",\"version\":\"1.0\",\"amount\":\"9134\",\"sign\":\"fEYztSFr0/10x1gm7SbkkkaC3vHoUvwnSWLf0Ra6Cgm8tNqJL6d8/KfaVCplNrt+n43MOIWMAAVByJxjTba0/d/DxOq0X3XS/tOnP77wJH3jotQyXPMEh6XV0CfqpKXOTsEvJwwfpWMJDW6Qgfo8LDURcXFb3ApwRV9CEwk30B0\\u003d\",\"mer_id\":\"7099088\",\"service\":\"cust_withdrawals\",\"user_id\":\"UB201504161125570000000003661793\",\"res_format\":\"HTML\",\"ret_url\":\"http://115.28.171.163:7090/trusteeship_return_web/cust_withdrawals\"}', '2015-04-24 17:51:09', null, null, 'sended', 'umpay', 'cust_withdrawals', 'http://pay.soopay.net/spay/pay/payservice.do', 'utf-8');
INSERT INTO `trusteeship_operation` VALUES ('46b99de2635e41b2a0bf45ae38a8c8b0', '0220150427000066', '20150427000066', 'amount=100&charset=UTF-8&mer_date=20150427&mer_id=7099088&notify_url=http%3A%2F%2F115.28.171.163%3A7090%2Ftrusteeship_return_s2s%2F&order_id=0220150427000066&partic_acc_type=02&partic_type=03&partic_user_id=7099088&project_id=20150427000066&res_format=HTML&ret_url=http%3A%2F%2F115.28.171.163%3A7090%2Ftrusteeship_return_web%2F&serv_type=52&service=project_transfer&sign_type=RSA&trans_action=02&version=1.0', '2015-04-27 17:44:43', '{sign=diQSKQBLnGHqEMeOQ3LgSvvdiokOmQfpG+HlZ6TIQxNvJnyRX88H14plNNCrhnKC3AnAoNY1lOioMwV1UOeXw5hI4wuK/i9sia2R/UBY2thT06q/hZIgYXNW0yg1KYkNgfxuWXtYFNjaS2AVxYbde6I0asosTNDm1YTZhQ5FjEE=, trade_no=1504275017135463, ret_code=0000, mer_date=20150427, mer_check_date=20150427, mer_id=7099088, sign_type=RSA, ret_msg=交易成功。, order_id=0220150427000066, plain=mer_check_date=20150427&mer_date=20150427&mer_id=7099088&order_id=0220150427000066&ret_code=0000&ret_msg=交易成功。&trade_no=1504275017135463&version=1.0, version=1.0}', '2015-04-27 17:44:43', 'passed', 'umpay', 'project_transfer', 'http://pay.soopay.net/spay/pay/payservice.do?amount=100&charset=UTF-8&mer_date=20150427&mer_id=7099088&notify_url=http%3A%2F%2F115.28.171.163%3A7090%2Ftrusteeship_return_s2s%2F&order_id=0220150427000066&partic_acc_type=02&partic_type=03&partic_user_id=7099088&project_id=20150427000066&res_format=HTML&ret_url=http%3A%2F%2F115.28.171.163%3A7090%2Ftrusteeship_return_web%2F&serv_type=52&service=project_transfer&sign_type=RSA&trans_action=02&version=1.0&sign=AbjRNmnTemc5mC79sj4a5El4Cumb32cpgczZGL5K3qj7rzb1Utc6ZNwddtjDqrNmz1DfFQqRRC0spKQ4MU12%2BlPnalxwsrtZ%2By1fFC5arFYsBf3lpED2JHmhwT3LimnmgFHOalCn9Gk4HF3QN9ZwEoeXSx%2BczpokOPiJDViors0%3D', 'utf-8');
INSERT INTO `trusteeship_operation` VALUES ('46d03f2a1c2546f5b225ca7cdc6a61de', '20150427000011', '20150427000011', '{\"mer_date\":\"20150427\",\"sign_type\":\"RSA\",\"notify_url\":\"http://115.28.171.163:7090/trusteeship_return_s2s/project_transfer_invest\",\"charset\":\"UTF-8\",\"order_id\":\"20150427000011\",\"version\":\"1.0\",\"amount\":\"2500\",\"sign\":\"ifsSrZkillysBT7x0JYFPZZxojW8Ph1Z0UTUvnRId3uPXX/riCzzQMXSQketQpRzf0qMRhb0y2vDQjYLFfILQ3SX7zXLHyZqUw4lvtyCaHPkHFIKwdxEndcBdQIGsZNJbFKKEdrkBCo7GDz9pxt509vygUK1Icq9V41oB3UL/Qc\\u003d\",\"partic_type\":\"01\",\"serv_type\":\"01\",\"partic_user_id\":\"UB201504091030430000000003578704\",\"mer_id\":\"7099088\",\"project_id\":\"20150427000061\",\"partic_acc_type\":\"01\",\"service\":\"project_transfer\",\"trans_action\":\"01\",\"res_format\":\"HTML\",\"ret_url\":\"http://115.28.171.163:7090/trusteeship_return_web/project_transfer_invest\"}', '2015-04-27 16:31:35', '{sign=BWUjJYxTDmnJNkC7NqSCzpvV9uqT0b5mtwn6THIBpXmVuGrkweObOYrCoRChXbMnv9JWIXskSdXaZqx9p689E3XhreYq+ZhdSc3RZMsm3F/XgSp3rMRz1X8JVIjiGHUeAAX2XxE+0HZH8TdWtITCz4RGyJm0CxTvQC5gG+m2C+Q=, trade_no=1504275017127113, ret_code=0000, mer_date=20150427, mer_id=7099088, mer_check_date=20150427, sign_type=RSA, service=project_tranfer_notify, ret_msg=交易成功。, order_id=20150427000011, version=4.0}', '2015-04-27 16:32:04', 'passed', 'umpay', 'project_transfer_invest', 'http://pay.soopay.net/spay/pay/payservice.do', 'utf-8');
INSERT INTO `trusteeship_operation` VALUES ('489b977d9ccc4985bd8415bdf2975007', '0120150422000002', '20150422000002', 'amount=3500&charset=UTF-8&mer_date=20150422&mer_id=7099088&notify_url=http%3A%2F%2F115.28.171.163%3A7090%2Ftrusteeship_return_s2s%2Fproject_transfer_fail_by_manager&order_id=0120150422000002&partic_acc_type=01&partic_type=01&partic_user_id=UB201504161125570000000003661793&project_id=20150422000055&res_format=HTML&ret_url=http%3A%2F%2F115.28.171.163%3A7090%2Ftrusteeship_return_web%2Fproject_transfer_fail_by_manager&serv_type=51&service=project_transfer&sign_type=RSA&trans_action=02&version=1.0', '2015-04-22 14:49:56', '{sign=qmu/WqFG24ExIOakTkzvGDNK7oFRZRTt4NFnHaS7BJrfcD5GkEnHcuonCNrwXaGKcqjliz0rTQhQdGt+EFHtKSRA3Ji8bMFNhDVOVQHWYiAFwAZbpo5PSYB8jEsJaf+k1QSAQmhJaXmh4GPnbQYWS2hAaAmFIryifLToPEx944Q=, trade_no=1504225016314003, ret_code=0000, mer_date=20150422, mer_check_date=20150422, mer_id=7099088, sign_type=RSA, ret_msg=交易成功。, order_id=0120150422000002, plain=mer_check_date=20150422&mer_date=20150422&mer_id=7099088&order_id=0120150422000002&ret_code=0000&ret_msg=交易成功。&trade_no=1504225016314003&version=1.0, version=1.0}', '2015-04-22 14:49:57', 'passed', 'umpay', 'project_transfer_fail_by_manager', 'http://pay.soopay.net/spay/pay/payservice.do?amount=3500&charset=UTF-8&mer_date=20150422&mer_id=7099088&notify_url=http%3A%2F%2F115.28.171.163%3A7090%2Ftrusteeship_return_s2s%2Fproject_transfer_fail_by_manager&order_id=0120150422000002&partic_acc_type=01&partic_type=01&partic_user_id=UB201504161125570000000003661793&project_id=20150422000055&res_format=HTML&ret_url=http%3A%2F%2F115.28.171.163%3A7090%2Ftrusteeship_return_web%2Fproject_transfer_fail_by_manager&serv_type=51&service=project_transfer&sign_type=RSA&trans_action=02&version=1.0&sign=ipBfTZRst1sPL77DCf08UWPLlTq1dL0SDslxb%2B%2Bsym1Fb6TOVD7%2BFveVE%2FzabX8%2BaqtbFgcW2cURLYfPGVTn80yp382IyoQkxkHddtfISr3f2H328c0I6%2BPZaTGFVjoBgSKWvU74yJUY0BVvXPCuevIC%2Bv6SNJTXQOd7G1QM5oA%3D', 'utf-8');
INSERT INTO `trusteeship_operation` VALUES ('48cd3521ea6a4ec19c835b686d7a4a39', '2015042200000005', '2015042200000005', '{\"mer_date\":\"20150422\",\"sign_type\":\"RSA\",\"notify_url\":\"http://115.28.171.163:7090/trusteeship_return_s2s/mer_recharge_person\",\"charset\":\"UTF-8\",\"order_id\":\"2015042200000005\",\"version\":\"1.0\",\"user_ip\":\"124.200.110.58\",\"amount\":\"100\",\"sign\":\"RoFg0G7/fLaon2C3bxIY91uuIzgq7V6VAwidTNQ5vs7HTWACSdZmCHMi67ZrJtXIVIvpH+9hXbHfOu4odRNcFATKo2x1iHvihFNX3uWE1x2GiSqtfIjC8ONsRWsaPHhRTfXQmabvXvF9gk5OJqlzh5aWFQsOque24w8eUfP2aXY\\u003d\",\"gate_id\":\"NJCB\",\"pay_type\":\"B2CDEBITBANK\",\"mer_id\":\"7099088\",\"service\":\"mer_recharge_person\",\"user_id\":\"UB201504081447010000000003571502\",\"res_format\":\"HTML\",\"ret_url\":\"http://115.28.171.163:7090/trusteeship_return_web/mer_recharge_person\"}', '2015-04-22 20:41:27', null, null, 'sended', 'umpay', 'mer_recharge_person', 'http://pay.soopay.net/spay/pay/payservice.do', 'utf-8');
INSERT INTO `trusteeship_operation` VALUES ('49f067f4652a4132b39740d73d14101d', '14296839897636212260200067624532', 'wll001', '{\"identity_code\":\"oWnXE8ezlS00qHe7GgmLT6UXTRzPY9iR9RSHO9JP7lky0bL/esFEnaPZr1JEOJdPX1MAGdixuHfdXqLZ1oiyl1j7ZaOuVcR47JMt/WrwgR+HvioKxAJ43J1VM+dO5FrgAJ6AxMmfzJHb5OWwdGzySmdbNUnkMGmsP829/JUiGas\\u003d\",\"mer_date\":\"20150422\",\"sign_type\":\"RSA\",\"notify_url\":\"http://115.28.171.163:7090/trusteeship_return_s2s/mer_bind_card\",\"charset\":\"UTF-8\",\"order_id\":\"14296839897636212260200067624532\",\"card_id\":\"NJVETvnV9knvP4+7Gu7oC3Gm96DgU8ZSUxrAKE4+l4XpYBNAyUu+oDL2l5YcctSdjy0/Z3dS//dIOqwMlGOk/1pj5zVzRU+Mp3nR7/tNWWp+Sg22+pqbZF4xdJWYsKGl7K24Pz3KycW/HtgluEhlwz7Sf961dBghcRmKpMNf2Ok\\u003d\",\"version\":\"1.0\",\"account_name\":\"abLOmIhbzruGkiSGNRkavbr93KdXPCGt7jJ6TygZqkcxYzyCDEs7D4eRhEtB1QmpQ4WUWvVca9S7RVM8+Yv+a+atFTImbXGNso1Uty11bLDWQMdqM70+ns9AXRoJhSuqHLE7CAhOdOz5FxSzzecuzKXZglYklGyAMD1wMnsKSPE\\u003d\",\"sign\":\"j6fkC0ITGUKRy0YGJMTR5Wg9nt530K+i4s1Dm62JrkJkcDw/oMjvQzUij3WQYKC75GhDhZSNEc2I3AnDdci0CtL5W7m5UV0LyI0agIFM3+50TXLcxr2+OEI29jTGPId3RZO8wKeTjg9+RphyAavT5q679SLSM8BCLf+/XOGdprM\\u003d\",\"mer_id\":\"7099088\",\"identity_type\":\"IDENTITY_CARD\",\"service\":\"mer_bind_card\",\"user_id\":\"UB201504091030430000000003578704\",\"res_format\":\"HTML\",\"ret_url\":\"http://115.28.171.163:7090/trusteeship_return_web/mer_bind_card\"}', '2015-04-22 14:26:29', null, null, 'sended', 'umpay', 'mer_bind_card', 'http://pay.soopay.net/spay/pay/payservice.do', 'utf-8');
INSERT INTO `trusteeship_operation` VALUES ('4aa61261ea4348fc89b6fca7af0d440b', '20150409000031', '20150409000031', 'charset=UTF-8&loan_user_id=UB201504081707280000000003573277&mer_id=7099088&project_amount=10000&project_expire_date=20150424&project_id=20150409000031&project_name=%E6%B5%8B%E8%AF%95%E5%8F%91%E9%A1%B9%E7%9B%AE&res_format=HTML&service=mer_bind_project&sign_type=RSA&version=1.0', '2015-04-09 17:07:18', '{sign=eVyxCC+y3u2wpYZWUVMz7DEdovJ/BNKC7v9jf3npTWJEOVtEfWY/XZfQpGjMgc3Bgeef5n+6+PYb0YTubwai/JOdybvEFRHOjMoPKD7vEtutoPPxGbqgT1gEoHuRtkjT5vzuTAcVS+hTIOop8+braULL9xf0gEA03Bbib2zmJB0=, ret_code=0000, project_state=92, mer_check_date=20150409, mer_id=7099088, sign_type=RSA, ret_msg=操作成功, project_account_id=7099088A0000042, plain=mer_check_date=20150409&mer_id=7099088&project_account_id=7099088A0000042&project_state=92&ret_code=0000&ret_msg=操作成功&version=1.0, version=1.0}', '2015-04-09 17:07:18', 'passed', 'umpay', 'mer_bind_project', 'http://pay.soopay.net/spay/pay/payservice.do?charset=UTF-8&loan_user_id=UB201504081707280000000003573277&mer_id=7099088&project_amount=10000&project_expire_date=20150424&project_id=20150409000031&project_name=%E6%B5%8B%E8%AF%95%E5%8F%91%E9%A1%B9%E7%9B%AE&res_format=HTML&service=mer_bind_project&sign_type=RSA&version=1.0&sign=rfxH6%2FWl60DUj50x3SIGDp0lipyT4M6Siym4LjJrS8AFzoZooWcWEWmtwBMjcX%2F1AOTs2flO9VfjaivdHGgX3NXRXCMl2t0VXkBc2DcqZHuOgIrMQ9n4yxtkYdxEXZQEXQ6aPJApZziq27pmsviU%2FGR0L2b3EgrJPYp0CT72vtc%3D', 'utf-8');
INSERT INTO `trusteeship_operation` VALUES ('4afce885974b4423a17a3766b1054db9', '20150413000043', '20150413000043', 'charset=UTF-8&loan_user_id=UB201504081707280000000003573277&mer_id=7099088&project_amount=100&project_expire_date=20150417&project_id=20150413000043&project_name=%E6%8F%90%E5%89%8D%E8%BF%98%E6%AC%BE&res_format=HTML&service=mer_bind_project&sign_type=RSA&version=1.0', '2015-04-13 15:07:58', '{sign=eVk9pH/3joboq5uue5Hu43gz6hFjUc8lKq8ro/NKmM57D7kYZQv5oS+pQv8jMLlUdK+RyUuZgBVHCZpbYi1orrUykXrdfTHsPmDzg2lauMVJ4AADwyce/19LUMMKJ8a/n5yfHAoziKK/2OEzvyWl0Ir6SOftxqCuQw8pu5zUD94=, ret_code=0000, project_state=92, mer_check_date=20150413, mer_id=7099088, sign_type=RSA, ret_msg=操作成功, project_account_id=7099088A0000024, plain=mer_check_date=20150413&mer_id=7099088&project_account_id=7099088A0000024&project_state=92&ret_code=0000&ret_msg=操作成功&version=1.0, version=1.0}', '2015-04-13 15:07:59', 'passed', 'umpay', 'mer_bind_project', 'http://pay.soopay.net/spay/pay/payservice.do?charset=UTF-8&loan_user_id=UB201504081707280000000003573277&mer_id=7099088&project_amount=100&project_expire_date=20150417&project_id=20150413000043&project_name=%E6%8F%90%E5%89%8D%E8%BF%98%E6%AC%BE&res_format=HTML&service=mer_bind_project&sign_type=RSA&version=1.0&sign=H6wTS7M1bq4pDUpTRzgm6%2F5H%2FNMuiBcXgu4GikvtZX565lnAW0hhfCv1cLqU6Q71MRqzmusp2ilYTC4Yp0LwVxoiWBDL4BPrJFqU6vo5aJ5wrO8beCm7AJfMHFzeuljGqbUONvdaIUBWbARc8%2Bb%2Fky1LKg%2BXRGBUBluhSrSTLEU%3D', 'utf-8');
INSERT INTO `trusteeship_operation` VALUES ('4b419bb67d064806b1c9fdbd166db735', '14301321480136216618403001269022', 'wangxibao9', '{\"identity_code\":\"DSOLuIQy3tDeBlLqAD6Wxo6P7un+UFdHT9xpfZHfBJ+hAwsaAHbB32NvL1YoYH7vBZU4p4UprjuTPsbdcFh3KgBZaLy/j3sW5VvDc/Sa3xSAstKfcND0CSeXIUA2bAut8eC1xPjTASBf7o6icTummM5p31pj0gGe2TRRg/vO2wY\\u003d\",\"mer_date\":\"20150427\",\"sign_type\":\"RSA\",\"notify_url\":\"http://115.28.171.163:7090/trusteeship_return_s2s/mer_bind_card\",\"charset\":\"UTF-8\",\"order_id\":\"14301321480136216618403001269022\",\"card_id\":\"OSG66KsLlnQ5ZZpz2JEe7gty2hkXRET71iVE6ydzr/AHKQBspQfP2HD/VA1mL0PdZkyq+pnxsZ7VZx0a/hZzjIKfG/39+egw4vaLjquw89ePbF4G/lGBqdJbrliOXNrgZNHNqdYAUfGfKsPhdDcS1vI/kqg9RF5qOwsPmJ8fAYo\\u003d\",\"version\":\"1.0\",\"account_name\":\"LzkxPBOGY00X99Wjb6aTLj50dvrjnJRE0j44yecM/HfQRtIIDrm9v/jL+6rvvvy80+7UuBQWANYPmmBd72w0iShkNPcXAbl3YIwUH3rTMgdNOzOTCfjcDOXkp+iOVfS5Zc5xJwX6/dTTZvSP1EORHqHLc3C0ULoGGG3J3Ivjajo\\u003d\",\"sign\":\"Xf01R1mMprAHHOdeayPq6ai0dQ6pciHQWeYosH5Hz7Vi1HtMVg/S+oNV8y5oGKA+KiNt7K9ogqEB8mdc44EuzHsCTFFV8LBopRNp2rtU6hktvOIOe4VEy1PjrEf+xEWv8+i+CfGmIXYosXo0VdqN9FBlcLTYUEwig4XO6DeQpBY\\u003d\",\"mer_id\":\"7099088\",\"identity_type\":\"IDENTITY_CARD\",\"service\":\"mer_replace_card\",\"user_id\":\"UB201504081447010000000003571502\",\"res_format\":\"HTML\",\"ret_url\":\"http://115.28.171.163:7090/trusteeship_return_web/mer_bind_card\"}', '2015-04-27 18:55:48', null, null, 'sended', 'umpay', 'mer_bind_card', 'http://pay.soopay.net/spay/pay/payservice.do', 'utf-8');
INSERT INTO `trusteeship_operation` VALUES ('4bb7e0cb98064fffb3ed5573ce5f3e97', '2015041600000022', '2015041600000022', '{\"mer_date\":\"20150416\",\"sign_type\":\"RSA\",\"notify_url\":\"http://115.28.171.163:7090/trusteeship_return_s2s/mer_recharge_person\",\"charset\":\"UTF-8\",\"order_id\":\"2015041600000022\",\"version\":\"1.0\",\"user_ip\":\"118.187.56.162\",\"amount\":\"200\",\"sign\":\"Nbxx4jjKWSfHGeKolJ78/k9pzJwP2k/Bt+591Kn6rTLfK3N28cHqW02tDCEnLirjLwdTRNP8psFg+Yl/s0SZ7KEDJ8QDUdHWEfTFMxlelfix1GGJLodXYB3yvZhCzot1Z31ELjJqukdXGpXk5unzWRX/wj1hb8U7iEYNW71kAGA\\u003d\",\"gate_id\":\"CMB\",\"pay_type\":\"B2CDEBITBANK\",\"mer_id\":\"7099088\",\"service\":\"mer_recharge_person\",\"user_id\":\"UB201504161125550000000003661819\",\"res_format\":\"HTML\",\"ret_url\":\"http://115.28.171.163:7090/trusteeship_return_web/mer_recharge_person\"}', '2015-04-16 17:58:08', null, null, 'sended', 'umpay', 'mer_recharge_person', 'http://pay.soopay.net/spay/pay/payservice.do', 'utf-8');
INSERT INTO `trusteeship_operation` VALUES ('4c1e769e82bb444cad215d0c3594b0cc', '14291720379056212260200067624532', 'wll001', '{\"identity_code\":\"E8nuWm32UpKWLwR3IhrSEogm65G/19nk8ooOHl4Oj1wJk1dxIIk/5j30LEfYlrsg5ME2UJjWd6xaaMbWulDJ4FNgTukg+CaD/wF8rkUFZAxL5AqahjXQu7kBLhV3ljvaGUQkYy2H8fc86c/SeOW3MzQgXlXv3+/XOllraFxYbZg\\u003d\",\"mer_date\":\"20150416\",\"sign_type\":\"RSA\",\"notify_url\":\"http://115.28.171.163:7090/trusteeship_return_s2s/mer_bind_card\",\"charset\":\"UTF-8\",\"order_id\":\"14291720379056212260200067624532\",\"card_id\":\"miQgjRKD5iF0xCwHZ7fO9jdTB0MgfVQKmABcIwSVyNd0BboLJYSSWEoIefy+mZVN2yz8+/PwCSoW2Khf0HB1O6Cap+G8G3IWYyCa3zEgDBOe0Vs39M8MRTKxocrBMzyMEK32liHHcGWma8G0l8RYPqYCQ74dkj1upsFc+paqO3o\\u003d\",\"version\":\"1.0\",\"account_name\":\"Q7xX1ZegVxENfapG/EjIHlOtGptaqJOQ2WaY04hSRpV490krbIbY1ujYiOfdNdb7TSFmXB84V5Q75euq6rBwfxViwdzcE/uLVtn+L1zwIgf66L6n703dZ0XoZXgVwY0WesiCim2R9LKX/vhAkUcn5G69qS3n/Lt9xprugpsy178\\u003d\",\"sign\":\"TlMOyizyxzGv/UaI4qHTkPo71ghFqxbZaJyjj6kW8BsZXjJa5OQf4dQDUYrXCw61gE3peZSBJau0x4cPuiG5Rv1E41JlEWTbf1+kM0QmjiD0Xi2Pznem4EbLspOU4f7w1Ir0BR2PsxttE1JmSSNefQHgZ1IWMMrv4jfehHvemrA\\u003d\",\"mer_id\":\"7099088\",\"identity_type\":\"IDENTITY_CARD\",\"service\":\"mer_bind_card\",\"user_id\":\"UB201504091030430000000003578704\",\"res_format\":\"HTML\",\"ret_url\":\"http://115.28.171.163:7090/trusteeship_return_web/mer_bind_card\"}', '2015-04-16 16:13:57', null, null, 'sended', 'umpay', 'mer_bind_card', 'http://pay.soopay.net/spay/pay/payservice.do', 'utf-8');
INSERT INTO `trusteeship_operation` VALUES ('4c47c0a2127f433da6c13f3152553ac5', '20150421000004', '20150421000004', '{\"mer_date\":\"20150421\",\"sign_type\":\"RSA\",\"notify_url\":\"http://115.28.171.163:7090/trusteeship_return_s2s/project_transfer_invest\",\"charset\":\"UTF-8\",\"order_id\":\"20150421000004\",\"version\":\"1.0\",\"amount\":\"6000\",\"sign\":\"P1NovXbBQdjaTgNMy9YUYRMYPnhZfVgLTcpoDz7bN38Cmv1cEAdrd9WjTNH+CXqVQzfrGLkvW8TggZ4zktTihxeJB4TBANOgbsltA/ZY1Vkr/DOcSY8z8qHMyQn4U+F3bVBNmr1WUY4n6TecbjSsRN8Kuow40Z299CjH+wnIp60\\u003d\",\"partic_type\":\"01\",\"serv_type\":\"01\",\"partic_user_id\":\"UB201504161125570000000003661793\",\"mer_id\":\"7099088\",\"project_id\":\"20150421000051\",\"partic_acc_type\":\"01\",\"service\":\"project_transfer\",\"trans_action\":\"01\",\"res_format\":\"HTML\",\"ret_url\":\"http://115.28.171.163:7090/trusteeship_return_web/project_transfer_invest\"}', '2015-04-21 17:36:25', '{sign=hb/8vtA1oc7LrMcGvsbECzojFGWQgnb35FwO9BnRyaL4pSJyRGhFpo4uErYYD8FfJ4TGHS3Yf/wvmZtYoRPUJYTPoH96UMX+Lm27i75Vnfdx99UpZkp0YFWGJZiaA9nq6mywPtgYJUNh2aO48TcES34jKzmrk3+2O00X7/SDwGM=, trade_no=1504215016206753, ret_code=0000, mer_date=20150421, mer_id=7099088, mer_check_date=20150421, sign_type=RSA, service=project_tranfer_notify, ret_msg=交易成功。, order_id=20150421000004, version=4.0}', '2015-04-21 17:38:07', 'passed', 'umpay', 'project_transfer_invest', 'http://pay.soopay.net/spay/pay/payservice.do', 'utf-8');
INSERT INTO `trusteeship_operation` VALUES ('4ff25d38354845589199ef0f4774554f', '201504170000020001', '201504170000020001', 'amount=2522&charset=UTF-8&mer_date=20150417&mer_id=7099088&notify_url=http%3A%2F%2F115.28.171.163%3A7090%2Ftrusteeship_return_s2s%2F&order_id=201504170000020001&partic_acc_type=01&partic_type=01&partic_user_id=UB201504161636050000000003665807&project_id=20150417000050&res_format=HTML&ret_url=http%3A%2F%2F115.28.171.163%3A7090%2Ftrusteeship_return_web%2F&serv_type=54&service=project_transfer&sign_type=RSA&trans_action=02&version=1.0', '2015-04-17 14:59:18', '{sign=eFBeFWfvp17GSikoP3Y/VfbT6Uyyk+ot9IfhCvb9mOg+Ip6PdPyfXA3KICcZaDtgYE2u9HwTkeeIaev26t7F64I3jLFt+j02bVBSCVh64L2FMIBTju9ZtYUHXHItm7WPOiGiH8p/R47JXXwLtJQIH1F+Ja+BwOfIxPweeudppGs=, trade_no=1504175015575133, ret_code=0000, mer_date=20150417, mer_check_date=20150417, mer_id=7099088, sign_type=RSA, ret_msg=交易成功。, order_id=201504170000020001, plain=mer_check_date=20150417&mer_date=20150417&mer_id=7099088&order_id=201504170000020001&ret_code=0000&ret_msg=交易成功。&trade_no=1504175015575133&version=1.0, version=1.0}', '2015-04-17 14:59:21', 'passed', 'umpay', 'project_transfer', 'http://pay.soopay.net/spay/pay/payservice.do?amount=2522&charset=UTF-8&mer_date=20150417&mer_id=7099088&notify_url=http%3A%2F%2F115.28.171.163%3A7090%2Ftrusteeship_return_s2s%2F&order_id=201504170000020001&partic_acc_type=01&partic_type=01&partic_user_id=UB201504161636050000000003665807&project_id=20150417000050&res_format=HTML&ret_url=http%3A%2F%2F115.28.171.163%3A7090%2Ftrusteeship_return_web%2F&serv_type=54&service=project_transfer&sign_type=RSA&trans_action=02&version=1.0&sign=IUQf6Y6fRq1ne8uuFaZlFxkzohAB9StHVKfpodk1qshJb4dUdmPPylnZHGSQLfHa5Xfl%2FQUoUT1Ma29MTDj6JBRZa3yvYX6QpFD8mVw6rGU%2F56a78l201BTm00DbndopQTPWZ9WwL7KyGZrFfOy84gaza9GfmWMuE6pnokFO3pQ%3D', 'utf-8');
INSERT INTO `trusteeship_operation` VALUES ('50da58542df9418fbaab46a4a69dc52a', 'zhengcong', 'zhengcong', 'charset=UTF-8&email=alonecong%40126.com&identity_code=CIGw5AB%2F2zeum41HEW8TkQSbDxBfaWTyqeF1eARgfZDmsYzhxvHF3y3iwAblqRvuy3gDdV3CefKBV9bkOrhplYFXQg9FYko1Bb3HRANSgKaCAA7zDjDJZ4IeFTDJmEx9wvF3%2Bf1mfCCX%2BNi6h7EOxn%2BdtCWxqUbav70eCr5JaLk%3D&identity_type=IDENTITY_CARD&mer_cust_id=zhengcong&mer_cust_name=nhgRkMibybDSaDXmm7mZ2Wa9McVyoi9N5FI4bZ%2F40hatiL5UTgohxajwQZV0cVCIauU5LcdXqUUasap2mb1%2BePQZAvpuBXRlr69%2FhzPYkHMuzAijwKdlGgZp41heNs%2FwnCspWU%2FVxXX8%2B6VOCYrv9esTJbl5HbWau21PIxwTYjc%3D&mer_id=7099088&mobile_id=18601158258&res_format=HTML&service=mer_register_person&sign_type=RSA&version=1.0', '2015-04-16 16:36:03', '{sign=GawjJf94jMdjaiI5WK7ZoobBIv2H83kW+iR4nwSw7N54k0OaKs1tIzPsZtfHrAF73lE9JMjTtvve8bpjs06PlHfHnsfKdbIFfF6eVLIE8sg9s2B73ghl8MuXYdsJ7U4QtaSTHGN9kv6YAMXNPjP7WslOADrzGKkgepGGC3G73qE=, ret_code=0000, account_id=02000155755430, mer_id=7099088, sign_type=RSA, ret_msg=交易成功。, user_id=UB201504161636050000000003665807, plain=account_id=02000155755430&mer_id=7099088&reg_date=20150416&ret_code=0000&ret_msg=交易成功。&user_id=UB201504161636050000000003665807&version=1.0, reg_date=20150416, version=1.0}', '2015-04-16 16:36:05', 'passed', 'umpay', 'mer_register_person', 'http://pay.soopay.net/spay/pay/payservice.do?charset=UTF-8&email=alonecong%40126.com&identity_code=CIGw5AB%2F2zeum41HEW8TkQSbDxBfaWTyqeF1eARgfZDmsYzhxvHF3y3iwAblqRvuy3gDdV3CefKBV9bkOrhplYFXQg9FYko1Bb3HRANSgKaCAA7zDjDJZ4IeFTDJmEx9wvF3%2Bf1mfCCX%2BNi6h7EOxn%2BdtCWxqUbav70eCr5JaLk%3D&identity_type=IDENTITY_CARD&mer_cust_id=zhengcong&mer_cust_name=nhgRkMibybDSaDXmm7mZ2Wa9McVyoi9N5FI4bZ%2F40hatiL5UTgohxajwQZV0cVCIauU5LcdXqUUasap2mb1%2BePQZAvpuBXRlr69%2FhzPYkHMuzAijwKdlGgZp41heNs%2FwnCspWU%2FVxXX8%2B6VOCYrv9esTJbl5HbWau21PIxwTYjc%3D&mer_id=7099088&mobile_id=18601158258&res_format=HTML&service=mer_register_person&sign_type=RSA&version=1.0&sign=j2RC%2BhwjqIYsSDjHasjszLnBPwK2gui%2F7DrJFwaqcZCFynyROy4ESoCyfXt6W0ec%2B5mtp%2BeyaLfTf9%2F9rqfksEEDhB4xJhXmy6n4QpWuGoxikCv9Wpa9ZtP%2FPBiv%2BO9IcYO8BZOntR3YlBOMOcLDikOuBKQX4Stj4Oj8ujfOOsA%3D', 'utf-8');
INSERT INTO `trusteeship_operation` VALUES ('528a1f20a0aa4c1e97f9aceb14abc2ef', '20150427000008', '20150427000008', '{\"mer_date\":\"20150427\",\"sign_type\":\"RSA\",\"notify_url\":\"http://115.28.171.163:7090/trusteeship_return_s2s/project_transfer_invest\",\"charset\":\"UTF-8\",\"order_id\":\"20150427000008\",\"version\":\"1.0\",\"amount\":\"5000\",\"sign\":\"H1SjNQr/1U8BvLKuja3pb0WM4dTFKJCv5aUg1xSjPiauAWv06feYOPVFA//SZqzOnacDAWPJg07ai0sU8um96ZMvhHAmZSxTAXEjUWXOyhTr1XmmXZLuca3mxiZcoaKlen5FyLHIlp0prlLJsDxHFtYWYaH8FAp/Uvf+ZpjizKY\\u003d\",\"partic_type\":\"01\",\"serv_type\":\"01\",\"partic_user_id\":\"UB201504161125570000000003661793\",\"mer_id\":\"7099088\",\"project_id\":\"20150427000061\",\"partic_acc_type\":\"01\",\"service\":\"project_transfer\",\"trans_action\":\"01\",\"res_format\":\"HTML\",\"ret_url\":\"http://115.28.171.163:7090/trusteeship_return_web/project_transfer_invest\"}', '2015-04-27 16:27:22', '{sign=g/57pObvtl3l2i1dnvc2CTRlXJk9lBLesVSbP1hgUz6GmA2hLqXWaUI4d2GUyUgNFMkwu7ARLQGAMHGU6H3Q+hnv8GsigPFT31Ae+nMlexubfdkVQ+siipJl7XnucvAKj2sGVTbzPXGVnqpOUxk7kO73xG8+2Y9cK5qhO/sq6Tw=, trade_no=1504275017125073, ret_code=0000, mer_date=20150427, mer_id=7099088, mer_check_date=20150427, sign_type=RSA, service=project_tranfer_notify, ret_msg=交易成功。, order_id=20150427000008, version=4.0}', '2015-04-27 16:28:21', 'passed', 'umpay', 'project_transfer_invest', 'http://pay.soopay.net/spay/pay/payservice.do', 'utf-8');
INSERT INTO `trusteeship_operation` VALUES ('5385d46d25f64251bf6cc0fc01f7510c', '201504270000150003', '201504270000150003', 'amount=3000&charset=UTF-8&mer_date=20150427&mer_id=7099088&notify_url=http%3A%2F%2F115.28.171.163%3A7090%2Ftrusteeship_return_s2s%2F&order_id=201504270000150003&partic_acc_type=01&partic_type=01&partic_user_id=UB201504161636050000000003665807&project_id=20150427000066&res_format=HTML&ret_url=http%3A%2F%2F115.28.171.163%3A7090%2Ftrusteeship_return_web%2F&serv_type=54&service=project_transfer&sign_type=RSA&trans_action=02&version=1.0', '2015-04-27 17:56:42', '{sign=vHlbP6no14nr1cFLnC+YhXnB6lQAPPkifuAtMVwtn2UiSYW557ZSg3M/Rw742zqyRYLbIdYRBTEimYUZPVhmWorXoGNeigilTLMoBXfebKxRqdQIhngLb2M+Myd+g502CVY6/Jp69KVEeAtBy6y++RvtRiY4E8NycYoNyq5Pgc4=, trade_no=1504275017136213, ret_code=0000, mer_date=20150427, mer_check_date=20150427, mer_id=7099088, sign_type=RSA, ret_msg=交易成功。, order_id=201504270000150003, plain=mer_check_date=20150427&mer_date=20150427&mer_id=7099088&order_id=201504270000150003&ret_code=0000&ret_msg=交易成功。&trade_no=1504275017136213&version=1.0, version=1.0}', '2015-04-27 17:56:42', 'passed', 'umpay', 'project_transfer', 'http://pay.soopay.net/spay/pay/payservice.do?amount=3000&charset=UTF-8&mer_date=20150427&mer_id=7099088&notify_url=http%3A%2F%2F115.28.171.163%3A7090%2Ftrusteeship_return_s2s%2F&order_id=201504270000150003&partic_acc_type=01&partic_type=01&partic_user_id=UB201504161636050000000003665807&project_id=20150427000066&res_format=HTML&ret_url=http%3A%2F%2F115.28.171.163%3A7090%2Ftrusteeship_return_web%2F&serv_type=54&service=project_transfer&sign_type=RSA&trans_action=02&version=1.0&sign=pTsAbJcwGusxp7QW6eiKNG8AAj8JgO2tVbteCt0D1X8dWbJ3C4s2whE2A8j8LzhFfl7XnTQ3g8lxzC%2FOpvcz7h%2BeiLnsC%2Fg0dJQqoKvjXs8jbNSAnoTWV5WfIWaQxMzAr1R%2BVI6063tM2fHbTADZiHGau5%2F8TkO%2BBeEau7bgtPI%3D', 'utf-8');
INSERT INTO `trusteeship_operation` VALUES ('5419cf6afb0f4d679dbe2d63878bea2c', '20150428000001', '20150428000001', '{\"mer_date\":\"20150428\",\"sign_type\":\"RSA\",\"notify_url\":\"http://115.28.171.163:7090/trusteeship_return_s2s/project_transfer_invest\",\"charset\":\"UTF-8\",\"order_id\":\"20150428000001\",\"version\":\"1.0\",\"amount\":\"3000\",\"sign\":\"BjtZlsVxnfZMLLeyMl7mdqGav3J9HVPRWx3Q1sPlaC4821JIyWPN62UnMP+sa9e+TIhDOe4di9BTiP00QQfYHfwAAcwv1AIOPMPoa+I9vrFOzaRKLE03cX70NeZW7cyv+z1p6VrJNHtGh98VSxM4jSgPP6lfl+vcPFQcWaegYgM\\u003d\",\"partic_type\":\"01\",\"serv_type\":\"01\",\"partic_user_id\":\"UB201504161125550000000003661819\",\"mer_id\":\"7099088\",\"project_id\":\"20150428000076\",\"partic_acc_type\":\"01\",\"service\":\"project_transfer\",\"trans_action\":\"01\",\"res_format\":\"HTML\",\"ret_url\":\"http://115.28.171.163:7090/trusteeship_return_web/project_transfer_invest\"}', '2015-04-28 11:19:00', '{sign=BL3VzxApTs0iSIWx+lZfis6LhnpDvdw1qzFe+1/MeiJsnU06kh2kPOBFMu2Th8KfiajPMxsmviVFaVMolJmf8AW/+z95rl0SZb67UJvOkfrexWmIEIqDpK2fJXc7TREGkrSo4JsKcJFUsvRANDbq2PCWQ4gwoSg/QeXxZLfKwV0=, trade_no=1504285017320733, ret_code=0000, mer_date=20150428, mer_id=7099088, mer_check_date=20150428, sign_type=RSA, service=project_tranfer_notify, ret_msg=交易成功。, order_id=20150428000001, version=4.0}', '2015-04-28 11:19:51', 'passed', 'umpay', 'project_transfer_invest', 'http://pay.soopay.net/spay/pay/payservice.do', 'utf-8');
INSERT INTO `trusteeship_operation` VALUES ('541fa9d44e2944c3a636a974dab417df', '201504280000040001', '201504280000040001', 'amount=2522&charset=UTF-8&mer_date=20150428&mer_id=7099088&notify_url=http%3A%2F%2F115.28.171.163%3A7090%2Ftrusteeship_return_s2s%2F&order_id=201504280000040001&partic_acc_type=01&partic_type=01&partic_user_id=UB201504161125570000000003661793&project_id=20150428000077&res_format=HTML&ret_url=http%3A%2F%2F115.28.171.163%3A7090%2Ftrusteeship_return_web%2F&serv_type=54&service=project_transfer&sign_type=RSA&trans_action=02&version=1.0', '2015-04-28 11:58:35', '{sign=BlNPgrWG9m9LR+FtqWYWaoG7gt/QafQPD44m0NMYhd5wpIQ/FyxC/s+ulDQX5jojYg0fDYVLzjuHyPGw4QFGafg28LHLbol+U21fzRoQMaDVc9108ULcJAq7Xp3mE+Pf+bOpNZBIOhPtq4x4xxEWa5DH9nNEIsy1Tqov82pwFhc=, trade_no=1504285017330983, ret_code=0000, mer_date=20150428, mer_check_date=20150428, mer_id=7099088, sign_type=RSA, ret_msg=交易成功。, order_id=201504280000040001, plain=mer_check_date=20150428&mer_date=20150428&mer_id=7099088&order_id=201504280000040001&ret_code=0000&ret_msg=交易成功。&trade_no=1504285017330983&version=1.0, version=1.0}', '2015-04-28 11:58:35', 'passed', 'umpay', 'project_transfer', 'http://pay.soopay.net/spay/pay/payservice.do?amount=2522&charset=UTF-8&mer_date=20150428&mer_id=7099088&notify_url=http%3A%2F%2F115.28.171.163%3A7090%2Ftrusteeship_return_s2s%2F&order_id=201504280000040001&partic_acc_type=01&partic_type=01&partic_user_id=UB201504161125570000000003661793&project_id=20150428000077&res_format=HTML&ret_url=http%3A%2F%2F115.28.171.163%3A7090%2Ftrusteeship_return_web%2F&serv_type=54&service=project_transfer&sign_type=RSA&trans_action=02&version=1.0&sign=hH9qnHoc%2BMZhamdBa%2BFs324oQqqsgY4g7eh7ipLSXU37vosm2hJfh8lDb5KyTwawWSK%2FQ%2BYYMlpdK9aziqGCU95u83VVo%2Ba%2BT6D7QvSKL3FTpz%2B53CoabHtZriFgyCbIRvCCsPx7igFmY5pSZKotIUiFHwNKpV%2BhW1SN37tBz4s%3D', 'utf-8');
INSERT INTO `trusteeship_operation` VALUES ('5536bc9a6ce04ed08272c087c9066469', '201504170000500001', '20150417000050', 'amount=11&charset=UTF-8&mer_date=20150417&mer_id=7099088&notify_url=http%3A%2F%2F115.28.171.163%3A7090%2Ftrusteeship_return_s2s%2F&order_id=201504170000500001&partic_acc_type=02&partic_type=03&partic_user_id=7099088&project_id=20150417000050&res_format=HTML&ret_url=http%3A%2F%2F115.28.171.163%3A7090%2Ftrusteeship_return_web%2F&serv_type=52&service=project_transfer&sign_type=RSA&trans_action=02&version=1.0', '2015-04-17 14:59:23', '{sign=KGVR4eigL/vJnH7RUjnJzb0vWLbfYvibXdjcR8T9ds3BK/UZ24MXU1b65rX8u6Mfy0Y5x3ND1QifciS1qXJJNzda6uLsAMHY/5TFnkGg5V9e0iI4fvOXsbvnzM9gdMPVjdZ0BYCKlqGzvDmXcp2u2Gyc6QlMm1OzobMW/ixb72k=, trade_no=1504175015575263, ret_code=0000, mer_date=20150417, mer_check_date=20150417, mer_id=7099088, sign_type=RSA, ret_msg=交易成功。, order_id=201504170000500001, plain=mer_check_date=20150417&mer_date=20150417&mer_id=7099088&order_id=201504170000500001&ret_code=0000&ret_msg=交易成功。&trade_no=1504175015575263&version=1.0, version=1.0}', '2015-04-17 14:59:24', 'passed', 'umpay', 'project_transfer', 'http://pay.soopay.net/spay/pay/payservice.do?amount=11&charset=UTF-8&mer_date=20150417&mer_id=7099088&notify_url=http%3A%2F%2F115.28.171.163%3A7090%2Ftrusteeship_return_s2s%2F&order_id=201504170000500001&partic_acc_type=02&partic_type=03&partic_user_id=7099088&project_id=20150417000050&res_format=HTML&ret_url=http%3A%2F%2F115.28.171.163%3A7090%2Ftrusteeship_return_web%2F&serv_type=52&service=project_transfer&sign_type=RSA&trans_action=02&version=1.0&sign=KaJs1pXklODnfh2U1IzafxhHOn3WagiWdHpIteEeIRw%2FUVYjEdKusba4WJwu%2BFnp8h3gAhgOXWiRkZTBmCvi%2BAgrl2HZZio0xPd81F%2F7DApTC03dovjcm%2FTgAg6DNGGTghkXiW8TCQFnZrokmI7yYQ5GGLY2W4UbllnOaQlaIIw%3D', 'utf-8');
INSERT INTO `trusteeship_operation` VALUES ('553ecde5e5bf4717960d900e1c03966d', '20150416000048', '20150416000048', 'charset=UTF-8&loan_user_id=UB201504161125550000000003661819&mer_id=7099088&project_amount=1000000&project_expire_date=20150418&project_id=20150416000048&project_name=sl_%E5%80%9F%E6%AC%BE001&res_format=HTML&service=mer_bind_project&sign_type=RSA&version=1.0', '2015-04-16 11:45:21', '{sign=MOOhKo463M5k92YSYor50swquHBT/QR/aP7F4FA47MaUqSlPHLLFwzDhSlTiy9TJWu1Od3Zsi45+v1wekBXkILV2cBqw5w9+uwRosJcTk7M+O0oBut1TYSLfoD2EHjjPqjno1tNcPVzNtbY+zxpvTwMzpX78CtRrX84NM0Q2VXc=, ret_code=0000, project_state=92, mer_check_date=20150416, mer_id=7099088, sign_type=RSA, ret_msg=操作成功, project_account_id=7099088A0000101, plain=mer_check_date=20150416&mer_id=7099088&project_account_id=7099088A0000101&project_state=92&ret_code=0000&ret_msg=操作成功&version=1.0, version=1.0}', '2015-04-16 11:45:22', 'passed', 'umpay', 'mer_bind_project', 'http://pay.soopay.net/spay/pay/payservice.do?charset=UTF-8&loan_user_id=UB201504161125550000000003661819&mer_id=7099088&project_amount=1000000&project_expire_date=20150418&project_id=20150416000048&project_name=sl_%E5%80%9F%E6%AC%BE001&res_format=HTML&service=mer_bind_project&sign_type=RSA&version=1.0&sign=lf8hBYSGNwqAZwW2Zalsf81HT1J0zFz8c%2BAsaYBmNKOHNJJnd4p%2BC7%2BWBMQtxiu9s2uY64hJovhYCJDnpzxVMYqzdgjP0kz35cg4k7S%2FuchbriNQRTY4qtTVtyhgGyy%2FqUjVgyL7PdYNY9Tody3wbyiCPQ6jvS45%2FMTrW5sdraQ%3D', 'utf-8');
INSERT INTO `trusteeship_operation` VALUES ('55609a50979849f3a5a51f67847732e3', '201504160000490001', '20150416000049', 'amount=10&charset=UTF-8&mer_date=20150416&mer_id=7099088&notify_url=http%3A%2F%2F115.28.171.163%3A7090%2Ftrusteeship_return_s2s%2F&order_id=201504160000490001&partic_acc_type=02&partic_type=03&partic_user_id=7099088&project_id=20150416000049&res_format=HTML&ret_url=http%3A%2F%2F115.28.171.163%3A7090%2Ftrusteeship_return_web%2F&serv_type=52&service=project_transfer&sign_type=RSA&trans_action=02&version=1.0', '2015-04-16 18:16:40', '{sign=o/CNmv4GmK3JmziSOKIij0FkQw7tCcuXITOuFkdIjSVhHm8OEPFA21v+mmWfbOeOAYGkNf2koNYA5WCUgtv9kBTM1P8I82T8/juph1YyFYJeQl0meZE+pk2d+WpDyCHTQjGh/3ckzTGJoANo5Ggi5bOMQfBTi4k7rxVcIWFBRCI=, trade_no=1504165015392083, ret_code=0000, mer_date=20150416, mer_check_date=20150416, mer_id=7099088, sign_type=RSA, ret_msg=交易成功。, order_id=201504160000490001, plain=mer_check_date=20150416&mer_date=20150416&mer_id=7099088&order_id=201504160000490001&ret_code=0000&ret_msg=交易成功。&trade_no=1504165015392083&version=1.0, version=1.0}', '2015-04-16 18:16:40', 'passed', 'umpay', 'project_transfer', 'http://pay.soopay.net/spay/pay/payservice.do?amount=10&charset=UTF-8&mer_date=20150416&mer_id=7099088&notify_url=http%3A%2F%2F115.28.171.163%3A7090%2Ftrusteeship_return_s2s%2F&order_id=201504160000490001&partic_acc_type=02&partic_type=03&partic_user_id=7099088&project_id=20150416000049&res_format=HTML&ret_url=http%3A%2F%2F115.28.171.163%3A7090%2Ftrusteeship_return_web%2F&serv_type=52&service=project_transfer&sign_type=RSA&trans_action=02&version=1.0&sign=ogjcAYjvnNLKwzTTGqOEXqd2em3xvrbfavkdDi96w79WYb3NbQIXa70yNLoIzQ8cxZwiLDE2Z6txfX24c%2FhRWKQcfImIIlbirK42%2BhkQ%2BeCHbfXCQ8QcrIM8lAmSgSbGxynmsc2%2BnY3BpxnwWcoj5awEwvzVdhVh%2Fi%2BkRTe6WP8%3D', 'utf-8');
INSERT INTO `trusteeship_operation` VALUES ('5567cb4e50b24e81a96799c492ec1f77', '20150415000001', '20150415000001', '{\"mer_date\":\"20150415\",\"sign_type\":\"RSA\",\"notify_url\":\"http://115.28.171.163:7090/trusteeship_return_s2s/project_transfer_invest\",\"charset\":\"UTF-8\",\"order_id\":\"20150415000001\",\"version\":\"1.0\",\"amount\":\"100\",\"sign\":\"YIjobD60Q+C7JXtxVjHrmY9+ipnJUOCatKy6V0YhJcnEJQeXqvwY3PC6wXLrV3UeCSUeJfW5Cbfh+qMJoIidzZN+Y6buUw9BLACSsDL+f4ug37u/JyOHLGz/IKOy6Hgt5RoYtJb/Ogs2QH+b8n0xKZCcxZjU5Fcg5RZA52Adb9o\\u003d\",\"partic_type\":\"01\",\"serv_type\":\"01\",\"partic_user_id\":\"UB201504081707280000000003573277\",\"mer_id\":\"7099088\",\"project_id\":\"20150415000045\",\"partic_acc_type\":\"01\",\"service\":\"project_transfer\",\"trans_action\":\"01\",\"res_format\":\"HTML\",\"ret_url\":\"http://115.28.171.163:7090/trusteeship_return_web/project_transfer_invest\"}', '2015-04-15 16:22:18', '{sign=O6yotWNnYia6gkMvhF9+1gtJXcsDzy9YP9rNCMUkfFpRZvZbHQw7ozubbVXLQGrqJH8E+kW7VQArXM2aKEcTlBUeqD8z6yDqRgqnUJ8rvcsQBgt4ai3vGQVId/mUdOXAWYEphA7tW5hUVmhXO3q0korZitNETigjJ7pZZvL6K74=, trade_no=1504155015084903, ret_code=0000, mer_date=20150415, mer_id=7099088, mer_check_date=20150415, sign_type=RSA, service=project_tranfer_notify, ret_msg=交易成功。, order_id=20150415000001, version=4.0}', '2015-04-15 16:22:50', 'passed', 'umpay', 'project_transfer_invest', 'http://pay.soopay.net/spay/pay/payservice.do', 'utf-8');
INSERT INTO `trusteeship_operation` VALUES ('55cab9a711af43b88dba1be8f2343f23', '14298446465686217710701871956', 'wll001', '{\"identity_code\":\"JQJByWmP0O5CINNRaMI7r6ctJNumZxoO5EdFuIjvxrdkSP0N7w2i8qICTLbdJW1N1vyLGr07c/0TjYna628oOO6S9XAzngcTTRqCfJEECNjEhoFsjtm+AN3VBle+O1BG51334wDay1OgilgbC2OGEpAEFFUsDVNxFC58h8fEhFA\\u003d\",\"mer_date\":\"20150424\",\"sign_type\":\"RSA\",\"notify_url\":\"http://115.28.171.163:7090/trusteeship_return_s2s/mer_bind_card\",\"charset\":\"UTF-8\",\"order_id\":\"14298446465686217710701871956\",\"card_id\":\"RI8JsFYjFfQXQ221tAvgpTWcUbLdb6wqEcaemACodbiWM+ehVHMU00Zm2uDYscuWSMG06S+TV5bPLsP5q9HjJfubnL6OVpJtzzFiNPz0gKdKcFsM2FFDcaqHPGu47tmMbZbgtLv25/uWjtJmkGr3/Ovk5q8TeOMNkxF52kmtzeE\\u003d\",\"version\":\"1.0\",\"account_name\":\"QhD8fcOmUPrm4TvsOgawyGBy9bk80mVkLkzgUybM+2e9PTAtL2puR5sEbiCYL6jN6kAuwhz2grousqHzMZzF6bSfOUamdg+6S2A5c91hsN183401Tv1jsMA9NMrkFJH9/01Fy2kAZsIyuq1Q/+mhDmEki9i+FXAG/jLPlxWXsWo\\u003d\",\"sign\":\"ErRhRUSLN63Vd0H6u+De4TmIPyrVX7OYYX6l1MBXh6reMIM54VhSBmtlui0UwfSNSoxgfddceY6GOrM9SJdsabxytIQgFohEEvj0h0jqxHBeayHNadNrtGkb7Qwpp1hdfLNwXLEH7ZHUt7KTjth02LWo//kBoLX1htVcrwwOhug\\u003d\",\"mer_id\":\"7099088\",\"identity_type\":\"IDENTITY_CARD\",\"service\":\"mer_bind_card\",\"user_id\":\"UB201504091030430000000003578704\",\"res_format\":\"HTML\",\"ret_url\":\"http://115.28.171.163:7090/trusteeship_return_web/mer_bind_card\"}', '2015-04-24 11:04:06', null, null, 'sended', 'umpay', 'mer_bind_card', 'http://pay.soopay.net/spay/pay/payservice.do', 'utf-8');
INSERT INTO `trusteeship_operation` VALUES ('55dd075bdfac42deb700f8712f6d9409', '2015042700000008', '2015042700000008', '{\"mer_date\":\"20150427\",\"sign_type\":\"RSA\",\"notify_url\":\"http://115.28.171.163:7090/trusteeship_return_s2s/mer_recharge_person\",\"charset\":\"UTF-8\",\"order_id\":\"2015042700000008\",\"version\":\"1.0\",\"user_ip\":\"118.187.56.162\",\"amount\":\"500\",\"sign\":\"gPWXQbDK9dxz6bpsc5MVQgSM/Jal3X5lMSrRsaexo8/1An/+/jB9UhkJ2RafQWuWl/uxpIrq/Q/OtUa1HBfP6SQ7cnsEux1gkoAZxe4kFc4Q5VlRuS81ApG0lj/HF7effPyIs9XFxl2M9aIL8QV+sRTmZHlRwz6fXs7mJq33NVE\\u003d\",\"gate_id\":\"CCB\",\"pay_type\":\"B2CDEBITBANK\",\"mer_id\":\"7099088\",\"service\":\"mer_recharge_person\",\"user_id\":\"UB201504161636050000000003665807\",\"res_format\":\"HTML\",\"ret_url\":\"http://115.28.171.163:7090/trusteeship_return_web/mer_recharge_person\"}', '2015-04-27 17:21:08', '{sign=Y2m4gKwjHaeZrJa5BiNHLN7qHr7Ev/p/hm7AO0rjen7uIUXOY0pR1r2w4VyexSuzIKiPgKdvk3IjGLbA1Zwkm8WQ16oGL/0/cXAuTNv3t8JnOXPqQ492Y/uyjQPQSw3MzTq6j6654RqD2SJsCpIwedyygVfvWngrBdL7q1uS8qw=, trade_no=1504271721088871, ret_code=0000, mer_date=20150427, mer_id=7099088, mer_check_date=20150427, sign_type=RSA, service=recharge_notify, ret_msg=充值成功, order_id=2015042700000008, com_amt=0, version=4.0}', '2015-04-27 17:22:31', 'passed', 'umpay', 'mer_recharge_person', 'http://pay.soopay.net/spay/pay/payservice.do', 'utf-8');
INSERT INTO `trusteeship_operation` VALUES ('56f21f9396474f48991d11552b08c02c', '14294969412056212260200067624532', 'wll001', '{\"identity_code\":\"XFFNWoWfhKasKFKJK4y1K07GPexVjEDki6hqC5HY0hLuNJEMlkAVjEfTMksQ7Y8+02Yqb4coVVjAyd3qyTHWGbidNgjdtTMpW5ArrYhH1zbvZVyG6uSsTjm395tG3OpRqIpLCDbp7JfDj0/aeIJ9mROvVzvY34gRAFm/IdcKlIg\\u003d\",\"mer_date\":\"20150420\",\"sign_type\":\"RSA\",\"notify_url\":\"http://115.28.171.163:7090/trusteeship_return_s2s/mer_bind_card\",\"charset\":\"UTF-8\",\"order_id\":\"14294969412056212260200067624532\",\"card_id\":\"PwdQa+LFbAf4yoKE/KWLNx9ucMaD+q4PBgoMlQJU4jEvSRE4cca/iQMgfd34Ap8xBHQjswmR4qu6jsQQVOuxeqPYTAu7COFkd2EWQ5t3ofQIc7KEWBz5ErZUybUXkzoDi+dzOfqOqyCG7ZkaRuzR+64R4ErGmJciJVnoai/m930\\u003d\",\"version\":\"1.0\",\"account_name\":\"cY/b1eZF9WjC3DxQq1hEvsAau0G2apzkKt3fKCiZvaU+kFtGaxTAt0Bx/SmqOtyzqQj7J3d9fG8zByXzupCyhjUZuigFuIx5QnA+FtD61dNuVimQ1a2M1NeAP/bt7UmP91PUmKFMkCMtgOH/8Bc2va+awQKD9hbldIFwcQFfzZ4\\u003d\",\"sign\":\"HPTaTsxXoMPJacYVyBIxGdITvANho+jbz/F7/HnMeVLRaEMPRyPvXXODYNHOvD5JP/p3ZQl3cYNjsnOJlj0WO1wSI0uPqNXCjeiwKXQnyAiiC77aRuj1tOHG/qqGc6vqT2qo5bchCynxeMIHke1BSAcgV7akyafNnogvoEor3TA\\u003d\",\"mer_id\":\"7099088\",\"identity_type\":\"IDENTITY_CARD\",\"service\":\"mer_bind_card\",\"user_id\":\"UB201504091030430000000003578704\",\"res_format\":\"HTML\",\"ret_url\":\"http://115.28.171.163:7090/trusteeship_return_web/mer_bind_card\"}', '2015-04-20 10:29:01', null, null, 'sended', 'umpay', 'mer_bind_card', 'http://pay.soopay.net/spay/pay/payservice.do', 'utf-8');
INSERT INTO `trusteeship_operation` VALUES ('57bad4d2bba64d09869ebce57abeb97b', '1429176097910123212312132212', 'zhengcong', '{\"identity_code\":\"\",\"mer_date\":\"20150416\",\"sign_type\":\"RSA\",\"notify_url\":\"http://115.28.171.163:7090/trusteeship_return_s2s/mer_bind_card\",\"charset\":\"UTF-8\",\"order_id\":\"1429176097910123212312132212\",\"card_id\":\"vDP1NOAS+YdXvpNxN6jO6z9lkU7Rb2mccVJ98o0B1FqDSarXrHg2GWvdt3Kus2STAcZUHvqNH+120v6xpIcRuHuoHvzZXt4F9W3miPPYpmSF2SSkD8kkfT2YdlbbJz6mSqBfnlO+olORex4TrLZ9CU5SturuAkbjcQTt+UNFHQU\\u003d\",\"version\":\"1.0\",\"account_name\":\"l9T6bpV4JIl5FRlOentNT8sJWR0nrYgXrR1iBc3g7oaHhNkUfGqVEJ68aNqTQZAM7FSeDtIAfSB/KgDs3HenMttm/9N0p8flXxQLMA+n4vsTHwxR5pyIfc1M71a9CnZcQgfFEdq5fwBXlsn8dBQrA/hQUoUMbEO7/l5EfjmGvP0\\u003d\",\"sign\":\"ExdsHdoAhPcudFakZagg/f2ETvwjiO75qVyezn9fzCOcqE0N+G4EQr5yNtdDo6q4i1liScjW1wvU90dcNaZ8lGZ7AXmgzTwZIj8f62r3QFK4qD/mO76mvwco3tbEqxt3hzv6LycRPszA5VRnRWuwJZOAbUgoWMoUnhK/4/W7vL4\\u003d\",\"mer_id\":\"7099088\",\"identity_type\":\"IDENTITY_CARD\",\"service\":\"mer_bind_card\",\"user_id\":\"UB201504161636050000000003665807\",\"res_format\":\"HTML\",\"ret_url\":\"http://115.28.171.163:7090/trusteeship_return_web/mer_bind_card\"}', '2015-04-16 17:21:37', null, null, 'sended', 'umpay', 'mer_bind_card', 'http://pay.soopay.net/spay/pay/payservice.do', 'utf-8');
INSERT INTO `trusteeship_operation` VALUES ('57ea8f983fd94e0d9356b08b39601a6d', '0220150416000049', '20150416000049', 'amount=200&charset=UTF-8&mer_date=20150416&mer_id=7099088&notify_url=http%3A%2F%2F115.28.171.163%3A7090%2Ftrusteeship_return_s2s%2F&order_id=0220150416000049&partic_acc_type=02&partic_type=03&partic_user_id=7099088&project_id=20150416000049&res_format=HTML&ret_url=http%3A%2F%2F115.28.171.163%3A7090%2Ftrusteeship_return_web%2F&serv_type=52&service=project_transfer&sign_type=RSA&trans_action=02&version=1.0', '2015-04-16 16:53:07', '{sign=nQThrCEpIV+antfRW2eK7YY8bOJyIBCsuBBCV79f+iAousk1PGQqPK4NP+z3ExAMwkvrPTnfmdnhhUg4PY+rH3Ubh9NY9QMAkMZO3Fl3AcN3/Bal0p37ywzKSry2v8GwhpieQgsBr6/4XKX6YkXk+Fjg4Tu5YVGtsBr4eufjuqY=, trade_no=1504165015383543, ret_code=0000, mer_date=20150416, mer_check_date=20150416, mer_id=7099088, sign_type=RSA, ret_msg=交易成功。, order_id=0220150416000049, plain=mer_check_date=20150416&mer_date=20150416&mer_id=7099088&order_id=0220150416000049&ret_code=0000&ret_msg=交易成功。&trade_no=1504165015383543&version=1.0, version=1.0}', '2015-04-16 16:53:08', 'passed', 'umpay', 'project_transfer', 'http://pay.soopay.net/spay/pay/payservice.do?amount=200&charset=UTF-8&mer_date=20150416&mer_id=7099088&notify_url=http%3A%2F%2F115.28.171.163%3A7090%2Ftrusteeship_return_s2s%2F&order_id=0220150416000049&partic_acc_type=02&partic_type=03&partic_user_id=7099088&project_id=20150416000049&res_format=HTML&ret_url=http%3A%2F%2F115.28.171.163%3A7090%2Ftrusteeship_return_web%2F&serv_type=52&service=project_transfer&sign_type=RSA&trans_action=02&version=1.0&sign=DsvJ2GCmt%2B8%2BRIjypwgmaiX%2FJyJn%2BAddRgTIMphmW3oMpgWw65jQb11PQTlIIxjI7QntbF21%2FXmhll5xMTOO0fvxlpDnd8sC86Bx9LzAIhjBJaNaQ23YosREeXILU27eoEximI9cg3Lmro8ZfvO5WjPT5wv%2FT%2FmiEBsiCVswWPA%3D', 'utf-8');
INSERT INTO `trusteeship_operation` VALUES ('5862f72b8e044d89b2940a80eec15afe', '2015042300000018', '2015042300000018', '{\"mer_date\":\"20150423\",\"sign_type\":\"RSA\",\"notify_url\":\"http://115.28.171.163:7090/trusteeship_return_s2s/mer_recharge_person\",\"charset\":\"UTF-8\",\"order_id\":\"2015042300000018\",\"version\":\"1.0\",\"user_ip\":\"124.200.110.58\",\"amount\":\"200\",\"sign\":\"sxIutYleFMoNtPjPIB88EqnJSBmNo5TjX4ooQ4rISjQ6z6bHB6bVq4rCZgUFjWkm/PKgroMSoK/V3UulHz1qq+XwdwA+gzO4xUdeAL/I0uP8QCW6m31KoCtAeGGVeBjTtFc8aW6hauBfJdOSW3f9Hi+G5mvDI3GeRedbKf4NkoM\\u003d\",\"gate_id\":\"CEB\",\"pay_type\":\"B2CDEBITBANK\",\"mer_id\":\"7099088\",\"service\":\"mer_recharge_person\",\"user_id\":\"UB201504081447010000000003571502\",\"res_format\":\"HTML\",\"ret_url\":\"http://115.28.171.163:7090/trusteeship_return_web/mer_recharge_person\"}', '2015-04-23 21:08:23', null, null, 'sended', 'umpay', 'mer_recharge_person', 'http://pay.soopay.net/spay/pay/payservice.do', 'utf-8');
INSERT INTO `trusteeship_operation` VALUES ('5a2124b550e646ab929369c781359feb', '2015042400000001', '2015042400000001', '{\"mer_date\":\"20150424\",\"sign_type\":\"RSA\",\"notify_url\":\"http://115.28.171.163:7090/trusteeship_return_s2s/cust_withdrawals\",\"charset\":\"UTF-8\",\"order_id\":\"2015042400000001\",\"version\":\"1.0\",\"amount\":\"9134\",\"sign\":\"q32FHyaZz+49pFxpQlvoVdroHVcpdbgc07RS3l4L9hAJ+zLv56lDl9hMvAgzgulL1ktR5UwDJ4bAa4wD4Zipdqj/G1scxDs4bP+zz25PONto1PQv6kD/a8kH33HXxcPWxb408QKeP/LvK3YZtPtBhRfOZxIWOMc77IingTc5PJ8\\u003d\",\"mer_id\":\"7099088\",\"service\":\"cust_withdrawals\",\"user_id\":\"UB201504161125570000000003661793\",\"res_format\":\"HTML\",\"ret_url\":\"http://115.28.171.163:7090/trusteeship_return_web/cust_withdrawals\"}', '2015-04-24 17:03:14', null, null, 'sended', 'umpay', 'cust_withdrawals', 'http://pay.soopay.net/spay/pay/payservice.do', 'utf-8');
INSERT INTO `trusteeship_operation` VALUES ('5b021b5f9c7d4cfc99a340ec0da2f95b', '2015041600000006', '2015041600000006', '{\"mer_date\":\"20150416\",\"sign_type\":\"RSA\",\"notify_url\":\"http://115.28.171.163:7090/trusteeship_return_s2s/mer_recharge_person\",\"charset\":\"UTF-8\",\"order_id\":\"2015041600000006\",\"version\":\"1.0\",\"user_ip\":\"118.187.56.162\",\"amount\":\"100\",\"sign\":\"qJUSlgVxZUf75K9wrnFSPBIprDsyw4LKLwss42Ow/5UrAAZ0EVtLas0SNZzaoCOqe6NrxfvbmfZTZ6U80WovzWPOKVDev0tUWBRIeqyH3e8yXx+m0vBNmazBouCD4ny7CQFM9eLtQTi0+EayGuP5Lxdn2wwNPOckfIj2JVQCixw\\u003d\",\"gate_id\":\"CITIC\",\"pay_type\":\"B2CDEBITBANK\",\"mer_id\":\"7099088\",\"service\":\"mer_recharge_person\",\"user_id\":\"UB201504161125550000000003661819\",\"res_format\":\"HTML\",\"ret_url\":\"http://115.28.171.163:7090/trusteeship_return_web/mer_recharge_person\"}', '2015-04-16 16:12:55', null, null, 'sended', 'umpay', 'mer_recharge_person', 'http://pay.soopay.net/spay/pay/payservice.do', 'utf-8');
INSERT INTO `trusteeship_operation` VALUES ('5b690467eec5433a8361a29324e74a91', '0120150413000001', '20150413000001', 'amount=100&charset=UTF-8&mer_date=20150413&mer_id=7099088&notify_url=http%3A%2F%2F115.28.171.163%3A7090%2Ftrusteeship_return_s2s%2Fproject_transfer_fail_by_manager&order_id=0120150413000001&partic_acc_type=01&partic_type=01&partic_user_id=UB201504081707280000000003573277&project_id=20150413000041&res_format=HTML&ret_url=http%3A%2F%2F115.28.171.163%3A7090%2Ftrusteeship_return_web%2Fproject_transfer_fail_by_manager&serv_type=51&service=project_transfer&sign_type=RSA&trans_action=02&version=1.0', '2015-04-13 10:55:12', '{sign=LQuZIPhoCy6+HZiBO75p2BDT2jb/XGnxeBiJRFfdi+YgfMc2/t8AFOFlZS2UPDtNACKn4e0nB7BRdnfO8WxzqwZY3MRqnZGyvNNcUPLR8ietOYYwAy/omujm0hBrl82a8yVe1dJ7Ki8bVaP6LG7JRvmFgdyd0/xLk3ETIooPsT4=, trade_no=1504135014521383, ret_code=0000, mer_date=20150413, mer_check_date=20150413, mer_id=7099088, sign_type=RSA, ret_msg=交易成功。, order_id=0120150413000001, plain=mer_check_date=20150413&mer_date=20150413&mer_id=7099088&order_id=0120150413000001&ret_code=0000&ret_msg=交易成功。&trade_no=1504135014521383&version=1.0, version=1.0}', '2015-04-13 10:55:12', 'passed', 'umpay', 'project_transfer_fail_by_manager', 'http://pay.soopay.net/spay/pay/payservice.do?amount=100&charset=UTF-8&mer_date=20150413&mer_id=7099088&notify_url=http%3A%2F%2F115.28.171.163%3A7090%2Ftrusteeship_return_s2s%2Fproject_transfer_fail_by_manager&order_id=0120150413000001&partic_acc_type=01&partic_type=01&partic_user_id=UB201504081707280000000003573277&project_id=20150413000041&res_format=HTML&ret_url=http%3A%2F%2F115.28.171.163%3A7090%2Ftrusteeship_return_web%2Fproject_transfer_fail_by_manager&serv_type=51&service=project_transfer&sign_type=RSA&trans_action=02&version=1.0&sign=byCaQDIM5c3MuDCJ8A2yN5pd4Z%2FhJsGtE1NtZG7qq%2BvtDJycxyhTmdU4A8T4K94sNnzLq4vofNhDnU1nQHgBue3luGFwgJ9H%2FkvztnY8kvtHfCdZdg7INxGQjTesZ%2FZHSuZocGPNE%2BwlKhHCd7tPxAPm8MitKu%2BJQALBZ65u%2Fog%3D', 'utf-8');
INSERT INTO `trusteeship_operation` VALUES ('5bb7b947c53848ab991055c2fdca2940', '14292403325656222800011071010402', 'zhengcong', '{\"identity_code\":\"KJUKSVHTWcrYDzOU2E1fU0va9G7nUCuwVyCPKt1t+Auzi/1lgI3iFzIcks1lf0IVfQmso6SOEbJctUtzxA1RC+wx4gYmwLH+Etzx0V6XRhp9AA3WKdsEUR08tsWOO6Bd95wEhkI0v2+1ZUeCTYZoX2LhlYddYI+rl5mMX/HHfCc\\u003d\",\"mer_date\":\"20150417\",\"sign_type\":\"RSA\",\"notify_url\":\"http://115.28.171.163:7090/trusteeship_return_s2s/mer_bind_card\",\"charset\":\"UTF-8\",\"order_id\":\"14292403325656222800011071010402\",\"card_id\":\"dthS1p+ySa+mDlyFLjBRQyvrvtVX+2RuuqJi9vTIB4/ncWaQETgRfV/gFSwVtYNTw9QDm0tCdevFWXGKEkTe9Vluf1xS6M8ALCDL8wLwWqEtwJpwRo3fRhu7AR6PEk7DHvpDmyyuIOV4mwcTWrCUrJCKXVmQi4JTX7bHIqgjnv8\\u003d\",\"version\":\"1.0\",\"account_name\":\"LeZ0YaJiFD8LFW8E7mgdXyfO3QIUvSHkgFYFyUKU18JDdId3p/JaTdrLwB/P3coivwcqCgCmUMOlItSZacb22dC84qP2biuccXOJ85phN0mutgmIhPxqSTvKlkbjO5MiL4b3kpqb7R27wfzXvjoAalkdBia0WN77EHXIxve/qdE\\u003d\",\"sign\":\"IABobggaRerrndmOBCVnzxrlDefqQpSeIvr/z8C2wh6AEwKbXzNg/pbKn/ZIyuLloEm4K8LBvz2I3Yh80mBQe2hJ3xnsozh4ybXM+0t7DI6t2GbjK8ZSIH2CjgMmr8SYtvtjE242h56J83MXA1ouaJbEpFO5+tezx8MIaqoXqpc\\u003d\",\"mer_id\":\"7099088\",\"identity_type\":\"IDENTITY_CARD\",\"service\":\"mer_bind_card\",\"user_id\":\"UB201504161636050000000003665807\",\"res_format\":\"HTML\",\"ret_url\":\"http://115.28.171.163:7090/trusteeship_return_web/mer_bind_card\"}', '2015-04-17 11:12:12', null, null, 'sended', 'umpay', 'mer_bind_card', 'http://pay.soopay.net/spay/pay/payservice.do', 'utf-8');
INSERT INTO `trusteeship_operation` VALUES ('5be970bb32bb40e181cce58202871647', '0120150428000077', '20150428000077', 'amount=9800&charset=UTF-8&mer_date=20150428&mer_id=7099088&notify_url=http%3A%2F%2F115.28.171.163%3A7090%2Ftrusteeship_return_s2s%2Fproject_transfer_give_money_to_borrower&order_id=0120150428000077&partic_acc_type=01&partic_type=02&partic_user_id=UB201504161636050000000003665807&project_id=20150428000077&res_format=HTML&ret_url=http%3A%2F%2F115.28.171.163%3A7090%2Ftrusteeship_return_web%2Fproject_transfer_give_money_to_borrower&serv_type=53&service=project_transfer&sign_type=RSA&trans_action=02&version=1.0', '2015-04-28 11:49:55', '{sign=n3lrh5AA+EEvWyrAbCMcxH8jhCbeFzJeluN4uhK6eiP3Y3Wp0/BwKAJ6ekX7/gHNFbbCNr+Y/y+lmyybk+w2yKTycBhpV5PQ57pH3nH4XRr7hzlaAfiFd+lp7ElPU/ZGzT/EEg3w3l68LcYSsn+mrLO5aAmoMlR1lHdFzeRl08k=, trade_no=1504285017330293, ret_code=0000, mer_date=20150428, mer_check_date=20150428, mer_id=7099088, sign_type=RSA, ret_msg=交易成功。, order_id=0120150428000077, plain=mer_check_date=20150428&mer_date=20150428&mer_id=7099088&order_id=0120150428000077&ret_code=0000&ret_msg=交易成功。&trade_no=1504285017330293&version=1.0, version=1.0}', '2015-04-28 11:49:55', 'passed', 'umpay', 'project_transfer_give_money_to_borrower', 'http://pay.soopay.net/spay/pay/payservice.do?amount=9800&charset=UTF-8&mer_date=20150428&mer_id=7099088&notify_url=http%3A%2F%2F115.28.171.163%3A7090%2Ftrusteeship_return_s2s%2Fproject_transfer_give_money_to_borrower&order_id=0120150428000077&partic_acc_type=01&partic_type=02&partic_user_id=UB201504161636050000000003665807&project_id=20150428000077&res_format=HTML&ret_url=http%3A%2F%2F115.28.171.163%3A7090%2Ftrusteeship_return_web%2Fproject_transfer_give_money_to_borrower&serv_type=53&service=project_transfer&sign_type=RSA&trans_action=02&version=1.0&sign=MJg4%2BPm4QJ%2F4TlxxBlEybw9yxeMYhDPxcFj6D59MTxxCjaOXFn1bC7qKr%2FmUEk7U0IjZAUJMUUSn54Tk8XW4mn7yjScfxt00rWjBWg730if6nx%2BaMVLNn9DRaGHBb9craRV2oz3VW99EmMH9MYvzaqmyjzeCmUk%2FjQ%2BZngDGid0%3D', 'utf-8');
INSERT INTO `trusteeship_operation` VALUES ('5c13c8ffabf144fbbf833b93377153bd', '0120150417000050', '20150417000050', 'amount=9800&charset=UTF-8&mer_date=20150417&mer_id=7099088&notify_url=http%3A%2F%2F115.28.171.163%3A7090%2Ftrusteeship_return_s2s%2Fproject_transfer_give_money_to_borrower&order_id=0120150417000050&partic_acc_type=01&partic_type=02&partic_user_id=UB201504161125550000000003661819&project_id=20150417000050&res_format=HTML&ret_url=http%3A%2F%2F115.28.171.163%3A7090%2Ftrusteeship_return_web%2Fproject_transfer_give_money_to_borrower&serv_type=53&service=project_transfer&sign_type=RSA&trans_action=02&version=1.0', '2015-04-17 14:19:48', '{sign=vZiwCT6qHXDQ8EEwcj3MpT3qeaGqCiK98+D5U50OJFcv/qU+jgViVjnuC7C4fmTW1ivtlj8M55Yb/TzBVXg8OWRbnBShXQef0AO0uBRe75CZK3dHIvBYiivPQKb5UbW36k6GsM/qI5oooN9573whxaMekTwBpbCfDYa7/aYeBiQ=, trade_no=1504175015564903, ret_code=0000, mer_date=20150417, mer_check_date=20150417, mer_id=7099088, sign_type=RSA, ret_msg=交易成功。, order_id=0120150417000050, plain=mer_check_date=20150417&mer_date=20150417&mer_id=7099088&order_id=0120150417000050&ret_code=0000&ret_msg=交易成功。&trade_no=1504175015564903&version=1.0, version=1.0}', '2015-04-17 14:19:49', 'passed', 'umpay', 'project_transfer_give_money_to_borrower', 'http://pay.soopay.net/spay/pay/payservice.do?amount=9800&charset=UTF-8&mer_date=20150417&mer_id=7099088&notify_url=http%3A%2F%2F115.28.171.163%3A7090%2Ftrusteeship_return_s2s%2Fproject_transfer_give_money_to_borrower&order_id=0120150417000050&partic_acc_type=01&partic_type=02&partic_user_id=UB201504161125550000000003661819&project_id=20150417000050&res_format=HTML&ret_url=http%3A%2F%2F115.28.171.163%3A7090%2Ftrusteeship_return_web%2Fproject_transfer_give_money_to_borrower&serv_type=53&service=project_transfer&sign_type=RSA&trans_action=02&version=1.0&sign=YDRr7ehblJfJehIqPAeHOOSk2ClR%2FSrQG6bchWE%2Fdp9NBJBYHo1xWhEU7a4wZfrrSbQAQDHmcEZ56EltzZrVdyWF5cn8tz%2BC9YqWN%2BAGXrh3BuZgEwXhK%2Bbak2tIHfepC49KXl2gMMs%2FzM8ahA9qTo0%2B5czo6dTpxzf5dXN5o5c%3D', 'utf-8');
INSERT INTO `trusteeship_operation` VALUES ('5c3d091d313e4fa9acb04971068d4b2d', '14292376842976212260200067624532', 'wll001', '{\"identity_code\":\"gzLJ70cnYJVN7VB2fOqQ0sHdQhXpUsNk80iSZ38RX4WmQnbRPJCNIiCMXqVXQm4GCdmSIMU1YvTbTrcwZb03cswuAcww1Z5NydKNS5edVmgIB9fhvrxed3I8ipPsZu+bpX/Jb1OiAtVPmFZcM3WLx2LbB4t4XnG+2992LFYeQ9M\\u003d\",\"mer_date\":\"20150417\",\"sign_type\":\"RSA\",\"notify_url\":\"http://115.28.171.163:7090/trusteeship_return_s2s/mer_bind_card\",\"charset\":\"UTF-8\",\"order_id\":\"14292376842976212260200067624532\",\"card_id\":\"OAwu5U7Uee6k2JRQWmTwqocaocbQuCTypjFKEV/oIEbgyGio2W2iYM1tstIKEU7wyFFTMukhNQzvV3asqds3vJM8SOu54Ifj4zjaGfAENZooNnEKvfmIeC2Iw9cHEv+W3F6//k7cAp0gg9qOp3ieOQ5N/DZwSwYlmP5qQjY3qSA\\u003d\",\"version\":\"1.0\",\"account_name\":\"YhJmY7ZzFkbDXuyuR9ikLCzYjIcUs2UjieO6wxLLNUoESkYamgRpyWJGahSO8/4HTELsb/AYf9yZ8fkIqpsmo/j6tFHYn/84f9dNgv5VEgmn+wfXNwsOh7jd2iAfDFXS52KWV6N5iPVfdPEucW197R2XUwb2HaxGDP9oXNbinho\\u003d\",\"sign\":\"D6AJMYvtpDqSOvuLhG70MKsQ5MFbeoS+CrRobScOem+xQ9dFv3ZV80KNvT/uqLmhvfZWTTW9ECquyg8cZvi/fJxg7alrT15phshrvvybP++dzgll24GbyurHi/86XVsrhi4hY6bl/XIL8mmGwa4Mo1DDVW9gF2uq1rMjc2Eq1dk\\u003d\",\"mer_id\":\"7099088\",\"identity_type\":\"IDENTITY_CARD\",\"service\":\"mer_bind_card\",\"user_id\":\"UB201504091030430000000003578704\",\"res_format\":\"HTML\",\"ret_url\":\"http://115.28.171.163:7090/trusteeship_return_web/mer_bind_card\"}', '2015-04-17 10:28:04', null, null, 'sended', 'umpay', 'mer_bind_card', 'http://pay.soopay.net/spay/pay/payservice.do', 'utf-8');
INSERT INTO `trusteeship_operation` VALUES ('5c41723d0e2f499a84343c79cab06ff5', '2015041600000002', '2015041600000002', '{\"mer_date\":\"20150416\",\"sign_type\":\"RSA\",\"notify_url\":\"http://115.28.171.163:7090/trusteeship_return_s2s/cust_withdrawals\",\"charset\":\"UTF-8\",\"order_id\":\"2015041600000002\",\"version\":\"1.0\",\"amount\":\"1000000\",\"sign\":\"BrAUmKcWS8nnjVpszB+oJEyNL0UHKI4D/yLiLd/2xefuo82RH53U5fjiqSL7A9N9y75B67PpeYB28ZCwE1B4qAghKDmDP4wHDFoVIUcp4RcC85DF5WjfeFbJh3bac3KD5I2liGkW4bweh8H0xYxTd1V9jtFo0zsqkbLqyrF/iQs\\u003d\",\"mer_id\":\"7099088\",\"service\":\"cust_withdrawals\",\"user_id\":\"UB201504161125550000000003661819\",\"res_format\":\"HTML\",\"ret_url\":\"http://115.28.171.163:7090/trusteeship_return_web/cust_withdrawals\"}', '2015-04-16 11:34:58', null, null, 'sended', 'umpay', 'cust_withdrawals', 'http://pay.soopay.net/spay/pay/payservice.do', 'utf-8');
INSERT INTO `trusteeship_operation` VALUES ('5c8b6dd0f2a4494b89d4e651225c6be1', 'wangxibao9', 'wangxibao9', 'charset=UTF-8&email=207938312%40qq.com&identity_code=wFRt%2FaTaT0H1lANN3WWGokc3lUMGJm3%2F7Zsl4j6OtkQVZh667ugbCWU75ur4rx7NX64nv8PdjOQ%2FH%2FwRCTGQT5kgd687JdbqNOpJ2rTMVzFgwMiAl1UDr%2BbE2W8nnsH%2B5Ac19LS4o714MTd71jGa%2FuEZWHME6QfN9hSB7yFSGqk%3D&identity_type=IDENTITY_CARD&mer_cust_id=wangxibao9&mer_cust_name=iUmClMXQpfrgTFkIU9sugrD69w%2BYBE%2FdIwxxzpn4JtcW099kCcES44azlpiUV0hpbqxrSVEt3gJnKJGT6DiIRXsgHbL45r8OZFqEmy2XUaI3jIjOdiYGCkUspir3dd2VAAKEnxYvyuEyEKUiT9TknBEDlubTQGGA6G2mt%2FgbZII%3D&mer_id=7099088&mobile_id=13264023868&res_format=HTML&service=mer_register_person&sign_type=RSA&version=1.0', '2015-04-08 14:46:59', '{sign=Oom2W8AkixFWSiXjXIQi6qYTS5PmlOcu1YVNiZOl5hP5p7UnFHwlc0QDpMiw5TTmorWpWlP7xjyMaNHBVKXJxXVMXxIqJpxutLqRBB325v3iCTXQyGMIkNNuKzW7x61oq8kCOkQdQ7Ckl3wG/mSg5DXq0WTkvKLZy+s/QaPenXA=, ret_code=0000, account_id=02000155413841, mer_id=7099088, sign_type=RSA, ret_msg=交易成功。, user_id=UB201504081447010000000003571502, plain=account_id=02000155413841&mer_id=7099088&reg_date=20150408&ret_code=0000&ret_msg=交易成功。&user_id=UB201504081447010000000003571502&version=1.0, reg_date=20150408, version=1.0}', '2015-04-08 14:47:02', 'passed', 'umpay', 'mer_register_person', 'http://pay.soopay.net/spay/pay/payservice.do?charset=UTF-8&email=207938312%40qq.com&identity_code=wFRt%2FaTaT0H1lANN3WWGokc3lUMGJm3%2F7Zsl4j6OtkQVZh667ugbCWU75ur4rx7NX64nv8PdjOQ%2FH%2FwRCTGQT5kgd687JdbqNOpJ2rTMVzFgwMiAl1UDr%2BbE2W8nnsH%2B5Ac19LS4o714MTd71jGa%2FuEZWHME6QfN9hSB7yFSGqk%3D&identity_type=IDENTITY_CARD&mer_cust_id=wangxibao9&mer_cust_name=iUmClMXQpfrgTFkIU9sugrD69w%2BYBE%2FdIwxxzpn4JtcW099kCcES44azlpiUV0hpbqxrSVEt3gJnKJGT6DiIRXsgHbL45r8OZFqEmy2XUaI3jIjOdiYGCkUspir3dd2VAAKEnxYvyuEyEKUiT9TknBEDlubTQGGA6G2mt%2FgbZII%3D&mer_id=7099088&mobile_id=13264023868&res_format=HTML&service=mer_register_person&sign_type=RSA&version=1.0&sign=SJgDDBiX4E0XhbQ8GINGhY8mTk%2BE3iboGf8jNF9axRzT5AcxpFxlemkvb7%2BKI55jQ5NGcdBgiiygRQuUyRZ6YGaWd1THDY%2BHaexfwOal44%2FP4L0oFu6eVW8YDSsFyBPrkGNlcuDv5ZV%2BrzQI95h9s7h0gQetsZDfSnF87cAEMPA%3D', 'utf-8');
INSERT INTO `trusteeship_operation` VALUES ('5cb9c5842b77480a868abb6700b751f2', '20150416000007', '20150416000007', '{\"mer_date\":\"20150416\",\"sign_type\":\"RSA\",\"notify_url\":\"http://115.28.171.163:7090/trusteeship_return_s2s/project_transfer_invest\",\"charset\":\"UTF-8\",\"order_id\":\"20150416000007\",\"version\":\"1.0\",\"amount\":\"5000\",\"sign\":\"S494I4UL03pKB6AqgNKloXd8XZxODCeKeWQoQ9WDKmWaCjHug1T4ecRTyT+umc2cPv6mKGp/6wx63GWsQfNtABRxwBT/FeGTqEsHwi11iCOAweCU2PQ+cfDWvW1S0DPzEpJHlBItueraAVC5kXf88hrzgL69zaUVPoUqXAh/H3c\\u003d\",\"partic_type\":\"01\",\"serv_type\":\"01\",\"partic_user_id\":\"UB201504161125570000000003661793\",\"mer_id\":\"7099088\",\"project_id\":\"20150416000049\",\"partic_acc_type\":\"01\",\"service\":\"project_transfer\",\"trans_action\":\"01\",\"res_format\":\"HTML\",\"ret_url\":\"http://115.28.171.163:7090/trusteeship_return_web/project_transfer_invest\"}', '2015-04-16 16:42:15', '{sign=llt17OvJRzGaksfCD9Ise4KFf1BheTNus/S33zm+tixk2DLXtc4F4wcsi9H7r05k5YBl75OBGyuXWkEn9PJVpMHn9zR7TMjbTR0YbvqJvjucKEx9mdJ6v0NYbviyellJDZzP57ugODS5cExe4nV6UPDcRGPCmMFv45DxkOwblHc=, trade_no=1504165015382763, ret_code=0000, mer_date=20150416, mer_id=7099088, mer_check_date=20150416, sign_type=RSA, service=project_tranfer_notify, ret_msg=交易成功。, order_id=20150416000007, version=4.0}', '2015-04-16 16:44:43', 'passed', 'umpay', 'project_transfer_invest', 'http://pay.soopay.net/spay/pay/payservice.do', 'utf-8');
INSERT INTO `trusteeship_operation` VALUES ('5ceecdf353e44d41a192574fe1a77470', '2015041700000016', '2015041700000016', '{\"mer_date\":\"20150417\",\"sign_type\":\"RSA\",\"notify_url\":\"http://115.28.171.163:7090/trusteeship_return_s2s/mer_recharge_person\",\"charset\":\"UTF-8\",\"order_id\":\"2015041700000016\",\"version\":\"1.0\",\"user_ip\":\"118.187.56.162\",\"amount\":\"10000\",\"sign\":\"W+MiKSr9lrHarA6me4Ucli/5WF8g9XDPFJ6M3ii8TxH8a4G4n3W75If43bEaui/Dtma17usDyT3j8ahuWEXCx8GMOqT0ccOfARPULx40MwpBOaZ8k3WP4PapFcFOLvdbifoFgFMz+xoPnfjHR7QpkmyyCcXyC5aKf0stmDITJsU\\u003d\",\"gate_id\":\"CCB\",\"pay_type\":\"B2CDEBITBANK\",\"mer_id\":\"7099088\",\"service\":\"mer_recharge_person\",\"user_id\":\"UB201504161636050000000003665807\",\"res_format\":\"HTML\",\"ret_url\":\"http://115.28.171.163:7090/trusteeship_return_web/mer_recharge_person\"}', '2015-04-17 10:35:55', null, null, 'sended', 'umpay', 'mer_recharge_person', 'http://pay.soopay.net/spay/pay/payservice.do', 'utf-8');
INSERT INTO `trusteeship_operation` VALUES ('5cff48d0f163446d92b855959db100ae', '2015041300000001', '2015041300000001', '{\"mer_date\":\"20150413\",\"sign_type\":\"RSA\",\"notify_url\":\"http://115.28.171.163:7090/trusteeship_return_s2s/cust_withdrawals\",\"charset\":\"UTF-8\",\"order_id\":\"2015041300000001\",\"version\":\"1.0\",\"amount\":\"100\",\"sign\":\"V4XozTQPQ1LESJYsHYyHMiCnNRhixP6DBVaYWx2PpNcUS+B4BQDnOFJjceOSlggpzyXgUbPMibNPBzxIaB9EQs4N9l494OdSHovghSOyBdwY6u3lnDIWdImlBfQeBZS0N/S/CGATsHGvV3AiKOcCKfPwh7PJSzE/tJDFO7yqCq8\\u003d\",\"mer_id\":\"7099088\",\"service\":\"cust_withdrawals\",\"user_id\":\"UB201504081707280000000003573277\",\"res_format\":\"HTML\",\"ret_url\":\"http://115.28.171.163:7090/trusteeship_return_web/cust_withdrawals\"}', '2015-04-13 14:43:29', null, null, 'sended', 'umpay', 'cust_withdrawals', 'http://pay.soopay.net/spay/pay/payservice.do', 'utf-8');
INSERT INTO `trusteeship_operation` VALUES ('5d4966f4e23a4dbbbc40c6d42a0c5989', '0220150427000058', '20150427000058', 'amount=0&charset=UTF-8&mer_date=20150427&mer_id=7099088&notify_url=http%3A%2F%2F115.28.171.163%3A7090%2Ftrusteeship_return_s2s%2F&order_id=0220150427000058&partic_acc_type=02&partic_type=03&partic_user_id=7099088&project_id=20150427000058&res_format=HTML&ret_url=http%3A%2F%2F115.28.171.163%3A7090%2Ftrusteeship_return_web%2F&serv_type=52&service=project_transfer&sign_type=RSA&trans_action=02&version=1.0', '2015-04-27 15:59:51', '{sign=jmpToDSU+G3aw2nzi+Kq2FA32xlXEPsfsFHPNnc1DZU8VsYwfBUbDxJTKfVXvXyZtapC3QMoLuu56xoX6z5niFhP0PDfwKw94cOnjAUF5Im2kKKhWZyUMl098kdUqSITBbwreBfJl/Qcx/95nq1sx90REM7cZiBrDefot6SW3sI=, ret_code=00060700, ret_msg=请求的参数[amount(0)]格式或值不正确, plain=ret_code=00060700&ret_msg=请求的参数[amount(0)]格式或值不正确}', '2015-04-27 15:59:51', 'refused', 'umpay', 'project_transfer', 'http://pay.soopay.net/spay/pay/payservice.do?amount=0&charset=UTF-8&mer_date=20150427&mer_id=7099088&notify_url=http%3A%2F%2F115.28.171.163%3A7090%2Ftrusteeship_return_s2s%2F&order_id=0220150427000058&partic_acc_type=02&partic_type=03&partic_user_id=7099088&project_id=20150427000058&res_format=HTML&ret_url=http%3A%2F%2F115.28.171.163%3A7090%2Ftrusteeship_return_web%2F&serv_type=52&service=project_transfer&sign_type=RSA&trans_action=02&version=1.0&sign=P8ng7sac7Lqk6bM%2B9k6vIMJrgP9qhkGbyebLVhININUT0rgF1DpjHUMEJzCWlfr5gvP1VrmzEs8l7xj5jZRMuBWZzP1pm7NLksCTryn%2FpL%2BckY5YGu0TX6hJ9xe9itep5PIwV81QJY4lcBLq5nevlaiqW2T5lBByCf2RKDy%2BpJ8%3D', 'utf-8');
INSERT INTO `trusteeship_operation` VALUES ('5e028b02d47643ceb1476e97ea86ba42', '14295313033556217000010031760880', 'wangxibao9', '{\"identity_code\":\"mKFe7qGB7hnHy/vVIEiEOcY6H8ll05ALSuT8K1HO0rDKnRgsy0GIMvEDBjU3syr3uvpkECttsXkOrELQg48/04kUi9jVqC3hQeo3yhcq8gbjAJq6ZIIxaHUfrh+cDasWtoVB65QjfZAX94A6mCrbs1sm3/uhWYTrE6sjIYLdTxo\\u003d\",\"mer_date\":\"20150420\",\"sign_type\":\"RSA\",\"notify_url\":\"http://115.28.171.163:7090/trusteeship_return_s2s/mer_bind_card\",\"charset\":\"UTF-8\",\"order_id\":\"14295313033556217000010031760880\",\"card_id\":\"bOU5p+ROANY4B6kO75pg/XYu8G30leBH2yX/GpczQhmzIks4oz6plU540FtFCFXwS2wX1DO4RNBLoQRATPyzDwvgh+WFtFolcdlhPx+xmzzv3fDx34HaQ/xSCPGQMwGB4EPfLUxGQxJ+H2Z4fq5TM9lVaTagHQLCWyaMoTlkBjA\\u003d\",\"version\":\"1.0\",\"account_name\":\"JEU/PaWovupSfR7URyRrM6wq55llYnokQxatifhwPEEqi3D/BzHirGWMyKdIJug8L2nvOhx6oeX91sI25rP4k+Y+kb16TSxWrJGrLDLdPUpjP59ql3qLHOaRMAxBjpGhc8Q7lyrr5mGBSaM6AVDDfNcQVH9XHmtUVE5s10Ec0t4\\u003d\",\"sign\":\"j9Y3Txb9ToAC0Vyb2kuq6Z+81R/FdxoHS2OHCFRjcThzcfP0xfJ5IVypyedVr+tvL1pB5mo4aANO29PCBwLDmRNt/KVXfALubpoWxQA8xIBJBw/31tkPLXKIsXZ59wmkgM2t1nOs05uOKoTsQj25GI1rOvXT/XeThtQX2gbM60U\\u003d\",\"mer_id\":\"7099088\",\"identity_type\":\"IDENTITY_CARD\",\"service\":\"mer_bind_card\",\"user_id\":\"UB201504081447010000000003571502\",\"res_format\":\"HTML\",\"ret_url\":\"http://115.28.171.163:7090/trusteeship_return_web/mer_bind_card\"}', '2015-04-20 20:01:43', null, null, 'sended', 'umpay', 'mer_bind_card', 'http://pay.soopay.net/spay/pay/payservice.do', 'utf-8');
INSERT INTO `trusteeship_operation` VALUES ('5ea24cf5d1154d80b908b513b4e998ac', '20150422000055', '20150422000055', 'charset=UTF-8&loan_user_id=UB201504161125550000000003661819&mer_id=7099088&project_amount=7000&project_expire_date=20150424&project_id=20150422000055&project_name=%E6%B5%8B%E8%AF%95%E6%B5%81%E6%A0%87001&res_format=HTML&service=mer_bind_project&sign_type=RSA&version=1.0', '2015-04-22 14:43:31', '{sign=igQv9UzqKPdL+WE2i6vjZMr+PcM321md0HaO5yq8NwLkN4F3nlvOp09khnOepdjpsUoTHquu4Yw8ebu+kLhX8jDIBLN6I+YtXhv7dg5VV1FIWi5b2HD+nmFN7BMoZSQxXGWCQ9uC6uoAdRPJb+QXuiJz9jJstAKwuRxKUAoDzZ0=, ret_code=0000, project_state=92, mer_check_date=20150422, mer_id=7099088, sign_type=RSA, ret_msg=操作成功, project_account_id=7099088A0000121, plain=mer_check_date=20150422&mer_id=7099088&project_account_id=7099088A0000121&project_state=92&ret_code=0000&ret_msg=操作成功&version=1.0, version=1.0}', '2015-04-22 14:43:31', 'passed', 'umpay', 'mer_bind_project', 'http://pay.soopay.net/spay/pay/payservice.do?charset=UTF-8&loan_user_id=UB201504161125550000000003661819&mer_id=7099088&project_amount=7000&project_expire_date=20150424&project_id=20150422000055&project_name=%E6%B5%8B%E8%AF%95%E6%B5%81%E6%A0%87001&res_format=HTML&service=mer_bind_project&sign_type=RSA&version=1.0&sign=nDcnbHUtUTwMhM%2FkrvIoiTGF7h%2BenAe%2FQRCGGIuck0nh1yIuSRzd44xQgMBp5SZuHVT6cG7tkIhNQEEuo8dccBqa86mbYYHBrFevy%2FRQd6u2aqXHwpudtGm8%2FJUXlyEfxPTMTr0SHneAz1t3Y7e8Oqd5UKzmyiX6DxHyFrLAJ5g%3D', 'utf-8');
INSERT INTO `trusteeship_operation` VALUES ('5f6fe9d7b9a64860b33dea7d5aad0172', '1429176157333123212312132212', 'zhengcong', '{\"identity_code\":\"\",\"mer_date\":\"20150416\",\"sign_type\":\"RSA\",\"notify_url\":\"http://115.28.171.163:7090/trusteeship_return_s2s/mer_bind_card\",\"charset\":\"UTF-8\",\"order_id\":\"1429176157333123212312132212\",\"card_id\":\"CBtFPcFxTFequD30g7HCYXVUExwrV6l41OB/YEb8tzCHCZAVFbnl/WwjN9DDVf5E3Sfw957ArWm0f+GNosiyQbgCtHatG2pSP0vVL+4eNvwbOB9B8igCkorEj52Hoef172wV/aiiW2V0MsHflyuwEQhvtgwVXYWhh2I0x+3Rvp0\\u003d\",\"version\":\"1.0\",\"account_name\":\"io3foO/I43D4HhfbcoujPvOCkDDjJ2OqTVdrlToEwp6X8u2z4Bz7Omo+h/d4w76qSoJzrsVlk9Q1w9ilRaGmekgm/H+cl08dcJdARODOyFtetY0140FHMUYy38ZcpgfMaNMXP9JwzqCbXEbDAB+EJ3YrKrj9uX223KH72IVUNZY\\u003d\",\"sign\":\"Y2uDB4BXma0Ee3RWJCZXB2u2h3iPRWohORnscrJnJW4mbaHlyiUa/lmN6qZ0yuWR3qHW/+MmfMxZJgZ5tlELnE9/c5MhHTp33Z6XOZstzylO1ixtgRoj9TDyH37CzPQmyAR5Tw4c1nNecAPIP6wOfGcfID8/7zC7kFr7SZAUQ4o\\u003d\",\"mer_id\":\"7099088\",\"identity_type\":\"IDENTITY_CARD\",\"service\":\"mer_bind_card\",\"user_id\":\"UB201504161636050000000003665807\",\"res_format\":\"HTML\",\"ret_url\":\"http://115.28.171.163:7090/trusteeship_return_web/mer_bind_card\"}', '2015-04-16 17:22:37', null, null, 'sended', 'umpay', 'mer_bind_card', 'http://pay.soopay.net/spay/pay/payservice.do', 'utf-8');
INSERT INTO `trusteeship_operation` VALUES ('601e015fb0754f6bb9261bf0633e292b', '20150417000050', '20150417000050', 'charset=UTF-8&loan_user_id=UB201504161125550000000003661819&mer_id=7099088&project_amount=10000&project_expire_date=20150420&project_id=20150417000050&project_name=%E6%A0%87%E7%9A%84bd2_01&res_format=HTML&service=mer_bind_project&sign_type=RSA&version=1.0', '2015-04-17 13:34:45', '{sign=WUDyJ9Ogpih57iBR4jHIJuDlRLLEX9euE+EdlkB481o/jvfQv43GlwA7dCk79evZ0syXRNfwEuceIy6vTlFBcuo+Xv4jZaK2ocKYYTaqN1tjzH1EsFay1T+WnLE7aI9Zdcjx10kSVQXQmknhwTyuqnQL0zkJIUAs204B/5qQnuQ=, ret_code=0000, project_state=92, mer_check_date=20150417, mer_id=7099088, sign_type=RSA, ret_msg=操作成功, project_account_id=7099088A0000102, plain=mer_check_date=20150417&mer_id=7099088&project_account_id=7099088A0000102&project_state=92&ret_code=0000&ret_msg=操作成功&version=1.0, version=1.0}', '2015-04-17 13:34:45', 'passed', 'umpay', 'mer_bind_project', 'http://pay.soopay.net/spay/pay/payservice.do?charset=UTF-8&loan_user_id=UB201504161125550000000003661819&mer_id=7099088&project_amount=10000&project_expire_date=20150420&project_id=20150417000050&project_name=%E6%A0%87%E7%9A%84bd2_01&res_format=HTML&service=mer_bind_project&sign_type=RSA&version=1.0&sign=PLuajCb0jk98Fc0K8MXSeBqLt60DGaBzV3%2Ffw1ZkkCG1Vf9l4N6oeCYr8y6HfhxaVlqJ2u2izmZ3yh%2Fm9lKzdUZDayOOxO6qOYD%2BFSfOI%2FJh0AHyia%2FZVNhSJPJd85plEVdnhmX14GNNr1VuB92lT5A%2FynFZFlsRKzximexyioE%3D', 'utf-8');
INSERT INTO `trusteeship_operation` VALUES ('60b4708a2df04f76b6d8b3ce2c6fd1b5', '2015041400004400011428993293769', '201504140000440001', '{\"mer_date\":\"20150414\",\"sign_type\":\"RSA\",\"notify_url\":\"http://115.28.171.163:7090/trusteeship_return_s2s/project_transfer_normal_repay\",\"charset\":\"UTF-8\",\"order_id\":\"2015041400004400011428993293769\",\"version\":\"1.0\",\"amount\":\"2\",\"sign\":\"sIXOBC0+TxgcoTzNMur4hfKDrF1la3nXO1TuDTnxhklueFtn2G0zFllzl2RbGhJS6Yi8ArpsEyz1FqXAPZF6SiAkU9qzAZ/xJPMuu199p5Oy/2kyEdmKkFZednX/iJsUxctyJzC+KpW9LfmkcDA38cTyHRQWtORzl0zyqpkIc28\\u003d\",\"partic_type\":\"02\",\"serv_type\":\"03\",\"partic_user_id\":\"UB201504131709370000000003631826\",\"mer_id\":\"7099088\",\"project_id\":\"20150414000044\",\"partic_acc_type\":\"01\",\"service\":\"project_transfer\",\"trans_action\":\"01\",\"res_format\":\"HTML\",\"ret_url\":\"http://115.28.171.163:7090/trusteeship_return_web/project_transfer_normal_repay\"}', '2015-04-14 14:34:53', '{sign=QOBegHAb/pycK7eUHph5k4PxctMzzZ90mjQ+jHVDt3PQg0CUvTXbly5LM07ltWBgtd/lyDR9G50UemtzWiCX9ONyJLVIG8RwJPPyId/5P3brJ6bnQOIq5pfpHsd4fSDEa7SDcQ2yHURpmVF40Qt23QZO4OJaEs2MhBE5cnyDsGE=, trade_no=1504145014741333, ret_code=0000, mer_date=20150414, mer_id=7099088, mer_check_date=20150414, sign_type=RSA, service=project_tranfer_notify, ret_msg=交易成功。, order_id=2015041400004400011428993293769, version=4.0}', '2015-04-14 14:35:39', 'passed', 'umpay', 'project_transfer_normal_repay', 'http://pay.soopay.net/spay/pay/payservice.do', 'utf-8');
INSERT INTO `trusteeship_operation` VALUES ('615ec97d67c84c6fb7575d4f7dea6cc5', '14298450737356217710701871956', 'wll001', '{\"identity_code\":\"OMm/bsXd+Gn7pbx0z1aK+XT+9GMhHDHW2rvO+0tdxGAGxO0jWlsNjvES/ej0s9EEZOejAHLmgvWbq/ZHSpu+SkAifh/p9Kr+DBgxpNCl/UPbDpilLskSdf+Q9V8wQwYW28TTOc0GDCHxxOlDVNMz6MmafpwynRh33tVXbw4TFv0\\u003d\",\"mer_date\":\"20150424\",\"sign_type\":\"RSA\",\"notify_url\":\"http://115.28.171.163:7090/trusteeship_return_s2s/mer_bind_card\",\"charset\":\"UTF-8\",\"order_id\":\"14298450737356217710701871956\",\"card_id\":\"NbQii29kOTfQb7YZNHuLKxy8AA4Sbo8nRVMIv5qEvn9h1E7H3OXVOc/Ri+W3oBNqjbyc8RTUBayGuiedxI1GBSq09NuRBmBHDtHJu3qN1ntKF2EebSSCAuERrX/XABfLQuRxvHIfboGXUmQfvXMBybary/YKw8QW8m5jg/uARys\\u003d\",\"version\":\"1.0\",\"account_name\":\"I4s9X55v9MFsj/nK0bqO51o81nQuHdFK+zWeNJI/8azu/Ehvz/plBO+ZAjXRk3ARTAyS2ASVlLnyfCTSqm8ydJXJ9x3UeGRpZMGgj9V1lgV/fYqxEItHXT0CsRBlV/vCskHG4d1VZRKFX+8moiIAhSxITOMfv88pOTIp+khqdxU\\u003d\",\"sign\":\"qCrVvQmXE8/kfHy/tlckh9I/n3sMJ+U8fugQokOh6KXJvQ8ZlJXJ61LCEfHt4+Fplji5wq9zFCDTwuAbvAWqsye1Ivtle2IUUDKzW6rjIQ/OIDDYTn5Hxsvksxxks+L+HSat4WJdCFmqb3/ow285wl0HfFJRtBm5lgW1p+1UDwc\\u003d\",\"mer_id\":\"7099088\",\"identity_type\":\"IDENTITY_CARD\",\"service\":\"mer_bind_card\",\"user_id\":\"UB201504091030430000000003578704\",\"res_format\":\"HTML\",\"ret_url\":\"http://115.28.171.163:7090/trusteeship_return_web/mer_bind_card\"}', '2015-04-24 11:11:13', null, null, 'sended', 'umpay', 'mer_bind_card', 'http://pay.soopay.net/spay/pay/payservice.do', 'utf-8');
INSERT INTO `trusteeship_operation` VALUES ('61ac304177dd479b897e921d8000f8fb', '0120150427000061', '20150427000061', 'amount=9800&charset=UTF-8&mer_date=20150427&mer_id=7099088&notify_url=http%3A%2F%2F115.28.171.163%3A7090%2Ftrusteeship_return_s2s%2Fproject_transfer_give_money_to_borrower&order_id=0120150427000061&partic_acc_type=01&partic_type=02&partic_user_id=UB201504161125550000000003661819&project_id=20150427000061&res_format=HTML&ret_url=http%3A%2F%2F115.28.171.163%3A7090%2Ftrusteeship_return_web%2Fproject_transfer_give_money_to_borrower&serv_type=53&service=project_transfer&sign_type=RSA&trans_action=02&version=1.0', '2015-04-27 16:32:20', '{sign=vkbh3QTBJpouWUig/DSKQVX6If6YzBRhV5N4H8HTnI5kDMvbeA21ugJzFKtrfzC/iAcrqAOXOHYYp2p16o/WSl6Ks+bIs+gdy1iBeN87q384Kunq/c50PDnLFU4DzSfJQCBTBQRk2xBXHfYmRnvtnKqUcRD8ALBrhbUjyWEuzBQ=, trade_no=1504275017127573, ret_code=0000, mer_date=20150427, mer_check_date=20150427, mer_id=7099088, sign_type=RSA, ret_msg=交易成功。, order_id=0120150427000061, plain=mer_check_date=20150427&mer_date=20150427&mer_id=7099088&order_id=0120150427000061&ret_code=0000&ret_msg=交易成功。&trade_no=1504275017127573&version=1.0, version=1.0}', '2015-04-27 16:32:23', 'passed', 'umpay', 'project_transfer_give_money_to_borrower', 'http://pay.soopay.net/spay/pay/payservice.do?amount=9800&charset=UTF-8&mer_date=20150427&mer_id=7099088&notify_url=http%3A%2F%2F115.28.171.163%3A7090%2Ftrusteeship_return_s2s%2Fproject_transfer_give_money_to_borrower&order_id=0120150427000061&partic_acc_type=01&partic_type=02&partic_user_id=UB201504161125550000000003661819&project_id=20150427000061&res_format=HTML&ret_url=http%3A%2F%2F115.28.171.163%3A7090%2Ftrusteeship_return_web%2Fproject_transfer_give_money_to_borrower&serv_type=53&service=project_transfer&sign_type=RSA&trans_action=02&version=1.0&sign=lxcmdOHtrnv28g7OeGJnD497PC%2Fa6%2BddNiF5oDmz3i%2BD%2FKVzB2XK7%2FpMi7bcEAIThKXdnnzbIG%2FEjSgZKJovsNSWuhZ5HGzaNR1cG%2Bi2ZhZw2aBFcEpBbq3xef9bRRCUBQYWi2EtchZUwzYMdeKkiSu4BGi2zj7JJZ0UpVWZtrI%3D', 'utf-8');
INSERT INTO `trusteeship_operation` VALUES ('61b9af5890e544c9afe1884f88d14366', '0120150427000058', '20150427000058', 'amount=200&charset=UTF-8&mer_date=20150427&mer_id=7099088&notify_url=http%3A%2F%2F115.28.171.163%3A7090%2Ftrusteeship_return_s2s%2Fproject_transfer_give_money_to_borrower&order_id=0120150427000058&partic_acc_type=01&partic_type=02&partic_user_id=UB201504081737010000000003573522&project_id=20150427000058&res_format=HTML&ret_url=http%3A%2F%2F115.28.171.163%3A7090%2Ftrusteeship_return_web%2Fproject_transfer_give_money_to_borrower&serv_type=53&service=project_transfer&sign_type=RSA&trans_action=02&version=1.0', '2015-04-27 15:59:51', '{sign=FLjZMASkftf+3rW1Tqjo66CgQAdtM8te6tQmh4HcYxNS/lgskUoRdgGFDOGoIsDOk9FbmdOsnYD5sNyvxpew53tRSpI2ibQMd77toMiMg0jhTjlp0Nfk2DA5C4ldDAsfnYgXgjqlWV+4aQaEHoW+pqj543BKT9kj6YSdT2o+z+I=, trade_no=1504275017115423, ret_code=0000, mer_date=20150427, mer_check_date=20150427, mer_id=7099088, sign_type=RSA, ret_msg=交易成功。, order_id=0120150427000058, plain=mer_check_date=20150427&mer_date=20150427&mer_id=7099088&order_id=0120150427000058&ret_code=0000&ret_msg=交易成功。&trade_no=1504275017115423&version=1.0, version=1.0}', '2015-04-27 15:59:51', 'passed', 'umpay', 'project_transfer_give_money_to_borrower', 'http://pay.soopay.net/spay/pay/payservice.do?amount=200&charset=UTF-8&mer_date=20150427&mer_id=7099088&notify_url=http%3A%2F%2F115.28.171.163%3A7090%2Ftrusteeship_return_s2s%2Fproject_transfer_give_money_to_borrower&order_id=0120150427000058&partic_acc_type=01&partic_type=02&partic_user_id=UB201504081737010000000003573522&project_id=20150427000058&res_format=HTML&ret_url=http%3A%2F%2F115.28.171.163%3A7090%2Ftrusteeship_return_web%2Fproject_transfer_give_money_to_borrower&serv_type=53&service=project_transfer&sign_type=RSA&trans_action=02&version=1.0&sign=uYMdosi0iuWr7hpxJ%2BzLzgG1f8vJzdk9%2FSZFmtfeAOPu8kz0%2BOHklXz2bJsiV2IVLfI0cHVZTIv7dcu1GWvqqbz0hvEVT1UU5WVvijqIOfRQ6aCHqS6%2FDDJRAnKbhLw%2FrlS0Ri4VL6ikk1vhvTPWXRuwPn8iHHlyiYCKu9wv27A%3D', 'utf-8');
INSERT INTO `trusteeship_operation` VALUES ('630c6a695d8840ff8c9175875b36f163', '14294951408076212260200067624532', 'wll001', '{\"identity_code\":\"TiR0MWY3087p1Sn6g6wnlPRivoOZoHm7A7KoaPTSSOxmHPgeLlQLuonis+vqXwqapg7oizS5QZc0AQGU4kwSJNcPF7KkDD5LM3PFmyeocQPrt70RBvtr+eNyCtYVLvZzdG6EMZe+C4rhkTn0qQ02bEUcqrYA/FMSvU5WatOGj5U\\u003d\",\"mer_date\":\"20150420\",\"sign_type\":\"RSA\",\"notify_url\":\"http://115.28.171.163:7090/trusteeship_return_s2s/mer_bind_card\",\"charset\":\"UTF-8\",\"order_id\":\"14294951408076212260200067624532\",\"card_id\":\"uuJKbK84bL1ItpRIdxU6it/vC02z/KnPyP7c7NV1uYIyVosBPDyutP4M+OnJJFe6Dt1N4fvilY/qD9beA82aoErirgs1ou021DZw499qx7+UHsxBX/2hEi1FiVEVq+Jw1dc7A8OZ5T8WwhOzce4hz+2EI1QsDLH0MrryWzWPRjc\\u003d\",\"version\":\"1.0\",\"account_name\":\"Urb5epWiD1KT3XqIxrAdEQi+raXY9jfjOq2hbBc0ypgBExC2tnrLMt1u8fCMSnEQ9fSCMXIpsOlaN2z0ZTWcIeZ8PoIyFJjRukADQ4SKS28YaEmsRYmcPqX7rfO2IlujlxCu2AhGi2ockNiVVjU9l8+HVVMo1A5A6oP2xmZX2M8\\u003d\",\"sign\":\"lZqEH8o6gv8kD3YqDZTwiOgp5jmxKrjBeoJRgEuC6+4dvsNhRgurbhlV4o6f8S9qtc5CiZKiDbtgsP3fWXeHevY7Anql+6xaOgoCJaxw3Ibz+A4JszRRX1oXCRCjViUrfMS9+KIvWU5jat0sx9GTArf1ixZN0qht8GKILbBGhOs\\u003d\",\"mer_id\":\"7099088\",\"identity_type\":\"IDENTITY_CARD\",\"service\":\"mer_bind_card\",\"user_id\":\"UB201504091030430000000003578704\",\"res_format\":\"HTML\",\"ret_url\":\"http://115.28.171.163:7090/trusteeship_return_web/mer_bind_card\"}', '2015-04-20 09:59:00', null, null, 'sended', 'umpay', 'mer_bind_card', 'http://pay.soopay.net/spay/pay/payservice.do', 'utf-8');
INSERT INTO `trusteeship_operation` VALUES ('636c0b90dd33499581455eb4f422098c', '2015042700006600011430128470770', '201504270000660001', '{\"mer_date\":\"20150427\",\"sign_type\":\"RSA\",\"notify_url\":\"http://115.28.171.163:7090/trusteeship_return_s2s/project_transfer_normal_repay\",\"charset\":\"UTF-8\",\"order_id\":\"2015042700006600011430128470770\",\"version\":\"1.0\",\"amount\":\"1035\",\"sign\":\"PmFr66A3SwAXMBhm25az6tT/RHRdocIssppabMTEU4qumvFRPEICILLQuWfeD6vi/juSM2Bj1Re2/q1DibwWb0lYOwESeN2RowGluoysI0xnxDs+Gz8dBG8h5v8Ufq+HSUIoPEl9bEMlURYpXRGZMUVazu4EwICOYu/D7Qd2LQE\\u003d\",\"partic_type\":\"02\",\"serv_type\":\"03\",\"partic_user_id\":\"UB201504161125550000000003661819\",\"mer_id\":\"7099088\",\"project_id\":\"20150427000066\",\"partic_acc_type\":\"01\",\"service\":\"project_transfer\",\"trans_action\":\"01\",\"res_format\":\"HTML\",\"ret_url\":\"http://115.28.171.163:7090/trusteeship_return_web/project_transfer_normal_repay\"}', '2015-04-27 17:54:30', '{sign=h+2bCePFiIkZkSIaZIPSyFIXvB7PzVeJO3qmRSqO0o8Clho87o/gIwBkSWuz7mHtfSAgS1bTL8cYMTxw4UybCFL97sw0AI2BOxuUuZBhlEwwhRKApVy50pVJFwaoVwCJOaniyfX1OweKrqmmIfg6xjUNg7bcjpD62ZsvxxTPs1Q=, trade_no=1504275017136073, ret_code=0000, mer_date=20150427, mer_id=7099088, mer_check_date=20150427, sign_type=RSA, service=project_tranfer_notify, ret_msg=交易成功。, order_id=2015042700006600011430128470770, version=4.0}', '2015-04-27 17:55:27', 'passed', 'umpay', 'project_transfer_normal_repay', 'http://pay.soopay.net/spay/pay/payservice.do', 'utf-8');
INSERT INTO `trusteeship_operation` VALUES ('6385a2ce121441818d2a4522b0a979ca', '14291788012736212260200067624532', 'wll001', '{\"identity_code\":\"MgeJO7pW5cwX7y/CF2qIpbst+BDEQ/9NCfQ2amCsmpFeOuYHI05C0hCZKv60HeNSt/iZIkee5MgPDdwUlG7zAakhHSdtdtWRRB5uggVsBG+qlBigq4c9SVCmBgqu6mhD5i9OyhIpyYL/sPzA6tvbC955pQJwd+2JRNZFPR9WX3U\\u003d\",\"mer_date\":\"20150416\",\"sign_type\":\"RSA\",\"notify_url\":\"http://115.28.171.163:7090/trusteeship_return_s2s/mer_bind_card\",\"charset\":\"UTF-8\",\"order_id\":\"14291788012736212260200067624532\",\"card_id\":\"srbb4tVSXG8XYNIHM01VT2JA/OzJEfkeqspddJMT9qLV6bK3QxNuvNTSLDXI3bTU4avwtOOgEhwI0ZU6tol1+FTYVU8RuvKM0ns/EwAgQBWHfygD2X/epWskfqJwpy9Qvj0fDRwuTTG09vO8CDPxX57HWdVweGuwBaHClKvK748\\u003d\",\"version\":\"1.0\",\"account_name\":\"kG3L8ynUISuC0+gMIK0uW5Ouw2NA7Li2djKSL5lU50lw+vGHQOhMH4rA4jBsp8AzXY7BzFZleKM4l4rQZbAiBNvdtL8arWY4G/E6CuKO+ssyDDQTizRL8rNLyJp6CL4fALCU40mimj2gLjUQWZ1LTdixBdlIT/q/twBqnrj2Ums\\u003d\",\"sign\":\"goSH3Ub4vUhk83gX41z03dlx7HGie0k6XXmZTp93xjg8SUXQPgkWxXlOZIoSSY9NDPIneLTujgRZbPY8sQwotGluUcherq39Ou3Ae5aoNmp3ZRGISUx92tzTyjDBCAybEaBUg0OgWXhe5XQ1BeMeBwLroPlK9tcPf1x8woOK5hY\\u003d\",\"mer_id\":\"7099088\",\"identity_type\":\"IDENTITY_CARD\",\"service\":\"mer_bind_card\",\"user_id\":\"UB201504091030430000000003578704\",\"res_format\":\"HTML\",\"ret_url\":\"http://115.28.171.163:7090/trusteeship_return_web/mer_bind_card\"}', '2015-04-16 18:06:41', null, null, 'sended', 'umpay', 'mer_bind_card', 'http://pay.soopay.net/spay/pay/payservice.do', 'utf-8');
INSERT INTO `trusteeship_operation` VALUES ('644c95c981ea409e8b348e33a61cf351', '14294964356526212260200067624532', 'wll001', '{\"identity_code\":\"gvvX7cfCTizJT5LpUHv1AeZbMKdJjBYDKabO1a16+LulovU51rQe+9WyHbU95pYOxHEDu9IO236cRniXoEtLRHuFAxttEXiQJ9tVJRxC8fLvgBBFoYn7v3Wv4UnQktj/t9JOPayIS9hRzmljgXflCLit4UktxdDX/M/6ZsSfdJA\\u003d\",\"mer_date\":\"20150420\",\"sign_type\":\"RSA\",\"notify_url\":\"http://115.28.171.163:7090/trusteeship_return_s2s/mer_bind_card\",\"charset\":\"UTF-8\",\"order_id\":\"14294964356526212260200067624532\",\"card_id\":\"ft+JEVNh0+OJMlU8V7ak0vAHxZuLvjsMGDYLpu1+xWp+SWHTp9cHlGCEIHw+LN6vhiVPqb6bvcQGXCMwBvFmf1oOt1DTg2Cu0I+Xz8FXBsOpkWcKN6STkWlPZu/K17zL+EKlCSttElt2JrKnR3WJPz7vq0Dlw2cO34ubFc0lcCo\\u003d\",\"version\":\"1.0\",\"account_name\":\"gGwpIK4VjghpGiOkVN+/5PHs+5Iav7XnnPCsyJ8KlT6+QZaB7bPfr4iLcVO3m9lbxcZmx8jP1L3Z2Ac5HTcOPLuxM7SbKUZkS7TBnEiDPIc890MesCbIa2qGLFoMT8A+rwej0QfYjKfKoAGffYpZRmk4JDZy+ynXiVN6SoXyars\\u003d\",\"sign\":\"qbWkkZrGnepp4biJhWcPk0WPAPiYjX6G9LlKERVzT5SGXnLBblayOIumCWqycB2dGyyx7RXXmVAaC94hGtuPbxPCzLrSt+XEUvfylC5l+fh42+UgfVhmOuyvDZ0DsmEZY75eh07jcXMRXMTJqJgwPm7MFa3bUTS+ynrd1frkqAc\\u003d\",\"mer_id\":\"7099088\",\"identity_type\":\"IDENTITY_CARD\",\"service\":\"mer_bind_card\",\"user_id\":\"UB201504091030430000000003578704\",\"res_format\":\"HTML\",\"ret_url\":\"http://115.28.171.163:7090/trusteeship_return_web/mer_bind_card\"}', '2015-04-20 10:20:35', null, null, 'sended', 'umpay', 'mer_bind_card', 'http://pay.soopay.net/spay/pay/payservice.do', 'utf-8');
INSERT INTO `trusteeship_operation` VALUES ('6466be1c0e1a4750abb0a257ed815c71', '2015042300000013', '2015042300000013', '{\"mer_date\":\"20150423\",\"sign_type\":\"RSA\",\"notify_url\":\"http://115.28.171.163:7090/trusteeship_return_s2s/mer_recharge_person\",\"charset\":\"UTF-8\",\"order_id\":\"2015042300000013\",\"version\":\"1.0\",\"user_ip\":\"124.200.110.58\",\"amount\":\"200\",\"sign\":\"GdLwYWEhjWy3P502U+6v/W9A7UaIdlzoEW819KqlIdkicS2QsBSdTly8whf2RRCN6BkuyECk16OYpID6cWmS0NS2phs1BgxOHAnhfIIqVJIZZ4n/HHtV6LFp+nGkYZQbBPmYPhzjNb6dT0LBSs9urf94uLgp1HGCf+jAssnGQ0I\\u003d\",\"gate_id\":\"NJCB\",\"pay_type\":\"B2CDEBITBANK\",\"mer_id\":\"7099088\",\"service\":\"mer_recharge_person\",\"user_id\":\"UB201504081447010000000003571502\",\"res_format\":\"HTML\",\"ret_url\":\"http://115.28.171.163:7090/trusteeship_return_web/mer_recharge_person\"}', '2015-04-23 20:45:40', null, null, 'sended', 'umpay', 'mer_recharge_person', 'http://pay.soopay.net/spay/pay/payservice.do', 'utf-8');
INSERT INTO `trusteeship_operation` VALUES ('64bdfb2c9a1e4371b9bf79e8acb1db6b', '14292346949466225881007549453', 'zhengcong', '{\"identity_code\":\"\",\"mer_date\":\"20150417\",\"sign_type\":\"RSA\",\"notify_url\":\"http://115.28.171.163:7090/trusteeship_return_s2s/mer_bind_card\",\"charset\":\"UTF-8\",\"order_id\":\"14292346949466225881007549453\",\"card_id\":\"CORQS62q+P+uRblf+lLDZsRre9ghCqgNn2ppXigoNl8YQpMLudGQAysNZcS0iMjgxPYj+sRdhTls8XI6KaT1zQS4xPKnMb3UfPeOgFOERGiGsENef3mQyeEKJIpa8h+fXAK50Dqf8NFOHUyDlpgBzJ56+EfsjRXDCPY8YnXbHjg\\u003d\",\"version\":\"1.0\",\"account_name\":\"eP9UQ8xKNCZFhkwbKsMJVAKrN8FrxSMV5ZIPbgdC//7AW7S2mjEGzbv09XvQFazRZBC6QUFGQLrWN7K/WHaq1jTbBbO54zXZx6IzIySpt3GxwsnMGyMKnuqbhcGV/Pgw94Xw0uCPL12ihFNOPZxcC2DYb8vo2sO5vt4AlpSRnxA\\u003d\",\"sign\":\"b4yNbvOsa8yUoNVK80V3Ox2NDsOD1UK5ujboagfy0IwnV+DjOZYG7G+7ymAR4TJw3QKYrHkFTOUaBloZi+pTa2eHwm3v1fSA0tfvGurRGaMaDnY8zv+ZznlW/M4ubmXDAVcXIBYSn/V3kBSzRMWu2W+jtZ+f+9sAxHhrJGE8m+c\\u003d\",\"mer_id\":\"7099088\",\"identity_type\":\"IDENTITY_CARD\",\"service\":\"mer_bind_card\",\"user_id\":\"UB201504161636050000000003665807\",\"res_format\":\"HTML\",\"ret_url\":\"http://115.28.171.163:7090/trusteeship_return_web/mer_bind_card\"}', '2015-04-17 09:38:14', null, null, 'sended', 'umpay', 'mer_bind_card', 'http://pay.soopay.net/spay/pay/payservice.do', 'utf-8');
INSERT INTO `trusteeship_operation` VALUES ('64f1e7cdf1e1442e80c996efcc3e93aa', '20150428000004', '20150428000004', '{\"mer_date\":\"20150428\",\"sign_type\":\"RSA\",\"notify_url\":\"http://115.28.171.163:7090/trusteeship_return_s2s/project_transfer_invest\",\"charset\":\"UTF-8\",\"order_id\":\"20150428000004\",\"version\":\"1.0\",\"amount\":\"2500\",\"sign\":\"ppmpLZZucHiAsxy43cN32qtm3jx3MDb121eCBwJBVBMheCrbn7CgC0PFwDTz1zLavIEr27dNqsiQXtbwc5FBpN29UrRxsCPcXVepKS37CPCQV6aHdaMko/pJTgbxk/t/elRbxTt5QLqYCluqMmN9LH2NQqUhrEK4NbQSz2x2dTk\\u003d\",\"partic_type\":\"01\",\"serv_type\":\"01\",\"partic_user_id\":\"UB201504161125570000000003661793\",\"mer_id\":\"7099088\",\"project_id\":\"20150428000077\",\"partic_acc_type\":\"01\",\"service\":\"project_transfer\",\"trans_action\":\"01\",\"res_format\":\"HTML\",\"ret_url\":\"http://115.28.171.163:7090/trusteeship_return_web/project_transfer_invest\"}', '2015-04-28 11:48:40', '{sign=XHb3V66Cy7yAsSEJV9O1vAM8HUst4W1XGvx65RhNHFS89AhoZwMkLjCRwfshNJrD6AeU0ZsyAHCeHL1pFgNDCYk2zsZwJVuwM6K6fBOq7n4adYbM/al5I9LhDCovGS+v7nbK+/VhfEl2p8kR4bW1HGPv7/2tOM9KIACh0fkHHbY=, trade_no=1504285017330243, ret_code=0000, mer_date=20150428, mer_id=7099088, mer_check_date=20150428, sign_type=RSA, service=project_tranfer_notify, ret_msg=交易成功。, order_id=20150428000004, version=4.0}', '2015-04-28 11:49:23', 'passed', 'umpay', 'project_transfer_invest', 'http://pay.soopay.net/spay/pay/payservice.do', 'utf-8');
INSERT INTO `trusteeship_operation` VALUES ('6736bd1c8b3f4a92bada93399a14c7a8', '0120150410000003', '20150410000003', 'amount=100&charset=UTF-8&mer_date=20150410&mer_id=7099088&notify_url=http%3A%2F%2F115.28.171.163%3A7090%2Ftrusteeship_return_s2s%2Fproject_transfer_fail_by_manager&order_id=0120150410000003&partic_acc_type=01&partic_type=01&partic_user_id=UB201504081707280000000003573277&project_id=20150410000038&res_format=HTML&ret_url=http%3A%2F%2F115.28.171.163%3A7090%2Ftrusteeship_return_web%2Fproject_transfer_fail_by_manager&serv_type=51&service=project_transfer&sign_type=RSA&trans_action=02&version=1.0', '2015-04-10 14:57:03', '{sign=i9lzZxxlth1CyTQ7X/Ty9ae1Aqy4XGnxn4a4EWWWQAp3wukPmc6lbwhnWNPqpfSDyV8gk2oZOAtMbnhixRH/g7fxEONHZF7BPuB5uW5w+cW6ejGF9RBNER0y2MtLY8/ufE+ARRgbQGHp2R62u522thJA2jAwEu4dqM2vOGYt6UU=, trade_no=1504105014192023, ret_code=0000, mer_date=20150410, mer_check_date=20150410, mer_id=7099088, sign_type=RSA, ret_msg=交易成功。, order_id=0120150410000003, plain=mer_check_date=20150410&mer_date=20150410&mer_id=7099088&order_id=0120150410000003&ret_code=0000&ret_msg=交易成功。&trade_no=1504105014192023&version=1.0, version=1.0}', '2015-04-10 14:57:04', 'passed', 'umpay', 'project_transfer_fail_by_manager', 'http://pay.soopay.net/spay/pay/payservice.do?amount=100&charset=UTF-8&mer_date=20150410&mer_id=7099088&notify_url=http%3A%2F%2F115.28.171.163%3A7090%2Ftrusteeship_return_s2s%2Fproject_transfer_fail_by_manager&order_id=0120150410000003&partic_acc_type=01&partic_type=01&partic_user_id=UB201504081707280000000003573277&project_id=20150410000038&res_format=HTML&ret_url=http%3A%2F%2F115.28.171.163%3A7090%2Ftrusteeship_return_web%2Fproject_transfer_fail_by_manager&serv_type=51&service=project_transfer&sign_type=RSA&trans_action=02&version=1.0&sign=ZzhwW2G1d8JPxcGR3EvK93uw82hjFZEkpoZSc5cBAbggPtjnBxaMSrsuaWmSKO%2BRecOUUVaVKc9Qb13AgCDR%2BZUOQkoCsCGh6VJN2iaktYGUThQlh6FPei3Si%2FnjYu5TkN%2BPN9uphROtiArJrTq%2F7ShF9MVTUbuJ0Ua6C7Rq9wQ%3D', 'utf-8');
INSERT INTO `trusteeship_operation` VALUES ('678b0ca7e52a4ae2839ef4ec65ed368a', '14291781798906225881007549453', 'zhengcong', '{\"identity_code\":\"\",\"mer_date\":\"20150416\",\"sign_type\":\"RSA\",\"notify_url\":\"http://115.28.171.163:7090/trusteeship_return_s2s/mer_bind_card\",\"charset\":\"UTF-8\",\"order_id\":\"14291781798906225881007549453\",\"card_id\":\"dVBAScF8hJnq62t76ioh9J4QxwgrG6DS2YRCqLCQ4rpd1HyUdhC4QEjyUOhPXr+sEh9uHnTDpxpDDCtZx6Qbh1xReNJnz8jL5AjZ+sDOtVoO0Z2T5ah7cHMGazUhQu/SYWS0KpgXKcaecZ5LIOWfAOiExKnaO1cQwPxouUkI1rQ\\u003d\",\"version\":\"1.0\",\"account_name\":\"J3xqEW8kfT68yCAtItf1yviXCH8AbA0fON+s7xat2aV4jb/4WjlycwjeYlkpnA/Gdx3pM+hUD4onWjqZ0uyxIxiEc6O1yxD4nI1ViUOprxp2VThMWtUSKqRbYJbkbZrO7SJ2OzQv8aYbNK7xGhED3ajvB6Dfb2o8fZe2HuXWE2Q\\u003d\",\"sign\":\"IveO7ba05BQqnXFAHXGSwNblSeXJmDcNgpXQ0EvqYZpfhPyVohmogLIKK4HY9rW4YGT3k+uNl0MtR44jhh6zXhV1c5LghE8GYxqKe4IoiDND3BazWJndTsqEiQli3V13Y+bUCMbAaLmS2l/bKWHa9voXb1BV2kHpPv5fXJXHa5o\\u003d\",\"mer_id\":\"7099088\",\"identity_type\":\"IDENTITY_CARD\",\"service\":\"mer_bind_card\",\"user_id\":\"UB201504161636050000000003665807\",\"res_format\":\"HTML\",\"ret_url\":\"http://115.28.171.163:7090/trusteeship_return_web/mer_bind_card\"}', '2015-04-16 17:56:19', null, null, 'sended', 'umpay', 'mer_bind_card', 'http://pay.soopay.net/spay/pay/payservice.do', 'utf-8');
INSERT INTO `trusteeship_operation` VALUES ('67cb5666911d425f807c36eb9aa8300f', '14298694099976212260200067624532', 'wll001', '{\"identity_code\":\"e9ERZY8EDyuxmnF8ruHAyXyCh3+yqYrKkXczzNiaA+hyF/dJl6WN7d7aW0pcum8DitFXH3X7Plyt8E2uuMCjVZfTlRsjRoIaYtl+yfezjBpiGjt30x29K+rd8efWiNgAXz+vlsmJKLNWJ+xPkCOa/XdCjEaT/HQx9AQfkhefrbI\\u003d\",\"mer_date\":\"20150424\",\"sign_type\":\"RSA\",\"notify_url\":\"http://115.28.171.163:7090/trusteeship_return_s2s/mer_bind_card\",\"charset\":\"UTF-8\",\"order_id\":\"14298694099976212260200067624532\",\"card_id\":\"RGME2fbzqRJVW6L76/GOFy6bfZwnAjs0JgcbKo/anO0q9RjulNgG/2pnLDFz8v8Nd13L3O2BBB84bYesBUzFosMdLhJ1uZQ7aUVuybkn2M/gH5vXhtbiyR9YdHLmOyW+VycOmHDyAJzsYNmXbeIZYw6AJKDWP1OI3cjQunjkd0I\\u003d\",\"version\":\"1.0\",\"account_name\":\"CM4xaJTId5sAd/RG6frO6RX2ysvu1fKxoSKXNnJ+iBhuBBYmorLRlbor58jeX8RttJNx53xRl6qeOLZQNqeBKjTvHXKEMh4xGMn6+TH/iLI58BTbIuOQeNwk8SlusQe0vK6rNtNg8qfwNmRejE3vx7FYZ7S9e4uOVcav4HSlrwM\\u003d\",\"sign\":\"FIT4/T11seIOESwJYMt1OecLp/Ewe3aByL/cV2WiJA6l0rxis5otQFndkRn7tYykWWdDR0Wn9jWGj2HecbawrhdHzAMXV93p0l3GlDGfCjv4Zaw/wRzkbWeG4EvREiLR3A4Nas6hQA8U1GSI6+3AbkgA+137cOTK0gdZLk/TANc\\u003d\",\"mer_id\":\"7099088\",\"identity_type\":\"IDENTITY_CARD\",\"service\":\"mer_bind_card\",\"user_id\":\"UB201504091030430000000003578704\",\"res_format\":\"HTML\",\"ret_url\":\"http://115.28.171.163:7090/trusteeship_return_web/mer_bind_card\"}', '2015-04-24 17:56:50', null, null, 'sended', 'umpay', 'mer_bind_card', 'http://pay.soopay.net/spay/pay/payservice.do', 'utf-8');
INSERT INTO `trusteeship_operation` VALUES ('683fea8c337a407ab6e55f7d6f82eb82', '2015042300000021', '2015042300000021', '{\"mer_date\":\"20150423\",\"sign_type\":\"RSA\",\"notify_url\":\"http://115.28.171.163:7090/trusteeship_return_s2s/mer_recharge_person\",\"charset\":\"UTF-8\",\"order_id\":\"2015042300000021\",\"version\":\"1.0\",\"user_ip\":\"124.200.110.58\",\"amount\":\"100\",\"sign\":\"Uu3ykuM5WD7X8k13iINPwoyqsMgJU4NCIpUtUAdvN3SFi3Gkb8YrKzCcAEXU5r84y1paS/b7MzCCxidynZ4J8I2wxAVfXIz74lD+/58+9cfpKNoB7TYBlo7rdynelToBuEt9I0mAoneunzkI3l/FDNiUFF9FZjWcaXoBbTFEktA\\u003d\",\"gate_id\":\"BCCB\",\"pay_type\":\"B2CDEBITBANK\",\"mer_id\":\"7099088\",\"service\":\"mer_recharge_person\",\"user_id\":\"UB201504081447010000000003571502\",\"res_format\":\"HTML\",\"ret_url\":\"http://115.28.171.163:7090/trusteeship_return_web/mer_recharge_person\"}', '2015-04-23 21:10:37', null, null, 'sended', 'umpay', 'mer_recharge_person', 'http://pay.soopay.net/spay/pay/payservice.do', 'utf-8');
INSERT INTO `trusteeship_operation` VALUES ('6927c2ed529842a4be96fd446ef1bb81', '1429176221396123212312132212', 'zhengcong', '{\"identity_code\":\"\",\"mer_date\":\"20150416\",\"sign_type\":\"RSA\",\"notify_url\":\"http://115.28.171.163:7090/trusteeship_return_s2s/mer_bind_card\",\"charset\":\"UTF-8\",\"order_id\":\"1429176221396123212312132212\",\"card_id\":\"XQKgxG9XJAwgXTVwefXtLVwQuIBoT26NR3FIeGv20FPu3aFW1KIH8DrqB1Eadf08SGel/yLkyZCsldM6zOxu5bAn1boAuX1PbtkPCXyVRYwU8GpK7VDjG805Dm/5aRZpNQvtXDcgQeNEZ1vyEhqEe1mDhN8JszZOPWngg2JngCk\\u003d\",\"version\":\"1.0\",\"account_name\":\"alhDJmaBBh4vzs1LX8rDA+sPq6h/HDgTSoK67O1mKWzW6h40Pjx2tem4iFsUBEgIRkprbegK3HylArx4Bgsnn1u3tP0WyPHjIptVtiI37H9PPSyHsN2OKemI02OIAG2ic8NI4tkZ1vH0Eq4q4n7IwlxuckkN5DUf8n6uAPich64\\u003d\",\"sign\":\"mv6H4aep+dNvtgt/3z0yCnKgPSHOs3Q2R6DAfeyX+3vx0gz6H77xt2JGsH36lZkWdnloBbM3IO/gmzKJV48ftfg8bVPSmswsav95qlNDzoujdUE502fifgNjV8NsmNnSXnWXWFlYguWXsDrlsSQpIvC/oLzFanQPKBSjpfiZriQ\\u003d\",\"mer_id\":\"7099088\",\"identity_type\":\"IDENTITY_CARD\",\"service\":\"mer_bind_card\",\"user_id\":\"UB201504161636050000000003665807\",\"res_format\":\"HTML\",\"ret_url\":\"http://115.28.171.163:7090/trusteeship_return_web/mer_bind_card\"}', '2015-04-16 17:23:41', null, null, 'sended', 'umpay', 'mer_bind_card', 'http://pay.soopay.net/spay/pay/payservice.do', 'utf-8');
INSERT INTO `trusteeship_operation` VALUES ('692a25e9d8ee4ee1a0b40bf8417e382b', '20150428000074', '20150428000074', 'charset=UTF-8&loan_user_id=UB201504161636050000000003665807&mer_id=7099088&project_amount=3000&project_expire_date=20150429&project_id=20150428000074&project_name=%E8%BD%AC%E8%B4%A630%E7%BB%99%E6%88%91&res_format=HTML&service=mer_bind_project&sign_type=RSA&version=1.0', '2015-04-28 11:15:20', '{sign=WirxBQCeU8zcIvAPlAfvZJy3I8SNdRMMqB2TzJwZhpgWrDTR4oUW2KqRu12iAW3ak97DmR2l2HCNCLNRFBcYTQaXtSL8EEV9Guu166fSEEEh7FHXWXoVImkFlRfb61eXFC5MOZ5SY5mJrtlHz7DgiaNll94QThV2Z66BhEW071Q=, ret_code=0000, project_state=92, mer_check_date=20150428, mer_id=7099088, sign_type=RSA, ret_msg=操作成功, project_account_id=7099088A0000244, plain=mer_check_date=20150428&mer_id=7099088&project_account_id=7099088A0000244&project_state=92&ret_code=0000&ret_msg=操作成功&version=1.0, version=1.0}', '2015-04-28 11:15:21', 'passed', 'umpay', 'mer_bind_project', 'http://pay.soopay.net/spay/pay/payservice.do?charset=UTF-8&loan_user_id=UB201504161636050000000003665807&mer_id=7099088&project_amount=3000&project_expire_date=20150429&project_id=20150428000074&project_name=%E8%BD%AC%E8%B4%A630%E7%BB%99%E6%88%91&res_format=HTML&service=mer_bind_project&sign_type=RSA&version=1.0&sign=Xii1OOZ8zCqpZT%2BmG%2B7W19t0Vtu983b18EZavwOOypu6Hz8UG12vjztODB2y9%2Byq%2BXUc1jo%2BbFFujLLSKPf5j%2BT%2FTZkd0vyVrWZcm%2F%2F%2FoaDCJYbby5OSpteVLU3xZGcvjsdLpc7PwG6NtHccQQsnylIJQRSXBc7CP29U3qnpYqg%3D', 'utf-8');
INSERT INTO `trusteeship_operation` VALUES ('69924e55f50b4bf08ce7db2ebabf5c34', '14296207087536212260200067624532', 'wll001', '{\"identity_code\":\"HigFQOSk2EVtL2zmyMFVhkxCLKzYK7kn8xgj7deAizYjxP9CPpxdRcuGAxJGj9MsDfk2ZnyO8aoviQ9cfy2uBSQ76yge4XOJAT7ZTE/T2P7bVr4BHrlwmDOJyE57a7FWIjIYuH4y1ou1+MgTMEAZ3KEozSNvW9rQv3qXHaxXnT0\\u003d\",\"mer_date\":\"20150421\",\"sign_type\":\"RSA\",\"notify_url\":\"http://115.28.171.163:7090/trusteeship_return_s2s/mer_bind_card\",\"charset\":\"UTF-8\",\"order_id\":\"14296207087536212260200067624532\",\"card_id\":\"QxiKtbkOXCE3BVslIEon9uA0KNUNY2lRKbIYiCU40nlFjeRCnW7fmnaCRPjVhPpvJ15AOtlaCENEYQNNCJ7ipKEMqOZMmifhplU4agphI31gU53ph5UcLrHuaG5vQRwFpaYMKTi2D1S8SGerqTJAv2yQjiEbHSwRLjkJNS68jmI\\u003d\",\"version\":\"1.0\",\"account_name\":\"BvO5PBaQMRXFOzOWf0hpV3JLZVTcbpNMVe9XKSdrOP0drIvrA1nB+974r9sjTLA1Q6s7UayqVCYp1TF8iZhtMWMdezOgcLmnOetWD+lTlwRNx6nJQrpVPmvamflaFH8GIvJTFQV5IK0HHNlVp+BqCF+Irx1eJNFNI/Olw2gDw3g\\u003d\",\"sign\":\"FHHKRuZwMIDFDHhXZevnU61H44DIth837WXTxZf0RJfB0PvX8NvzN5Yjtfyxj6Bgl5EPb/WAax6uU3OQfFl9A7/+VcRJNdrjJAlbYQnzZppAifV9Vb9prXgtz+Ot5Lw8hcxOvKJHbLOX3cF0Vbjm1GUteGAJ1IO8Kxpwe/wj414\\u003d\",\"mer_id\":\"7099088\",\"identity_type\":\"IDENTITY_CARD\",\"service\":\"mer_bind_card\",\"user_id\":\"UB201504091030430000000003578704\",\"res_format\":\"HTML\",\"ret_url\":\"http://115.28.171.163:7090/trusteeship_return_web/mer_bind_card\"}', '2015-04-21 20:51:48', null, null, 'sended', 'umpay', 'mer_bind_card', 'http://pay.soopay.net/spay/pay/payservice.do', 'utf-8');
INSERT INTO `trusteeship_operation` VALUES ('6a89d3bfe27d415ca9eec454fac00935', '14291782102036225881007549453', 'zhengcong', '{\"identity_code\":\"\",\"mer_date\":\"20150416\",\"sign_type\":\"RSA\",\"notify_url\":\"http://115.28.171.163:7090/trusteeship_return_s2s/mer_bind_card\",\"charset\":\"UTF-8\",\"order_id\":\"14291782102036225881007549453\",\"card_id\":\"CtntMIKn3OsJJ1ohVih7pjcwnLffuCru0EwjIpTyCpf+ZjCsJDbKKecstg8WlYnnQUPGrcb52jI7gX24kmeM3h0yzJfXyuZUzbK5d7XmecOgDZy2O/ElPMJQFs7qe7IjG56OoUkmNybPnAv/XVRUkpKeycNXOfyDBjV+plQ2ZRs\\u003d\",\"version\":\"1.0\",\"account_name\":\"GXFPphKCPxnMpI70aioiI4mHooG1VdnG4iaAIxo3YMF6HZgqcIr+Ef7dJBTiZFujbTB0+RfNx/y/r9rAqUxNZbLZ6y3vCX8KtuXKD0/n7Fr14IwRHGJHy4o04KAkNyJJmxU+MsjJeVCgjEP4N827CuHmn4sTcooys/mpsD/wjzQ\\u003d\",\"sign\":\"Q18VgL5+4DcRJmdAjqGrAaF2kJccPfpNb8LUKndVFxcLKuvpa+jo5X1p1VoaD25M8qygugIUSP7t4kwlXf+SrmboEHICjM6CrrFxEx5O9qUaF976t0I4de5NroprOluOP2ldKAJvPLqqFvNe8KqG+UJ+TQJKo0nY/YMRWMhamI4\\u003d\",\"mer_id\":\"7099088\",\"identity_type\":\"IDENTITY_CARD\",\"service\":\"mer_bind_card\",\"user_id\":\"UB201504161636050000000003665807\",\"res_format\":\"HTML\",\"ret_url\":\"http://115.28.171.163:7090/trusteeship_return_web/mer_bind_card\"}', '2015-04-16 17:56:50', null, null, 'sended', 'umpay', 'mer_bind_card', 'http://pay.soopay.net/spay/pay/payservice.do', 'utf-8');
INSERT INTO `trusteeship_operation` VALUES ('6aba7a9cc0f64a4db22bb333acee2ed3', '20150427000060', '20150427000060', 'charset=UTF-8&loan_user_id=UB201504161125570000000003661793&mer_id=7099088&project_amount=5000&project_expire_date=20150428&project_id=20150427000060&project_name=%E8%BD%AC%E8%B4%A6%E7%BB%99%E5%8F%B2%E7%A3%8A50&res_format=HTML&service=mer_bind_project&sign_type=RSA&version=1.0', '2015-04-27 16:15:37', '{sign=qRGH89fi230uMPKy58EKP9IgRI+lLFp3SAtBSveeO8ZmLFfjetYyx5ufLvzt0UkgYq7U4xI1bxs1V0Mvk+O9IyjCrKmKRqvwfAtp0bVU0jaAxiEw7twB5he4zi858nMm3nRGF+i41fDHQFo664rDsCf/gzALVZCDYOiOT149pmA=, ret_code=0000, project_state=92, mer_check_date=20150427, mer_id=7099088, sign_type=RSA, ret_msg=操作成功, project_account_id=7099088A0000221, plain=mer_check_date=20150427&mer_id=7099088&project_account_id=7099088A0000221&project_state=92&ret_code=0000&ret_msg=操作成功&version=1.0, version=1.0}', '2015-04-27 16:15:38', 'passed', 'umpay', 'mer_bind_project', 'http://pay.soopay.net/spay/pay/payservice.do?charset=UTF-8&loan_user_id=UB201504161125570000000003661793&mer_id=7099088&project_amount=5000&project_expire_date=20150428&project_id=20150427000060&project_name=%E8%BD%AC%E8%B4%A6%E7%BB%99%E5%8F%B2%E7%A3%8A50&res_format=HTML&service=mer_bind_project&sign_type=RSA&version=1.0&sign=MBeggJ8VwXR58T7%2BxAt7KQVb1z8dAB5LJJ94G9MzCHK7Lr5Hr7OT8L9Shpj1ZuyOzt1hSC%2BNYiahgqADnnsUusLD6GWnn2e9NBDPeTVUYzc6BGxIRjO4i69t6S%2BZs4PFOofta2lmojBsFjOwJpSqTQVWyXrE%2BTgV3bY30aJUHQc%3D', 'utf-8');
INSERT INTO `trusteeship_operation` VALUES ('6b454af06c694f258bf83168bbddd9c6', '14289153773586217000010031760880', 'wangxibao9', '{\"identity_code\":\"f0GvotjM4GWqp71vZSxHMyIjsY4Ig+Fkt7VNZeNddcPDUANY0gjwuh9RC7A8ElRw1YJfgB20bZWk9Iylosc0c8x4UVUUUJq8M6mPlf5cvDFTtzRWvsb8hEiyqQOfER1BWXyIKNNzb0k/OtbBwQO3RHgVYQ27gSN6DNPnZ2gqOfM\\u003d\",\"mer_date\":\"20150413\",\"sign_type\":\"RSA\",\"notify_url\":\"http://115.28.171.163:7090/trusteeship_return_s2s/mer_bind_card\",\"charset\":\"UTF-8\",\"order_id\":\"14289153773586217000010031760880\",\"card_id\":\"CAEJidlqiZ0hAw2Qzorvp/Zmf7VRRa24pcK7c9OKL6RKcphZDe5aAplsFum03ue7+aze1rLtf7a3tgd2P6JAobH8UZOgWgUqa1vJ77/gOBuQofMiVWAdoe1H6J1aG1+9MEf9NPzbh7WnovksZcmZOLD+bbZko32mI3UK077BM8U\\u003d\",\"version\":\"1.0\",\"account_name\":\"J2fU/3iHogpLZk5/eQrANQLbAD67SRJ6glDTmTx2Yp5qSWjrf4mQmIKI3k7+6ZKhRQTdmRZ6Coer0uZn/5yllyaJmbg96Bl7Ar31JpAF5jrXS97SMsMbwvagsngmpq+8em63ALDfhfbyKiV9u45kk1VhmzW5PDjgCBDF78KWnU8\\u003d\",\"sign\":\"te4RApz05NgcNwuvxRTyNh/WJwU0QtEpMSOgRdeKbd7pXKp2FnMlNbujppmfGleXEAlNm5G73LfB4IYpEAKcm8vDESFj7rDSgIQ/bRcq7Lj6G2PUA4NNpJDfvWrFkUaNKCCmdfsmEZF97o5U0DY+zp7XzwH5c05tvd0wwpbyv1g\\u003d\",\"mer_id\":\"7099088\",\"identity_type\":\"IDENTITY_CARD\",\"service\":\"mer_bind_card\",\"user_id\":\"UB201504081447010000000003571502\",\"res_format\":\"HTML\",\"ret_url\":\"http://115.28.171.163:7090/trusteeship_return_web/mer_bind_card\"}', '2015-04-13 16:56:17', null, null, 'sended', 'umpay', 'mer_bind_card', 'http://pay.soopay.net/spay/pay/payservice.do', 'utf-8');
INSERT INTO `trusteeship_operation` VALUES ('6b5c6e97b70a4cef80c50adbff38bfff', '20150427000066', '20150427000066', 'charset=UTF-8&loan_user_id=UB201504161125550000000003661819&mer_id=7099088&project_amount=9000&project_expire_date=20150627&project_id=20150427000066&project_name=140%E5%B9%B4%E5%8C%96%E9%80%BE%E6%9C%9F%E6%B5%8B%E8%AF%95&res_format=HTML&service=mer_bind_project&sign_type=RSA&version=1.0', '2015-04-27 17:35:53', '{sign=o8pwyELMIYTpOuCyQoVPeI+ZaI8t9lxOOly6WIoMboWSB2mTgaRdpH8ZMRjXtrnRXBFcOGiD3wF5JAD1VqnDNEW0waxVmee4x7AVYuPIitrmpS4SkHsZTkSpXKTg2o46Fny34Q6YJevg44rcv6Ic6Ap5y+gCvnsAjNYlTyYBz+s=, ret_code=0000, project_state=92, mer_check_date=20150427, mer_id=7099088, sign_type=RSA, ret_msg=操作成功, project_account_id=7099088A0000181, plain=mer_check_date=20150427&mer_id=7099088&project_account_id=7099088A0000181&project_state=92&ret_code=0000&ret_msg=操作成功&version=1.0, version=1.0}', '2015-04-27 17:35:53', 'passed', 'umpay', 'mer_bind_project', 'http://pay.soopay.net/spay/pay/payservice.do?charset=UTF-8&loan_user_id=UB201504161125550000000003661819&mer_id=7099088&project_amount=9000&project_expire_date=20150627&project_id=20150427000066&project_name=140%E5%B9%B4%E5%8C%96%E9%80%BE%E6%9C%9F%E6%B5%8B%E8%AF%95&res_format=HTML&service=mer_bind_project&sign_type=RSA&version=1.0&sign=EiOg83uj0asNzhd%2BA7hSxdzvXW3HUNtaC8TuGcZX3XXmLix80gGynlF0vIw3MH9uRay4ytRjJNxxRpJ0QuuJIT4gAlwfqeC%2Bm0THWGN8G80FXy25ZEjtHYAqcPj2r4UfUos0EX9xXk007CAxFNR9d2BmslKgHBwAHZdnVDmRskM%3D', 'utf-8');
INSERT INTO `trusteeship_operation` VALUES ('6b9b846516524866942d09f0e6c2782b', '2015041700000015', '2015041700000015', '{\"mer_date\":\"20150417\",\"sign_type\":\"RSA\",\"notify_url\":\"http://115.28.171.163:7090/trusteeship_return_s2s/mer_recharge_person\",\"charset\":\"UTF-8\",\"order_id\":\"2015041700000015\",\"version\":\"1.0\",\"user_ip\":\"118.187.56.162\",\"amount\":\"100\",\"sign\":\"s2YK2WEg8gYedBqCBWQeu79473Mrbr68l3Tuu5ek3VaCazhy+sAGlyDnLDcFdc+0Et5i+bnmg6l8ytjzkaEctOfZCT3wOJScl0Fj2bWlbwRHk0tcjXhOmJlk7B7/qDJP6JFNTZ89WjNjfmhYbdF/D4OxbPq3HKgPxAJoZiH9lM0\\u003d\",\"gate_id\":\"ABC\",\"pay_type\":\"B2CDEBITBANK\",\"mer_id\":\"7099088\",\"service\":\"mer_recharge_person\",\"user_id\":\"UB201504161125550000000003661819\",\"res_format\":\"HTML\",\"ret_url\":\"http://115.28.171.163:7090/trusteeship_return_web/mer_recharge_person\"}', '2015-04-17 10:33:13', null, null, 'sended', 'umpay', 'mer_recharge_person', 'http://pay.soopay.net/spay/pay/payservice.do', 'utf-8');
INSERT INTO `trusteeship_operation` VALUES ('6c7ebd304e344688bbd5abb6fe142f36', '20150427000013', '20150427000013', '{\"mer_date\":\"20150427\",\"sign_type\":\"RSA\",\"notify_url\":\"http://115.28.171.163:7090/trusteeship_return_s2s/project_transfer_invest\",\"charset\":\"UTF-8\",\"order_id\":\"20150427000013\",\"version\":\"1.0\",\"amount\":\"7000\",\"sign\":\"nQ0eC7IHtE5sb0AM8Cp30U+FxtUdbDt4BdbPbOvVkPclLzdF13CVyyV6gf1Tzo4hrR17rZXZwIL0Tte2tlzL51nwpXtR6VvJ3yiQgTLOsSDg6eo8MNKlZdogTZRkGWOeGCbidBtUi5XQ4RYcnYu9e2lqAnBaarRRTizznexm+2M\\u003d\",\"partic_type\":\"01\",\"serv_type\":\"01\",\"partic_user_id\":\"UB201504161125550000000003661819\",\"mer_id\":\"7099088\",\"project_id\":\"20150427000065\",\"partic_acc_type\":\"01\",\"service\":\"project_transfer\",\"trans_action\":\"01\",\"res_format\":\"HTML\",\"ret_url\":\"http://115.28.171.163:7090/trusteeship_return_web/project_transfer_invest\"}', '2015-04-27 17:32:02', '{sign=MeDbk92OBckAygzap925vD38ajC0kYm8gtyTFt5XR6g7bMfspzR6sdc5lsKUtGP1oa5TpL0wZUfrkeORbhh8HnBLuT2fcsqIXrRlkPj40lj8GjPdS0gY7NvpHU7bkGE2+P2RbJZwNzzI94R4oUcv0CAolOiZNzGZm14FZry20qY=, trade_no=1504275017134693, ret_code=0000, mer_date=20150427, mer_id=7099088, mer_check_date=20150427, sign_type=RSA, service=project_tranfer_notify, ret_msg=交易成功。, order_id=20150427000013, version=4.0}', '2015-04-27 17:32:46', 'passed', 'umpay', 'project_transfer_invest', 'http://pay.soopay.net/spay/pay/payservice.do', 'utf-8');
INSERT INTO `trusteeship_operation` VALUES ('6c8fdc64c9ba480d80130dd38a612914', '14301217890916225880173032708', 'jdsb1', '{\"identity_code\":\"Yy5YNu71n6m0RRF9jQg8v1EjZXDnhrqwjAPwHDLH/NsGxNVLsuwq9nnhcW7svfMV6/XnHrtc1N7fb+V4y4qgfxPbBrTZDrdGxf46HItxjjGIWI3P4Pph/eFC7rgLSRddx9vykfmhldPf/NLmgkIzuneio3tGDDLQNKQsAMTrwQY\\u003d\",\"mer_date\":\"20150427\",\"sign_type\":\"RSA\",\"notify_url\":\"http://115.28.171.163:7090/trusteeship_return_s2s/mer_bind_card\",\"charset\":\"UTF-8\",\"order_id\":\"14301217890916225880173032708\",\"card_id\":\"qspmVAxaUH6+aU9eJ79SRSigqFw/kGtpc5kwvEeUooMpmegOrInsxsNeuVShA2l5atuhK8cb8En3ly10VtxSbmd6iNsjUSb/dRj7GSL5L7TrNk09GNwDY+kHeXwucYySUQUXVnBtCmHGCHs5NvH9LelXxPYSOyFUeEwV97AQ2bg\\u003d\",\"version\":\"1.0\",\"account_name\":\"ocIPo36TbIvq3kS+LEcORZCHH305X56su8pFmuXFdC4LSDOjaUzM2j1DG3ka0oRtVcjsJ7qaEuB/hWEE7BFn8bHDfWbGoXxW66vbXKgwrCElMMXfzZCnf40NBhPLAB1z2a2nLc621OubE9wbToCriaQm/IeC//B2geKxTyaUkoY\\u003d\",\"sign\":\"ZiHu3wzqXtNHFiQm06XRVemX3Mltwsd2jcVB15GsEMyxocwPcLl3+quwTatPSkAVFAhv/rHBLAkZG2flgau4J1RGcWmKfKCzl48+ptuMC2NqjH9la5y1g7wxRuPunGYJU/AbylRN5pkIb39v/IWbdp1dgAshK6lycgWvJTKuoKk\\u003d\",\"mer_id\":\"7099088\",\"identity_type\":\"IDENTITY_CARD\",\"service\":\"mer_bind_card\",\"user_id\":\"UB201504081707280000000003573277\",\"res_format\":\"HTML\",\"ret_url\":\"http://115.28.171.163:7090/trusteeship_return_web/mer_bind_card\"}', '2015-04-27 16:03:09', null, null, 'sended', 'umpay', 'mer_bind_card', 'http://pay.soopay.net/spay/pay/payservice.do', 'utf-8');
INSERT INTO `trusteeship_operation` VALUES ('6d3dff15c6574a46b946e5828d1cd929', '0120150410000002', '20150410000002', 'amount=100&charset=UTF-8&mer_date=20150415&mer_id=7099088&notify_url=http%3A%2F%2F115.28.171.163%3A7090%2Ftrusteeship_return_s2s%2Fproject_transfer_fail_by_manager&order_id=0120150410000002&partic_acc_type=01&partic_type=01&partic_user_id=UB201504081707280000000003573277&project_id=20150410000036&res_format=HTML&ret_url=http%3A%2F%2F115.28.171.163%3A7090%2Ftrusteeship_return_web%2Fproject_transfer_fail_by_manager&serv_type=51&service=project_transfer&sign_type=RSA&trans_action=02&version=1.0', '2015-04-15 16:21:09', '{sign=w2tqoxknldkzT7qdTNsavRtbj5GHCmk7o60s+ZeMuWJ7OCY83zArE+I4NkkdUnsxQbLFzrCOWdR+3BpKMAMUOc2tcFROeuOX/EfV6GF2YSxw8Ul54YoRlmMhi3n9r5pPuX0Hkj7ntqj1fU8b8qoOWQbyQu6bVu1Q1JtQYIB4m7A=, ret_code=00240202, mer_id=7099088, sign_type=RSA, ret_msg=投资关系不存在, plain=mer_id=7099088&ret_code=00240202&ret_msg=投资关系不存在&version=1.0, version=1.0}', '2015-04-15 16:21:09', 'refused', 'umpay', 'project_transfer_fail_by_manager', 'http://pay.soopay.net/spay/pay/payservice.do?amount=100&charset=UTF-8&mer_date=20150415&mer_id=7099088&notify_url=http%3A%2F%2F115.28.171.163%3A7090%2Ftrusteeship_return_s2s%2Fproject_transfer_fail_by_manager&order_id=0120150410000002&partic_acc_type=01&partic_type=01&partic_user_id=UB201504081707280000000003573277&project_id=20150410000036&res_format=HTML&ret_url=http%3A%2F%2F115.28.171.163%3A7090%2Ftrusteeship_return_web%2Fproject_transfer_fail_by_manager&serv_type=51&service=project_transfer&sign_type=RSA&trans_action=02&version=1.0&sign=cuj5kr7A5vzP%2B7s4%2FJgDWUO4VkG7ziDtFsQNvC6AbTqIYKGSgDGu3wibPjwmnWlCtcVvs3kZZyyW%2BzTHE7lVF7btE9lp%2BFDXzFWX8Zg%2F%2FM53AV0SK11jpYterW8wD2gxHfMDEJXDQRi79A%2FHNKeESz%2BIJBJRce5dXRIaN6bWFl4%3D', 'utf-8');
INSERT INTO `trusteeship_operation` VALUES ('6db7efbddce3466c952ef4b50a589fb2', '0120150413000042', '20150413000042', 'amount=100&charset=UTF-8&mer_date=20150413&mer_id=7099088&notify_url=http%3A%2F%2F115.28.171.163%3A7090%2Ftrusteeship_return_s2s%2Fproject_transfer_give_money_to_borrower&order_id=0120150413000042&partic_acc_type=01&partic_type=02&partic_user_id=UB201504081737010000000003573522&project_id=20150413000042&res_format=HTML&ret_url=http%3A%2F%2F115.28.171.163%3A7090%2Ftrusteeship_return_web%2Fproject_transfer_give_money_to_borrower&serv_type=53&service=project_transfer&sign_type=RSA&trans_action=02&version=1.0', '2015-04-13 15:07:04', '{sign=f+1rqoYxT4GoChbRwJBv08JGPwmdoltoMiU/54CVvWJxyHebapuT1fgcyiYBfjKVIASZHO45dw5V9JWwkB95pctQds5pq6EMQjD73LqgI+iKugqWuFOCsq5hTArbCBk3rPdACUIUJE9ZO02jsBHhQvY6MG0EsLyCKAhiKaHZwis=, trade_no=1504135014616223, ret_code=0000, mer_date=20150413, mer_check_date=20150413, mer_id=7099088, sign_type=RSA, ret_msg=交易成功。, order_id=0120150413000042, plain=mer_check_date=20150413&mer_date=20150413&mer_id=7099088&order_id=0120150413000042&ret_code=0000&ret_msg=交易成功。&trade_no=1504135014616223&version=1.0, version=1.0}', '2015-04-13 15:07:05', 'passed', 'umpay', 'project_transfer_give_money_to_borrower', 'http://pay.soopay.net/spay/pay/payservice.do?amount=100&charset=UTF-8&mer_date=20150413&mer_id=7099088&notify_url=http%3A%2F%2F115.28.171.163%3A7090%2Ftrusteeship_return_s2s%2Fproject_transfer_give_money_to_borrower&order_id=0120150413000042&partic_acc_type=01&partic_type=02&partic_user_id=UB201504081737010000000003573522&project_id=20150413000042&res_format=HTML&ret_url=http%3A%2F%2F115.28.171.163%3A7090%2Ftrusteeship_return_web%2Fproject_transfer_give_money_to_borrower&serv_type=53&service=project_transfer&sign_type=RSA&trans_action=02&version=1.0&sign=HomZz03H0EzFYoXhI3JgwKMA73Eq7VscdXVl%2BztOWpelBx6rSVkvqxZt5wZCHlP7Zf%2Be9V4%2FjmcMRQ04h5YnKDLlagIzH1OOoTihsDQeA5whAQM0wsiv8ZVP4Y6EJdrMxPVkcPzsMRfgLj0QKT8SbAu78QdJxWaxcDBohyVejo4%3D', 'utf-8');
INSERT INTO `trusteeship_operation` VALUES ('6de8e4732c2149faa49863ef33e912af', '14291787405066225881007549453', 'zhengcong', '{\"identity_code\":\"\",\"mer_date\":\"20150416\",\"sign_type\":\"RSA\",\"notify_url\":\"http://115.28.171.163:7090/trusteeship_return_s2s/mer_bind_card\",\"charset\":\"UTF-8\",\"order_id\":\"14291787405066225881007549453\",\"card_id\":\"YzOA8OEe24a9rCxoSa661TIEJ78sfEJ+Uyk8BVSfWUo9Th6N+rDvEgBk6JmEPbDni2InWv4STNr4Fq/GJ0plANajzU25SeBa8Z1H61UmSBPfYhoy48pHcWWLeCC3EZQolo67i6a+ZzcNmaJMR+0CZuR/QLdyH0D0JBnO93v0oe4\\u003d\",\"version\":\"1.0\",\"account_name\":\"h481a0ZTdxnO8NF9dWgdEBmcapWXLbWRTpzkpj2YykqE+MZuuZSuU5tAItevggpfh2EJHFp3Mr8p4OPWaNr8Nj0YsWQAAuJw8keaPiFdjfm4YQUFOfYUgB79ziCpZAqRrbui4DKx7Rzfp9Mlt8YikjAL+0mqlI+Z0HGDyi+K+ng\\u003d\",\"sign\":\"N7MLoEnjReB+pdVCK507yyZBofeleIZXHSmLJSZDqGCcXoZ6thJVa4WYcQuI3WtlG3wd8ipnkx5r5PHUa9kJVfioPE39U4SUAKt1J0P5+UJbNsb+5Zi9miL4bj0+k7AmdCKolpIwdNwtmoMAZMfb4Bc+G8RZugFtJb5Hzg3UFE0\\u003d\",\"mer_id\":\"7099088\",\"identity_type\":\"IDENTITY_CARD\",\"service\":\"mer_bind_card\",\"user_id\":\"UB201504161636050000000003665807\",\"res_format\":\"HTML\",\"ret_url\":\"http://115.28.171.163:7090/trusteeship_return_web/mer_bind_card\"}', '2015-04-16 18:05:40', null, null, 'sended', 'umpay', 'mer_bind_card', 'http://pay.soopay.net/spay/pay/payservice.do', 'utf-8');
INSERT INTO `trusteeship_operation` VALUES ('70952154edc345d8aad273c27b35240d', '0120150414000044', '20150414000044', 'amount=200&charset=UTF-8&mer_date=20150414&mer_id=7099088&notify_url=http%3A%2F%2F115.28.171.163%3A7090%2Ftrusteeship_return_s2s%2Fproject_transfer_give_money_to_borrower&order_id=0120150414000044&partic_acc_type=01&partic_type=02&partic_user_id=UB201504131709370000000003631826&project_id=20150414000044&res_format=HTML&ret_url=http%3A%2F%2F115.28.171.163%3A7090%2Ftrusteeship_return_web%2Fproject_transfer_give_money_to_borrower&serv_type=53&service=project_transfer&sign_type=RSA&trans_action=02&version=1.0', '2015-04-14 14:22:52', '{sign=CmVIlefDEZOVphnJ6tssxkhbxd6aKSQIRqpmvFfxqn6MjdGF8BGYgHSsiDV3+miUgU96Bja3Ix1hPGjJERSZ6uB9w7K4Nb9/6JnQ6XuIvS0DfjJ23QowU63oeVJVK04f8PcEa1aQq6s/5fwX0EWE1jRNakfXyvNSIWNwSrQAB1w=, trade_no=1504145014739563, ret_code=0000, mer_date=20150414, mer_check_date=20150414, mer_id=7099088, sign_type=RSA, ret_msg=交易成功。, order_id=0120150414000044, plain=mer_check_date=20150414&mer_date=20150414&mer_id=7099088&order_id=0120150414000044&ret_code=0000&ret_msg=交易成功。&trade_no=1504145014739563&version=1.0, version=1.0}', '2015-04-14 14:22:53', 'passed', 'umpay', 'project_transfer_give_money_to_borrower', 'http://pay.soopay.net/spay/pay/payservice.do?amount=200&charset=UTF-8&mer_date=20150414&mer_id=7099088&notify_url=http%3A%2F%2F115.28.171.163%3A7090%2Ftrusteeship_return_s2s%2Fproject_transfer_give_money_to_borrower&order_id=0120150414000044&partic_acc_type=01&partic_type=02&partic_user_id=UB201504131709370000000003631826&project_id=20150414000044&res_format=HTML&ret_url=http%3A%2F%2F115.28.171.163%3A7090%2Ftrusteeship_return_web%2Fproject_transfer_give_money_to_borrower&serv_type=53&service=project_transfer&sign_type=RSA&trans_action=02&version=1.0&sign=S%2BicIAX1%2FMeq3KKxABLkoZlvvMyjGDc99PNiVCdUvkpkVq8Uc2INY8pUYDZxaVVZyF8UUoIJhKp1jwwslawgpyQNLs85QuDPz4%2Bg2LPzwFKoFwbmo8WJbRpHBstkoWPbx323mGWy9K21b6LYzarNJqp3h1z6nM%2B6cz9R6HURH0Y%3D', 'utf-8');
INSERT INTO `trusteeship_operation` VALUES ('719ee2da454c427ea5944c60c8ebb27c', '2015041600000029', '2015041600000029', '{\"mer_date\":\"20150416\",\"sign_type\":\"RSA\",\"notify_url\":\"http://115.28.171.163:7090/trusteeship_return_s2s/mer_recharge_person\",\"charset\":\"UTF-8\",\"order_id\":\"2015041600000029\",\"version\":\"1.0\",\"user_ip\":\"118.187.56.162\",\"amount\":\"10000\",\"sign\":\"cuekUaJSYvM+CX9S76eaVIck+lBc1TEK8b9Lg43tapfFNYgXRxjd0VEeORIe4axR6MjdR8rl+4xf2Gsa0FFR4ru6APRcfKRN4DsoaJSIIOy8YmJTfZFUwqKBhIMQlxC/Exb4U1lIk2WJnh++1tsTPqbVyo53RRHFsDH4GEDHoC4\\u003d\",\"gate_id\":\"CMB\",\"pay_type\":\"B2CDEBITBANK\",\"mer_id\":\"7099088\",\"service\":\"mer_recharge_person\",\"user_id\":\"UB201504161636050000000003665807\",\"res_format\":\"HTML\",\"ret_url\":\"http://115.28.171.163:7090/trusteeship_return_web/mer_recharge_person\"}', '2015-04-16 18:20:55', null, null, 'sended', 'umpay', 'mer_recharge_person', 'http://pay.soopay.net/spay/pay/payservice.do', 'utf-8');
INSERT INTO `trusteeship_operation` VALUES ('71f61245549a469eb06eb03ee8968575', '14291778928556225881007549453', 'zhengcong', '{\"identity_code\":\"\",\"mer_date\":\"20150416\",\"sign_type\":\"RSA\",\"notify_url\":\"http://115.28.171.163:7090/trusteeship_return_s2s/mer_bind_card\",\"charset\":\"UTF-8\",\"order_id\":\"14291778928556225881007549453\",\"card_id\":\"tEmEMUk5b5jN8LPkulN3zc8jBgcn9LpjO+ckU17OYHP9Q75Q9XhWf9rv9Zz6nzNZzgNXXt9fFaNMBrnKrEX8q5atbSd1X91bbzBLGS6vSpnsEZ0gTkGRFtt5GQcVOjC1MbAdlHloLpWRnkhUs1KUEb/aE7tkH6oh3Ps3c71A1zg\\u003d\",\"version\":\"1.0\",\"account_name\":\"NfRr3VIjt9Ak/yXqMLgRJpOF7yboh6x6/xpSkpsrffQvUlFj6B9MW0lG23pVSL5VrTpKG9T+pn6uldPseR6psOirneaOYOOOrBRyd9mDO2I7yj0YAlKgF8G+7ndpzd74kFoed+pWJSOqP+RKvEJMxp7TiWcVCam5wFscmjNvNXc\\u003d\",\"sign\":\"bBtMNUoH45ypE7+2Hiengf/X1gWRDc8cs9ESBzd5G4T/M+SKFam4oiWi+mbLqHT2EmF22NN9BSjyRev9+0npoLolhblf4y6aUzlmI6oF/O1AkWkb/FA8KtEQbiMZy5uUhfVvRC8ex207b0MOgSl7pHgaNwWx/ZM/EOXhRGQ8Hcg\\u003d\",\"mer_id\":\"7099088\",\"identity_type\":\"IDENTITY_CARD\",\"service\":\"mer_bind_card\",\"user_id\":\"UB201504161636050000000003665807\",\"res_format\":\"HTML\",\"ret_url\":\"http://115.28.171.163:7090/trusteeship_return_web/mer_bind_card\"}', '2015-04-16 17:51:32', null, null, 'sended', 'umpay', 'mer_bind_card', 'http://pay.soopay.net/spay/pay/payservice.do', 'utf-8');
INSERT INTO `trusteeship_operation` VALUES ('71faa73abeea443abf7a8bcb35a16b99', '14292395507586225881007549453', 'zhengcong', '{\"identity_code\":\"csmhSkM/E997K9yO5BNqlOI4bjFkZWA5kl9C3hMs9lSZzn87eaePrsqxwjmOBlzSL5B8t4NRwJ8WawMKxii5jLRURyfzqol8NqrbA2OEq7r7zRiQmabDKYVrxdZRG5vqG5YnAgO20azuyr/1F2pj0+1KRoAahvmovBxdVKcUqdI\\u003d\",\"mer_date\":\"20150417\",\"sign_type\":\"RSA\",\"notify_url\":\"http://115.28.171.163:7090/trusteeship_return_s2s/mer_bind_card\",\"charset\":\"UTF-8\",\"order_id\":\"14292395507586225881007549453\",\"card_id\":\"fbUwoGzECL+PhvD9ntgYd6b4tQ+Zww/Pcfxvl3QK9atInIQ+n09/bOIZDYdaF/HJ8Tn/TQ2kovuGLlWKTDRiOEF0+7HSSEDR/znUAxuO1bi7QrLiyPYBDKhqklIvRcYZC6rDnLWCGsvmJTMa2MZy51TIwuv0vM0BE71mc/undzU\\u003d\",\"version\":\"1.0\",\"account_name\":\"pd8/JQ68d8E48Zyjk/tkG/3DjEYj39+Fi1fMBEw10dEYYqPNtz2JrqO5UUJ0ulPkZ/mepDwKD7N/dcUt9X3L0A0CYkH31sAbV4B0Zgvp6PzYHROoE63df9XtFmmuP/3gug/5YCxMCH2uxAVpmZ2b7FswtOcz2ZpO0q4V/tPbhJg\\u003d\",\"sign\":\"Bxego2MBJI4NyBupB8rqCetAOn0yp1YHpvbKCzT+SRI85vRhxbwIqkc/VrvSkcG6/nXFrzNCbEKK4obTl6a09zlqtrw8PU4ij2BHVw/c0EYG0DHT/WhPaPunbp2YOxtLjP/sX6gxJlHPWPX3ug77V5sJb6P+KsQlUf2ipKaGZ2Y\\u003d\",\"mer_id\":\"7099088\",\"identity_type\":\"IDENTITY_CARD\",\"service\":\"mer_bind_card\",\"user_id\":\"UB201504161636050000000003665807\",\"res_format\":\"HTML\",\"ret_url\":\"http://115.28.171.163:7090/trusteeship_return_web/mer_bind_card\"}', '2015-04-17 10:59:10', null, null, 'sended', 'umpay', 'mer_bind_card', 'http://pay.soopay.net/spay/pay/payservice.do', 'utf-8');
INSERT INTO `trusteeship_operation` VALUES ('72381be0ade24f2cb36f3994f6849b9f', '2015041600000005', '2015041600000005', '{\"mer_date\":\"20150416\",\"sign_type\":\"RSA\",\"notify_url\":\"http://115.28.171.163:7090/trusteeship_return_s2s/mer_recharge_person\",\"charset\":\"UTF-8\",\"order_id\":\"2015041600000005\",\"version\":\"1.0\",\"user_ip\":\"118.187.56.162\",\"amount\":\"100\",\"sign\":\"dh8oH2VkR/b9xKmdm094FXXo1FUwLtq57zQojiQrAC53clyLGCaxhchajMSGAIQI7PAcGs7N2L0wwKJhCCGCFfv3n0cD33S9l8jzkM3zf/L72/xG6eJbjKxILovDZ783JV5x9FKKkA1/fOI7nwf7o5qhiCjZfu76W6M7G3EdIlQ\\u003d\",\"gate_id\":\"CMB\",\"pay_type\":\"B2CDEBITBANK\",\"mer_id\":\"7099088\",\"service\":\"mer_recharge_person\",\"user_id\":\"UB201504161125550000000003661819\",\"res_format\":\"HTML\",\"ret_url\":\"http://115.28.171.163:7090/trusteeship_return_web/mer_recharge_person\"}', '2015-04-16 16:12:13', null, null, 'sended', 'umpay', 'mer_recharge_person', 'http://pay.soopay.net/spay/pay/payservice.do', 'utf-8');
INSERT INTO `trusteeship_operation` VALUES ('72e32d42b65d422cb2cf5e2b99918833', '20150413000042', '20150413000042', 'charset=UTF-8&loan_user_id=UB201504081737010000000003573522&mer_id=7099088&project_amount=100&project_expire_date=20150417&project_id=20150413000042&project_name=%E6%95%B0%E6%8D%AE%E7%BB%9F%E8%AE%A1&res_format=HTML&service=mer_bind_project&sign_type=RSA&version=1.0', '2015-04-13 14:54:17', '{sign=NHy03/UYbAf1V8JZGKY3jleE5vMZpgq4zLt9lwrJ4YeJJuhepA0Dt8Ddva8Uh2iPxm4DROFB3A1fZmDzRlo97vw51jDlNv4cLNcUV6oLPhGknQMaw8ImflsVcwPbjk9ijRmFG2gt1Qprkm7144wsE5kk4R51+KIt1O9nUJU/cvg=, ret_code=0000, project_state=92, mer_check_date=20150413, mer_id=7099088, sign_type=RSA, ret_msg=操作成功, project_account_id=7099088A0000046, plain=mer_check_date=20150413&mer_id=7099088&project_account_id=7099088A0000046&project_state=92&ret_code=0000&ret_msg=操作成功&version=1.0, version=1.0}', '2015-04-13 14:54:18', 'passed', 'umpay', 'mer_bind_project', 'http://pay.soopay.net/spay/pay/payservice.do?charset=UTF-8&loan_user_id=UB201504081737010000000003573522&mer_id=7099088&project_amount=100&project_expire_date=20150417&project_id=20150413000042&project_name=%E6%95%B0%E6%8D%AE%E7%BB%9F%E8%AE%A1&res_format=HTML&service=mer_bind_project&sign_type=RSA&version=1.0&sign=qNWvFTmgT4FIcjdX37Q73vjqCfdaErydtESrHkc2UxUZXoc2M5J%2BCIfn3pyecklhftJJFUPbKMDLx6%2FhLJ48nr71guKUazCtPxHjiNlxaPlWO5en7bZCXSZaGXrxebNAHeTmpXFrSWIK4SOBEwEEf2o1JZzonYw6D3SFFYpWzis%3D', 'utf-8');
INSERT INTO `trusteeship_operation` VALUES ('730b05f1d98c48f78c14b1b412922e12', '2015041500000002', '2015041500000002', '{\"mer_date\":\"20150415\",\"sign_type\":\"RSA\",\"notify_url\":\"http://115.28.171.163:7090/trusteeship_return_s2s/cust_withdrawals\",\"charset\":\"UTF-8\",\"order_id\":\"2015041500000002\",\"version\":\"1.0\",\"amount\":\"100\",\"sign\":\"fzljCOpWDioTfEBvvUbGQR77iZAUeXKRQ/xIYBtTyH45e18lB/75Kejm2PSNnTEM3+u2qEbGvkOr6ot97sZWLjfzIl6qV6U76B57TqPUQx1Yqn4Wd/inKYme6g9bsBNSdu3TKfn5qMd79rVKgSYgEGu9e9qm9r1UYJ2Z2tayfxE\\u003d\",\"mer_id\":\"7099088\",\"service\":\"cust_withdrawals\",\"user_id\":\"UB201504131709370000000003631826\",\"res_format\":\"HTML\",\"ret_url\":\"http://115.28.171.163:7090/trusteeship_return_web/cust_withdrawals\"}', '2015-04-15 16:25:32', '{trade_no=1504151625593543, mer_date=20150415, trade_state=4, sign_type=RSA, ret_msg=交易成功, order_id=2015041500000002, version=4.0, amount=100, sign=f/7+0YOl+ifvtxpW3u12yVXoYnYplB9cAdyHRSvAdh06Bu5P+OLzt7wGogGl0NDrvG91Er39LHUJHyxmUfv9jOxkE8xxGzg4jBI+VCZt4CQrxLy9z9YTHqvmuXEpCURPNAYs/rjOPMiL69wyzObL5S+LrC/dfgIXEJnCIECktdU=, transfer_settle_date=20150416, ret_code=0000, mer_id=7099088, transfer_date=20150416}', '2015-04-16 10:13:11', 'passed', 'umpay', 'cust_withdrawals', 'http://pay.soopay.net/spay/pay/payservice.do', 'utf-8');
INSERT INTO `trusteeship_operation` VALUES ('766c876beaa54af5a7328c6dd674a002', '2015042200000001', '2015042200000001', '{\"mer_date\":\"20150422\",\"sign_type\":\"RSA\",\"notify_url\":\"http://115.28.171.163:7090/trusteeship_return_s2s/mer_recharge_person\",\"charset\":\"UTF-8\",\"order_id\":\"2015042200000001\",\"version\":\"1.0\",\"user_ip\":\"218.240.48.50\",\"amount\":\"5000\",\"sign\":\"rQDvJ/C9lC6pEEMJ93SS2hM2S+HwhsE4hvyYI0hFPLtz/LN1idnThZgDAJq3doYytHn4nhSwhWU/rhTGeq4653aOw+QXx6/+6Elk5PHz+M1kAvZzw2WUHHHlR709nzD0ePHfzm29MlFUggGFxr+8IAEq8UUxf0C1BwBCUlM2ePo\\u003d\",\"gate_id\":\"CMB\",\"pay_type\":\"B2CDEBITBANK\",\"mer_id\":\"7099088\",\"service\":\"mer_recharge_person\",\"user_id\":\"UB201504091030430000000003578704\",\"res_format\":\"HTML\",\"ret_url\":\"http://115.28.171.163:7090/trusteeship_return_web/mer_recharge_person\"}', '2015-04-22 14:27:19', null, null, 'sended', 'umpay', 'mer_recharge_person', 'http://pay.soopay.net/spay/pay/payservice.do', 'utf-8');
INSERT INTO `trusteeship_operation` VALUES ('77501992d5d14a1f83b53a06ded591e8', '2015042300000008', '2015042300000008', '{\"mer_date\":\"20150423\",\"sign_type\":\"RSA\",\"notify_url\":\"http://115.28.171.163:7090/trusteeship_return_s2s/mer_recharge_person\",\"charset\":\"UTF-8\",\"order_id\":\"2015042300000008\",\"version\":\"1.0\",\"user_ip\":\"124.200.110.58\",\"amount\":\"200\",\"sign\":\"d2YO1Uw9OG5txcpVx6V7xD73lh+yM3bGHZF/HQ/uRR692KHZ/LPTbtmcBdVMb2ZIMAcTKssVP7Yf+n4BDKpy73IzyF9m+wjeEPLhJNAvwdpImUCfijVGaoceZ+yGnrNGlmMv/lvNyGYdzr2+AvK5wgNxR+fTp97FDJF4QMQSASs\\u003d\",\"gate_id\":\"PSBC\",\"pay_type\":\"B2CDEBITBANK\",\"mer_id\":\"7099088\",\"service\":\"mer_recharge_person\",\"user_id\":\"UB201504081447010000000003571502\",\"res_format\":\"HTML\",\"ret_url\":\"http://115.28.171.163:7090/trusteeship_return_web/mer_recharge_person\"}', '2015-04-23 20:44:47', null, null, 'sended', 'umpay', 'mer_recharge_person', 'http://pay.soopay.net/spay/pay/payservice.do', 'utf-8');
INSERT INTO `trusteeship_operation` VALUES ('77dcaa0d43ea484cab5184c0662170a1', '1429176241365123212312132212', 'zhengcong', '{\"identity_code\":\"\",\"mer_date\":\"20150416\",\"sign_type\":\"RSA\",\"notify_url\":\"http://115.28.171.163:7090/trusteeship_return_s2s/mer_bind_card\",\"charset\":\"UTF-8\",\"order_id\":\"1429176241365123212312132212\",\"card_id\":\"ooeryPmPa2Rsb4GEalsrqh22O5DLd+WcoBOTOUETFH7Q3ACE1mPidY3B8yGWKV0nNj4vIfvWWYukEtkQAspYzb2V0Yafh+MCk0N8SL/pAzfgq+3HAuhOS/RN1cxtdhC08OsYlb+V1eaLm/TkUQwywd/hau0YappR3ppzyVmCNT4\\u003d\",\"version\":\"1.0\",\"account_name\":\"PFXUVhG/W01kd7cJ9rF4o/dsi4revaywOsPqBMYtd+RhtQS6cgqWRT0C4I39amTQZFXsQ76Uusl8JwK2eb/VTulYAGub6UWs5jjAY1Kh1vRPUkk1JBAkWGfcMgQARtirE+D7JTLnShQezQoiSmGaB80ymdRoW6aWk3a2cT3/fcQ\\u003d\",\"sign\":\"WG/EjQjHtQJUxNskyoNuL78M3PLzsiy4A90Dhq1jmJkG/FAt+XbCjFCr7VPNqB54wZE0zmR9EBoHp6c1f5mC0ZtbMb7gUvuQrK5DzMdqDddKe1/czHzI7wdueJn5KUTEeAuvI0J71jUGsiRSOpCAePCTQnrAEmhNOkw3l+4JZG0\\u003d\",\"mer_id\":\"7099088\",\"identity_type\":\"IDENTITY_CARD\",\"service\":\"mer_bind_card\",\"user_id\":\"UB201504161636050000000003665807\",\"res_format\":\"HTML\",\"ret_url\":\"http://115.28.171.163:7090/trusteeship_return_web/mer_bind_card\"}', '2015-04-16 17:24:01', null, null, 'sended', 'umpay', 'mer_bind_card', 'http://pay.soopay.net/spay/pay/payservice.do', 'utf-8');
INSERT INTO `trusteeship_operation` VALUES ('780ee0cb1129402c9dcba04124a697b2', '2015041600000026', '2015041600000026', '{\"mer_date\":\"20150416\",\"sign_type\":\"RSA\",\"notify_url\":\"http://115.28.171.163:7090/trusteeship_return_s2s/mer_recharge_person\",\"charset\":\"UTF-8\",\"order_id\":\"2015041600000026\",\"version\":\"1.0\",\"user_ip\":\"118.187.56.162\",\"amount\":\"10000\",\"sign\":\"O0OWqdoQShKQOX4PXz6MocV1F4rHMSZJJZdgqJgaImLfVH2OjwuuCQiIvgfACDbSBe2Yv0O9p0KKUL1rZI0EA78Jbo62fA7sC0RasLgWTtxiH8RDmZu3P76ORmKZOmqT0JSoN33g8tZk1r6OJZXKP+a6oZ+2bbqFG8c2pcR9hsI\\u003d\",\"gate_id\":\"CMB\",\"pay_type\":\"B2CDEBITBANK\",\"mer_id\":\"7099088\",\"service\":\"mer_recharge_person\",\"user_id\":\"UB201504161636050000000003665807\",\"res_format\":\"HTML\",\"ret_url\":\"http://115.28.171.163:7090/trusteeship_return_web/mer_recharge_person\"}', '2015-04-16 18:16:46', null, null, 'sended', 'umpay', 'mer_recharge_person', 'http://pay.soopay.net/spay/pay/payservice.do', 'utf-8');
INSERT INTO `trusteeship_operation` VALUES ('78dd01507e55406d922316f6000d9006', '20150416000046', '20150416000046', 'charset=UTF-8&loan_user_id=UB201504131709370000000003631826&mer_id=7099088&project_amount=1000&project_expire_date=20150419&project_id=20150416000046&project_name=%E5%8F%91%E4%B8%AA%E9%A1%B9%E7%9B%AE%E8%AF%95%E8%AF%95%E7%9C%8B&res_format=HTML&service=mer_bind_project&sign_type=RSA&version=1.0', '2015-04-16 10:33:13', '{sign=uygspfpOTZcLvaU366Jz681sIROCieIrlZ38ia3AgvaYWVx5LpRjsaGaCsJEB0mS/PxXllI9I7fqsOtO0+gy1PQ4X6TXZHd+B6J9i/rQKWggDj9ZNYPsEds3pOxdhIUOBcxZwE0UQi+QId+aLaR1BeNuLjqga+8TMwXkSjDojG4=, ret_code=0000, project_state=92, mer_check_date=20150416, mer_id=7099088, sign_type=RSA, ret_msg=操作成功, project_account_id=7099088A0000080, plain=mer_check_date=20150416&mer_id=7099088&project_account_id=7099088A0000080&project_state=92&ret_code=0000&ret_msg=操作成功&version=1.0, version=1.0}', '2015-04-16 10:33:14', 'passed', 'umpay', 'mer_bind_project', 'http://pay.soopay.net/spay/pay/payservice.do?charset=UTF-8&loan_user_id=UB201504131709370000000003631826&mer_id=7099088&project_amount=1000&project_expire_date=20150419&project_id=20150416000046&project_name=%E5%8F%91%E4%B8%AA%E9%A1%B9%E7%9B%AE%E8%AF%95%E8%AF%95%E7%9C%8B&res_format=HTML&service=mer_bind_project&sign_type=RSA&version=1.0&sign=WFrjT8V5jMEQnt1fHuA2Obpy43zzs4yzM%2Bh7pX7gTnYYz2qEOTXqu4L2x1d27LHbD9%2FrPm0oLojiGu4%2FV8z2wQr9NzujaMy8PwqiR8McyWDngWKAoMPcFZKt%2F2SN0xoSfzaVepXtVEqwRIRL4TCn5Jei8soBe4PNXs3fd%2Bl4dSY%3D', 'utf-8');
INSERT INTO `trusteeship_operation` VALUES ('7a3c6f2899f14d0ebf480bc348202ef4', '2015041600000001', '2015041600000001', '{\"mer_date\":\"20150416\",\"sign_type\":\"RSA\",\"notify_url\":\"http://115.28.171.163:7090/trusteeship_return_s2s/cust_withdrawals\",\"charset\":\"UTF-8\",\"order_id\":\"2015041600000001\",\"version\":\"1.0\",\"amount\":\"1000000\",\"sign\":\"Qy4ra2IwoOxpY/9Y25ThYZNTinuASb2SU9iOBbtn1qcbtn9tyVTKywCv/TmCFFtrJOcenhVcT1KfQD8DYVn4VOvj+LGULoS7vVvreazkOfDKz4dKKb01b6wQ+WFdI4U2LwWPzCDNI48h4Hxcp4CgsIpuVpcWfxakUrJ2XSEK9qs\\u003d\",\"mer_id\":\"7099088\",\"service\":\"cust_withdrawals\",\"user_id\":\"UB201504161125550000000003661819\",\"res_format\":\"HTML\",\"ret_url\":\"http://115.28.171.163:7090/trusteeship_return_web/cust_withdrawals\"}', '2015-04-16 11:32:39', null, null, 'sended', 'umpay', 'cust_withdrawals', 'http://pay.soopay.net/spay/pay/payservice.do', 'utf-8');
INSERT INTO `trusteeship_operation` VALUES ('7acc1fcba4b04d80ad84e307a13c6b37', '14298492949276216618403001269022', 'wangxibao9', '{\"identity_code\":\"B5yUf+Znf8fKLWhkcJzZryk2xdZNxRrPid+LDEZW4+p0b0JYbhRCY8Pa2g/6sPuYMv8MWiTFr4PU3lxgpaDDL3yCvoV9FjsE5jGzXGFtyTQ/snkCDkon8sk3J0yScFvS85SKB751hFMDO5OEOb9iV14A/yTdHOV8WgSpUQRCoLA\\u003d\",\"mer_date\":\"20150424\",\"sign_type\":\"RSA\",\"notify_url\":\"http://115.28.171.163:7090/trusteeship_return_s2s/mer_bind_card\",\"charset\":\"UTF-8\",\"order_id\":\"14298492949276216618403001269022\",\"card_id\":\"kSHTMQqg2JT4/W9cbkX7CPFbpj2q0ObTSIcLTvV1WgfJbIkp1GhIWnsjIpmhsC6ktZvbOImSoam4qA5QsK99iga9CV/KJA9LVxE1sjhXSpq4ndtgBL48LRyuF9JFDAPZtTh3igFhnl45MiXF49Fnaq3gWdV4cDpLnx8AAIcIyb0\\u003d\",\"version\":\"1.0\",\"account_name\":\"o341AAXL7tDX1zWCs9ZpHsxyBJPBR+fDsfGg5fRjJ/iJOQDGkXALA4t5sv8ulb0cGNF9FVcYob3ik5aMVi1B41fzumxoT9PKuAatYaPhXVTR0yQOAgE/wFMNgrHYp+sN5nrFUJBM2vmWWn8MI/m0e60SGzAJs/Pez0GrbD4HPVc\\u003d\",\"sign\":\"TEuiz6uF612i+Bvl3OWcZilC+40ipeSKhReIu35j86zgZNxMCstweAuzb+ZfyYo+V9z21vC/uYU9fbLFJDTtdGzCyuGc+2y2Tx50YY19C1+UyKXsWUB7Pb6vWO5CFrqcEiLBTGNSkh6E2atCQjA6Alj00aQxL8NRweqjWsfuQ/o\\u003d\",\"mer_id\":\"7099088\",\"identity_type\":\"IDENTITY_CARD\",\"service\":\"mer_bind_card\",\"user_id\":\"UB201504081447010000000003571502\",\"res_format\":\"HTML\",\"ret_url\":\"http://115.28.171.163:7090/trusteeship_return_web/mer_bind_card\"}', '2015-04-24 12:21:34', null, null, 'sended', 'umpay', 'mer_bind_card', 'http://pay.soopay.net/spay/pay/payservice.do', 'utf-8');
INSERT INTO `trusteeship_operation` VALUES ('7d48cd21af1c48d0b7de7db21001117e', '201504270000661430128550286', '20150427000066', '{\"mer_date\":\"20150427\",\"sign_type\":\"RSA\",\"notify_url\":\"http://115.28.171.163:7090/trusteeship_return_s2s/project_transfer_advance_repay\",\"charset\":\"UTF-8\",\"order_id\":\"201504270000661430128550286\",\"version\":\"1.0\",\"amount\":\"9000\",\"sign\":\"pLEK+fDOrDDiFWiumhfSx/Lsut05Ln/B3+63YN+1URkasHWOESstTrQPm+DyBLDEzmP2XagC2x5UUUpbSRTfnjr3BXJr9o/3xLTUnrJUzCI+bvi5DHY19KKR9giMNi4irxyzsue1vDwXHPPchJW/0I9n1eWY8axFH65PIrF1DCw\\u003d\",\"partic_type\":\"02\",\"serv_type\":\"03\",\"partic_user_id\":\"UB201504161125550000000003661819\",\"mer_id\":\"7099088\",\"project_id\":\"20150427000066\",\"partic_acc_type\":\"01\",\"service\":\"project_transfer\",\"trans_action\":\"01\",\"res_format\":\"HTML\",\"ret_url\":\"http://115.28.171.163:7090/trusteeship_return_web/project_transfer_advance_repay\"}', '2015-04-27 17:55:50', '{sign=IKXvs3OGdrKHFFzXGeQ16EqIo3lEGn2IbSUL6y+kaqggC+4xOmALRRDi4s+L7GHarG7N6s7Y6hwJ/cV2sK261PYKMdJCIrBuIknH+bwkVqNtvxoLc5DoQ85fuAUWlQZZWdCjc+foEHT594A51PvRwFtUCikvzvet8Du+H6QN1Ak=, trade_no=1504275017135853, ret_code=0000, mer_date=20150427, mer_id=7099088, mer_check_date=20150427, sign_type=RSA, service=project_tranfer_notify, ret_msg=交易成功。, order_id=201504270000661430128550286, version=4.0}', '2015-04-27 17:56:43', 'passed', 'umpay', 'project_transfer_advance_repay', 'http://pay.soopay.net/spay/pay/payservice.do', 'utf-8');
INSERT INTO `trusteeship_operation` VALUES ('7d849db20d56475ca18fa425cb007ed9', '20150416000006', '20150416000006', '{\"mer_date\":\"20150416\",\"sign_type\":\"RSA\",\"notify_url\":\"http://115.28.171.163:7090/trusteeship_return_s2s/project_transfer_invest\",\"charset\":\"UTF-8\",\"order_id\":\"20150416000006\",\"version\":\"1.0\",\"amount\":\"100\",\"sign\":\"bzk1AOZ9cemSH6f0A3A7VdU+p0oAnyftPTRpn5l8AFBev8XGSHggBD2dotQPPKK3ciOLy1rmz/v2++RV4qhJd7UOMr8Spr4azxm5kuUORI6mu0ZJzSU3vG8vH0Y0LJCaFjyd76J50Ja33j4xwkr2PJjXuFuU29G8YUbGxkJEIBM\\u003d\",\"partic_type\":\"01\",\"serv_type\":\"01\",\"partic_user_id\":\"UB201504161125550000000003661819\",\"mer_id\":\"7099088\",\"project_id\":\"20150413000043\",\"partic_acc_type\":\"01\",\"service\":\"project_transfer\",\"trans_action\":\"01\",\"res_format\":\"HTML\",\"ret_url\":\"http://115.28.171.163:7090/trusteeship_return_web/project_transfer_invest\"}', '2015-04-16 15:32:25', null, null, 'sended', 'umpay', 'project_transfer_invest', 'http://pay.soopay.net/spay/pay/payservice.do', 'utf-8');
INSERT INTO `trusteeship_operation` VALUES ('7f01a3bd7dd04105af66368554df51b3', '20150417000003', '20150417000003', '{\"mer_date\":\"20150417\",\"sign_type\":\"RSA\",\"notify_url\":\"http://115.28.171.163:7090/trusteeship_return_s2s/project_transfer_invest\",\"charset\":\"UTF-8\",\"order_id\":\"20150417000003\",\"version\":\"1.0\",\"amount\":\"2500\",\"sign\":\"ogDWs2UDUB0qhmQIi1G4yaqHTG8XxqtZ+TUMMSUW6t2FhrqUbtHRg3Y+4AEnrjgaOkeqndUnvMxw8lL0PSlmesAiJIvX1T6A7rO1HRb8y7T2fMWPIAuMYh+fvwMT/+s9Weg3zcfkNWZMFi8Tl83oscGAm5qbv+D2ZeXrmsjuQ08\\u003d\",\"partic_type\":\"01\",\"serv_type\":\"01\",\"partic_user_id\":\"UB201504091030430000000003578704\",\"mer_id\":\"7099088\",\"project_id\":\"20150417000050\",\"partic_acc_type\":\"01\",\"service\":\"project_transfer\",\"trans_action\":\"01\",\"res_format\":\"HTML\",\"ret_url\":\"http://115.28.171.163:7090/trusteeship_return_web/project_transfer_invest\"}', '2015-04-17 13:38:02', null, null, 'sended', 'umpay', 'project_transfer_invest', 'http://pay.soopay.net/spay/pay/payservice.do', 'utf-8');
INSERT INTO `trusteeship_operation` VALUES ('7f3ccefb31c040d7bdd8df81d330800e', '2015042700000003', '2015042700000003', '{\"mer_date\":\"20150427\",\"sign_type\":\"RSA\",\"notify_url\":\"http://115.28.171.163:7090/trusteeship_return_s2s/mer_recharge_person\",\"charset\":\"UTF-8\",\"order_id\":\"2015042700000003\",\"version\":\"1.0\",\"user_ip\":\"118.187.56.162\",\"amount\":\"12300\",\"sign\":\"G8Hdh9STts1lafv98JcAL6OEmmYPeovOdpaoET72ABLbJ96ouIIPMA1443b/Fbivm5lDXV8RCMFwWy5fzBo3RO/TBPch5u9ss4JOuLopbdx3zfFzIX2/Gg1e1VZf3i2AK6x+VL0mPhPILRbAD0opkLpnc+cBy0cRy7tiCK+Knlg\\u003d\",\"gate_id\":\"BOC\",\"pay_type\":\"B2CDEBITBANK\",\"mer_id\":\"7099088\",\"service\":\"mer_recharge_person\",\"user_id\":\"UB201504161125570000000003661793\",\"res_format\":\"HTML\",\"ret_url\":\"http://115.28.171.163:7090/trusteeship_return_web/mer_recharge_person\"}', '2015-04-27 11:40:11', null, null, 'sended', 'umpay', 'mer_recharge_person', 'http://pay.soopay.net/spay/pay/payservice.do', 'utf-8');
INSERT INTO `trusteeship_operation` VALUES ('7fcf9296d77a46c88c3e2b773e002f68', '2015041600000020', '2015041600000020', '{\"mer_date\":\"20150416\",\"sign_type\":\"RSA\",\"notify_url\":\"http://115.28.171.163:7090/trusteeship_return_s2s/mer_recharge_person\",\"charset\":\"UTF-8\",\"order_id\":\"2015041600000020\",\"version\":\"1.0\",\"user_ip\":\"118.187.56.162\",\"amount\":\"200\",\"sign\":\"ZuQRuxsayw0jXcAtIqueybyXEtayBFpBJdNw8YSuug2BLOtj0w4YTEiICuEEJCldhYimfaeKgOuYVdZVKACHgpDILzRgq4WurQpLMC1NO3ZtbcirfhfV6xGdDwCcOSlDUC7L+6yvoPljLamMgZ74XS81iEdwUfGVPo2y9RJcdb0\\u003d\",\"gate_id\":\"CMB\",\"pay_type\":\"B2CDEBITBANK\",\"mer_id\":\"7099088\",\"service\":\"mer_recharge_person\",\"user_id\":\"UB201504161125550000000003661819\",\"res_format\":\"HTML\",\"ret_url\":\"http://115.28.171.163:7090/trusteeship_return_web/mer_recharge_person\"}', '2015-04-16 17:55:28', null, null, 'sended', 'umpay', 'mer_recharge_person', 'http://pay.soopay.net/spay/pay/payservice.do', 'utf-8');
INSERT INTO `trusteeship_operation` VALUES ('7ff4a154654942458992e2b7d8c305b7', 'jdsb2', 'jdsb2', 'charset=UTF-8&email=121423543645%40qq.com&identity_code=NHyk1CIImlb5FcdqdtSSJPqLq%2BEnTZvv4W4Jc%2BuKrLFsXWZ%2Fvrct%2F6k5U3SY6ZsOgCy%2BTe0ygGNxmiZNZkalPlwDjDqZE8Fvfcwi1s8YSHZtSusej7hALnVT18kKJAkU6RgPXqTds4dv%2B2DufQJ0If0Yaf1xIJgMlGiQ27QOCs8%3D&identity_type=IDENTITY_CARD&mer_cust_id=jdsb2&mer_cust_name=n6EDMPf7x4rGddjt3xoezGtgFlJprMVpA%2BJ4aauTZo5tXBuDuX7%2B4UjhWpbaWN%2FLlFRNuVky3e%2FPlKNW%2F9x%2F0YQQGUaRM8nLMb0TH6TrKuqUcSuB3RfgXpwgmXDrTBROOMWIPiWrSjOFUMM%2BKhBH91qD0Agfz0Bw9cLAOkPZ6IA%3D&mer_id=7099088&mobile_id=18510029266&res_format=HTML&service=mer_register_person&sign_type=RSA&version=1.0', '2015-04-08 17:36:59', '{sign=nlOs9dQi35BRU+oQWM31j2/DbVH7yvElEBHKSScCOBI5t19UHLbSYBFbuGOPbqEAuijXVnIpBV25sxHYSgj+i4YZE9lypZDvinucQMF6C2whTmDprK7mfYbL9JS5VbBL7HfFLJRPl7AJCzt+fUV3GTRre/BxIAaTs4KM0vsHhFM=, ret_code=0000, account_id=02000155421148, mer_id=7099088, sign_type=RSA, ret_msg=交易成功。, user_id=UB201504081737010000000003573522, plain=account_id=02000155421148&mer_id=7099088&reg_date=20150408&ret_code=0000&ret_msg=交易成功。&user_id=UB201504081737010000000003573522&version=1.0, reg_date=20150408, version=1.0}', '2015-04-08 17:37:02', 'passed', 'umpay', 'mer_register_person', 'http://pay.soopay.net/spay/pay/payservice.do?charset=UTF-8&email=121423543645%40qq.com&identity_code=NHyk1CIImlb5FcdqdtSSJPqLq%2BEnTZvv4W4Jc%2BuKrLFsXWZ%2Fvrct%2F6k5U3SY6ZsOgCy%2BTe0ygGNxmiZNZkalPlwDjDqZE8Fvfcwi1s8YSHZtSusej7hALnVT18kKJAkU6RgPXqTds4dv%2B2DufQJ0If0Yaf1xIJgMlGiQ27QOCs8%3D&identity_type=IDENTITY_CARD&mer_cust_id=jdsb2&mer_cust_name=n6EDMPf7x4rGddjt3xoezGtgFlJprMVpA%2BJ4aauTZo5tXBuDuX7%2B4UjhWpbaWN%2FLlFRNuVky3e%2FPlKNW%2F9x%2F0YQQGUaRM8nLMb0TH6TrKuqUcSuB3RfgXpwgmXDrTBROOMWIPiWrSjOFUMM%2BKhBH91qD0Agfz0Bw9cLAOkPZ6IA%3D&mer_id=7099088&mobile_id=18510029266&res_format=HTML&service=mer_register_person&sign_type=RSA&version=1.0&sign=qowWXIm9fGgj7iBL7wKkAareyGxypE0Ukv6w2QmJF6ZEtOn4mMcZNuCTt09PTiJZ9zhjkOyfhgJO4iKdZInv910QZA8akFDV1m9EF9WqY0zvQ%2B2OBJjMMhkCfsiq%2FKdnqQ7cg5prrqz2UQyc5XAE6T2%2FcPSrm0tcrnJ%2BYEEEHuw%3D', 'utf-8');
INSERT INTO `trusteeship_operation` VALUES ('8191c8a5211947d6a64fc2bbc7fd98cf', '0220150428000076', '20150428000076', 'amount=0&charset=UTF-8&mer_date=20150428&mer_id=7099088&notify_url=http%3A%2F%2F115.28.171.163%3A7090%2Ftrusteeship_return_s2s%2F&order_id=0220150428000076&partic_acc_type=02&partic_type=03&partic_user_id=7099088&project_id=20150428000076&res_format=HTML&ret_url=http%3A%2F%2F115.28.171.163%3A7090%2Ftrusteeship_return_web%2F&serv_type=52&service=project_transfer&sign_type=RSA&trans_action=02&version=1.0', '2015-04-28 11:20:07', '{sign=jmpToDSU+G3aw2nzi+Kq2FA32xlXEPsfsFHPNnc1DZU8VsYwfBUbDxJTKfVXvXyZtapC3QMoLuu56xoX6z5niFhP0PDfwKw94cOnjAUF5Im2kKKhWZyUMl098kdUqSITBbwreBfJl/Qcx/95nq1sx90REM7cZiBrDefot6SW3sI=, ret_code=00060700, ret_msg=请求的参数[amount(0)]格式或值不正确, plain=ret_code=00060700&ret_msg=请求的参数[amount(0)]格式或值不正确}', '2015-04-28 11:20:07', 'refused', 'umpay', 'project_transfer', 'http://pay.soopay.net/spay/pay/payservice.do?amount=0&charset=UTF-8&mer_date=20150428&mer_id=7099088&notify_url=http%3A%2F%2F115.28.171.163%3A7090%2Ftrusteeship_return_s2s%2F&order_id=0220150428000076&partic_acc_type=02&partic_type=03&partic_user_id=7099088&project_id=20150428000076&res_format=HTML&ret_url=http%3A%2F%2F115.28.171.163%3A7090%2Ftrusteeship_return_web%2F&serv_type=52&service=project_transfer&sign_type=RSA&trans_action=02&version=1.0&sign=NZuZ9xyywOBt%2BHh6QsTEgQggNcLzsczVsyDoxJcnL6hUv8G5h%2FqzugdDRrowrTp6bCCUlorcOIzD9A36pAziO5UVYgOeVskWhA7fE6XIpTANZrXWOLLpqDRTu0hgT4vZ0dw%2FWEVgJR4MIgNQPmAYJ7BvOoZAuSHORynTN6XEJBI%3D', 'utf-8');
INSERT INTO `trusteeship_operation` VALUES ('81aabd108a82442a83a683034e74632c', '2015041700005000011429253863586', '201504170000500001', '{\"mer_date\":\"20150417\",\"sign_type\":\"RSA\",\"notify_url\":\"http://115.28.171.163:7090/trusteeship_return_s2s/project_transfer_normal_repay\",\"charset\":\"UTF-8\",\"order_id\":\"2015041700005000011429253863586\",\"version\":\"1.0\",\"amount\":\"10099\",\"sign\":\"D9f/zIiYBGsWJkGH7eNC/+MR5cHOCYa2kBc5M833ocXzyKmYdRqXc7VSK3N50ZCZ6AFzTssAkeUroi6XA8aEiEo3IVCKdFEr8cAn+7Ms6AlmSTeJzda0+NRugJ6QpKVBLBsjP30M4yrl8hnJBtt3MTLXWTzKnX073f2NNW+JagA\\u003d\",\"partic_type\":\"02\",\"serv_type\":\"03\",\"partic_user_id\":\"UB201504161125550000000003661819\",\"mer_id\":\"7099088\",\"project_id\":\"20150417000050\",\"partic_acc_type\":\"01\",\"service\":\"project_transfer\",\"trans_action\":\"01\",\"res_format\":\"HTML\",\"ret_url\":\"http://115.28.171.163:7090/trusteeship_return_web/project_transfer_normal_repay\"}', '2015-04-17 14:57:43', '{sign=tYwYd4EJF6R7cOdrYcCsdnFCC9ZdlOfRBf8ynlRAV+pv/2hmlpplhtS4fhA+Aa/f6cUjftnmmRe51P5pqjsAvkBbLDs2q1sHWRZ3mESLc4EvybQHlCQ7yqNP2zy5Ppc/hk+JX2LlrSrd9AycIfTpakBcRWZFNSVesItauDSJuAY=, trade_no=1504175015574793, ret_code=0000, mer_date=20150417, mer_id=7099088, mer_check_date=20150417, sign_type=RSA, service=project_tranfer_notify, ret_msg=交易成功。, order_id=2015041700005000011429253863586, version=4.0}', '2015-04-17 14:59:19', 'passed', 'umpay', 'project_transfer_normal_repay', 'http://pay.soopay.net/spay/pay/payservice.do', 'utf-8');
INSERT INTO `trusteeship_operation` VALUES ('82689e30700546208667fe70447c8fc8', '14291797178476212260200067624532', 'wll001', '{\"identity_code\":\"JLz1t+6CessAMc+kujck1lGOgkkzC6FM7z8kj72fLGEAlA/GAhl4KGgg5wHwZsdvjEHl/FwNZs4aTFBEzcOQxZqn7ibnB2GoJv3dja25Tyee8DXtOkZCCh98HzudZnCG2nUrgm/dDjtyb0SyGRuv6f8qXnS3CD1i6V385Mt6V0I\\u003d\",\"mer_date\":\"20150416\",\"sign_type\":\"RSA\",\"notify_url\":\"http://115.28.171.163:7090/trusteeship_return_s2s/mer_bind_card\",\"charset\":\"UTF-8\",\"order_id\":\"14291797178476212260200067624532\",\"card_id\":\"YPK4qebvuqQnFsi8+3jTni2KVchN3SojJkaZHZ3DAJzV0kN7U+h/RFgmPE25ZoAWalfsgon9QLR88RLQXOJyUpNz+CXAwxWQ4NPi7km9napTKc+F3UuX/qyyK94rlYycz+zQ53uemzhQGXC3G+UB1TzUISHpkt2eJfEAfX92Ji8\\u003d\",\"version\":\"1.0\",\"account_name\":\"iq8soXNh3PBa5L2Bd0IDxVXNddyWCOqAY0s2rji3o4NuhJBnGW3wmFp6y/u1Atui+c4Q3R9irCQzb2FXOzuEdocjHHE2QNViWfhEC24Nu+3DdGwF5iUd17J1e9r99FWIwNYJ9aI2XswfmUsoV0StywOEewvjWFiCtGFYD45PqZo\\u003d\",\"sign\":\"SLfeDSD7D47q8mO/ViDcD5WZpucxUdTNiZ45OCEafz1rnpXYDuhQViObqpcLvWxDOPVaBjfN2LpRSz/EZTZzh8YZxPYZLlDW+Z1ljNcdp5GbG7Yh4wNX15X5TJMSCsxMkDFf/nGVl+UeNjupbyuVVBtotgaNE0Fga2FzLO+ZApI\\u003d\",\"mer_id\":\"7099088\",\"identity_type\":\"IDENTITY_CARD\",\"service\":\"mer_bind_card\",\"user_id\":\"UB201504091030430000000003578704\",\"res_format\":\"HTML\",\"ret_url\":\"http://115.28.171.163:7090/trusteeship_return_web/mer_bind_card\"}', '2015-04-16 18:21:57', null, null, 'sended', 'umpay', 'mer_bind_card', 'http://pay.soopay.net/spay/pay/payservice.do', 'utf-8');
INSERT INTO `trusteeship_operation` VALUES ('827e1a0cb5414dc1b020bbd7020cb484', '20150428000076', '20150428000076', 'charset=UTF-8&loan_user_id=UB201504161636050000000003665807&mer_id=7099088&project_amount=3000&project_expire_date=20150429&project_id=20150428000076&project_name=%E8%BD%AC%E8%B4%A630%E7%BB%99zhengcong&res_format=HTML&service=mer_bind_project&sign_type=RSA&version=1.0', '2015-04-28 11:18:19', '{sign=h23GOxeRGRI1FnW/GeEnO8zeaoHgUlR/YkkSq3SOXz7caXij4nCEw0B8EmNaiMQSAyNEZ1YZrXbGwcRTa5bicdHY2vzh/iUqMTIQ4HzROKz38KIpLk6YeK6WFFlm4PYD+2vEHq+MR4tKp6clZyrkGlu/Dtd6timBTFA9MhkizSQ=, ret_code=0000, project_state=92, mer_check_date=20150428, mer_id=7099088, sign_type=RSA, ret_msg=操作成功, project_account_id=7099088A0000204, plain=mer_check_date=20150428&mer_id=7099088&project_account_id=7099088A0000204&project_state=92&ret_code=0000&ret_msg=操作成功&version=1.0, version=1.0}', '2015-04-28 11:18:20', 'passed', 'umpay', 'mer_bind_project', 'http://pay.soopay.net/spay/pay/payservice.do?charset=UTF-8&loan_user_id=UB201504161636050000000003665807&mer_id=7099088&project_amount=3000&project_expire_date=20150429&project_id=20150428000076&project_name=%E8%BD%AC%E8%B4%A630%E7%BB%99zhengcong&res_format=HTML&service=mer_bind_project&sign_type=RSA&version=1.0&sign=gFC9ipbfRI7f9rz3RHecRHV1ZKPiD6sgrI3vBfAncJRbUhZsFCo37oZDfiy60Mbjb4yflLzBxcCul%2BD6FmKwvn1I85Xy6F2rUAsMCchGDnz4yj6Vrqnp188rSWqBXrHlBIQPcOxLtjjjtOuuviAku2wMh9P4H3KOslg9tJWYvtA%3D', 'utf-8');
INSERT INTO `trusteeship_operation` VALUES ('83e3a270c08a4c0190e398ddb027a2c5', '20150408000024', '20150408000024', 'charset=UTF-8&loan_user_id=UB201504081447010000000003571502&mer_id=7099088&project_amount=10000000&project_expire_date=20150430&project_id=20150408000024&project_name=asdfghjkljuytrew&res_format=HTML&service=mer_bind_project&sign_type=RSA&version=1.0', '2015-04-08 20:41:30', '{sign=H+cTHshbq6uw/FMXqhrFHpaISMmphiky9m2vPN/kwan14LkkWx4dhug1B3rdVnkSY84+/1P2/KufeFK+/vp4CcNc3I9TiyIJxyGuqeEY7hfdd/OShkp4INwRT6JM6kEzjU0BvYuCqanBoM9/SH8yrkCAW1yoQn3rxY7PI/FqZnU=, ret_code=0000, project_state=92, mer_check_date=20150408, mer_id=7099088, sign_type=RSA, ret_msg=操作成功, project_account_id=7099088A0000040, plain=mer_check_date=20150408&mer_id=7099088&project_account_id=7099088A0000040&project_state=92&ret_code=0000&ret_msg=操作成功&version=1.0, version=1.0}', '2015-04-08 20:41:30', 'passed', 'umpay', 'mer_bind_project', 'http://pay.soopay.net/spay/pay/payservice.do?charset=UTF-8&loan_user_id=UB201504081447010000000003571502&mer_id=7099088&project_amount=10000000&project_expire_date=20150430&project_id=20150408000024&project_name=asdfghjkljuytrew&res_format=HTML&service=mer_bind_project&sign_type=RSA&version=1.0&sign=I7sFBiR60rbeEH%2Bo8M3%2Fhorv60J58p%2FtgVeCxOU5%2FcpG%2BX47WYN2nkfWxBSy0NHLwXNOx7rPxBuJdSSu1y9RGqxiwnvVFB7geRF8rnf%2BDIvC%2FEehZrsObLhTo0Uu%2BMpA2NK9nLkErGLW1NmXwM3YcQvORLjYNjFtUFM5%2F8bPFv4%3D', 'utf-8');
INSERT INTO `trusteeship_operation` VALUES ('8407b59f4fbf42ff9f4ed132b3489485', '201504270000160001', '201504270000160001', 'amount=621&charset=UTF-8&mer_date=20150427&mer_id=7099088&notify_url=http%3A%2F%2F115.28.171.163%3A7090%2Ftrusteeship_return_s2s%2F&order_id=201504270000160001&partic_acc_type=01&partic_type=01&partic_user_id=UB201504091030430000000003578704&project_id=20150427000066&res_format=HTML&ret_url=http%3A%2F%2F115.28.171.163%3A7090%2Ftrusteeship_return_web%2F&serv_type=54&service=project_transfer&sign_type=RSA&trans_action=02&version=1.0', '2015-04-27 17:55:27', '{sign=NvhaKw1RSHQRj3PCEOM6omlftCAF4UkGsIDrwgMfBs/ST+tpiype46PcmPywvyZPm8O46CeGXEek0mk0H+K639W/3ghP4pyOmvGXJqXgmK806x2uM+qNbW2Ph9SBjD2wi1vOL2HEVfqVaR25msZ8U/bhR3+pXbLOqLGKy2C3XcI=, trade_no=1504275017136083, ret_code=0000, mer_date=20150427, mer_check_date=20150427, mer_id=7099088, sign_type=RSA, ret_msg=交易成功。, order_id=201504270000160001, plain=mer_check_date=20150427&mer_date=20150427&mer_id=7099088&order_id=201504270000160001&ret_code=0000&ret_msg=交易成功。&trade_no=1504275017136083&version=1.0, version=1.0}', '2015-04-27 17:55:28', 'passed', 'umpay', 'project_transfer', 'http://pay.soopay.net/spay/pay/payservice.do?amount=621&charset=UTF-8&mer_date=20150427&mer_id=7099088&notify_url=http%3A%2F%2F115.28.171.163%3A7090%2Ftrusteeship_return_s2s%2F&order_id=201504270000160001&partic_acc_type=01&partic_type=01&partic_user_id=UB201504091030430000000003578704&project_id=20150427000066&res_format=HTML&ret_url=http%3A%2F%2F115.28.171.163%3A7090%2Ftrusteeship_return_web%2F&serv_type=54&service=project_transfer&sign_type=RSA&trans_action=02&version=1.0&sign=h3cnHT8VeE%2FL8r%2Bry4E2HX3%2FcB27v38errxXFA7d9XZO31UMeYE8NvqbPiC6%2B%2FDMtZkKEM9VVwweGXFwYI8mJZN76%2Boe5gCF8pyLrjuC9rKEf439vKVL0XE%2BPiqLzuXAoAACUo9HjOtZF1oNgygjRiBivqHOArZ1dBM6ffXMT6k%3D', 'utf-8');
INSERT INTO `trusteeship_operation` VALUES ('8535a7ca23f2455caa5e4b3bfc47781b', '2015042700000005', '2015042700000005', '{\"mer_date\":\"20150427\",\"sign_type\":\"RSA\",\"notify_url\":\"http://115.28.171.163:7090/trusteeship_return_s2s/mer_recharge_person\",\"charset\":\"UTF-8\",\"order_id\":\"2015042700000005\",\"version\":\"1.0\",\"user_ip\":\"124.200.110.58\",\"amount\":\"100\",\"sign\":\"NxS4l2cWowMomSkQRpf0ZCHW4eNiHtRuQ1Bb6oupKtMg8bMMQ77U+CuVeSeBQ1UvQL/5+BNxJKgsfYOwDkwiZzL2Sm92bHqc8BbvQa9E2dEsfhkcSoyrMk1I9eEnTVC/AAa8eszO6ES3x0ybQR93QO8ogvOgmQVYtLpd0Kf0jw0\\u003d\",\"gate_id\":\"CCB\",\"pay_type\":\"B2CDEBITBANK\",\"mer_id\":\"7099088\",\"service\":\"mer_recharge_person\",\"user_id\":\"UB201504081447010000000003571502\",\"res_format\":\"HTML\",\"ret_url\":\"http://115.28.171.163:7090/trusteeship_return_web/mer_recharge_person\"}', '2015-04-27 15:37:14', null, null, 'sended', 'umpay', 'mer_recharge_person', 'http://pay.soopay.net/spay/pay/payservice.do', 'utf-8');
INSERT INTO `trusteeship_operation` VALUES ('8549df723f814555acd933b264261169', '20150428000073', '20150428000073', 'charset=UTF-8&loan_user_id=UB201504161125550000000003661819&mer_id=7099088&project_amount=10000&project_expire_date=20160201&project_id=20150428000073&project_name=22test&res_format=HTML&service=mer_bind_project&sign_type=RSA&version=1.0', '2015-04-28 10:50:01', '{sign=mEwCfPVQrYnXXroImkRAs5MRNggnsssES0rlANSSZEMoAu58C9wm/CEJCjjXSspz6wanixgM44RWKREtVGgBnNhIxFy/L+mMhnXzBjFPnT9o2PiHPdKx62E6ehfLRYmrEN8F1jhqKWUZvcQy7nZgxNLRuhG3QJiMToY0dfrrTI8=, ret_code=0000, project_state=92, mer_check_date=20150428, mer_id=7099088, sign_type=RSA, ret_msg=操作成功, project_account_id=7099088A0000243, plain=mer_check_date=20150428&mer_id=7099088&project_account_id=7099088A0000243&project_state=92&ret_code=0000&ret_msg=操作成功&version=1.0, version=1.0}', '2015-04-28 10:50:02', 'passed', 'umpay', 'mer_bind_project', 'http://pay.soopay.net/spay/pay/payservice.do?charset=UTF-8&loan_user_id=UB201504161125550000000003661819&mer_id=7099088&project_amount=10000&project_expire_date=20160201&project_id=20150428000073&project_name=22test&res_format=HTML&service=mer_bind_project&sign_type=RSA&version=1.0&sign=JT5HRvq47nh36%2FkIBv7MBlPLpqkRDGjuzhbvaba70r8wcHBmk91DkeNu9yhDLq7SbFm5c3O0Sx%2B3QBL5LySFS5zZAPf42JmvVfoQq6HWu47w0IaYsnhwRdPpCCOW7Qx1b%2B8XlDnXm3XVxgSYblb5iS2i24wU3wrDQgT0Ft%2F8tCQ%3D', 'utf-8');
INSERT INTO `trusteeship_operation` VALUES ('8577ad6026404623a41ea233ee66930d', '1429534343566123657890-87432', 'wangxibao9', '{\"identity_code\":\"BrJ1rIK3jAzlde+0Gb9fGH+BXBrZ9pGdmAllxvk707w8RTF2OF+JHaS9bGAtgxTkxyPtGmVUMMGINjcBqK0JUvTrDwagMnrsab2hY2sEeshxpCT5niezvTezeOVu278rGdD/ygGSTlOqx5GikNrxgVxXCnoiVkQRI3V+HppOCQI\\u003d\",\"mer_date\":\"20150420\",\"sign_type\":\"RSA\",\"notify_url\":\"http://115.28.171.163:7090/trusteeship_return_s2s/mer_bind_card\",\"charset\":\"UTF-8\",\"order_id\":\"1429534343566123657890-87432\",\"card_id\":\"BwIllqZSfr2Tbk76+DymLdkT5PiE375VMV0VPRUn7i9/rYrfKOoi8vunxloRUrmf8qTHhwV1k7rBW2uWkWHFppsZC4cGV/9z1B3gAKMPSzI2FQGwgqbLUYrdy0KJoWdzMoU6G4yWKjXVOk/Ql4Omq1wERw2sXdKzxFHYO8+LbxA\\u003d\",\"version\":\"1.0\",\"account_name\":\"uRH30+U5FmXfQ5NAH57Nk9wqjsZqtUIR/Ay3FejAwnpLE/60aGsCyOXxUTleOIT9lLMx9BRlx98hfUAPDrDg5eQqBxoPgiz32uj5sr0X0KmwE+dCfv6q9i80lAs1vVW3rOCBF6hkZM/71DjVV1zfY+2hUbcrDl5kfk28owepTMM\\u003d\",\"sign\":\"iraPG24gyv1PztGmld+gL1uRTm0A92FeCRTUxhSmoP7fJfuEWVSkwoPp9MnHRk3YJQUuSHF3RGldqaX6W6SkzlytVSaCymJCfYN3lphW2LlFmhB3Mg/6qQz/eobWGuzNLmPbI2e/s8Kv3O0gRk1dqWCLP2k0sYcPcEsSpkWX+wQ\\u003d\",\"mer_id\":\"7099088\",\"identity_type\":\"IDENTITY_CARD\",\"service\":\"mer_bind_card\",\"user_id\":\"UB201504081447010000000003571502\",\"res_format\":\"HTML\",\"ret_url\":\"http://115.28.171.163:7090/trusteeship_return_web/mer_bind_card\"}', '2015-04-20 20:52:23', null, null, 'sended', 'umpay', 'mer_bind_card', 'http://pay.soopay.net/spay/pay/payservice.do', 'utf-8');
INSERT INTO `trusteeship_operation` VALUES ('8587af1ccf3a447ba2378c06985d9756', '2015042000000001', '2015042000000001', '{\"mer_date\":\"20150420\",\"sign_type\":\"RSA\",\"notify_url\":\"http://115.28.171.163:7090/trusteeship_return_s2s/cust_withdrawals\",\"charset\":\"UTF-8\",\"order_id\":\"2015042000000001\",\"version\":\"1.0\",\"amount\":\"5000\",\"sign\":\"dK3suys2RFFjYv6bBkg2T7o/aqPvBIZwpMfKVuh72F2hijYUUPC1LjuSTOubE1NN8KBV49xjO0hx+J5WkpDsh5PNNx7vRPbSE8ZYuoPUvgVoI3ZQ8sjIGmp8iO/0xorHizpy7HTZMW2+Daj5yFR/pjvGnU3dBEq8Q9syLjhj5s4\\u003d\",\"mer_id\":\"7099088\",\"service\":\"cust_withdrawals\",\"user_id\":\"UB201504091030430000000003578704\",\"res_format\":\"HTML\",\"ret_url\":\"http://115.28.171.163:7090/trusteeship_return_web/cust_withdrawals\"}', '2015-04-20 10:19:04', null, null, 'sended', 'umpay', 'cust_withdrawals', 'http://pay.soopay.net/spay/pay/payservice.do', 'utf-8');
INSERT INTO `trusteeship_operation` VALUES ('863b5a9e13c9412597184f7f344352cd', '0220150427000061', '20150427000061', 'amount=200&charset=UTF-8&mer_date=20150427&mer_id=7099088&notify_url=http%3A%2F%2F115.28.171.163%3A7090%2Ftrusteeship_return_s2s%2F&order_id=0220150427000061&partic_acc_type=02&partic_type=03&partic_user_id=7099088&project_id=20150427000061&res_format=HTML&ret_url=http%3A%2F%2F115.28.171.163%3A7090%2Ftrusteeship_return_web%2F&serv_type=52&service=project_transfer&sign_type=RSA&trans_action=02&version=1.0', '2015-04-27 16:32:24', '{sign=Jr0rGFz4K0lwwh6hmiHsm7F4IIl7gg5KlTiHdPulPmQHT3fYjBgaQkOoE0746Xq+wqHS2jMhnyGyIKsKfXjHXVGhnpSlJMbWGhxbiwUv5hQwqVecoxIKKtl31Hs7AxW73j1Z0sAsRYL/r6ythZptPOOeL8CZVOzU13APQKj95kU=, trade_no=1504275017127643, ret_code=0000, mer_date=20150427, mer_check_date=20150427, mer_id=7099088, sign_type=RSA, ret_msg=交易成功。, order_id=0220150427000061, plain=mer_check_date=20150427&mer_date=20150427&mer_id=7099088&order_id=0220150427000061&ret_code=0000&ret_msg=交易成功。&trade_no=1504275017127643&version=1.0, version=1.0}', '2015-04-27 16:32:24', 'passed', 'umpay', 'project_transfer', 'http://pay.soopay.net/spay/pay/payservice.do?amount=200&charset=UTF-8&mer_date=20150427&mer_id=7099088&notify_url=http%3A%2F%2F115.28.171.163%3A7090%2Ftrusteeship_return_s2s%2F&order_id=0220150427000061&partic_acc_type=02&partic_type=03&partic_user_id=7099088&project_id=20150427000061&res_format=HTML&ret_url=http%3A%2F%2F115.28.171.163%3A7090%2Ftrusteeship_return_web%2F&serv_type=52&service=project_transfer&sign_type=RSA&trans_action=02&version=1.0&sign=TLGPylqrGEjHPyImNqCALdRZ7akpXj56uLPW9PLUyKuGaFyq0Nqe4lrobntsRi4RAJMlIq6lKOzhOjjRHqCjPWhcAhf3ZTD6YHNay%2F9Ln7rZxKSrBHUjfYFI3yQawzeHtOMtZT1N8L3YsdRhpvLbR9Y%2BERzJDc5lOiSsCgQVFgs%3D', 'utf-8');
INSERT INTO `trusteeship_operation` VALUES ('86642f62747b42c2b2a67947d959280b', '14295811839266216618403001269022', 'wangxibao9', '{\"identity_code\":\"wymR8uyxyRkh3iB5SqjLYHhK6XKeBLTuPfF9ZIKaM9pvDtDnth68LrZaE1XEYibScIA5YppuLlXxiiaBciryT7qfC6VgNZ7QQSW3DwP5ProXWuU5dxUNYFhc96qCT5BigFgGZbEfMLVQNv395ihh/kmr+VKk6v7GOWFvmInwFxU\\u003d\",\"mer_date\":\"20150421\",\"sign_type\":\"RSA\",\"notify_url\":\"http://115.28.171.163:7090/trusteeship_return_s2s/mer_bind_card\",\"charset\":\"UTF-8\",\"order_id\":\"14295811839266216618403001269022\",\"card_id\":\"J/dYcAYv1Kilo7YtRTPy7QeVpDwng+pt6bCwXnIZXnxK7F9HgQRvzibr3sFskSiXXIBMprr+UJzpYKN9TAPuX322oYhGkwYAKi4VEwxDGvEX74y8qzLDykXnrgwP3llBIPu0l8IkH7U6gZ9/9ViEYpH45TRFezoovJjDWxCWJ5Q\\u003d\",\"version\":\"1.0\",\"account_name\":\"IJouLntb2jNkfrhu2SYpZH/lq5bTdCRE+Ac5tCFHwxorP9PykZj6mUAIGUC2y6KxJKkeH5YnchZmae7HCZza3dtKaFyCy6CjPoxCv9t2ReQe6HmS6DSFStRthN7cjfVzb4iXp/aNGjeurrKmLxcOFXAYPeO4TTK1MvK7dtRRUeM\\u003d\",\"sign\":\"O/zNCC/jKjzT/11uZx+hLZzZSiBhY/YIfk1xU1VDc+MBzIVWovgRqPVTRJ+vrhs5SHJxdv1l07o6jL7HxWNReKOlRbI6z2o+VNcGw9zYJXc0ieH+uMJylEA40LTUBPDHxmnlk5tonRr8y3bbZ/4RM/gn3lNLK4RNWtvld2aebW4\\u003d\",\"mer_id\":\"7099088\",\"identity_type\":\"IDENTITY_CARD\",\"service\":\"mer_bind_card\",\"user_id\":\"UB201504081447010000000003571502\",\"res_format\":\"HTML\",\"ret_url\":\"http://115.28.171.163:7090/trusteeship_return_web/mer_bind_card\"}', '2015-04-21 09:53:03', null, null, 'sended', 'umpay', 'mer_bind_card', 'http://pay.soopay.net/spay/pay/payservice.do', 'utf-8');
INSERT INTO `trusteeship_operation` VALUES ('86d48b98c81b4a1094d9368c068afa3e', '201504270000160003', '201504270000160003', 'amount=6000&charset=UTF-8&mer_date=20150427&mer_id=7099088&notify_url=http%3A%2F%2F115.28.171.163%3A7090%2Ftrusteeship_return_s2s%2F&order_id=201504270000160003&partic_acc_type=01&partic_type=01&partic_user_id=UB201504091030430000000003578704&project_id=20150427000066&res_format=HTML&ret_url=http%3A%2F%2F115.28.171.163%3A7090%2Ftrusteeship_return_web%2F&serv_type=54&service=project_transfer&sign_type=RSA&trans_action=02&version=1.0', '2015-04-27 17:56:42', '{sign=NgSCv+V2DuHf2hXuZnd4gEYTHEVEghsOfz23feVBNF8O+91tC8jgwrBzaBJ7GJmujpLHv+lHHepr5x4+0LhKNvhSSoYrLCts611Dq05r1TfPFAwvMO0jw1nTeBYYQM6o52Bv30ZPNte/6Ylj5j8EN1VK7bcmHc7tkmkmQbSMex0=, trade_no=1504275017135593, ret_code=0000, mer_date=20150427, mer_check_date=20150427, mer_id=7099088, sign_type=RSA, ret_msg=交易成功。, order_id=201504270000160003, plain=mer_check_date=20150427&mer_date=20150427&mer_id=7099088&order_id=201504270000160003&ret_code=0000&ret_msg=交易成功。&trade_no=1504275017135593&version=1.0, version=1.0}', '2015-04-27 17:56:43', 'passed', 'umpay', 'project_transfer', 'http://pay.soopay.net/spay/pay/payservice.do?amount=6000&charset=UTF-8&mer_date=20150427&mer_id=7099088&notify_url=http%3A%2F%2F115.28.171.163%3A7090%2Ftrusteeship_return_s2s%2F&order_id=201504270000160003&partic_acc_type=01&partic_type=01&partic_user_id=UB201504091030430000000003578704&project_id=20150427000066&res_format=HTML&ret_url=http%3A%2F%2F115.28.171.163%3A7090%2Ftrusteeship_return_web%2F&serv_type=54&service=project_transfer&sign_type=RSA&trans_action=02&version=1.0&sign=oV%2BuUyRKtcNhjgiNB33LqX4uzaM8uzzWYA%2FmevM4a177H7uly1mzqc%2B1Cb%2B2kuFeExYYZ1SOKnfb79Nd%2BmfJXn%2FYjOITkKlUOjMqmNln7k0eBNEcOCZpYANBBvYn%2FXdOlCQllKhYPTRN1mADYZPq6odpM4En%2BCWooOQZVDs%2FgtY%3D', 'utf-8');
INSERT INTO `trusteeship_operation` VALUES ('86e756d1f5354b9a8ace27501f4d9834', '20150427000057', '20150427000057', 'charset=UTF-8&loan_user_id=UB201504161125550000000003661819&mer_id=7099088&project_amount=100&project_expire_date=20150428&project_id=20150427000057&project_name=%E6%B5%8B%E8%AF%95%E8%BF%98%E6%AC%BE20150427&res_format=HTML&service=mer_bind_project&sign_type=RSA&version=1.0', '2015-04-27 15:03:34', '{sign=DKt/7GiU8V3RB0hvPOArzbR/0Nn2qhYZmkowZ7YopcnhAEW/Y3usbvdRs9Oq5NvR8YWGyqwnp/bXYQPJ0q2oKfyUvIh0rfUXhD8FBZS1ixZ7YHAkuD3zjbsEqAjtG4jxCitbGPUR2dm6J0zq/IGHTveN2P708AC/Ze+k+D1thp4=, ret_code=0000, project_state=92, mer_check_date=20150427, mer_id=7099088, sign_type=RSA, ret_msg=操作成功, project_account_id=7099088A0000180, plain=mer_check_date=20150427&mer_id=7099088&project_account_id=7099088A0000180&project_state=92&ret_code=0000&ret_msg=操作成功&version=1.0, version=1.0}', '2015-04-27 15:03:34', 'passed', 'umpay', 'mer_bind_project', 'http://pay.soopay.net/spay/pay/payservice.do?charset=UTF-8&loan_user_id=UB201504161125550000000003661819&mer_id=7099088&project_amount=100&project_expire_date=20150428&project_id=20150427000057&project_name=%E6%B5%8B%E8%AF%95%E8%BF%98%E6%AC%BE20150427&res_format=HTML&service=mer_bind_project&sign_type=RSA&version=1.0&sign=adrOfKu4x24JolQEbIIfqjnMd90792eOSZC2GEgg5acYkg%2FsSddYJWjU0%2BLxIVDpi8Uz2umzs1xaodAd%2FovAldTaeA17g4duxfJ0gLBbo3tBzdnl%2BO6EQbBWuUgvZbzyYDKAnx5UjevZrNSYpB8HbJXTTU9Uku8QKz52x7zyXIU%3D', 'utf-8');
INSERT INTO `trusteeship_operation` VALUES ('86fc9cae0e40450c8bf357d7923f3d08', '20150424000001', '20150424000001', '{\"mer_date\":\"20150424\",\"sign_type\":\"RSA\",\"notify_url\":\"http://115.28.171.163:7090/trusteeship_return_s2s/project_transfer_invest\",\"charset\":\"UTF-8\",\"order_id\":\"20150424000001\",\"version\":\"1.0\",\"amount\":\"5000\",\"sign\":\"O8dLYYQrEbEoG2+wwSJm5LO41pA1FoG/bozjVuIQvbz6w4y7R1AZ6w8JLdPVlyhUFUgqZ86VugyAqg8t4lPzSDmZGYIFoasn/sVpb2YUqF1wslTx6zCP/ray7z9HuBCxzi0u4ko8naqRB0P30usHCUUD1I8sUZyUmnANTfgaUiQ\\u003d\",\"partic_type\":\"01\",\"serv_type\":\"01\",\"partic_user_id\":\"UB201504161125550000000003661819\",\"mer_id\":\"7099088\",\"project_id\":\"20150408000023\",\"partic_acc_type\":\"01\",\"service\":\"project_transfer\",\"trans_action\":\"01\",\"res_format\":\"HTML\",\"ret_url\":\"http://115.28.171.163:7090/trusteeship_return_web/project_transfer_invest\"}', '2015-04-24 18:02:31', null, null, 'sended', 'umpay', 'project_transfer_invest', 'http://pay.soopay.net/spay/pay/payservice.do', 'utf-8');
INSERT INTO `trusteeship_operation` VALUES ('879c150d6717420ba81f7e6069456225', '20150427000015', '20150427000015', '{\"mer_date\":\"20150427\",\"sign_type\":\"RSA\",\"notify_url\":\"http://115.28.171.163:7090/trusteeship_return_s2s/project_transfer_invest\",\"charset\":\"UTF-8\",\"order_id\":\"20150427000015\",\"version\":\"1.0\",\"amount\":\"3000\",\"sign\":\"IJdWGp2brp59sKkPCX5XIiuXzlXybZIP5Ic/WTgLvK7qKUsJD8nRK4h9ixbnJCypo8qTlIBucPBC6ScWEd1fEXFe0rwPRdAD3xGIHMGFV82vp8HEPLKiH6R/iOSJYj7m0fHfDgbbxOFLFlqFhz4gk1czhlxlNYH3WB9VgOmiKr8\\u003d\",\"partic_type\":\"01\",\"serv_type\":\"01\",\"partic_user_id\":\"UB201504161636050000000003665807\",\"mer_id\":\"7099088\",\"project_id\":\"20150427000066\",\"partic_acc_type\":\"01\",\"service\":\"project_transfer\",\"trans_action\":\"01\",\"res_format\":\"HTML\",\"ret_url\":\"http://115.28.171.163:7090/trusteeship_return_web/project_transfer_invest\"}', '2015-04-27 17:42:55', '{sign=vxxZqeouxzEKGjQ2Cew58PCIUkLBi3Uz+2B21yfUfLPzSi7xIuwNBV80IBmuFAS/OIFXVkjpvlln10DzJ+YbKJ5Sho+Pje4bwA9nZz31ZsdREFVwa+Y8bnJc8jD6fmYFyD0phiAFpCVYU48LGHfwk/vAPGw1q7PAYxQanclcsUQ=, trade_no=1504275017135303, ret_code=0000, mer_date=20150427, mer_id=7099088, mer_check_date=20150427, sign_type=RSA, service=project_tranfer_notify, ret_msg=交易成功。, order_id=20150427000015, version=4.0}', '2015-04-27 17:43:25', 'passed', 'umpay', 'project_transfer_invest', 'http://pay.soopay.net/spay/pay/payservice.do', 'utf-8');
INSERT INTO `trusteeship_operation` VALUES ('88aa032b38f24ef2baf8c3a8c23e2f85', '14289162123536225880173032708', 'jdsb3', '{\"identity_code\":\"jpy136gVQa2rWyVaZpaceZl4YKFg3twMsd26zXbY4Eh8T1KIBMfd7vE2hKyVZ8LvmxfFdP09ykInpDjdKMYiBeDHkhMS2O9/pozufwHgK01cL8w+QsFeBe8g6ewVo6jTu3T7h4WomfaOPAZLE2CxcurraKA65M6yxH0VmMysy8I\\u003d\",\"mer_date\":\"20150413\",\"sign_type\":\"RSA\",\"notify_url\":\"http://115.28.171.163:7090/trusteeship_return_s2s/mer_bind_card\",\"charset\":\"UTF-8\",\"order_id\":\"14289162123536225880173032708\",\"card_id\":\"v6Qw4btDtS3GV1xi1ZcyYrxa7IvKHG0BQGrHHU6pjkeMYDZDuIXtEU0o5XCjGlpya08Ue3zkQlJKfd72lfplA3jKTmZ27i0gh9TYM4d6pjbWBUg8qQUROLRzjFMxjtonMJvk3InX7a9TPbiWRloFv44ktz99Olbv/xhCTRKdTp8\\u003d\",\"version\":\"1.0\",\"account_name\":\"U2Inu6YPFRPJZ71lfnMAsCeIFPzyEgdarufyvk57S+qMGfD8TtKO+spTvpf8Lcz/JjR4mE4Yn/BsOCzEi8lMy8j+ARnAEQ4KQoqDr9vhN52dBwPdpqjfo0JwirOg32mC78AQWNFH8+bhhkJ5hQ6qAn3SioF0Q2d08+r6OtklC/s\\u003d\",\"sign\":\"Gb5AQT3LfgjAX2Nm8NP6dkgjSnRTj1a92LWdswCP32C5KvalDNuUfgBDY5PFwIh3tKx2OJ3IVneMzxz33EAmlso+yjC/0oTi5pJSKXp6ZjP6Wsd1dlHYUwh6K0k97F2MfHile3rRyU2KtbiWj12x8E7vV6xhlqUYXADmhxAyuT0\\u003d\",\"mer_id\":\"7099088\",\"identity_type\":\"IDENTITY_CARD\",\"service\":\"mer_bind_card\",\"user_id\":\"UB201504131709370000000003631826\",\"res_format\":\"HTML\",\"ret_url\":\"http://115.28.171.163:7090/trusteeship_return_web/mer_bind_card\"}', '2015-04-13 17:10:12', null, null, 'sended', 'umpay', 'mer_bind_card', 'http://pay.soopay.net/spay/pay/payservice.do', 'utf-8');
INSERT INTO `trusteeship_operation` VALUES ('8b9293c46a714e4cba4a9cd62dc5a9cb', '14289086250216225880173032707', 'jdsb1', '{\"identity_code\":\"P9cVLSp13WudBz1U21gLDBvSlEW/8IimGtlxNRKvOZBqgeR/d7tItyDm9ZIgJeqMfOE/5bRfkQVH1sN6oOMyi8QDKz4QienobqyU6rfJFvE8qfGPXw+awOjUunhQxk+IBUoQ0hRax0DlG3fclprvL+8cjS/0FO91E1QoTRpJnyU\\u003d\",\"mer_date\":\"20150413\",\"sign_type\":\"RSA\",\"notify_url\":\"http://115.28.171.163:7090/trusteeship_return_s2s/mer_bind_card\",\"charset\":\"UTF-8\",\"order_id\":\"14289086250216225880173032707\",\"card_id\":\"WpFweV1FELB5fNHVSXROVXr5ivmRktPCQuaqC0tN3RFblY6LQAR02hDC4yXPa6Qu95BdJ7cxrlWoQZOSoXfJqK8iePRpSebECSobdfbymmLD/ozn7yIS/GqHYO+QPYXk6AMBl3kfn7Htzjqk8bot5QKL2hrS+7lg5wKW7PWQlqE\\u003d\",\"version\":\"1.0\",\"account_name\":\"di6kQvEeHWb5Ai9h55pY8ZYusHR+PWwzsTeuuGcRENpFcPhx6N+pH+tnuA8rBcI1Of011Suyqkh/LLEB8YittbNAZcl4RBy1cFJtTEuZThuLBaMCRrhRAukBiCbrPb3iCY59t6dahtb4H4d8LY77g2u3yWjx9Lb9JpCFARKIg9s\\u003d\",\"sign\":\"mmRS0+KIbaN2SP9cMDVnDg2PT9ESoQlO+hwLjYYeRT6k2CUMfsOBOJqifVQb52+CFOxnBC0ANlAC1bB7me2gV9ockn/IXmaDuemxZ+OTOfBrpY+8m5UXudBNwyvGqY9kpS8tdczhBajOlLFU+YWoVqU3jSLHFKkRbdDVvoYFYEU\\u003d\",\"mer_id\":\"7099088\",\"identity_type\":\"IDENTITY_CARD\",\"service\":\"mer_bind_card\",\"user_id\":\"UB201504081707280000000003573277\",\"res_format\":\"HTML\",\"ret_url\":\"http://115.28.171.163:7090/trusteeship_return_web/mer_bind_card\"}', '2015-04-13 15:03:45', null, null, 'sended', 'umpay', 'mer_bind_card', 'http://pay.soopay.net/spay/pay/payservice.do', 'utf-8');
INSERT INTO `trusteeship_operation` VALUES ('8c3179cf5c724f4da8c4e546c9162ef4', '2015041700000005', '2015041700000005', '{\"mer_date\":\"20150417\",\"sign_type\":\"RSA\",\"notify_url\":\"http://115.28.171.163:7090/trusteeship_return_s2s/mer_recharge_person\",\"charset\":\"UTF-8\",\"order_id\":\"2015041700000005\",\"version\":\"1.0\",\"user_ip\":\"118.187.56.162\",\"amount\":\"100\",\"sign\":\"qskDoLCE9vfA18eqnHZ9GnRgAEUQ9eLIA2ZEV9B732FZ1YG6SZPAKIbmYGpSuqmGlxeD3UsMSbQNQ37stLj48zIIjNwgKL+ObzvgsSZ12pyImPkR5h9mkE4/bCL2xHfQD/jaj329c/xI3HWmDFvL6hZnGubluVENq9xOfwsbKCI\\u003d\",\"gate_id\":\"CCB\",\"pay_type\":\"B2CDEBITBANK\",\"mer_id\":\"7099088\",\"service\":\"mer_recharge_person\",\"user_id\":\"UB201504161636050000000003665807\",\"res_format\":\"HTML\",\"ret_url\":\"http://115.28.171.163:7090/trusteeship_return_web/mer_recharge_person\"}', '2015-04-17 10:27:04', null, null, 'sended', 'umpay', 'mer_recharge_person', 'http://pay.soopay.net/spay/pay/payservice.do', 'utf-8');
INSERT INTO `trusteeship_operation` VALUES ('8c4e155f2aac46748eee7fd491297bd6', '0120150415000045', '20150415000045', 'amount=100&charset=UTF-8&mer_date=20150415&mer_id=7099088&notify_url=http%3A%2F%2F115.28.171.163%3A7090%2Ftrusteeship_return_s2s%2Fproject_transfer_give_money_to_borrower&order_id=0120150415000045&partic_acc_type=01&partic_type=02&partic_user_id=UB201504131709370000000003631826&project_id=20150415000045&res_format=HTML&ret_url=http%3A%2F%2F115.28.171.163%3A7090%2Ftrusteeship_return_web%2Fproject_transfer_give_money_to_borrower&serv_type=53&service=project_transfer&sign_type=RSA&trans_action=02&version=1.0', '2015-04-15 16:22:58', '{sign=iWAq1kKZ4bbtUWX3id+X6Ie5GRV/KpVp/Duyz+hu30es5rGvsoSLU3wfluT3oU2qiVymxAzEycp6KpL0c3rFGvFMeSVxp1dBCUkQVP5BxSMUbAX00DBhFSVVxQqjeCgo+s8sCFni4Bn+QR9SfD+wcDrEzd4jpobUP1hdQgJps2g=, trade_no=1504155015085543, ret_code=0000, mer_date=20150415, mer_check_date=20150415, mer_id=7099088, sign_type=RSA, ret_msg=交易成功。, order_id=0120150415000045, plain=mer_check_date=20150415&mer_date=20150415&mer_id=7099088&order_id=0120150415000045&ret_code=0000&ret_msg=交易成功。&trade_no=1504155015085543&version=1.0, version=1.0}', '2015-04-15 16:22:59', 'passed', 'umpay', 'project_transfer_give_money_to_borrower', 'http://pay.soopay.net/spay/pay/payservice.do?amount=100&charset=UTF-8&mer_date=20150415&mer_id=7099088&notify_url=http%3A%2F%2F115.28.171.163%3A7090%2Ftrusteeship_return_s2s%2Fproject_transfer_give_money_to_borrower&order_id=0120150415000045&partic_acc_type=01&partic_type=02&partic_user_id=UB201504131709370000000003631826&project_id=20150415000045&res_format=HTML&ret_url=http%3A%2F%2F115.28.171.163%3A7090%2Ftrusteeship_return_web%2Fproject_transfer_give_money_to_borrower&serv_type=53&service=project_transfer&sign_type=RSA&trans_action=02&version=1.0&sign=lQPAAqXCd5fVufBwoA%2Fu4704ub5CfTPosNFJyuIeUo6TVuN4AffIEj3UMmbaak%2F7O8kNZEFZwew9LCbsQwXljpf8TH0RhXIXRvcQmVHDy2SBf%2F4KVFJeklApUBi4culQRBx2uyLiilmyHUxG%2FmkgiYkRh72lTogu3ov%2F8vsw6F0%3D', 'utf-8');
INSERT INTO `trusteeship_operation` VALUES ('8ca850b02c144998afc5028536264e45', '14289073263806225880173032707', 'jdsb1', '{\"identity_code\":\"QXxH7qhSrGS8vfXwp02YT9+a3yEegy2P/cK8yfebYDOnNxWaXDiEBw19tIn6lL4b1EgWGZRyFCcbTfCB/d0pIE5+XXCEwMEvUVHs+KTeC3Se5WNlsgVTjWI1ENrJB7PqQS65T5/RuS2cRxXDm9ZvQPqsliPqiOpSh8YsPKw243Y\\u003d\",\"mer_date\":\"20150413\",\"sign_type\":\"RSA\",\"notify_url\":\"http://115.28.171.163:7090/trusteeship_return_s2s/mer_bind_card\",\"charset\":\"UTF-8\",\"order_id\":\"14289073263806225880173032707\",\"card_id\":\"ZsVF4JPDi20iZDVr8w0PCYIZcUL2rbHWyHljj+d1mSqmYdCZvbQMl0RRfUHeV7f6jGKUuV9IaS3g38WzP11HHe3xvR/UMsumF1hr0zU31cb2JoqrO/UAC3nbPjxk3siNSj1HjtO54JARPEcH2+7FHex+d0EGomyfCeY1qwRs3UQ\\u003d\",\"version\":\"1.0\",\"account_name\":\"xTJWjM2mCjKYGE2rJ+TtdEQTDrx+S51ZiM0gnB4l42IoAr4agtTZuVp5r1+rk02s8AaSeprcs2tlXqT+OZMtcn3U1d/7o0RL2WNTd+cI3W3at/H8BpB7k8shgBna5QZUZl5cl36zYpyzNnI4aM5kJA8UeODwDMJDT/mi0tdFmao\\u003d\",\"sign\":\"SrVHC/ui51ji3L7wT2WZQrmYvkXlAOWH0lgyVgz0F6YM9nqp3aOaffo8jFfwbP8ATKZvWM+4v49loPy32/PY4QqzkUmjcqNm5Rv6DgDwzAwA+ghFLT5cdWYiYQh9XSUEAhH6QwL3zJZjpd0HBeOpq/5eq9rc/JS1j4H/bnjnsao\\u003d\",\"mer_id\":\"7099088\",\"identity_type\":\"IDENTITY_CARD\",\"service\":\"mer_bind_card\",\"user_id\":\"UB201504081707280000000003573277\",\"res_format\":\"HTML\",\"ret_url\":\"http://115.28.171.163:7090/trusteeship_return_web/mer_bind_card\"}', '2015-04-13 14:42:06', null, null, 'sended', 'umpay', 'mer_bind_card', 'http://pay.soopay.net/spay/pay/payservice.do', 'utf-8');
INSERT INTO `trusteeship_operation` VALUES ('8cb48c2014904676b1f4a5819b498fcc', '2015041600000023', '2015041600000023', '{\"mer_date\":\"20150416\",\"sign_type\":\"RSA\",\"notify_url\":\"http://115.28.171.163:7090/trusteeship_return_s2s/mer_recharge_person\",\"charset\":\"UTF-8\",\"order_id\":\"2015041600000023\",\"version\":\"1.0\",\"user_ip\":\"118.187.56.162\",\"amount\":\"200\",\"sign\":\"UwUrCpgVm9YkWCExU0qcrTq7ibiklqazjdTJrKa7/KPPo0TptjQpWX8ONGcpo85U7Bb20Itk4WGerf2pbwPSVkAO/DMdhtdBwPnW3goQeGfn/hVA2rewezElq3oO4FYtS1Xtv/X66Y925jkrBPJoFSU0UBAWpXbsBS76qgEOEZQ\\u003d\",\"gate_id\":\"CMB\",\"pay_type\":\"B2CDEBITBANK\",\"mer_id\":\"7099088\",\"service\":\"mer_recharge_person\",\"user_id\":\"UB201504161125550000000003661819\",\"res_format\":\"HTML\",\"ret_url\":\"http://115.28.171.163:7090/trusteeship_return_web/mer_recharge_person\"}', '2015-04-16 18:00:01', null, null, 'sended', 'umpay', 'mer_recharge_person', 'http://pay.soopay.net/spay/pay/payservice.do', 'utf-8');
INSERT INTO `trusteeship_operation` VALUES ('8d159339de9340bfba538350c6bdec72', '2015041600000021', '2015041600000021', '{\"mer_date\":\"20150416\",\"sign_type\":\"RSA\",\"notify_url\":\"http://115.28.171.163:7090/trusteeship_return_s2s/mer_recharge_person\",\"charset\":\"UTF-8\",\"order_id\":\"2015041600000021\",\"version\":\"1.0\",\"user_ip\":\"118.187.56.162\",\"amount\":\"200\",\"sign\":\"HmHsURf0gnRVLg/i7YQWpQL0wUbsrWwU5bnOGGVF6J4Pk+ZLqSAiKNdvlAadjToVk83aQ/R8KsXTPK8HNoiMPO97V1AwtjyRQPlCanaVFVmY2zbWT0rA9B4cyutoMtfuQK+ZLfuP5ank64e60kNH7Poc/S9NyRoXzl4Nibx0fic\\u003d\",\"gate_id\":\"CMB\",\"pay_type\":\"B2CDEBITBANK\",\"mer_id\":\"7099088\",\"service\":\"mer_recharge_person\",\"user_id\":\"UB201504161125550000000003661819\",\"res_format\":\"HTML\",\"ret_url\":\"http://115.28.171.163:7090/trusteeship_return_web/mer_recharge_person\"}', '2015-04-16 17:57:28', null, null, 'sended', 'umpay', 'mer_recharge_person', 'http://pay.soopay.net/spay/pay/payservice.do', 'utf-8');
INSERT INTO `trusteeship_operation` VALUES ('8db68c1825b347f18987d6c2d1a24b1e', '2015041700000009', '2015041700000009', '{\"mer_date\":\"20150417\",\"sign_type\":\"RSA\",\"notify_url\":\"http://115.28.171.163:7090/trusteeship_return_s2s/mer_recharge_person\",\"charset\":\"UTF-8\",\"order_id\":\"2015041700000009\",\"version\":\"1.0\",\"user_ip\":\"118.187.56.162\",\"amount\":\"4400\",\"sign\":\"HpWIiYSws0/5GycdL4Ya28k+/fIbVanRr8V44XebVL5doM0DFn6lRUyg7wV0IoG2cVl49QrCGqYNMt0V0egVTgEJ0JFE76Rcv6Vby4abRXh6KrH2n/4KLPIbuycH/p7d9LqCTidXAdg4rtWjHNL/2eOaqm+4O8uSLzrySqRZxJ8\\u003d\",\"gate_id\":\"CCB\",\"pay_type\":\"B2CDEBITBANK\",\"mer_id\":\"7099088\",\"service\":\"mer_recharge_person\",\"user_id\":\"UB201504161636050000000003665807\",\"res_format\":\"HTML\",\"ret_url\":\"http://115.28.171.163:7090/trusteeship_return_web/mer_recharge_person\"}', '2015-04-17 10:30:27', null, null, 'sended', 'umpay', 'mer_recharge_person', 'http://pay.soopay.net/spay/pay/payservice.do', 'utf-8');
INSERT INTO `trusteeship_operation` VALUES ('8db8efa126794964afa72303e994488c', '2015041600000009', '2015041600000009', '{\"mer_date\":\"20150416\",\"sign_type\":\"RSA\",\"notify_url\":\"http://115.28.171.163:7090/trusteeship_return_s2s/mer_recharge_person\",\"charset\":\"UTF-8\",\"order_id\":\"2015041600000009\",\"version\":\"1.0\",\"user_ip\":\"118.187.56.162\",\"amount\":\"9000\",\"sign\":\"Kxx8mgj1ay+iqWh4oglS3WehqxUhez+fA2cf4rs6o15tZBSGYNJhBtW3RL8h/I+PmJMEiyG6bHChA8dlzdZIZ7m2OA0Qcfxhf4jY7ipfQ+u5uR/awtOMHLXHBfGW3XfeQogbc+7N1mNJf66au0CQknAnfXTtzvcO4dUSMc9rPnk\\u003d\",\"gate_id\":\"BCCB\",\"pay_type\":\"B2CDEBITBANK\",\"mer_id\":\"7099088\",\"service\":\"mer_recharge_person\",\"user_id\":\"UB201504161636050000000003665807\",\"res_format\":\"HTML\",\"ret_url\":\"http://115.28.171.163:7090/trusteeship_return_web/mer_recharge_person\"}', '2015-04-16 16:37:11', null, null, 'sended', 'umpay', 'mer_recharge_person', 'http://pay.soopay.net/spay/pay/payservice.do', 'utf-8');
INSERT INTO `trusteeship_operation` VALUES ('8e1b2901f48d499984289361c8492f83', '2015042700000010', '2015042700000010', '{\"mer_date\":\"20150427\",\"sign_type\":\"RSA\",\"notify_url\":\"http://115.28.171.163:7090/trusteeship_return_s2s/mer_recharge_person\",\"charset\":\"UTF-8\",\"order_id\":\"2015042700000010\",\"version\":\"1.0\",\"user_ip\":\"118.187.56.162\",\"amount\":\"8000\",\"sign\":\"C4ZYG0l+tC7DBsbehRBBryQd5RFn24H6ezNwOU969F+r4/hoMQRh0Y2+SvdEqXEIgXnUaYl7cJf7m2h0jFUAInsY8pRK/IaEMGPRdjlOpcA6MVis4fr3AcBdxMPRaab7R/vPrBGYWswPevyLWYY9HVGWBEgdrH+rbWl6NOBUF9I\\u003d\",\"gate_id\":\"ICBC\",\"pay_type\":\"B2CDEBITBANK\",\"mer_id\":\"7099088\",\"service\":\"mer_recharge_person\",\"user_id\":\"UB201504091030430000000003578704\",\"res_format\":\"HTML\",\"ret_url\":\"http://115.28.171.163:7090/trusteeship_return_web/mer_recharge_person\"}', '2015-04-27 17:23:13', null, null, 'sended', 'umpay', 'mer_recharge_person', 'http://pay.soopay.net/spay/pay/payservice.do', 'utf-8');
INSERT INTO `trusteeship_operation` VALUES ('8e4a1335347f48979d7847e318dc9321', '14291783561261234567890', 'zhaoshuai', '{\"identity_code\":\"fx28fsgYA/bLhHrCwPj1nKcMHydNojk7PQI16Nya+2rSXA09OGLVE42Vlk4kRXxULjNt1rUr4joERLIXEiL72j7ZqLjN1UmOHylxroSSHP5Lr0UaqxMd6vgM2EwxH/HBdlKe1n++1TEwleN3DTlvgXDTFOVRhawDII12/qZyzPI\\u003d\",\"mer_date\":\"20150416\",\"sign_type\":\"RSA\",\"notify_url\":\"http://115.28.171.163:7090/trusteeship_return_s2s/mer_bind_card\",\"charset\":\"UTF-8\",\"order_id\":\"14291783561261234567890\",\"card_id\":\"ZuadX7weV4EvcxesYlpIxfhRrhpZOS/Qt/bgr9XpE83uO7lbcIz0udJsbZ7mXIk8Y07go9WGrEKVfmfL4KlmwlWThqMU6f5UiaW9CLTaWLM3w2lDjgTgKtNiDzAK8zpvq6qyfAPyTvSi/mtmK/dFTHIjvK6kqMKrsM7XIKboLtg\\u003d\",\"version\":\"1.0\",\"account_name\":\"CPdL3Xm3zhi4ew5QirIv5IL/Mr9C7E9H9f2ES82kU2R2NxUQhNDf70QmgtooWbkLwHaCGl5WmvievQDGEg1mT6u7mkKoDXifAnTkCSul9XhAOe33Ur5pQKl03RrKhvTM8OCGh8vOw7LLaLll7S/lS2HCaC5LOfTYHsJcucaT7UE\\u003d\",\"sign\":\"Mip4M403ZHcTB4GTNPxsx1BE4y+tou+JIi8EAF3fcKTyqBNJRSdXFI2l0nG4oWl8OifceblJV+c9xv0tpM+vawnNpZG1pQAp2cS91IFAeYoJGOLntAfJvX2Ct6/RtQ90tGmxzy+Eh8JNO/3s2n3QrK+S+c8/8YjUlvNPKYHKRig\\u003d\",\"mer_id\":\"7099088\",\"identity_type\":\"IDENTITY_CARD\",\"service\":\"mer_bind_card\",\"user_id\":\"UB201504161500160000000003664503\",\"res_format\":\"HTML\",\"ret_url\":\"http://115.28.171.163:7090/trusteeship_return_web/mer_bind_card\"}', '2015-04-16 17:59:16', null, null, 'sended', 'umpay', 'mer_bind_card', 'http://pay.soopay.net/spay/pay/payservice.do', 'utf-8');
INSERT INTO `trusteeship_operation` VALUES ('90546d6be5004942bf01a8ee24b1ebee', '14296175470276212260200067624532', 'wll001', '{\"identity_code\":\"jA1TljkY7KcPegGN77t08arwb7VFSv1mDAciPxUUogWrfz2QpE71iL9bXKSkazm3MkMQHb+qsqXSn3MP2MZbf7JGZp8V4oGPnhV9c3GEe8VFfOhDBQcCkUthRCKzJYKWSezsxUx0aBJu/ocLN+kJvU4N5soILO9zLadxcQmbL9g\\u003d\",\"mer_date\":\"20150421\",\"sign_type\":\"RSA\",\"notify_url\":\"http://115.28.171.163:7090/trusteeship_return_s2s/mer_bind_card\",\"charset\":\"UTF-8\",\"order_id\":\"14296175470276212260200067624532\",\"card_id\":\"hyYVZq7N6LCp36wocWHYS+HSJWaGNlzSHC8GPd/trm6edFvjlAxYwWM4ZDsrCiBZCFhBgIqOKqqzcfYQROJlAvZheprZjyR4V4S2ghCiqtmnMMkZQtJA5gIdD2tW70nS6Y1sC2pHWtTCPGOn+3PsqOYGOc3rkyXXMzTzKQxLm2k\\u003d\",\"version\":\"1.0\",\"account_name\":\"lFefaesCUzlQgF06JflYHkyXvzcWpF4KbGwwAFr2cbEptzQLjlZ2HYaAGbnNQJYniiN1EnUHDNG6/0pWXYV9sWzmF2RkwEBX6sshAuICfKklCxHcI15+0Cyqs+UR+ZBWfvdZYoSyPE6vwvl77WAMNf160prrNV/qh4rQBDCWdmw\\u003d\",\"sign\":\"hcP3Y0Ai1Ojr1qQGXlO7OJoY0h76SEj1gsPJSTxk5jvhv1naZiboHTny/eC9qe+kG/NKLVropnNpEQv5fVcdLWFIyWqQiA84qJQw+8G2O3qTwMetpijCHF/tzaUmkrp1+J9E8uiLrH4W+WQBPkkIsy6TZLCLNqFYUwLLA3bINk0\\u003d\",\"mer_id\":\"7099088\",\"identity_type\":\"IDENTITY_CARD\",\"service\":\"mer_bind_card\",\"user_id\":\"UB201504091030430000000003578704\",\"res_format\":\"HTML\",\"ret_url\":\"http://115.28.171.163:7090/trusteeship_return_web/mer_bind_card\"}', '2015-04-21 19:59:07', null, null, 'sended', 'umpay', 'mer_bind_card', 'http://pay.soopay.net/spay/pay/payservice.do', 'utf-8');
INSERT INTO `trusteeship_operation` VALUES ('9098b97341084ef08a4f415542b4936e', '20150427000002', '20150427000002', '{\"mer_date\":\"20150427\",\"sign_type\":\"RSA\",\"notify_url\":\"http://115.28.171.163:7090/trusteeship_return_s2s/project_transfer_invest\",\"charset\":\"UTF-8\",\"order_id\":\"20150427000002\",\"version\":\"1.0\",\"amount\":\"5000\",\"sign\":\"BNCaAa3Nv8Kw6/JWqQqn/j19ufVtW5K8IPiSJlcKXWmkzF0mK/Q8uTvMjzfn1841xIj8+5GoWuJaBduOY6HASk7zmz9CSel+r25dZeRZT321bgKIOaXYSdYG9GQRhPQd1ORTr3dYy2oRtG2eFkS7QyflgaE8wEiDI5+ZWVe7/y8\\u003d\",\"partic_type\":\"01\",\"serv_type\":\"01\",\"partic_user_id\":\"UB201504161125570000000003661793\",\"mer_id\":\"7099088\",\"project_id\":\"20150427000056\",\"partic_acc_type\":\"01\",\"service\":\"project_transfer\",\"trans_action\":\"01\",\"res_format\":\"HTML\",\"ret_url\":\"http://115.28.171.163:7090/trusteeship_return_web/project_transfer_invest\"}', '2015-04-27 11:43:59', '{sign=FMuxEazk6hX/qmlqNnbpKV8qfBdcEinXmzcp0fkDDMqGD/Sysh1B57/NojJu3ghQwMlbYCxL127T75g0Xj6HqxrngnkYmV2d2iwUNux5JiUcU00QJYtJLtqxnxFcLOPxPCGEL+F8gNqmBReLrjkLZDjOxppgEa3L0hZLjD4rRDk=, trade_no=1504275016953083, ret_code=0000, mer_date=20150427, mer_id=7099088, mer_check_date=20150427, sign_type=RSA, service=project_tranfer_notify, ret_msg=交易成功。, order_id=20150427000002, version=4.0}', '2015-04-27 11:45:08', 'passed', 'umpay', 'project_transfer_invest', 'http://pay.soopay.net/spay/pay/payservice.do', 'utf-8');
INSERT INTO `trusteeship_operation` VALUES ('9135f959b8554533b991b95c9330bd7b', '20150427000014', '20150427000014', '{\"mer_date\":\"20150427\",\"sign_type\":\"RSA\",\"notify_url\":\"http://115.28.171.163:7090/trusteeship_return_s2s/project_transfer_invest\",\"charset\":\"UTF-8\",\"order_id\":\"20150427000014\",\"version\":\"1.0\",\"amount\":\"3000\",\"sign\":\"CnOA0b6XAonCA1rFho4kzvcoIArumA0RHJWTaOcTDOb7mYbKHYH3TlSA+7h6fECQTxcbdpz93MMjs6Lry0Qi4FEdY/p9yVZV057Ezi6BUcLQblJhennBanSenMaP4sXieRY1Hu15u9J6X6fZyxHZnKSbG5xGxeFID/dK1OJbxHE\\u003d\",\"partic_type\":\"01\",\"serv_type\":\"01\",\"partic_user_id\":\"UB201504161125550000000003661819\",\"mer_id\":\"7099088\",\"project_id\":\"20150427000067\",\"partic_acc_type\":\"01\",\"service\":\"project_transfer\",\"trans_action\":\"01\",\"res_format\":\"HTML\",\"ret_url\":\"http://115.28.171.163:7090/trusteeship_return_web/project_transfer_invest\"}', '2015-04-27 17:40:42', '{sign=fFDaliPkfRHEOpI5HlqKcnzHgcamlFpKQ6G+3wYHpZoBDdPXZuZzjch5LKRTtYv4bTtLJG++ubDgN3wgEzqoQpCuUN252cjaj5cbwKzBPL7kPwzjEjFQC9smGosDMqxepeQKjEVTCdC/9W3qjaCb+Wv8gC9cfTlKd3s8EUnu908=, trade_no=1504275017135423, ret_code=0000, mer_date=20150427, mer_id=7099088, mer_check_date=20150427, sign_type=RSA, service=project_tranfer_notify, ret_msg=交易成功。, order_id=20150427000014, version=4.0}', '2015-04-27 17:41:49', 'passed', 'umpay', 'project_transfer_invest', 'http://pay.soopay.net/spay/pay/payservice.do', 'utf-8');
INSERT INTO `trusteeship_operation` VALUES ('914dbd1fe4144bed8c42e0795896bef3', '2015042300000009', '2015042300000009', '{\"mer_date\":\"20150423\",\"sign_type\":\"RSA\",\"notify_url\":\"http://115.28.171.163:7090/trusteeship_return_s2s/mer_recharge_person\",\"charset\":\"UTF-8\",\"order_id\":\"2015042300000009\",\"version\":\"1.0\",\"user_ip\":\"124.200.110.58\",\"amount\":\"200\",\"sign\":\"X450sTUq9XSqPfdbyckWR6/gobyutQ9B7TkXccIi68pH92gJWSYFCEDRjcTvUlRExC3Y7Sh5J4PrZJv+Dl3/whX+W3O4ngHawgIG7mzYOr+eZq8ckm47oBIi+n4xDhr6HwGHd1O1CMFBjAs46kfkGcOJZtoALZbevdZ4F1fX+2M\\u003d\",\"gate_id\":\"CIB\",\"pay_type\":\"B2CDEBITBANK\",\"mer_id\":\"7099088\",\"service\":\"mer_recharge_person\",\"user_id\":\"UB201504081447010000000003571502\",\"res_format\":\"HTML\",\"ret_url\":\"http://115.28.171.163:7090/trusteeship_return_web/mer_recharge_person\"}', '2015-04-23 20:44:51', null, null, 'sended', 'umpay', 'mer_recharge_person', 'http://pay.soopay.net/spay/pay/payservice.do', 'utf-8');
INSERT INTO `trusteeship_operation` VALUES ('926f02177bc44e49a9b0828e24505708', '20150414000044', '20150414000044', 'charset=UTF-8&loan_user_id=UB201504131709370000000003631826&mer_id=7099088&project_amount=200&project_expire_date=20150417&project_id=20150414000044&project_name=ceshi+tixian&res_format=HTML&service=mer_bind_project&sign_type=RSA&version=1.0', '2015-04-14 14:19:50', '{sign=M/KM0JmS0/1fl6BvFrnHIAMN58qSTEVmwvRruA6FKGQiNmMJnrZ/jsbEB28qF7zsZLvhhwe8ZlxdXA2gULfuZ19m6d/jebG1PbA1IK5H3h4p7cuUEvWKbS9q9x0Oq5PitPh8RMR/JGvqvqOkHC1BCzU8e5V6pznS2nsHZ/FtIOk=, ret_code=0000, project_state=92, mer_check_date=20150414, mer_id=7099088, sign_type=RSA, ret_msg=操作成功, project_account_id=7099088A0000047, plain=mer_check_date=20150414&mer_id=7099088&project_account_id=7099088A0000047&project_state=92&ret_code=0000&ret_msg=操作成功&version=1.0, version=1.0}', '2015-04-14 14:19:50', 'passed', 'umpay', 'mer_bind_project', 'http://pay.soopay.net/spay/pay/payservice.do?charset=UTF-8&loan_user_id=UB201504131709370000000003631826&mer_id=7099088&project_amount=200&project_expire_date=20150417&project_id=20150414000044&project_name=ceshi+tixian&res_format=HTML&service=mer_bind_project&sign_type=RSA&version=1.0&sign=coANu3DFebtLW8OxFAFqpL9WF3uFmnyGQC10o0xu1ASPIMc6yO04DfVxUfYemSjFxa6sAQYTPLKJuJD0N6eu36usYGb6mbIqzd8onSZeH%2FwdbPpELoq9xifgjtDF5PAqGGXF9dpPtkKVKJIsBrXVm3KpssVHrdngj%2BM9V0GFE1g%3D', 'utf-8');
INSERT INTO `trusteeship_operation` VALUES ('92d9c1c82e53404bbc011aa110bc5725', '2015042200000004', '2015042200000004', '{\"mer_date\":\"20150422\",\"sign_type\":\"RSA\",\"notify_url\":\"http://115.28.171.163:7090/trusteeship_return_s2s/mer_recharge_person\",\"charset\":\"UTF-8\",\"order_id\":\"2015042200000004\",\"version\":\"1.0\",\"user_ip\":\"124.200.110.58\",\"amount\":\"100\",\"sign\":\"cvJL/hyWL5Kx56wPOVRMNHHu+xvbYUznB7qJFRAvUjtNNYP939WxN28VtmJmnVuW3dmDbgUN9yAaJVi3kVLwh5AR7Q5R+Wy6paWL9KVGQGXDQrUcSPO0xpw9Aq1L0HSwpnWfn8bowaBBQOIXmL6kh52LTcKY3Z+hvRlGWG+yRhM\\u003d\",\"gate_id\":\"GDB\",\"pay_type\":\"B2CDEBITBANK\",\"mer_id\":\"7099088\",\"service\":\"mer_recharge_person\",\"user_id\":\"UB201504081447010000000003571502\",\"res_format\":\"HTML\",\"ret_url\":\"http://115.28.171.163:7090/trusteeship_return_web/mer_recharge_person\"}', '2015-04-22 20:37:40', null, null, 'sended', 'umpay', 'mer_recharge_person', 'http://pay.soopay.net/spay/pay/payservice.do', 'utf-8');
INSERT INTO `trusteeship_operation` VALUES ('931752a2684949a0abd763c618cb7c0b', '201504280000770001', '20150428000077', 'amount=11&charset=UTF-8&mer_date=20150428&mer_id=7099088&notify_url=http%3A%2F%2F115.28.171.163%3A7090%2Ftrusteeship_return_s2s%2F&order_id=201504280000770001&partic_acc_type=02&partic_type=03&partic_user_id=7099088&project_id=20150428000077&res_format=HTML&ret_url=http%3A%2F%2F115.28.171.163%3A7090%2Ftrusteeship_return_web%2F&serv_type=52&service=project_transfer&sign_type=RSA&trans_action=02&version=1.0', '2015-04-28 11:58:35', '{sign=gn5jwBM9FVSa6jt2FsfPLgx7ud9RR3Cxe+u5BG3/acd8GquRiiUOn5DOHyifhWRJIsh8iNURVdOt4zH8iU5q9eGsRnfvNpN+O2sN5Dl5VcrwmK8vLNRj8ZS7KxPj2/aU/2wvpnWsOi5+K+VurBm0FqAFrjMzZ+jnXY6hokrCTWA=, trade_no=1504285017331273, ret_code=0000, mer_date=20150428, mer_check_date=20150428, mer_id=7099088, sign_type=RSA, ret_msg=交易成功。, order_id=201504280000770001, plain=mer_check_date=20150428&mer_date=20150428&mer_id=7099088&order_id=201504280000770001&ret_code=0000&ret_msg=交易成功。&trade_no=1504285017331273&version=1.0, version=1.0}', '2015-04-28 11:58:36', 'passed', 'umpay', 'project_transfer', 'http://pay.soopay.net/spay/pay/payservice.do?amount=11&charset=UTF-8&mer_date=20150428&mer_id=7099088&notify_url=http%3A%2F%2F115.28.171.163%3A7090%2Ftrusteeship_return_s2s%2F&order_id=201504280000770001&partic_acc_type=02&partic_type=03&partic_user_id=7099088&project_id=20150428000077&res_format=HTML&ret_url=http%3A%2F%2F115.28.171.163%3A7090%2Ftrusteeship_return_web%2F&serv_type=52&service=project_transfer&sign_type=RSA&trans_action=02&version=1.0&sign=H2xdPm%2BhHpSJxTtVfkeR66tAjWsBwC6YDsAv%2Fwdp1Tycl07kSV8Drk46LZ3927D%2BRtMvzhqwgerW3xyfmyoIcnpkSPzCC0mtJ5eC3ILH62vX8gFtqUQyD5c6BOLnqq%2BPys8RrZI6SIGzWVlItw0pUXsRJuZiSo1IwXlwjryxHNA%3D', 'utf-8');
INSERT INTO `trusteeship_operation` VALUES ('9386ad2979244978bfcf6d65d0d48434', '2015042300000019', '2015042300000019', '{\"mer_date\":\"20150423\",\"sign_type\":\"RSA\",\"notify_url\":\"http://115.28.171.163:7090/trusteeship_return_s2s/mer_recharge_person\",\"charset\":\"UTF-8\",\"order_id\":\"2015042300000019\",\"version\":\"1.0\",\"user_ip\":\"124.200.110.58\",\"amount\":\"200\",\"sign\":\"ceZQuhO4VTAZp3xdxPqieR+roHlnK4lV6IJJvILMt2m4sMbMrmCuk0v6P5liybP2sfegZuYpOx3zVwFzz8DX6zYZjmiX0dG6p36CrZGfDCODstTFkToSvblgBwPeFyy8m5Z51q4kFpttze54T6+QGu5xqZf4XONkT6lKDpSxn3w\\u003d\",\"gate_id\":\"COMM\",\"pay_type\":\"B2CDEBITBANK\",\"mer_id\":\"7099088\",\"service\":\"mer_recharge_person\",\"user_id\":\"UB201504081447010000000003571502\",\"res_format\":\"HTML\",\"ret_url\":\"http://115.28.171.163:7090/trusteeship_return_web/mer_recharge_person\"}', '2015-04-23 21:08:27', null, null, 'sended', 'umpay', 'mer_recharge_person', 'http://pay.soopay.net/spay/pay/payservice.do', 'utf-8');
INSERT INTO `trusteeship_operation` VALUES ('93e06496671f4ba19193b36663d9188b', '0220150427000067', '20150427000067', 'amount=0&charset=UTF-8&mer_date=20150427&mer_id=7099088&notify_url=http%3A%2F%2F115.28.171.163%3A7090%2Ftrusteeship_return_s2s%2F&order_id=0220150427000067&partic_acc_type=02&partic_type=03&partic_user_id=7099088&project_id=20150427000067&res_format=HTML&ret_url=http%3A%2F%2F115.28.171.163%3A7090%2Ftrusteeship_return_web%2F&serv_type=52&service=project_transfer&sign_type=RSA&trans_action=02&version=1.0', '2015-04-27 17:42:11', '{sign=jmpToDSU+G3aw2nzi+Kq2FA32xlXEPsfsFHPNnc1DZU8VsYwfBUbDxJTKfVXvXyZtapC3QMoLuu56xoX6z5niFhP0PDfwKw94cOnjAUF5Im2kKKhWZyUMl098kdUqSITBbwreBfJl/Qcx/95nq1sx90REM7cZiBrDefot6SW3sI=, ret_code=00060700, ret_msg=请求的参数[amount(0)]格式或值不正确, plain=ret_code=00060700&ret_msg=请求的参数[amount(0)]格式或值不正确}', '2015-04-27 17:42:12', 'refused', 'umpay', 'project_transfer', 'http://pay.soopay.net/spay/pay/payservice.do?amount=0&charset=UTF-8&mer_date=20150427&mer_id=7099088&notify_url=http%3A%2F%2F115.28.171.163%3A7090%2Ftrusteeship_return_s2s%2F&order_id=0220150427000067&partic_acc_type=02&partic_type=03&partic_user_id=7099088&project_id=20150427000067&res_format=HTML&ret_url=http%3A%2F%2F115.28.171.163%3A7090%2Ftrusteeship_return_web%2F&serv_type=52&service=project_transfer&sign_type=RSA&trans_action=02&version=1.0&sign=TnMiSm5xuRtfn6x0HETF%2Bv7fo0i4otQSya7boehRjy9IY4XofcyYAskX4oGvF9Y8GmDe362M2H2MRF0QOJDpT9EnYdx3iEE%2BIWc3D6lv5c%2FoNVH8dCTTZx0uvhyiFYgGwfTIyB3QSkysUcO2a1gN8JfZ4tysZwMg3NoUPxpizuA%3D', 'utf-8');
INSERT INTO `trusteeship_operation` VALUES ('93e9192ae4ab4817974c608e9291b0ce', '0120150427000060', '20150427000060', 'amount=5000&charset=UTF-8&mer_date=20150427&mer_id=7099088&notify_url=http%3A%2F%2F115.28.171.163%3A7090%2Ftrusteeship_return_s2s%2Fproject_transfer_give_money_to_borrower&order_id=0120150427000060&partic_acc_type=01&partic_type=02&partic_user_id=UB201504161125570000000003661793&project_id=20150427000060&res_format=HTML&ret_url=http%3A%2F%2F115.28.171.163%3A7090%2Ftrusteeship_return_web%2Fproject_transfer_give_money_to_borrower&serv_type=53&service=project_transfer&sign_type=RSA&trans_action=02&version=1.0', '2015-04-27 16:18:39', '{sign=DWsITJzYpW1+lkgxB9ks2rYzgcUFMWyePS68yxVQXFUIxbqh4UBLcNBIyVJLEQVW44VX6BIb2EUZg6n2+puKYou3KDiUU2BfhvxMtyq9z9vrHTPNCtt/YHgfWXFaiCG76Xjk8/8U01ONNURUZeOxRLyhruy8QSr+8fhkOY5nMWw=, trade_no=1504275017124393, ret_code=0000, mer_date=20150427, mer_check_date=20150427, mer_id=7099088, sign_type=RSA, ret_msg=交易成功。, order_id=0120150427000060, plain=mer_check_date=20150427&mer_date=20150427&mer_id=7099088&order_id=0120150427000060&ret_code=0000&ret_msg=交易成功。&trade_no=1504275017124393&version=1.0, version=1.0}', '2015-04-27 16:18:40', 'passed', 'umpay', 'project_transfer_give_money_to_borrower', 'http://pay.soopay.net/spay/pay/payservice.do?amount=5000&charset=UTF-8&mer_date=20150427&mer_id=7099088&notify_url=http%3A%2F%2F115.28.171.163%3A7090%2Ftrusteeship_return_s2s%2Fproject_transfer_give_money_to_borrower&order_id=0120150427000060&partic_acc_type=01&partic_type=02&partic_user_id=UB201504161125570000000003661793&project_id=20150427000060&res_format=HTML&ret_url=http%3A%2F%2F115.28.171.163%3A7090%2Ftrusteeship_return_web%2Fproject_transfer_give_money_to_borrower&serv_type=53&service=project_transfer&sign_type=RSA&trans_action=02&version=1.0&sign=kfZXdWuA9Cq%2ByuwUpLqQAe0XXpLgpUFwCYMxKSMzlte%2F3JOexYTsG%2FPUWklXrnddEgRR01u8aJZ8D8r6ZmOVVCqBorAn45eNFuL9v4TgE05%2F%2B1aR4zAJfQTnJv45%2BYh%2BAnGVTnAuGcsKiwRXIbK0T%2BbeXIrHPEIWX0nARkzl0Nw%3D', 'utf-8');
INSERT INTO `trusteeship_operation` VALUES ('9454475146b84612b5e6e7d213f6e192', '14291753519166212260200067624532', 'wll001', '{\"identity_code\":\"qyLu4CQQ8rXyV6mOGVz8+uM8TKaz5cds6cu2san3tQIr7j2klR43injwLKHU9PzA5YZULuj5WJWIyFSmNSUmUT0EukypFgnL48UzkB3nKx8DviyRaunUCWXGZ95ttBK9rUgYjdpndA5yJ3nBF5APCaWXNe2mw7BvX825TYrFrik\\u003d\",\"mer_date\":\"20150416\",\"sign_type\":\"RSA\",\"notify_url\":\"http://115.28.171.163:7090/trusteeship_return_s2s/mer_bind_card\",\"charset\":\"UTF-8\",\"order_id\":\"14291753519166212260200067624532\",\"card_id\":\"pyz0ICpvgsXEdXjm1xwhwir1SJ5/YxNv7njWvvnfkyh6HvODlbetrqHVxPcN2lelESNyAeSsf/V06EpcB+gbOlIL8zn9141BVrFzzsiO1xqoHS6I6/VpurW9iZeT7xw0JDWilGg8qqDOSL/LS3wO3EFZkanW8iDG7NjFGuH0Ob8\\u003d\",\"version\":\"1.0\",\"account_name\":\"kEU+v2m3+Jrwb23WaYJku4A4YjKQ9trOefRrRZjPcxvpnoV7xIgTfm7Eu5HrLWMNtHOgntecwjH6ytgFN2DhOzxAkKBGaOXfWFAs/UeSRIbSk2OAlrRw54IhVo+rRSX0WDUW2CP2HzQCs82wyGV51WIR/KA5F/UhPe4J/BeRX5E\\u003d\",\"sign\":\"P+f4u46nKEZdU0BQTUSDgNLlLVpmtj9nc8DGvysysLkr5nQX08leUafBlAYpa/r+A/JQ3epm3pl69JczI+gI2F0QQKmRIktscfyKZe8uV37n+qt4wfOXJIE3gbdv43ZUpe+EHvgNxYfBtrq0KMAkgr2x3jOydOLIg2UURjCz/hU\\u003d\",\"mer_id\":\"7099088\",\"identity_type\":\"IDENTITY_CARD\",\"service\":\"mer_bind_card\",\"user_id\":\"UB201504091030430000000003578704\",\"res_format\":\"HTML\",\"ret_url\":\"http://115.28.171.163:7090/trusteeship_return_web/mer_bind_card\"}', '2015-04-16 17:09:11', null, null, 'sended', 'umpay', 'mer_bind_card', 'http://pay.soopay.net/spay/pay/payservice.do', 'utf-8');
INSERT INTO `trusteeship_operation` VALUES ('9558f87b01214c709a0dabc3a89d527f', '1429597947533', 'zhengcong', '{\"identity_code\":\"cNqRWzWIt3pj9Ekc6IVs6LilEvc0v8DQy+DppkPbc3luqHADzozhJHvbV1jwen2xVtfoq2VBbjc+zFaZUPMyxJIl08qnM5k0dfJhgtnOunY/QNhO7JxccqcMJFc+DkaqdqPbWyunAaHkgkvbzsFB1qJtZW/R2+3Cnuful4zx8yw\\u003d\",\"mer_date\":\"20150421\",\"sign_type\":\"RSA\",\"notify_url\":\"http://115.28.171.163:7090/trusteeship_return_s2s/mer_bind_card\",\"charset\":\"UTF-8\",\"order_id\":\"1429597947533\",\"card_id\":\"\",\"version\":\"1.0\",\"account_name\":\"V3vAPT5U/guinyxtbHLIvPGeANz12jR2FOUmfgEb08hjlHRctvOE37oHCvcHqEITMruXyjXtKhbi4Lp+VAzyHC0gBO8AgYp+EIhSeBvHUPrCD6yrd2s0SAFQPui3jK+eDU4PcY91Dhm9VrUcPX41wrfCde+bKc7yvZDxFtRft0Q\\u003d\",\"sign\":\"FswD96TNgnzdDqgGIaVput+A0EsBAcqzO6qJ3/vkXrYw2ach+qhRHWz0KoiiNiaqglGVNXeA1FCWUMZJ7cIy1SH1BaTNDES0L36gcXOizubZtjyd8tiliw3bLrEi9O2sTrz50XdvBJRjQcyGJRKa4wyqM18AXWGS5FZbo06NR8Y\\u003d\",\"mer_id\":\"7099088\",\"identity_type\":\"IDENTITY_CARD\",\"service\":\"mer_bind_card\",\"user_id\":\"UB201504161636050000000003665807\",\"res_format\":\"HTML\",\"ret_url\":\"http://115.28.171.163:7090/trusteeship_return_web/mer_bind_card\"}', '2015-04-21 14:32:27', null, null, 'sended', 'umpay', 'mer_bind_card', 'http://pay.soopay.net/spay/pay/payservice.do', 'utf-8');
INSERT INTO `trusteeship_operation` VALUES ('964ee62069cc46e280f78665e71e0321', '0220150427000068', '20150427000068', 'amount=100&charset=UTF-8&mer_date=20150427&mer_id=7099088&notify_url=http%3A%2F%2F115.28.171.163%3A7090%2Ftrusteeship_return_s2s%2F&order_id=0220150427000068&partic_acc_type=02&partic_type=03&partic_user_id=7099088&project_id=20150427000068&res_format=HTML&ret_url=http%3A%2F%2F115.28.171.163%3A7090%2Ftrusteeship_return_web%2F&serv_type=52&service=project_transfer&sign_type=RSA&trans_action=02&version=1.0', '2015-04-27 18:05:33', '{sign=MUIzr9mmCXkxVkXUFB+EZORId9aG456itaBnGPrB8YRRL/QxIv21NlxAeNJ16efwQfdzDoPQ6oKVGI9KH/ze+cU5ZZtuWP8Jzzgph2LKMA7Q8hkJGdi30fYIXvqQ/hhCH2+24BtFTag2AUcZHq5OTe6UPDXeQGz+jQ9AOmI4GvU=, trade_no=1504275017143763, ret_code=0000, mer_date=20150427, mer_check_date=20150427, mer_id=7099088, sign_type=RSA, ret_msg=交易成功。, order_id=0220150427000068, plain=mer_check_date=20150427&mer_date=20150427&mer_id=7099088&order_id=0220150427000068&ret_code=0000&ret_msg=交易成功。&trade_no=1504275017143763&version=1.0, version=1.0}', '2015-04-27 18:05:33', 'passed', 'umpay', 'project_transfer', 'http://pay.soopay.net/spay/pay/payservice.do?amount=100&charset=UTF-8&mer_date=20150427&mer_id=7099088&notify_url=http%3A%2F%2F115.28.171.163%3A7090%2Ftrusteeship_return_s2s%2F&order_id=0220150427000068&partic_acc_type=02&partic_type=03&partic_user_id=7099088&project_id=20150427000068&res_format=HTML&ret_url=http%3A%2F%2F115.28.171.163%3A7090%2Ftrusteeship_return_web%2F&serv_type=52&service=project_transfer&sign_type=RSA&trans_action=02&version=1.0&sign=NQTa8Tsga9pDFtiqIrInQum14bql6akj2o4GEMvBYP7Z5KpNG7eWeFDJTA8H8TQuLyQNNQwRFYcd8PwzNXN8KJMMYDczyb2J3S1pXtRtpiQzW%2B8%2BGp8OUZaBSi8IiumhQVxIzXjmxx3oIgFwi6Yr0kEZ4bJaXGApcH6HwpEugsw%3D', 'utf-8');
INSERT INTO `trusteeship_operation` VALUES ('96ba5205fac04ec3add8c41266521467', '20150428000072', '20150428000072', 'charset=UTF-8&loan_user_id=UB201504161125550000000003661819&mer_id=7099088&project_amount=10000&project_expire_date=20150501&project_id=20150428000072&project_name=t111estzhengcong111&res_format=HTML&service=mer_bind_project&sign_type=RSA&version=1.0', '2015-04-28 10:46:01', '{sign=DaLbg7W4gQCmH5F8XxuVE/Sxk4v40iXykUoNZ+co62h3C8QVg5vkDvyBx2TQx3SVy+iXx1jiegBJKU4i6w+QOkYQtKf0AJQFJht9VOt5ahAbQXbulXNy0sejPYydvWb3FCrp4iJGw4/QIjgaCMtkM1D+8N3aKzNbCl4DWyGi728=, ret_code=0000, project_state=92, mer_check_date=20150428, mer_id=7099088, sign_type=RSA, ret_msg=操作成功, project_account_id=7099088A0000242, plain=mer_check_date=20150428&mer_id=7099088&project_account_id=7099088A0000242&project_state=92&ret_code=0000&ret_msg=操作成功&version=1.0, version=1.0}', '2015-04-28 10:46:01', 'passed', 'umpay', 'mer_bind_project', 'http://pay.soopay.net/spay/pay/payservice.do?charset=UTF-8&loan_user_id=UB201504161125550000000003661819&mer_id=7099088&project_amount=10000&project_expire_date=20150501&project_id=20150428000072&project_name=t111estzhengcong111&res_format=HTML&service=mer_bind_project&sign_type=RSA&version=1.0&sign=t9zbeF%2FSIejjr1pLp76vU%2BTo%2FX%2FLt8MiTqBKqgl8MZwMTYF7NFJ8c8Ky1Tvv9k0LGp%2B1WUnWuDIT77FwRsKvcf1bCgCdtIECtozfwS7OO5zW7GCOUsUoypskn4X90IWqv8D6ySaQ6Be6xhbbZbH0B8pDY%2Bw0Uie7h4LaLkAm0IY%3D', 'utf-8');
INSERT INTO `trusteeship_operation` VALUES ('97c7ba341ae6428ebb5d4da04afb44e1', '14298464726556217710701871956', 'wll001', '{\"identity_code\":\"EAmYEFpso2fj6GlYnxqr6dSRnicEWFhfb42w6B2uIIxjkHo2cOIqOd3+K+I8hseNFxslcQNmK+OvhaWwknXPVaJO847t4hTFZkdBZMsEjwwv4Y8eOkagpLIUq7Pn32MW7QYvF0eGB2yGOHzb8NFWxmulMCchkwOhR16aLauLCBA\\u003d\",\"mer_date\":\"20150424\",\"sign_type\":\"RSA\",\"notify_url\":\"http://115.28.171.163:7090/trusteeship_return_s2s/mer_bind_card\",\"charset\":\"UTF-8\",\"order_id\":\"14298464726556217710701871956\",\"card_id\":\"pfz0DshfD6e0mQDLw6UxwAqfBrGjJkhtFVUOtRt4qMkx/N7c2A0Qcan9kYN0mxjBCVK7LvDz9aemr5Mo9y0pktRPTxp7oepdhtgxmCUEgTxVNTqTgK0miDRXqHwPi7A5qvHcr5LkVGYCgR1n5FjTxZR0SSD5cF6UzZloVvQpnPQ\\u003d\",\"version\":\"1.0\",\"account_name\":\"Ef0tYYvibQjng6dnWldczGD5nYaPDUd5rpLTYpQRXgKAlsjbPksu2MKEho6qonRsOoMnl7mYnAQTmWZEuaNkN+Z1nVB+68nCt/TuHbOxBnvhqmsmFQ5VE3XNaCzHO48U5PTvt3953jH+IUozooFIOicXY6FzBQEfcZ5p0zuT4GM\\u003d\",\"sign\":\"YqjRb9I+WYgKIPLPuyLg7gPEOtsB2X4ZG5hdmfB1IHtKp98AiQejpyRWP7HNeqqI0mRTQ1bCvptqGXSaeB2MRm3kVwkKep5I1sMYhVxGRRIqDgwiNylW9W0d5H/DicdL2lOrFPs7yJN1uJAi7QA1NPqlur+AkzUKfK/7xXVSzqQ\\u003d\",\"mer_id\":\"7099088\",\"identity_type\":\"IDENTITY_CARD\",\"service\":\"mer_bind_card\",\"user_id\":\"UB201504091030430000000003578704\",\"res_format\":\"HTML\",\"ret_url\":\"http://115.28.171.163:7090/trusteeship_return_web/mer_bind_card\"}', '2015-04-24 11:34:32', null, null, 'sended', 'umpay', 'mer_bind_card', 'http://pay.soopay.net/spay/pay/payservice.do', 'utf-8');
INSERT INTO `trusteeship_operation` VALUES ('98c18ae6e0014cd6945afa36d6a05174', '2015042100000002', '2015042100000002', '{\"mer_date\":\"20150421\",\"sign_type\":\"RSA\",\"notify_url\":\"http://115.28.171.163:7090/trusteeship_return_s2s/mer_recharge_person\",\"charset\":\"UTF-8\",\"order_id\":\"2015042100000002\",\"version\":\"1.0\",\"user_ip\":\"124.200.110.58\",\"amount\":\"10000\",\"sign\":\"c2QH46AQHQU6C7+nZWf/CGXWzGORQc1MhWWlP5p+xEgRTJUb9ObqkztjNwoHeRSnZnWpkq8WtnrL0jiGFn2hGZZt5vQDgEP+RANWAFAmmxaDe/nPcmZANW/oBToBN8xdd6wDeql4CwsNqZW5HptD5ZMncVVegwX9Yls4gwtddqA\\u003d\",\"gate_id\":\"BCCB\",\"pay_type\":\"B2CDEBITBANK\",\"mer_id\":\"7099088\",\"service\":\"mer_recharge_person\",\"user_id\":\"UB201504081447010000000003571502\",\"res_format\":\"HTML\",\"ret_url\":\"http://115.28.171.163:7090/trusteeship_return_web/mer_recharge_person\"}', '2015-04-21 21:11:09', null, null, 'sended', 'umpay', 'mer_recharge_person', 'http://pay.soopay.net/spay/pay/payservice.do', 'utf-8');
INSERT INTO `trusteeship_operation` VALUES ('99a8d39d6b8142c8922b970e29157166', '14291552391896226090104287103', 'sidneygao', '{\"identity_code\":\"c1wbHyGvuIsRvu/YOtDEmwL7LOa0l/S/1KaPqY8PO37Mmrg9Ksh2MpeOJP/dE5QZ6q8tt/4uQIvgR8frHJ6jNmpfuaUsymZr4mQMKHAaEZ4eYbBJlmhR2IGGVxFEc0eC3KP1UPzyocI9rRCcinqjK77DVFERjOG092dpwWxv1Rw\\u003d\",\"mer_date\":\"20150416\",\"sign_type\":\"RSA\",\"notify_url\":\"http://115.28.171.163:7090/trusteeship_return_s2s/mer_bind_card\",\"charset\":\"UTF-8\",\"order_id\":\"14291552391896226090104287103\",\"card_id\":\"SqHyDK/WBhKLJd0rn4dJXGQn0TMzWPgBXTnLQmp5WnH8OwwutuSydYhkY9eKQmX5SQRemJv989nqoxgRSSkkvUMu4ddNNZYbsPFp9jNNXINFOVVrx2BGFOeOLxl/p7r30QfOno//atGf93jnGeLTeDuaX1WHukRstzscU7bChNM\\u003d\",\"version\":\"1.0\",\"account_name\":\"iesQr35wW0/6dx1wUfl1K7EMA8INxcragRtLVCq3Qra008JoBMQ93pgJJAtnYnDf2KwiA71X3bRwX2PS8YX+OpbrC6b53zdZgGTQBtv9yLk5UrPjGprjzkTz3HyYDIHPZAT0Je0Mmht0qdjllEMS0II9rXxqrW/S/WFWM98g9pY\\u003d\",\"sign\":\"K96i5sl+3UMyG62+71M/efqQ4vnZksYBfCWwSab5GPA1LEkZh2CneCJBYufdSh+sY1cU1WPQRtwrLs99cbZKSL+QWhkCWY5tboMzAqnTeMj+QMUh4eGHK3aFRMn/Kjo9NNLtKZ7EP8YgOMGyAHzC4UpZq9JSBr+RJC1I9ugBcKg\\u003d\",\"mer_id\":\"7099088\",\"identity_type\":\"IDENTITY_CARD\",\"service\":\"mer_bind_card\",\"user_id\":\"UB201504161125550000000003661819\",\"res_format\":\"HTML\",\"ret_url\":\"http://115.28.171.163:7090/trusteeship_return_web/mer_bind_card\"}', '2015-04-16 11:33:59', '{sign=kOHSTN6oEZchuI+poXa5a8f7sc9kAIfSr3y4q0sbq1jh+keVOATli4xIR+Sq4ljMhBjEySk7Eaee35Q/3n2OpzTqjyMHDqw2THY5bz3mO3+Eg/dOgaGAm0yrFHEFJvwtcs2dbIUCrtdw9ZPMmUnlxHc/GuNx3uAfSl2f6l1IwxM=, ret_code=0000, mer_date=20150416, mer_id=7099088, sign_type=RSA, service=mer_bind_card_apply_notify, ret_msg=交易成功。, user_id=UB201504161125550000000003661819, order_id=14291552391896226090104287103, version=4.0}', '2015-04-16 11:34:41', 'passed', 'umpay', 'mer_bind_card', 'http://pay.soopay.net/spay/pay/payservice.do', 'utf-8');
INSERT INTO `trusteeship_operation` VALUES ('99b12e704c5d46498cee6cb1ad02b343', '14291727242116212260200067624532', 'wll001', '{\"identity_code\":\"OSeEablEjspL7urUIiyH5+CUHYVQ2LktNND42WeDfvumftcC7ui3yZXKvufK14hsblgDtddPoT9cjqVt3paFuEKAdYlQDPrIhTqRrylSlWqL2OYVjHxAnBKMaHEykdJ7IE4sm9p0IQG3gW/CfAHUFK5ZvAY4Hr6pbshF0GG6FgQ\\u003d\",\"mer_date\":\"20150416\",\"sign_type\":\"RSA\",\"notify_url\":\"http://115.28.171.163:7090/trusteeship_return_s2s/mer_bind_card\",\"charset\":\"UTF-8\",\"order_id\":\"14291727242116212260200067624532\",\"card_id\":\"qOwkyCKOS6MUyp8qOqGzcJmYnvQtcrkY1u/jfwBJTd56KX3PSyuKrRbRrkRIy/7Eeoek5sYVgDp7hGaBCpo9PuMUZJdafSVAbesUZlprfqy+3HJp5vu9CVH/kAgDJdvIAsf52Zvccl4ahpOwFthjiYrbVBPF2gDj5DDd1Z5m09g\\u003d\",\"version\":\"1.0\",\"account_name\":\"tCsmqTuhU4w2G8NqbenN8EmCkV5jQvYLbWZAMismbzyAEA/ZQoQKefYu1Ggo5fUQbmmWcNG7KzgUAexjdOdYuGduJ6DewPooFWnv8+Sw7XkwZ+PTw7MRYdIn6uq6PFjnJ/4in7n7GH1UoHYbse/cxO0HTQ3mmVVxfgvjFa7CKEo\\u003d\",\"sign\":\"OAEA6vLVKd/++4Tjg1GN9pY3m55Ec7DOiLat4veDamn+rpPkuinIa+Eod6hbeaicJUS6HMymdKf0fIK+CsMxLCP9TUa5CG6BkrRBecbhjvk34mWwdQCKNUv1X3Ryt0kcVg4s9e6Rm9jwPKyikqBKrclUVssHJJuELBxDxOWDXIg\\u003d\",\"mer_id\":\"7099088\",\"identity_type\":\"IDENTITY_CARD\",\"service\":\"mer_bind_card\",\"user_id\":\"UB201504091030430000000003578704\",\"res_format\":\"HTML\",\"ret_url\":\"http://115.28.171.163:7090/trusteeship_return_web/mer_bind_card\"}', '2015-04-16 16:25:24', null, null, 'sended', 'umpay', 'mer_bind_card', 'http://pay.soopay.net/spay/pay/payservice.do', 'utf-8');
INSERT INTO `trusteeship_operation` VALUES ('9a3443e2440740a4831f502662e2e3a4', '2015041600000007', '2015041600000007', '{\"mer_date\":\"20150416\",\"sign_type\":\"RSA\",\"notify_url\":\"http://115.28.171.163:7090/trusteeship_return_s2s/cust_withdrawals\",\"charset\":\"UTF-8\",\"order_id\":\"2015041600000007\",\"version\":\"1.0\",\"amount\":\"5000\",\"sign\":\"dy9rvJ2DweR3IwaXrKQyIBy/e3fc3hKLy5ZhKtU8DAN+q6G85NiPbbjImj1AUrNWImz7V+tceUIYAJqaXJHWKkASsnOxhdCaX1CXcWaJHuloJgm3sz7OX2vEgOUWg+BtM1WeRZkhNN2XvJAkH+IC/h31C7DbiTsnqAbyD/meM5Q\\u003d\",\"mer_id\":\"7099088\",\"service\":\"cust_withdrawals\",\"user_id\":\"UB201504161125570000000003661793\",\"res_format\":\"HTML\",\"ret_url\":\"http://115.28.171.163:7090/trusteeship_return_web/cust_withdrawals\"}', '2015-04-16 17:25:52', '{trade_no=1504161726591823, mer_date=20150416, trade_state=4, sign_type=RSA, ret_msg=交易成功, order_id=2015041600000007, version=4.0, amount=5000, sign=MbEH1T20DIkyeXAWGwj2bDWGEGg/UgzUV9wZrLe+aXpMRm1TURaDMyVDmDWWHjb95C8TJTIWWI/jlpLrUTvH6VoGo+k2EYuRlRqaenGpPnGCGQLjSN5G0u2zrvKG4iKjH+zATyfUqmZJWLw5cpfl2o9IT7ns3H5OWvr2ZE1cA0w=, transfer_settle_date=20150417, ret_code=0000, mer_id=7099088, transfer_date=20150417}', '2015-04-17 10:18:09', 'passed', 'umpay', 'cust_withdrawals', 'http://pay.soopay.net/spay/pay/payservice.do', 'utf-8');
INSERT INTO `trusteeship_operation` VALUES ('9a444e98693f4bb5b21f81a9dcdbf122', '2015042200000003', '2015042200000003', '{\"mer_date\":\"20150422\",\"sign_type\":\"RSA\",\"notify_url\":\"http://115.28.171.163:7090/trusteeship_return_s2s/mer_recharge_person\",\"charset\":\"UTF-8\",\"order_id\":\"2015042200000003\",\"version\":\"1.0\",\"user_ip\":\"124.200.110.58\",\"amount\":\"100\",\"sign\":\"eLsxYt0A7EI/MRvsFSbum1n8wjAKEIy1DRPytgVFf2yBSQ9Nv/+wkNafehCjnKmcMR01UU/Zov51F7FA/cpJYunghnJ7G4n805idmd66fHUgoF+V2Mr55V+C5VYG1ZsQE4L04pMQE8UV1SyEddRyc0mndX8aEKb3EAvlYjO4kUE\\u003d\",\"gate_id\":\"BCCB\",\"pay_type\":\"B2CDEBITBANK\",\"mer_id\":\"7099088\",\"service\":\"mer_recharge_person\",\"user_id\":\"UB201504081447010000000003571502\",\"res_format\":\"HTML\",\"ret_url\":\"http://115.28.171.163:7090/trusteeship_return_web/mer_recharge_person\"}', '2015-04-22 20:30:48', null, null, 'sended', 'umpay', 'mer_recharge_person', 'http://pay.soopay.net/spay/pay/payservice.do', 'utf-8');
INSERT INTO `trusteeship_operation` VALUES ('9a86d07c43c54008861f195811f5cc24', '201504170000040001', '201504170000040001', 'amount=2522&charset=UTF-8&mer_date=20150417&mer_id=7099088&notify_url=http%3A%2F%2F115.28.171.163%3A7090%2Ftrusteeship_return_s2s%2F&order_id=201504170000040001&partic_acc_type=01&partic_type=01&partic_user_id=UB201504091030430000000003578704&project_id=20150417000050&res_format=HTML&ret_url=http%3A%2F%2F115.28.171.163%3A7090%2Ftrusteeship_return_web%2F&serv_type=54&service=project_transfer&sign_type=RSA&trans_action=02&version=1.0', '2015-04-17 14:59:21', '{sign=H/RAqer6i4+qF7JknTHW42EIDxAg2JjWac25Y4wTvmZNiXuFHIYB2zKcMNPgmFY0fVJT06c9fPXESkJKVzRcTWvcnNiQkHKkLLYFRq4X4lZdufSkI8fmFLMdu4xmLzil33Xfzr7iXxpD0pFGIPAIsB1DBPkNbWwbOaMGKc10m2o=, trade_no=1504175015575143, ret_code=0000, mer_date=20150417, mer_check_date=20150417, mer_id=7099088, sign_type=RSA, ret_msg=交易成功。, order_id=201504170000040001, plain=mer_check_date=20150417&mer_date=20150417&mer_id=7099088&order_id=201504170000040001&ret_code=0000&ret_msg=交易成功。&trade_no=1504175015575143&version=1.0, version=1.0}', '2015-04-17 14:59:23', 'passed', 'umpay', 'project_transfer', 'http://pay.soopay.net/spay/pay/payservice.do?amount=2522&charset=UTF-8&mer_date=20150417&mer_id=7099088&notify_url=http%3A%2F%2F115.28.171.163%3A7090%2Ftrusteeship_return_s2s%2F&order_id=201504170000040001&partic_acc_type=01&partic_type=01&partic_user_id=UB201504091030430000000003578704&project_id=20150417000050&res_format=HTML&ret_url=http%3A%2F%2F115.28.171.163%3A7090%2Ftrusteeship_return_web%2F&serv_type=54&service=project_transfer&sign_type=RSA&trans_action=02&version=1.0&sign=byccTLZPCzKJQ8UTQ6pd7%2FstMIH52p3qlGHh9e9%2BjWMMQjME9%2Fwz1%2FOqZ7sB0CK80us3r97%2FW54sBZ9i7Y9uoGEzqZXDJDMGhcS651E2NiZjDAXfwFv8i8s1Tl1PUMWLW6M7gwyBwg%2BbDI3uy9T7bFanVXqn%2BYxlbyvi9vUvtrA%3D', 'utf-8');
INSERT INTO `trusteeship_operation` VALUES ('9a997912e70a4da5ab6775a5776bc44d', '14292404282076222800011071010402', 'zhengcong', '{\"identity_code\":\"V0KDvg5nE2rKWpjy1jzemX3+E7/5q50V5b2Z1vH5se/RuO8baR9K2o1dQ6nIP3XpmyF7B7Ne1RindionG6Ysqfu+aJyMwlwbP1+MYxh8GWgnnu5QoNLNAip08hRhVlk2sf8+H8RuVpnA+6tg593KvQJHO0+Gsi5v7dBRwfsa/h8\\u003d\",\"mer_date\":\"20150417\",\"sign_type\":\"RSA\",\"notify_url\":\"http://115.28.171.163:7090/trusteeship_return_s2s/mer_bind_card\",\"charset\":\"UTF-8\",\"order_id\":\"14292404282076222800011071010402\",\"card_id\":\"VeCYPk9CKT7NQWmiBxJnn05PAykMNp4aslEOtCvt4/hIIL5Rkqk5/oAizDqJvZrzARJ6pzuigk10CCxamufrA8IOGI04JAiLsw/VlfBa1FvIAoovC0G26aHQQJQxK1ZmJRTIMbvRrmlI5wTzDiK0f6/FVlt0z97ZA5JPM+s/bzo\\u003d\",\"version\":\"1.0\",\"account_name\":\"NNC6HFBRrP0VTj0ng5VBySAVpcEK8O5McAKcLg4AX4Qd8Ck43KyYJXBxWMcZ5IEE2kcbfTo0ZQ/WQ9Ny2yvuaANoQkxEBzlbJMmK2IlcJoVsrHHb4wYPbEdSQK5ERWw1HZMQMR7wUdqRtl+sgFFgff++P+kYAA6b/if3YeftPUc\\u003d\",\"sign\":\"Y++GFoe8Xy1SnHDVdFCf2xwqKjFzkT5aibmLuQHIv7ABoD8dtmG4y6a+ebTO/ZI4poBWA7C97StLFMFc+g7GDATjA/KAXfkDzH+p+g1Xpi/hqoYkB1BOrm4CGwZTVFZufpdKO9dicnyneQ7rmtFXP4jSri/GqSWzVd8dDTNYTKE\\u003d\",\"mer_id\":\"7099088\",\"identity_type\":\"IDENTITY_CARD\",\"service\":\"mer_bind_card\",\"user_id\":\"UB201504161636050000000003665807\",\"res_format\":\"HTML\",\"ret_url\":\"http://115.28.171.163:7090/trusteeship_return_web/mer_bind_card\"}', '2015-04-17 11:13:48', '{sign=we3Mgce1QcYR0gF/U0WyojIepsOauCym/mikGeiZIe0rHxvpWGG4hwLe4X8CbwRyDSEdhHbKf4NEfpdLuIZ5bS9CMNsGbziq00xt916dFswJFE8J+ACC9bHzucyUPRRC6pyv6uppiu/SAVT6273swz1So2kxTLGTCJ6x1T+XoOg=, ret_code=0000, mer_date=20150417, mer_id=7099088, sign_type=RSA, service=mer_bind_card_apply_notify, ret_msg=交易成功。, user_id=UB201504161636050000000003665807, order_id=14292404282076222800011071010402, version=4.0}', '2015-04-17 11:21:07', 'passed', 'umpay', 'mer_bind_card', 'http://pay.soopay.net/spay/pay/payservice.do', 'utf-8');
INSERT INTO `trusteeship_operation` VALUES ('9abbd3d75d044cbeaf098f85bebc7f43', '2015042300000017', '2015042300000017', '{\"mer_date\":\"20150423\",\"sign_type\":\"RSA\",\"notify_url\":\"http://115.28.171.163:7090/trusteeship_return_s2s/mer_recharge_person\",\"charset\":\"UTF-8\",\"order_id\":\"2015042300000017\",\"version\":\"1.0\",\"user_ip\":\"124.200.110.58\",\"amount\":\"200\",\"sign\":\"aK2XAjZ7vSgQYTkV/ZT/k4WwBa7p8NXJs5+FNYfKsinZrL15qobgjV02kNEHiDYgzT88mz3sahXvBfX/NnWdMFhRvEEKbZ8HdJcvEghzPj2X+VCBdh/yNdeCyjuaErfZpDjfirDuVLfOEy7gwwZ7kZT3xO7dWmhB2EdxJc+X52w\\u003d\",\"gate_id\":\"GDB\",\"pay_type\":\"B2CDEBITBANK\",\"mer_id\":\"7099088\",\"service\":\"mer_recharge_person\",\"user_id\":\"UB201504081447010000000003571502\",\"res_format\":\"HTML\",\"ret_url\":\"http://115.28.171.163:7090/trusteeship_return_web/mer_recharge_person\"}', '2015-04-23 21:08:20', null, null, 'sended', 'umpay', 'mer_recharge_person', 'http://pay.soopay.net/spay/pay/payservice.do', 'utf-8');
INSERT INTO `trusteeship_operation` VALUES ('9b3f3392d8434637942ca8d62d51fe5d', '201504280000020001', '201504280000020001', 'amount=2522&charset=UTF-8&mer_date=20150428&mer_id=7099088&notify_url=http%3A%2F%2F115.28.171.163%3A7090%2Ftrusteeship_return_s2s%2F&order_id=201504280000020001&partic_acc_type=01&partic_type=01&partic_user_id=UB201504091030430000000003578704&project_id=20150428000077&res_format=HTML&ret_url=http%3A%2F%2F115.28.171.163%3A7090%2Ftrusteeship_return_web%2F&serv_type=54&service=project_transfer&sign_type=RSA&trans_action=02&version=1.0', '2015-04-28 11:58:34', '{sign=WSEP6tQg5dhXAQa1ymgQOk4suI5BEzL5O6QaH8hILoLaXYAK2CmK2reLksC6+Bc74Ssonx3b3dph1pSZ/BkjIuv4lw/CTcrM6xnqmTl3AeCvpXzM0bdOxalUOH7Vmeww17yv+hDQZYNVUMY1QZjbLukTAAdj3vnZqTbWmvamdx4=, trade_no=1504285017331123, ret_code=0000, mer_date=20150428, mer_check_date=20150428, mer_id=7099088, sign_type=RSA, ret_msg=交易成功。, order_id=201504280000020001, plain=mer_check_date=20150428&mer_date=20150428&mer_id=7099088&order_id=201504280000020001&ret_code=0000&ret_msg=交易成功。&trade_no=1504285017331123&version=1.0, version=1.0}', '2015-04-28 11:58:34', 'passed', 'umpay', 'project_transfer', 'http://pay.soopay.net/spay/pay/payservice.do?amount=2522&charset=UTF-8&mer_date=20150428&mer_id=7099088&notify_url=http%3A%2F%2F115.28.171.163%3A7090%2Ftrusteeship_return_s2s%2F&order_id=201504280000020001&partic_acc_type=01&partic_type=01&partic_user_id=UB201504091030430000000003578704&project_id=20150428000077&res_format=HTML&ret_url=http%3A%2F%2F115.28.171.163%3A7090%2Ftrusteeship_return_web%2F&serv_type=54&service=project_transfer&sign_type=RSA&trans_action=02&version=1.0&sign=bhVdsM%2FcTVyi2W4nyOiqgS217l4tVz9NApQiqtpyVn1cvREs1Lc2yi9VPbt9G5JxiI5ByfG7DOj3wKutzQqbF0Kv2RsPUAnNAcHlkNqWT5lrnXo77%2FXtF4Td8UmX9ernIZzM3X6vW3CxP%2FHoM2U3282QU8CQ52ZNfwwBAEC8mZ8%3D', 'utf-8');
INSERT INTO `trusteeship_operation` VALUES ('9b6d9f475d014412b2cb5d8f61d52e1b', '20150415000045', '20150415000045', 'charset=UTF-8&loan_user_id=UB201504131709370000000003631826&mer_id=7099088&project_amount=100&project_expire_date=20150419&project_id=20150415000045&project_name=%E6%8F%90%E7%8E%B0&res_format=HTML&service=mer_bind_project&sign_type=RSA&version=1.0', '2015-04-15 16:21:48', '{sign=OjxXeBjmx+4ukd1JHuHRbObdjmJ0KvHH82iNKvKbXL8zLXWY5gMiD43jj9W2MJ45Uu6Mm1vhZuc8QUYvI6VrYnnbN+nVErmu8PsnoB+VmIjj8HAgw8OuSfBhS3h3/A3SmxHFijXOWEQorN5ayyJBI25gyNbu8uUAal0a3MwOJzY=, ret_code=0000, project_state=92, mer_check_date=20150415, mer_id=7099088, sign_type=RSA, ret_msg=操作成功, project_account_id=7099088A0000025, plain=mer_check_date=20150415&mer_id=7099088&project_account_id=7099088A0000025&project_state=92&ret_code=0000&ret_msg=操作成功&version=1.0, version=1.0}', '2015-04-15 16:21:49', 'passed', 'umpay', 'mer_bind_project', 'http://pay.soopay.net/spay/pay/payservice.do?charset=UTF-8&loan_user_id=UB201504131709370000000003631826&mer_id=7099088&project_amount=100&project_expire_date=20150419&project_id=20150415000045&project_name=%E6%8F%90%E7%8E%B0&res_format=HTML&service=mer_bind_project&sign_type=RSA&version=1.0&sign=b3PHI%2F10IZwJWfVMjZSHJVfilyRzsVvbVwrt74OLW4qmDYe5RL2zy9RZlLcmXeXI5AVbVm3bVha%2Fm7BbHwh3loMwYqkqOX%2FjpGguDtNgOM8TKnKkxfu8V9WE7rucrHEyluPHUbGQL3Snl8oPhmoogl1QjK1%2BnjW8gT2wj3lT7j8%3D', 'utf-8');
INSERT INTO `trusteeship_operation` VALUES ('9c76ae100cd04697a3116add6a071fd5', '2015041600000024', '2015041600000024', '{\"mer_date\":\"20150416\",\"sign_type\":\"RSA\",\"notify_url\":\"http://115.28.171.163:7090/trusteeship_return_s2s/mer_recharge_person\",\"charset\":\"UTF-8\",\"order_id\":\"2015041600000024\",\"version\":\"1.0\",\"user_ip\":\"118.187.56.162\",\"amount\":\"200\",\"sign\":\"ka78++omZ6x3zRrk4udpgVy65FudOMEeh2G7iH9BV7bfADddcLo4HZNV9ggxY6871ErjxgoeRyn4iDWs2vhCl0OwPHfrlgSL17T2bEVsvOs5id599djUVXTklEaNuzoABt5ApWwO1Kpd5Q9Ka68DpZpwdwbPcSnffoJ2qdcU7JE\\u003d\",\"gate_id\":\"CMB\",\"pay_type\":\"B2CDEBITBANK\",\"mer_id\":\"7099088\",\"service\":\"mer_recharge_person\",\"user_id\":\"UB201504161125550000000003661819\",\"res_format\":\"HTML\",\"ret_url\":\"http://115.28.171.163:7090/trusteeship_return_web/mer_recharge_person\"}', '2015-04-16 18:02:02', '{trade_no=1504161802029164, mer_date=20150416, sign_type=RSA, ret_msg=充值成功, com_amt=0, order_id=2015041600000024, version=4.0, sign=GOCC8acTVtLFbHvuyt93qVkt/0VF8iMoXCp35ksA4OCDRBtNrwzQicpB0A2EQkp+MmUnTwSIojsS1yKMVeoVuoLucHlAjdQAm0YuN40JvbIEeSPeAs7y7hbHrh/zF04balYF8YvGWrFvIlLDYtRJYDEsM9gaO6NQKlkUNCQCZqU=, balance=000000000000010000, ret_code=0000, mer_check_date=20150416, mer_id=7099088, service=recharge_notify}', '2015-04-16 18:09:16', 'passed', 'umpay', 'mer_recharge_person', 'http://pay.soopay.net/spay/pay/payservice.do', 'utf-8');
INSERT INTO `trusteeship_operation` VALUES ('9ca49a5e08844eebaf8313dbf8e8f385', '20150410000035', '20150410000035', 'charset=UTF-8&loan_user_id=UB201504081737010000000003573522&mer_id=7099088&project_amount=100&project_expire_date=20150412&project_id=20150410000035&project_name=%E6%B5%8B%E8%AF%95%E9%A1%B9%E7%9B%AE%E6%95%B0%E6%8D%AE&res_format=HTML&service=mer_bind_project&sign_type=RSA&version=1.0', '2015-04-10 10:42:52', '{sign=mWbnjJw6jVa6KqDhI5lTIkfISI2Wf8DPI2juX7o2szH5mLlqhdW9PdEJaH8s8iQlfu2G0wp/MkDb7XTvlN7J8dFWom1fBeA9x8hhIHyeCIV0HgyjmtZHUTh3fmGMeiwtkHwJLhQNU6FBHbaBP0eLKVj4m5+YKE3LB6qHCSUGl7I=, ret_code=0000, project_state=92, mer_check_date=20150410, mer_id=7099088, sign_type=RSA, ret_msg=操作成功, project_account_id=7099088A0000003, plain=mer_check_date=20150410&mer_id=7099088&project_account_id=7099088A0000003&project_state=92&ret_code=0000&ret_msg=操作成功&version=1.0, version=1.0}', '2015-04-10 10:42:53', 'passed', 'umpay', 'mer_bind_project', 'http://pay.soopay.net/spay/pay/payservice.do?charset=UTF-8&loan_user_id=UB201504081737010000000003573522&mer_id=7099088&project_amount=100&project_expire_date=20150412&project_id=20150410000035&project_name=%E6%B5%8B%E8%AF%95%E9%A1%B9%E7%9B%AE%E6%95%B0%E6%8D%AE&res_format=HTML&service=mer_bind_project&sign_type=RSA&version=1.0&sign=t%2BGLIzC60Kr4AltYAGTdCBCwbPSHrU0d%2B1%2BVGlgLlo%2F1ibAVjKMTgbjPah0UH3Qf5yrlrOUm4P2EZEKw%2BuMQ21E9tN4MnuMlKrCYxPWG3mBI1Fke1CzXi6uRijw2LewzYRoSdTt4aOrVhQU3V8uYjzcv89PkyLlM8Q63ZY%2BIQog%3D', 'utf-8');
INSERT INTO `trusteeship_operation` VALUES ('9e35e67c5588486d82c36f6d58110919', '2015042300000012', '2015042300000012', '{\"mer_date\":\"20150423\",\"sign_type\":\"RSA\",\"notify_url\":\"http://115.28.171.163:7090/trusteeship_return_s2s/mer_recharge_person\",\"charset\":\"UTF-8\",\"order_id\":\"2015042300000012\",\"version\":\"1.0\",\"user_ip\":\"124.200.110.58\",\"amount\":\"200\",\"sign\":\"bypEP/lU3LAwGY9I6KtJLHbqmL3GfBTfB5ETn0WrYVMqwURUsPAErYNm8o7/JhiU5foAG76rzVOyv4mQjSaFElybckLVeRhlQQ+Ks1RCnyKzG4v7iryu3V6Xfuw4sl93Pay5lw+WhSNn8ESq7DfkXOO3eeZ3RK9iAJlqe/mTMP0\\u003d\",\"gate_id\":\"NJCB\",\"pay_type\":\"B2CDEBITBANK\",\"mer_id\":\"7099088\",\"service\":\"mer_recharge_person\",\"user_id\":\"UB201504081447010000000003571502\",\"res_format\":\"HTML\",\"ret_url\":\"http://115.28.171.163:7090/trusteeship_return_web/mer_recharge_person\"}', '2015-04-23 20:45:14', null, null, 'sended', 'umpay', 'mer_recharge_person', 'http://pay.soopay.net/spay/pay/payservice.do', 'utf-8');
INSERT INTO `trusteeship_operation` VALUES ('9e3977047adf45b69db05c0e94cc86b1', 'jdsb3', 'jdsb3', 'charset=UTF-8&email=23534654%40qq.com&identity_code=PWKeJVwFCDCebrp6LubZPREjmjIGbPjdAB%2FsOx1Hf5cgIu%2BGvqVm9df3XZ%2FXBlVSuBUum%2BnRKEd1qaOYHM8oHsEdIbCVqh3iRF9lJjVByU80VKKQvYInS8EyPMM0hA58kcXMlC%2FoPTORynTIMQyhOEL8YVrs0X%2F6CnRa5S0oa7w%3D&identity_type=IDENTITY_CARD&mer_cust_id=jdsb3&mer_cust_name=GbxjKT0%2F1rNBh1NT3eX5ltEDCiauNaI0CdV9pS%2F%2FRkvHOvx6NKylY6x%2FGbR9Uy6ny85hwX%2FlgEy9yBFLm0VnsyWwogPYgjjgXyI7fXIYcqpBy1pB%2Fz1CRrX7C44ehi%2Bm%2B5B8fnNCSiLEVESKFmGSMeeledkM%2BnQQqIbAcIsF8gA%3D&mer_id=7099088&mobile_id=13269136456&res_format=HTML&service=mer_register_person&sign_type=RSA&version=1.0', '2015-04-13 17:09:35', '{sign=GqZylilGXeEK1G+7xRdtzgqlyw1jv6A9vFmg2KCm3ZfsbYWIlXbP4WPuXLYlZq1GIZyn8IbaMYIACfYAPttO3zR9eojcDKNeFRFKJzbmpgZvTdKvsCnJFytoPkMdPKtObqSIHw/XOtbTz4lPOnOiXLdX5u3C6jHg9auAbqc4eLM=, ret_code=0000, account_id=02000155632271, mer_id=7099088, sign_type=RSA, ret_msg=交易成功。, user_id=UB201504131709370000000003631826, plain=account_id=02000155632271&mer_id=7099088&reg_date=20150413&ret_code=0000&ret_msg=交易成功。&user_id=UB201504131709370000000003631826&version=1.0, reg_date=20150413, version=1.0}', '2015-04-13 17:09:37', 'passed', 'umpay', 'mer_register_person', 'http://pay.soopay.net/spay/pay/payservice.do?charset=UTF-8&email=23534654%40qq.com&identity_code=PWKeJVwFCDCebrp6LubZPREjmjIGbPjdAB%2FsOx1Hf5cgIu%2BGvqVm9df3XZ%2FXBlVSuBUum%2BnRKEd1qaOYHM8oHsEdIbCVqh3iRF9lJjVByU80VKKQvYInS8EyPMM0hA58kcXMlC%2FoPTORynTIMQyhOEL8YVrs0X%2F6CnRa5S0oa7w%3D&identity_type=IDENTITY_CARD&mer_cust_id=jdsb3&mer_cust_name=GbxjKT0%2F1rNBh1NT3eX5ltEDCiauNaI0CdV9pS%2F%2FRkvHOvx6NKylY6x%2FGbR9Uy6ny85hwX%2FlgEy9yBFLm0VnsyWwogPYgjjgXyI7fXIYcqpBy1pB%2Fz1CRrX7C44ehi%2Bm%2B5B8fnNCSiLEVESKFmGSMeeledkM%2BnQQqIbAcIsF8gA%3D&mer_id=7099088&mobile_id=13269136456&res_format=HTML&service=mer_register_person&sign_type=RSA&version=1.0&sign=OkMii4vC7wNDTtdA61hyXTc%2Fb7fBLmvoBVg4rSy%2B%2FYRYPmSy82Hn3i5k%2BsdxXdfYnYDtSuEpahw8PTvgxfLNf5S%2B47hHl4IVtTyBdD64Vza4uG6xoJlPKt%2Bmmljujc1RBBU0vmC4d%2BbhpMzTfvnDqDCcLLqzhdSfVzlC%2FZEfoYI%3D', 'utf-8');
INSERT INTO `trusteeship_operation` VALUES ('9ef64a689a424cd98ae833f71ba3d66c', '0120150427000067', '20150427000067', 'amount=3000&charset=UTF-8&mer_date=20150427&mer_id=7099088&notify_url=http%3A%2F%2F115.28.171.163%3A7090%2Ftrusteeship_return_s2s%2Fproject_transfer_give_money_to_borrower&order_id=0120150427000067&partic_acc_type=01&partic_type=02&partic_user_id=UB201504161636050000000003665807&project_id=20150427000067&res_format=HTML&ret_url=http%3A%2F%2F115.28.171.163%3A7090%2Ftrusteeship_return_web%2Fproject_transfer_give_money_to_borrower&serv_type=53&service=project_transfer&sign_type=RSA&trans_action=02&version=1.0', '2015-04-27 17:42:11', '{sign=ZU1PIaFrjh5lgF6p2cAYmQerzCwyqqOpgxa9eR9ZybA4FI10WSTsVoDAdZe6VvTkLfbyyUvYVCco/igoUOz8CY2GQ5mzqErGZqmEOC/0OADaOSef+8bHBPIRr/dQotPNAeK1WTzeastiEkg4rXcUafxxZXQ1OZyn33HLmPg7qmM=, trade_no=1504275017135603, ret_code=0000, mer_date=20150427, mer_check_date=20150427, mer_id=7099088, sign_type=RSA, ret_msg=交易成功。, order_id=0120150427000067, plain=mer_check_date=20150427&mer_date=20150427&mer_id=7099088&order_id=0120150427000067&ret_code=0000&ret_msg=交易成功。&trade_no=1504275017135603&version=1.0, version=1.0}', '2015-04-27 17:42:11', 'passed', 'umpay', 'project_transfer_give_money_to_borrower', 'http://pay.soopay.net/spay/pay/payservice.do?amount=3000&charset=UTF-8&mer_date=20150427&mer_id=7099088&notify_url=http%3A%2F%2F115.28.171.163%3A7090%2Ftrusteeship_return_s2s%2Fproject_transfer_give_money_to_borrower&order_id=0120150427000067&partic_acc_type=01&partic_type=02&partic_user_id=UB201504161636050000000003665807&project_id=20150427000067&res_format=HTML&ret_url=http%3A%2F%2F115.28.171.163%3A7090%2Ftrusteeship_return_web%2Fproject_transfer_give_money_to_borrower&serv_type=53&service=project_transfer&sign_type=RSA&trans_action=02&version=1.0&sign=AsnZw3Fhr2o%2B6Tp1eGFxRQ8i1Tad5glU2AJ1zJ86R%2F0B%2BsoJgCY1vUQAAoPcmGFwzmVw6JnmKwcvWL3uRnkZ%2BB5WHADvv1zO1ABQNeyeQOpCtAl97pq%2BiK9FZ3hvjLd8dxE5KXgLBN58ks%2BCVLoc%2FvOHEvH5%2F9puD0q2Db2OM5Q%3D', 'utf-8');
INSERT INTO `trusteeship_operation` VALUES ('9f6c2aae83b1428c9e775077325c3c32', '14289142479216214830113738271', 'wangxibao9', '{\"identity_code\":\"sibgrOr1eB1a1C6pTJkLa6+02R4QGoEEzvKxsizZpLH7bnkrAZsV2hx47ovk6/KKCvenkvzbj5INC7bZ8KMYK18nRPS+8ZPwaAcmwUBkqMqZaKEIVRHiL7aZwuAi3Sk6aNEYrVJAa2Ru3bbzfJV1pNZvJ1gN24bUVWZporzWYbw\\u003d\",\"mer_date\":\"20150413\",\"sign_type\":\"RSA\",\"notify_url\":\"http://115.28.171.163:7090/trusteeship_return_s2s/mer_bind_card\",\"charset\":\"UTF-8\",\"order_id\":\"14289142479216214830113738271\",\"card_id\":\"nL/of12tWnJ+B5dm3UiUpn0IB47gbxxhkdIB7JzcbogEFOLE0t7rfKh+T4Iufq9IkgZXicpvyJiF4APFAL78dIp9fb+j/APw64+9QXGZo1ZStmdr+89KBfa8Dy+gBVuR4yn6nm+8nWHgE125Rz8GVSEnz9uhSqy7f00w2VjKsAA\\u003d\",\"version\":\"1.0\",\"account_name\":\"NiolBtAoiQJYZanOCS4sc+F5/B7x/ZK80/+HsUxNTqWU3mFS51TX9YivYp/HU+S8bJEtdHVOEUkizdT4V0cMMT3PLOu0bw8gbxijC2leBRj1XZ/DGt2/lnuXZ883gNfJMbpaV57T0WZeNC0OqrfHRFl5B1Y23v+hRbzQkmoB9wI\\u003d\",\"sign\":\"XCNPsqcX7tLyvXNS4u83vE7Ri0JntMSFDHDzNbhY8pptrB2ji6UKnvV1QbiKnKBtF6nkPkXRWQ+96pfS59kv5Wop8oQ66teY6e8afOYsJFgHoVN031na5Bjvf1P/MQdqFOm/y4xzBxv/m7sbwaJB2jMN0y1f0NG/7FVcjXGWejU\\u003d\",\"mer_id\":\"7099088\",\"identity_type\":\"IDENTITY_CARD\",\"service\":\"mer_bind_card\",\"user_id\":\"UB201504081447010000000003571502\",\"res_format\":\"HTML\",\"ret_url\":\"http://115.28.171.163:7090/trusteeship_return_web/mer_bind_card\"}', '2015-04-13 16:37:27', null, null, 'sended', 'umpay', 'mer_bind_card', 'http://pay.soopay.net/spay/pay/payservice.do', 'utf-8');
INSERT INTO `trusteeship_operation` VALUES ('a00eb6b0693342e39faf026025380c26', '20150410000002', '20150410000002', '{\"mer_date\":\"20150410\",\"sign_type\":\"RSA\",\"notify_url\":\"http://115.28.171.163:7090/trusteeship_return_s2s/project_transfer_invest\",\"charset\":\"UTF-8\",\"order_id\":\"20150410000002\",\"version\":\"1.0\",\"amount\":\"100\",\"sign\":\"UWbelfZZJAYYOAT8yy1f+XmI7TF3Owy7yCE3OAeDwCQ89xYUXqjW1OulCwptXreFP43kiKu53ndrYjIisDMvomdzt8jAu2lO/L7ywGYWgOm0Zq6QxKKRQ/mU163gDKY/DlB4IDZ/8fM/lT3xcBiUyuKuNRW59dvcSkkjSH38aKM\\u003d\",\"partic_type\":\"01\",\"serv_type\":\"01\",\"partic_user_id\":\"UB201504081707280000000003573277\",\"mer_id\":\"7099088\",\"project_id\":\"20150410000036\",\"partic_acc_type\":\"01\",\"service\":\"project_transfer\",\"trans_action\":\"01\",\"res_format\":\"HTML\",\"ret_url\":\"http://115.28.171.163:7090/trusteeship_return_web/project_transfer_invest\"}', '2015-04-10 11:22:17', null, null, 'sended', 'umpay', 'project_transfer_invest', 'http://pay.soopay.net/spay/pay/payservice.do', 'utf-8');
INSERT INTO `trusteeship_operation` VALUES ('a0b954f92e454bceb02dec9c079ac6f1', '14298448045106217710701871956', 'wll001', '{\"identity_code\":\"NFSLCSA+M6P5cBrVucbpvYEj5fYU0rZhTldeQr8mO7IKp5A4U8nINmzKl1BmvT2o/ICsEjah4SsS12iNn78ea+u4dsrlAZF3HdogxRaFpJBi9io17qX/OK5Duzh13I5a+H/x/pvLO9qcLBRJG4IAtREfUmf9hP5zmeAd6jKeXoc\\u003d\",\"mer_date\":\"20150424\",\"sign_type\":\"RSA\",\"notify_url\":\"http://115.28.171.163:7090/trusteeship_return_s2s/mer_bind_card\",\"charset\":\"UTF-8\",\"order_id\":\"14298448045106217710701871956\",\"card_id\":\"B1Zhr8qmYTrQWdSL6IJy2D1LRC7l3POykPiFgqBBGFox1gGg7Nq4b1uGLSj0+bZsjS/9lF/PJ1eKzA/LJYoEkJgjkBOo5/dGD+BUodW0UG/JsMGsfgJpDsRL4uhToG1jz4f9jmGEq4EZ2wJhfDJNUcvvFs8jzJrFPwmtrFcUkoo\\u003d\",\"version\":\"1.0\",\"account_name\":\"UHEdlpQBliydr1JFndQbZPY8YDDKvqf77DtbWnk9mcUmXlsrAO1rVfXS2Ip/3RYb8bzrhQv3LEqm/S2U+iVtDIf0O59BG0oi0/3F+o7zyM6b8pnaQoffQrQbcZOki1m9hj97t1DFZTg/yMyvM5GBBqtBJHdbGIJibVhcCNPWyVM\\u003d\",\"sign\":\"OgdM0ij6NbcIfy/Sv5vRmpXR5y0UR4ArtEBlgde20wXerBDjYFAkDllDnTNVtzSe3bEPnoZMuB13NtSe8O31rAcaTaBRBlshX1CwuCYJAXtxZQiDb+9DLdhEdISK8k0xyKfM1TluYbwfd2B1LIDhajl0XRHjPaUZJYcHkiE90TY\\u003d\",\"mer_id\":\"7099088\",\"identity_type\":\"IDENTITY_CARD\",\"service\":\"mer_bind_card\",\"user_id\":\"UB201504091030430000000003578704\",\"res_format\":\"HTML\",\"ret_url\":\"http://115.28.171.163:7090/trusteeship_return_web/mer_bind_card\"}', '2015-04-24 11:06:44', null, null, 'sended', 'umpay', 'mer_bind_card', 'http://pay.soopay.net/spay/pay/payservice.do', 'utf-8');
INSERT INTO `trusteeship_operation` VALUES ('a1dc22b16fdc486b95e50e95c1c7d975', '20150410000036', '20150410000036', 'charset=UTF-8&loan_user_id=UB201504081737010000000003573522&mer_id=7099088&project_amount=100&project_expire_date=20150412&project_id=20150410000036&project_name=%E6%96%B0%E6%89%8B%E6%A0%87%E7%9A%84%E6%B5%8B%E8%AF%95%E6%95%B0%E6%8D%AE&res_format=HTML&service=mer_bind_project&sign_type=RSA&version=1.0', '2015-04-10 11:21:11', '{sign=Rl08QbAcuDK3qch6Mk2Yc73RyjQDSijA6Aum802vH1o3DdPgKSCiCMKhvB48Q9A3rK9jbCn55m5MqCwUHMGC/mAJW2uVBM9PihQpTNzwdzRECGqHvpe2RcijnHzw5izNTGg0W7spM/JVyj2PQhUQCPg2998XMjTiOStdiXTUbh0=, ret_code=0000, project_state=92, mer_check_date=20150410, mer_id=7099088, sign_type=RSA, ret_msg=操作成功, project_account_id=7099088A0000061, plain=mer_check_date=20150410&mer_id=7099088&project_account_id=7099088A0000061&project_state=92&ret_code=0000&ret_msg=操作成功&version=1.0, version=1.0}', '2015-04-10 11:21:11', 'passed', 'umpay', 'mer_bind_project', 'http://pay.soopay.net/spay/pay/payservice.do?charset=UTF-8&loan_user_id=UB201504081737010000000003573522&mer_id=7099088&project_amount=100&project_expire_date=20150412&project_id=20150410000036&project_name=%E6%96%B0%E6%89%8B%E6%A0%87%E7%9A%84%E6%B5%8B%E8%AF%95%E6%95%B0%E6%8D%AE&res_format=HTML&service=mer_bind_project&sign_type=RSA&version=1.0&sign=RjpzDCCtYvLfRHs7OXCAEGyJsvIfRS6kQghuDTPVSSaFasZrwO3GvR4aAvoVFEEa2XJHgnjSRL%2BFGvmGsuOeBxZq2Fw8PrM%2FkeKxCyZh8t5Aj0rHE9mh3Y9X7GgxyDby5u6BrCdggeqQdczhYuK2W0ZQyeF6Rqnq1mCYVlFZy9s%3D', 'utf-8');
INSERT INTO `trusteeship_operation` VALUES ('a20d148421d64e8c8a4ab39edc683c2c', '14291718671536212260200067624532', 'wll001', '{\"identity_code\":\"krGbPJckz17a2I+SLOBu1DN4bI7lb5qHs/8i6cs7eKNmvO5HGmKtmUV/a/Xzx9ML+gwNoR2835w4m3Y4Ifb2mmDPdqzqR/iARMYUmCfhCedwuHT2McOkD/pKO9WXFFQF7A0q+hOCG7y5xOCgotWzwyHL70IoiDJxc2zSN3ux4Ms\\u003d\",\"mer_date\":\"20150416\",\"sign_type\":\"RSA\",\"notify_url\":\"http://115.28.171.163:7090/trusteeship_return_s2s/mer_bind_card\",\"charset\":\"UTF-8\",\"order_id\":\"14291718671536212260200067624532\",\"card_id\":\"cdska6wXUuldywV4u7VyvcmOdCpGow7/kAta90WAGqFzha6btVLmfBRDmqjUQY27aZI0FV8ycaY4EDNNU7EMMV4Ck5EhgffG9bRZTC23/QdZzFOTUEqcL25DXzv1H71yLR+iBzHe805hmZ4DnJKJpQqP8xOjXW4TV/htttHMftI\\u003d\",\"version\":\"1.0\",\"account_name\":\"XEiXKRk5LxVJSEadBTea/bP2/r7ie552ri6BLGzWX+mMwZyuCnvb6aABXV+L7D1UsveKtmgHSCWHg6ZinyW3+X77uWG3KqQOduHsRN65O1/eT5/CjG3UX5ZuJROWnYqRbdL52L+lwbLPKYdnhirx3auehzyQByxlmVmbPFYMnDA\\u003d\",\"sign\":\"dCFVzsIcVlgbJzZEIU76/upkCCxZn7fgwjctWamNoi7tN/LPeQTWLIWICoQ6b/qD+N0n0rkjhSe4GmvV2OgbO65BNyPCjTyRT4kwkOep214Ss1f8Y8nE08kJ6GGfyVTDCmTBkUJg+i2NVjrcdCHqcDPR9m5VUi42QGaV5HptuxI\\u003d\",\"mer_id\":\"7099088\",\"identity_type\":\"IDENTITY_CARD\",\"service\":\"mer_bind_card\",\"user_id\":\"UB201504091030430000000003578704\",\"res_format\":\"HTML\",\"ret_url\":\"http://115.28.171.163:7090/trusteeship_return_web/mer_bind_card\"}', '2015-04-16 16:11:07', null, null, 'sended', 'umpay', 'mer_bind_card', 'http://pay.soopay.net/spay/pay/payservice.do', 'utf-8');
INSERT INTO `trusteeship_operation` VALUES ('a2401f5209fa43528ff7357809ddaec1', '2015041000000003', '2015041000000003', '{\"mer_date\":\"20150410\",\"sign_type\":\"RSA\",\"notify_url\":\"http://115.28.171.163:7090/trusteeship_return_s2s/mer_recharge_person\",\"charset\":\"UTF-8\",\"order_id\":\"2015041000000003\",\"version\":\"1.0\",\"user_ip\":\"124.200.110.58\",\"amount\":\"400\",\"sign\":\"C/GargsxI5sOOg9G+27dx0lv52phpkQ2pT+X70FT9AjALmyRFVxjNkao3doQNu8EJlz/XkvLnLi8cPx2SUeP7pkfx5+n9GHv+ZbpHCG7f6e1w55He3ArgYOgCqPQOXpjiEzm1hPXcQyfI9Ks2Emoe2Pzm0sRdIg1Dv2T/0WdJoU\\u003d\",\"gate_id\":\"CCB\",\"pay_type\":\"B2CDEBITBANK\",\"mer_id\":\"7099088\",\"service\":\"mer_recharge_person\",\"user_id\":\"UB201504081707280000000003573277\",\"res_format\":\"HTML\",\"ret_url\":\"http://115.28.171.163:7090/trusteeship_return_web/mer_recharge_person\"}', '2015-04-10 10:35:41', null, null, 'sended', 'umpay', 'mer_recharge_person', 'http://pay.soopay.net/spay/pay/payservice.do', 'utf-8');
INSERT INTO `trusteeship_operation` VALUES ('a250bee0f3674b90bb9ffdbcf9ca1a00', '14292364817046212260200067624532', 'wll001', '{\"identity_code\":\"IF7qS0dJVZS6OD1VowSW/cRCzXfqvKjsW1Z2kd6Acl9ugkCYmqTFLP1l+fs+yUtAKH3IRHj5hB64vIBm53SeGlaKsuO+InMMuTNcVZtKEJW1E6DomoLpR288wkx7klIft07+tAwvPcKWWK2DOq29B5/59/0h9zkgKYgIv2pz8BQ\\u003d\",\"mer_date\":\"20150417\",\"sign_type\":\"RSA\",\"notify_url\":\"http://115.28.171.163:7090/trusteeship_return_s2s/mer_bind_card\",\"charset\":\"UTF-8\",\"order_id\":\"14292364817046212260200067624532\",\"card_id\":\"Q/IVJhw7nZKnGUAEZxVa6yMnzQ2tssSdJU9BaEi34pawiRcAKkBrPada0NwGL/6+fcUkUZ0o8dsPT56WwZi3SxHLp8kRgL8JLiZCdeTwX1U0LdvSgF6wpyzOLG4hiAdCHwRZzxe2Mk7h0cmYQu+5zXcMxgCDt9KNNwDfbDqvBi0\\u003d\",\"version\":\"1.0\",\"account_name\":\"KjZa6GukXTYb/SjbzebZFl1zwIX3SU+GpsHXPHS2iln2InzniejDtgAOIAJkaAHYC91OzZWI/UpmGWZT2/vEsXozQtsBKjyRh5wDD4UfFbCXDnzSbf9OuZ1fZrxtUN0kncRrDBDqy9F3MDVLPqicGStuayAcZyXdryu3gCJSc3Y\\u003d\",\"sign\":\"i3o6ydRTdFgVDSaJ7xoaFMskhxCZ9XszDXZsUOP/InmXAdt/bz5FOUgLZirN9cdfd7xi34HwlX+zowTmmre7+9rrMD8lOju6dcd5CL5Vhvno+FnkFN8ehEtvUFyU40dEmFI6Fjx/vA1fw+DGiVL5fPHf0sOZeX7EvMp/wB038yg\\u003d\",\"mer_id\":\"7099088\",\"identity_type\":\"IDENTITY_CARD\",\"service\":\"mer_bind_card\",\"user_id\":\"UB201504091030430000000003578704\",\"res_format\":\"HTML\",\"ret_url\":\"http://115.28.171.163:7090/trusteeship_return_web/mer_bind_card\"}', '2015-04-17 10:08:01', null, null, 'sended', 'umpay', 'mer_bind_card', 'http://pay.soopay.net/spay/pay/payservice.do', 'utf-8');
INSERT INTO `trusteeship_operation` VALUES ('a2c67abb3d244b5b8b547b396b578a12', '2015042300000020', '2015042300000020', '{\"mer_date\":\"20150423\",\"sign_type\":\"RSA\",\"notify_url\":\"http://115.28.171.163:7090/trusteeship_return_s2s/mer_recharge_person\",\"charset\":\"UTF-8\",\"order_id\":\"2015042300000020\",\"version\":\"1.0\",\"user_ip\":\"124.200.110.58\",\"amount\":\"200\",\"sign\":\"DGnuOB5NIRkupMdpjqndTFFkSJ0jKb8UQMG+ErStH5LxFU1XsB3pNY4aptYYvhXGEKgOLZ++whePtmboz3+ewV/0j9X6urNxaqzHql0xCcVDE/Jzttq7gpNLT249yjpBWWZF30JqkNohVL6EViDDJvnE4LHHxTIepfpb5bySqWg\\u003d\",\"gate_id\":\"NJCB\",\"pay_type\":\"B2CDEBITBANK\",\"mer_id\":\"7099088\",\"service\":\"mer_recharge_person\",\"user_id\":\"UB201504081447010000000003571502\",\"res_format\":\"HTML\",\"ret_url\":\"http://115.28.171.163:7090/trusteeship_return_web/mer_recharge_person\"}', '2015-04-23 21:08:31', null, null, 'sended', 'umpay', 'mer_recharge_person', 'http://pay.soopay.net/spay/pay/payservice.do', 'utf-8');
INSERT INTO `trusteeship_operation` VALUES ('a36d467e75df45f2a4e23ff351cfeffc', '201504270000150001', '201504270000150001', 'amount=310&charset=UTF-8&mer_date=20150427&mer_id=7099088&notify_url=http%3A%2F%2F115.28.171.163%3A7090%2Ftrusteeship_return_s2s%2F&order_id=201504270000150001&partic_acc_type=01&partic_type=01&partic_user_id=UB201504161636050000000003665807&project_id=20150427000066&res_format=HTML&ret_url=http%3A%2F%2F115.28.171.163%3A7090%2Ftrusteeship_return_web%2F&serv_type=54&service=project_transfer&sign_type=RSA&trans_action=02&version=1.0', '2015-04-27 17:55:27', '{sign=ov/3oMHYKnHb0tCV0/7LjVb0+llhlhePJYKUXiiUJchFmL7yk+tvlg4vnvtZKGvify1dgR86kwLAwHwUut/zRzXo3ymmJxH/fDr2pQ6/UFKv3wK4YSP+Zkp0NwMj+GToZ0/eZPtYSqh1qotpViWxB22V/vQFDQUMTW0WT7777fk=, trade_no=1504275017135573, ret_code=0000, mer_date=20150427, mer_check_date=20150427, mer_id=7099088, sign_type=RSA, ret_msg=交易成功。, order_id=201504270000150001, plain=mer_check_date=20150427&mer_date=20150427&mer_id=7099088&order_id=201504270000150001&ret_code=0000&ret_msg=交易成功。&trade_no=1504275017135573&version=1.0, version=1.0}', '2015-04-27 17:55:27', 'passed', 'umpay', 'project_transfer', 'http://pay.soopay.net/spay/pay/payservice.do?amount=310&charset=UTF-8&mer_date=20150427&mer_id=7099088&notify_url=http%3A%2F%2F115.28.171.163%3A7090%2Ftrusteeship_return_s2s%2F&order_id=201504270000150001&partic_acc_type=01&partic_type=01&partic_user_id=UB201504161636050000000003665807&project_id=20150427000066&res_format=HTML&ret_url=http%3A%2F%2F115.28.171.163%3A7090%2Ftrusteeship_return_web%2F&serv_type=54&service=project_transfer&sign_type=RSA&trans_action=02&version=1.0&sign=hCv9AUou1CljlKNPIpF%2BIsI2UGQYfDI8E8EY%2BHy9m8uavLTlP5ZDChs7Lck9ibWTP07X48VgFKv40ZxpQKsQoywjfT2qZRkj60w5krFh8MW9PVs0P%2FvIy2tSk7T8YW38NBGKbqJaK1HSk1BDNqOAqs1a0JhCR%2B5G5w7LFZvYnyM%3D', 'utf-8');
INSERT INTO `trusteeship_operation` VALUES ('a3810c6161904e4fb3b2c7043cedb41d', '20150409000026', '20150409000026', 'charset=UTF-8&loan_user_id=UB201504091030430000000003578704&mer_id=7099088&project_amount=100000&project_expire_date=20150410&project_id=20150409000026&project_name=%E5%80%9F%E6%AC%BE%E9%A1%B9%E7%9B%AE%E4%B8%80&res_format=HTML&service=mer_bind_project&sign_type=RSA&version=1.0', '2015-04-09 11:04:43', '{sign=BYSI8XtiK754+MDQqc6uIdBP+TWQ2fPcBIXjUZfOD8B8819NlyqfLFjUIUbqdAUDE4ztLaGer50rHqe9azSrXUfR7ZVnEIc1YhyNNETEf4zVF+i+nE7X8YPA0U4GNo1SXTCght3Csn1IuIKJwIyK2tiMepS28HZ1PyYNDknKR3Y=, ret_code=0000, project_state=92, mer_check_date=20150409, mer_id=7099088, sign_type=RSA, ret_msg=操作成功, project_account_id=7099088A0000041, plain=mer_check_date=20150409&mer_id=7099088&project_account_id=7099088A0000041&project_state=92&ret_code=0000&ret_msg=操作成功&version=1.0, version=1.0}', '2015-04-09 11:04:44', 'passed', 'umpay', 'mer_bind_project', 'http://pay.soopay.net/spay/pay/payservice.do?charset=UTF-8&loan_user_id=UB201504091030430000000003578704&mer_id=7099088&project_amount=100000&project_expire_date=20150410&project_id=20150409000026&project_name=%E5%80%9F%E6%AC%BE%E9%A1%B9%E7%9B%AE%E4%B8%80&res_format=HTML&service=mer_bind_project&sign_type=RSA&version=1.0&sign=tuNWY4%2FnInhOr8rUxPZDEjatv%2FfECvB89YJ4JCl7HHiwG6VFKHGFNKHyY%2F44W8FmHrZ3Z3N5M8wudW2D6J%2B%2BN4Gd6%2F2hnYM4QwVVhlGHKYbsG0wp7OIyM0atWemVf2R2HdjQPYC84DHnaZKZuxrbEkxfnLmGdbFFj7PJ75ZqHYE%3D', 'utf-8');
INSERT INTO `trusteeship_operation` VALUES ('a39fb6f547ee4291915c93d0d5b5a281', '2015042200000002', '2015042200000002', '{\"mer_date\":\"20150422\",\"sign_type\":\"RSA\",\"notify_url\":\"http://115.28.171.163:7090/trusteeship_return_s2s/mer_recharge_person\",\"charset\":\"UTF-8\",\"order_id\":\"2015042200000002\",\"version\":\"1.0\",\"user_ip\":\"218.240.48.50\",\"amount\":\"5000\",\"sign\":\"BjvEgjQUdtiOJFy2ssr2rvb601m7cjrxPLOudfxzaBHFtFSXEXZ/rHo1QlZhcP3gnqMqboYGj85it5cipUW39Yr2nvEyUMwQ5QOAs7NcKz8fUlEndespD9Y3fZWfGZ3SSgphhb6tVMAM6sp9OS66yQl2Uf2wXwUdDhOXEAcoD2g\\u003d\",\"gate_id\":\"CCB\",\"pay_type\":\"B2CDEBITBANK\",\"mer_id\":\"7099088\",\"service\":\"mer_recharge_person\",\"user_id\":\"UB201504091030430000000003578704\",\"res_format\":\"HTML\",\"ret_url\":\"http://115.28.171.163:7090/trusteeship_return_web/mer_recharge_person\"}', '2015-04-22 14:28:21', null, null, 'sended', 'umpay', 'mer_recharge_person', 'http://pay.soopay.net/spay/pay/payservice.do', 'utf-8');
INSERT INTO `trusteeship_operation` VALUES ('a3b094723a434a8589c1f669011650b5', '2015041700000017', '2015041700000017', '{\"mer_date\":\"20150417\",\"sign_type\":\"RSA\",\"notify_url\":\"http://115.28.171.163:7090/trusteeship_return_s2s/mer_recharge_person\",\"charset\":\"UTF-8\",\"order_id\":\"2015041700000017\",\"version\":\"1.0\",\"user_ip\":\"118.187.56.162\",\"amount\":\"100\",\"sign\":\"Az/CzLlpyjvlSGXuT61JBbzckmsK8mYojsO5/YRSalQFjnPhbDUD048fHMFZVPsg7k656u3WpfVcq2xsiKTAPQ9BD0anwInUDJ+mI4H90m86L78rOUjiI4lv1cHd4g6iYWk+ksXD+C6bxpEUhVps7kbhIZdo+afWdlXQUAlCpP8\\u003d\",\"gate_id\":\"CCB\",\"pay_type\":\"B2CDEBITBANK\",\"mer_id\":\"7099088\",\"service\":\"mer_recharge_person\",\"user_id\":\"UB201504161636050000000003665807\",\"res_format\":\"HTML\",\"ret_url\":\"http://115.28.171.163:7090/trusteeship_return_web/mer_recharge_person\"}', '2015-04-17 10:45:24', '{trade_no=1504171045246775, mer_date=20150417, sign_type=RSA, ret_msg=充值成功, com_amt=0, order_id=2015041700000017, version=4.0, sign=JPuKGa7nHtsCFHai8C+xa4vDLwiPkJkEJp/zRm9dw/Ko793Ximriw5jBSnyuCZswzdzVlt7QhKJpdtng2vOBe1MZ9HnpoIw/or8xVHg0WV1R14SLhgvJy0UCIOI8oq2UFBf4lpRVc8F0cSkKyDb0FrwPRQV3TPsudm+FHWILuaE=, balance=000000000000000100, ret_code=0000, mer_check_date=20150417, mer_id=7099088, service=recharge_notify}', '2015-04-17 10:47:00', 'passed', 'umpay', 'mer_recharge_person', 'http://pay.soopay.net/spay/pay/payservice.do', 'utf-8');
INSERT INTO `trusteeship_operation` VALUES ('a459119e991145078640fd727180dfb4', '14292350040606225881007549453', 'zhengcong', '{\"identity_code\":\"\",\"mer_date\":\"20150417\",\"sign_type\":\"RSA\",\"notify_url\":\"http://115.28.171.163:7090/trusteeship_return_s2s/mer_bind_card\",\"charset\":\"UTF-8\",\"order_id\":\"14292350040606225881007549453\",\"card_id\":\"FRhq7JH70U0xHeUFgS1IjNgW7HqZqdHRXPaAUmOzGiFPtvvyr3Lv7R5GoUYRDwktb2BLQKDFIJL7YOIzHGif4Gx/bT/FYnzOm5gHcCeZDI4iOKNa0rO+FYjpTOwJyH7m5NWsdqsehqXxqTT6/pWUe+E4Yuo8ydHQjlEqfF7eMoQ\\u003d\",\"version\":\"1.0\",\"account_name\":\"PSHlAk7H/hWs5qGSBIw+nyfCwwvP5mZu6eqyoGSkvmMhaMUJmKMFzZImYg2TVHTd7L7VDq4JOyxl6I0CI+lfEhMvzqpaW3FQoqrBY0ZJKrJz0UdSIRWR3Ddv0wuoONhT2GavE3rl8FfdCkd5pEGhINYGMRD3rIzTspZaUdKQvWM\\u003d\",\"sign\":\"uFAsoJ7WW3/4JBFSt0MJikxpip00CxRuuVopmFCkk2BnMYaCs0bBBOVoIEhaiSJci+PCQNNDmZaOBDTYzvfMBi4EfjbbTbCNs4jVA09rkYfe6GGACdyiRxRW7EBo0yCjRzjrQtD3PMH9EJSVfUouMCNbDKo8ERLdS+hPkv7druI\\u003d\",\"mer_id\":\"7099088\",\"identity_type\":\"IDENTITY_CARD\",\"service\":\"mer_bind_card\",\"user_id\":\"UB201504161636050000000003665807\",\"res_format\":\"HTML\",\"ret_url\":\"http://115.28.171.163:7090/trusteeship_return_web/mer_bind_card\"}', '2015-04-17 09:43:24', null, null, 'sended', 'umpay', 'mer_bind_card', 'http://pay.soopay.net/spay/pay/payservice.do', 'utf-8');
INSERT INTO `trusteeship_operation` VALUES ('a4ed60bae3544a28a384e2b1adc9692b', '201504270000660001', '20150427000066', 'amount=104&charset=UTF-8&mer_date=20150427&mer_id=7099088&notify_url=http%3A%2F%2F115.28.171.163%3A7090%2Ftrusteeship_return_s2s%2F&order_id=201504270000660001&partic_acc_type=02&partic_type=03&partic_user_id=7099088&project_id=20150427000066&res_format=HTML&ret_url=http%3A%2F%2F115.28.171.163%3A7090%2Ftrusteeship_return_web%2F&serv_type=52&service=project_transfer&sign_type=RSA&trans_action=02&version=1.0', '2015-04-27 17:55:28', '{sign=uk3+E47vdUvIScIB482xmmOhArvYx4F0CRtdSAunDesb3bjBheR0urww4PqvytOGqDGQ6Ayva1Kiq4qNRfcNhWtsIdb9sFLYumCRT7ABW3QMImoiabPNBgVEc5s8DCEGdKrJDe8N7WXUMqBHLUHpRTUgwfzQbazvYxWayeuKfzE=, trade_no=1504275017136203, ret_code=0000, mer_date=20150427, mer_check_date=20150427, mer_id=7099088, sign_type=RSA, ret_msg=交易成功。, order_id=201504270000660001, plain=mer_check_date=20150427&mer_date=20150427&mer_id=7099088&order_id=201504270000660001&ret_code=0000&ret_msg=交易成功。&trade_no=1504275017136203&version=1.0, version=1.0}', '2015-04-27 17:55:28', 'passed', 'umpay', 'project_transfer', 'http://pay.soopay.net/spay/pay/payservice.do?amount=104&charset=UTF-8&mer_date=20150427&mer_id=7099088&notify_url=http%3A%2F%2F115.28.171.163%3A7090%2Ftrusteeship_return_s2s%2F&order_id=201504270000660001&partic_acc_type=02&partic_type=03&partic_user_id=7099088&project_id=20150427000066&res_format=HTML&ret_url=http%3A%2F%2F115.28.171.163%3A7090%2Ftrusteeship_return_web%2F&serv_type=52&service=project_transfer&sign_type=RSA&trans_action=02&version=1.0&sign=fUpVi%2F0ZvAjki9dnfoSlhSxepkT08B2YkCLRn1fdE8RS%2BqN2FZr4G7XgOyHulb%2FVsctUrhEhc42KWUNo0nGz4dQPdaHHI0rVnS7duqgjQrLDVaaFo50d%2FklXOF%2FyU5%2BtZ%2Bz76XmaWQHVjvAn4%2FtT0C4pIYGKNydHg3iA0WC18ls%3D', 'utf-8');
INSERT INTO `trusteeship_operation` VALUES ('a59cc08dd12d4c038ebf2154a78c1840', '20150427000001', '20150427000001', '{\"mer_date\":\"20150427\",\"sign_type\":\"RSA\",\"notify_url\":\"http://115.28.171.163:7090/trusteeship_return_s2s/project_transfer_invest\",\"charset\":\"UTF-8\",\"order_id\":\"20150427000001\",\"version\":\"1.0\",\"amount\":\"2500\",\"sign\":\"nd/lJmXGYFsSv8dgRWW+ddH5gR0mW9OGANncQ4bZNul/jf5g7BnyZ6C38vGBmI16h+CRLDsghPf7Ma62tQxob4DDWu6wGykKD1NdLM7HRtEpOOHKiSRwGtVLPI/pTNM2OPU5neMqT5pK4MmZP07I8PqG/2Gw16ZOGrRGN+dvaQU\\u003d\",\"partic_type\":\"01\",\"serv_type\":\"01\",\"partic_user_id\":\"UB201504091030430000000003578704\",\"mer_id\":\"7099088\",\"project_id\":\"20150427000056\",\"partic_acc_type\":\"01\",\"service\":\"project_transfer\",\"trans_action\":\"01\",\"res_format\":\"HTML\",\"ret_url\":\"http://115.28.171.163:7090/trusteeship_return_web/project_transfer_invest\"}', '2015-04-27 11:42:22', '{sign=KXKuyoA6/A78PUjMWMMzdGFkTUCYMXXsWt8uLDLEek98t0euXnInPjuIbGu70bqAQHifcNe1Jxx4nWtup6NamktCLpmFMl02qbo4LtCKhTaY42ziGvmpRR/uIoVACkLFhVtXdIV2CAmz1KUyUoTFlwVqem5lU+aZ4uKDcch5YBo=, trade_no=1504275016951103, ret_code=0000, mer_date=20150427, mer_id=7099088, mer_check_date=20150427, sign_type=RSA, service=project_tranfer_notify, ret_msg=交易成功。, order_id=20150427000001, version=4.0}', '2015-04-27 11:43:00', 'passed', 'umpay', 'project_transfer_invest', 'http://pay.soopay.net/spay/pay/payservice.do', 'utf-8');
INSERT INTO `trusteeship_operation` VALUES ('a61dc4028a6d47cdb07a6a732892f0ce', '20150408000023', '20150408000023', 'charset=UTF-8&loan_user_id=UB201504081447010000000003571502&mer_id=7099088&project_amount=1000000&project_expire_date=20150426&project_id=20150408000023&project_name=11111111111111&res_format=HTML&service=mer_bind_project&sign_type=RSA&version=1.0', '2015-04-08 19:08:14', '{sign=uq5vRAz5Ko8qg0iqdvO9qqjtbO0J9/JzjXJ5zFlJtwIEUrCZFMl5OvYFoIea5Djzzif6VQYzAcysQoJzoqITB4BC+bjOdQ+km6La/0e4sB9LBK62PUtvxlf4wTxZck5a2EejKXA6AKYNoLFA0lHck/LYqANjWNM7GeOGR6IJEGA=, ret_code=0000, project_state=92, mer_check_date=20150408, mer_id=7099088, sign_type=RSA, ret_msg=操作成功, project_account_id=7099088A0000021, plain=mer_check_date=20150408&mer_id=7099088&project_account_id=7099088A0000021&project_state=92&ret_code=0000&ret_msg=操作成功&version=1.0, version=1.0}', '2015-04-08 19:08:15', 'passed', 'umpay', 'mer_bind_project', 'http://pay.soopay.net/spay/pay/payservice.do?charset=UTF-8&loan_user_id=UB201504081447010000000003571502&mer_id=7099088&project_amount=1000000&project_expire_date=20150426&project_id=20150408000023&project_name=11111111111111&res_format=HTML&service=mer_bind_project&sign_type=RSA&version=1.0&sign=SHuCcmfM18ZYhdolbbcIJ8YRRgkz0RR9INl%2BFC%2BkCe9W075JLcwYhL%2FxUVeWr4I1J0SU9rG7J9HwJT3SA8aDV2pCQ9isgpp1%2BiFYy7L5n5dlx70RbG0GKV%2BaXLGQLq3zzK3Xa8zxUWemrtE3DsISB92yqW7WrtzVkZT0kK2aSpY%3D', 'utf-8');
INSERT INTO `trusteeship_operation` VALUES ('a7010b7bd02a465c8bf468a5084a3cdf', '14292393965386225881007549453', 'zhengcong', '{\"identity_code\":\"\",\"mer_date\":\"20150417\",\"sign_type\":\"RSA\",\"notify_url\":\"http://115.28.171.163:7090/trusteeship_return_s2s/mer_bind_card\",\"charset\":\"UTF-8\",\"order_id\":\"14292393965386225881007549453\",\"card_id\":\"GYHcLiyVwHJIekzeevjT6bLe2D2ySedXpy3xP0vaorXhIhVZeUO7zGXcZssMWonbv44EKucvohf57RLys7JQXH0SQJbW+6m4lihViBWLUy0B9nCezbROU1X3ZcGJ5lMtLEKLirWM6ocM5IorrKZye2pJ3hjc729X+qaQ65h8LZY\\u003d\",\"version\":\"1.0\",\"account_name\":\"iiHwKJgrfwYppu7DT52OJqcBc6vo/ewV+VXtNvQ/qt7bH6ln2eFdAdyITi9u36/RYRCUV5IhoIXCtstS9XXr+3BmdY8cH/UqicSbrhOU8XZK2t1W3YJdpZ+Dqlq0fI0bbM0CGdUyEg+QH58wX4n1Y6NOilNpu0n/VfgQcTOZu2c\\u003d\",\"sign\":\"PggdrbK3yehZcOXpbvlSBZYcGUpBKzHLx9NMWanCZIHwWoD4w7/wSHJcYn1PBwVtOtnsEtugpYEgUlneJ+MCPu2Z1X9fQnwZdGIDhmkv3uMygWK90sjFaUcHZX9rfqHIRYsKcuV2E6VlzWTdVtWBCpCP9l1W/Cf9NTZVnFQRaEQ\\u003d\",\"mer_id\":\"7099088\",\"identity_type\":\"IDENTITY_CARD\",\"service\":\"mer_bind_card\",\"user_id\":\"UB201504161636050000000003665807\",\"res_format\":\"HTML\",\"ret_url\":\"http://115.28.171.163:7090/trusteeship_return_web/mer_bind_card\"}', '2015-04-17 10:56:36', null, null, 'sended', 'umpay', 'mer_bind_card', 'http://pay.soopay.net/spay/pay/payservice.do', 'utf-8');
INSERT INTO `trusteeship_operation` VALUES ('a742ba71b73746a58a2f1dc6c4176943', '14291781497496225881007549453', 'zhengcong', '{\"identity_code\":\"\",\"mer_date\":\"20150416\",\"sign_type\":\"RSA\",\"notify_url\":\"http://115.28.171.163:7090/trusteeship_return_s2s/mer_bind_card\",\"charset\":\"UTF-8\",\"order_id\":\"14291781497496225881007549453\",\"card_id\":\"NCtvczZSGSovHumGJzDocGf1lx8dC7gv5qhnJLBHye/8DnczcUV992ZNDXmk9wGz5TbDSYNKeL24/Kj2izMYT8wKhLgghaewsWqDQdk6fi9U154l8L2hHHAyAojyyio7GraxEo+2008rRZS8rnGZ7GaQmgSM3+6rlpkPmvq5S4M\\u003d\",\"version\":\"1.0\",\"account_name\":\"EXoPLiu/qzwiCJi73Z4nQIT7upKbzRSYRlqlCatWqP8h9YNxHdxQ6fsm27VzbeSzxBlBU8xRgkhptk4l3G6ZCfuShR8yuPgW++kiNUxwCgY3Azcj4aIz1DjaeWvdIij7xb21KXLrqlx1EgOQFy9lgjKqEHJ7z7iOwiLtP1Jn8g4\\u003d\",\"sign\":\"ZRFL/tp51qVCS7+EwVJ/O4G9OVTAFgHtl1jkvHrVekQ3WRvBdrtQU/pof2k4NnMx81OPWD3lkDX8OAqWAQWYtq3RuGfSmx+Vg8a9okzk48RvF4FEhPdFiggUPeN44LI3r4fRsWWhS5GGCegm30guSbaWBqikdu1u5qgK9EVhmWQ\\u003d\",\"mer_id\":\"7099088\",\"identity_type\":\"IDENTITY_CARD\",\"service\":\"mer_bind_card\",\"user_id\":\"UB201504161636050000000003665807\",\"res_format\":\"HTML\",\"ret_url\":\"http://115.28.171.163:7090/trusteeship_return_web/mer_bind_card\"}', '2015-04-16 17:55:49', null, null, 'sended', 'umpay', 'mer_bind_card', 'http://pay.soopay.net/spay/pay/payservice.do', 'utf-8');
INSERT INTO `trusteeship_operation` VALUES ('a876897fcb7a4cf2b26df9a8b6758304', '2015042100005100011430104475585', '201504210000510001', '{\"mer_date\":\"20150427\",\"sign_type\":\"RSA\",\"notify_url\":\"http://115.28.171.163:7090/trusteeship_return_s2s/project_transfer_overdue_repay\",\"charset\":\"UTF-8\",\"order_id\":\"2015042100005100011430104475585\",\"version\":\"1.0\",\"amount\":\"9058\",\"sign\":\"Vmoe4n+XLmGMtZBuBNuCzM3s44uUZb7nBxSEUoGf+EbW7AWKxXh0QSA6pi1BGQ7Gyq5rbhqgBJiGoYw3A/F01vzWb13Ss04nit4/sD2+vsa85WKl9L2z909iI4YO0lscbvTBfWjvsCQHVUflp7qXDtL3rGvNZ1Cen1sDpPrKJ9o\\u003d\",\"partic_type\":\"02\",\"serv_type\":\"03\",\"partic_user_id\":\"UB201504161125550000000003661819\",\"mer_id\":\"7099088\",\"project_id\":\"20150421000051\",\"partic_acc_type\":\"01\",\"service\":\"project_transfer\",\"trans_action\":\"01\",\"res_format\":\"HTML\",\"ret_url\":\"http://115.28.171.163:7090/trusteeship_return_web/project_transfer_overdue_repay\"}', '2015-04-27 11:14:35', null, null, 'sended', 'umpay', 'project_transfer_overdue_repay', 'http://pay.soopay.net/spay/pay/payservice.do', 'utf-8');
INSERT INTO `trusteeship_operation` VALUES ('a906074a6da7411a8ce3163d950c2645', '20150427000064', '20150427000064', 'charset=UTF-8&loan_user_id=UB201504161125550000000003661819&mer_id=7099088&project_amount=9000&project_expire_date=20150527&project_id=20150427000064&project_name=%E7%9C%9F%E6%AD%A3%E9%80%BE%E6%9C%9F%E6%B5%8B%E8%AF%95&res_format=HTML&service=mer_bind_project&sign_type=RSA&version=1.0', '2015-04-27 17:18:54', '{sign=V1rvXuIV1zenl6X30SnqG9fyGZuNoBWhyAQLnzoa/7FokifND23RvGWWyKORSATL3Yi+76kgrB5A/X08gWX6k7cAnH6DloDVJyjIFIDzvAfR0puIpcXTRp1/YBhMzTH/mfQ02gtrIz7/oNti0UGfVcUP7RtgEoUw9Ljs0XMKZHo=, ret_code=0000, project_state=92, mer_check_date=20150427, mer_id=7099088, sign_type=RSA, ret_msg=操作成功, project_account_id=7099088A0000203, plain=mer_check_date=20150427&mer_id=7099088&project_account_id=7099088A0000203&project_state=92&ret_code=0000&ret_msg=操作成功&version=1.0, version=1.0}', '2015-04-27 17:18:54', 'passed', 'umpay', 'mer_bind_project', 'http://pay.soopay.net/spay/pay/payservice.do?charset=UTF-8&loan_user_id=UB201504161125550000000003661819&mer_id=7099088&project_amount=9000&project_expire_date=20150527&project_id=20150427000064&project_name=%E7%9C%9F%E6%AD%A3%E9%80%BE%E6%9C%9F%E6%B5%8B%E8%AF%95&res_format=HTML&service=mer_bind_project&sign_type=RSA&version=1.0&sign=rXzOAb%2BK1pxWL5ZK1UB15DXNDnQPi5j9I3BwvzxyB%2BftQpELEHLUB9lw87Qv1yX9269BSy5CMNCxqo5ei8VGzDcL5vAymG6qEzAr%2FS6%2FlK10yvHUuodNE1DKK%2FHF0lPmFid16TSuAuTNN6eQiV1vdv6n1AgR0ekLxLGfbVFt%2B54%3D', 'utf-8');
INSERT INTO `trusteeship_operation` VALUES ('a91bc174957f4e9d8dd74d0426c30925', '2015042100005100011429946359096', '201504210000510001', '{\"mer_date\":\"20150425\",\"sign_type\":\"RSA\",\"notify_url\":\"http://115.28.171.163:7090/trusteeship_return_s2s/project_transfer_overdue_repay\",\"charset\":\"UTF-8\",\"order_id\":\"2015042100005100011429946359096\",\"version\":\"1.0\",\"amount\":\"9058\",\"sign\":\"LkfnWHAaV+n8LJyVTDZkbVkzggRzh0xSXUknbg/k9M7wO10LxJ7Iv1aP/rq0VLBZ60aXVBeVp9HhIwPld5+ghSiI1aqFxIS7YPgQmuCuj5BIOKEntWWVtPSHFKGq/IXs5MNIus0aPPcS//xFLC1YNW5y0z8DhodHMJy2gK5mbng\\u003d\",\"partic_type\":\"02\",\"serv_type\":\"03\",\"partic_user_id\":\"UB201504161125550000000003661819\",\"mer_id\":\"7099088\",\"project_id\":\"20150421000051\",\"partic_acc_type\":\"01\",\"service\":\"project_transfer\",\"trans_action\":\"01\",\"res_format\":\"HTML\",\"ret_url\":\"http://115.28.171.163:7090/trusteeship_return_web/project_transfer_overdue_repay\"}', '2015-04-25 15:19:19', null, null, 'sended', 'umpay', 'project_transfer_overdue_repay', 'http://pay.soopay.net/spay/pay/payservice.do', 'utf-8');
INSERT INTO `trusteeship_operation` VALUES ('a9b368a136374711879c09acfe70bb45', '20150427000059', '20150427000059', 'charset=UTF-8&loan_user_id=UB201504161636050000000003665807&mer_id=7099088&project_amount=5000&project_expire_date=20150428&project_id=20150427000059&project_name=%E8%BD%AC%E8%B4%A6%E7%BB%99%E9%83%91%E8%81%AA50&res_format=HTML&service=mer_bind_project&sign_type=RSA&version=1.0', '2015-04-27 16:11:08', '{sign=bl9LaMK0/52P3QBAtLIi46IbpbsHxeA72nppGnirVTS47jVdiK/paZ/qAVmv7DO1ttdpkFMDOORvLINs/89gK+ZKj6IfCF+L2aBvhLiNILUKPUHT24f3a1MNqwYCvOZSEhnmP5hG7g+iHkdhxIeBZ5pBw48HIkLjOepeoTm2zVw=, ret_code=0000, project_state=92, mer_check_date=20150427, mer_id=7099088, sign_type=RSA, ret_msg=操作成功, project_account_id=7099088A0000220, plain=mer_check_date=20150427&mer_id=7099088&project_account_id=7099088A0000220&project_state=92&ret_code=0000&ret_msg=操作成功&version=1.0, version=1.0}', '2015-04-27 16:11:08', 'passed', 'umpay', 'mer_bind_project', 'http://pay.soopay.net/spay/pay/payservice.do?charset=UTF-8&loan_user_id=UB201504161636050000000003665807&mer_id=7099088&project_amount=5000&project_expire_date=20150428&project_id=20150427000059&project_name=%E8%BD%AC%E8%B4%A6%E7%BB%99%E9%83%91%E8%81%AA50&res_format=HTML&service=mer_bind_project&sign_type=RSA&version=1.0&sign=f729WE8QST08jC8tEQgHLkaTDJFUUelbpeQ7INZkoKIqos%2BGe0IdnohSmXAeIBKX0SmLWzIG2RDLfHDzM%2FQacbLuD5QtGMuxI8pjfuC2TmvmT6blwI0m%2FXa7%2B63ibsps4ZQCvBSnh9Pjj60YRA85%2FRVvXCszAFaW%2F%2FzFs%2FJtUfI%3D', 'utf-8');
INSERT INTO `trusteeship_operation` VALUES ('aa1e0e7ade8f4bcba64c672a6e27ff02', '2015042400000001', '2015042400000001', '{\"mer_date\":\"20150424\",\"sign_type\":\"RSA\",\"notify_url\":\"http://115.28.171.163:7090/trusteeship_return_s2s/mer_recharge_person\",\"charset\":\"UTF-8\",\"order_id\":\"2015042400000001\",\"version\":\"1.0\",\"user_ip\":\"118.187.56.162\",\"amount\":\"100\",\"sign\":\"GpNh24CEvDlgTuai/6vys27n3zggqpDhQwNTCaymTB5DMGMgu8D1dq2oYbzgpkUyQSNpXL2UaEkC2O67h2fJ9hYvRor8CXVbPXjvw8bZF6TuBqguL15OnhCT9v/eoPgUeIEIPE8By+SHwp8bcXbVEK8tUc7aAg2CuZMN+mXQjIo\\u003d\",\"gate_id\":\"BOC\",\"pay_type\":\"B2CDEBITBANK\",\"mer_id\":\"7099088\",\"service\":\"mer_recharge_person\",\"user_id\":\"UB201504161125550000000003661819\",\"res_format\":\"HTML\",\"ret_url\":\"http://115.28.171.163:7090/trusteeship_return_web/mer_recharge_person\"}', '2015-04-24 17:55:38', null, null, 'sended', 'umpay', 'mer_recharge_person', 'http://pay.soopay.net/spay/pay/payservice.do', 'utf-8');
INSERT INTO `trusteeship_operation` VALUES ('ab153099412c4527a2320d2754845bf4', '201504280000030001', '201504280000030001', 'amount=5045&charset=UTF-8&mer_date=20150428&mer_id=7099088&notify_url=http%3A%2F%2F115.28.171.163%3A7090%2Ftrusteeship_return_s2s%2F&order_id=201504280000030001&partic_acc_type=01&partic_type=01&partic_user_id=UB201504161125550000000003661819&project_id=20150428000077&res_format=HTML&ret_url=http%3A%2F%2F115.28.171.163%3A7090%2Ftrusteeship_return_web%2F&serv_type=54&service=project_transfer&sign_type=RSA&trans_action=02&version=1.0', '2015-04-28 11:58:34', '{sign=NKspeLKC9MORB2PgaiI928Nq+2CoZ68bjGaxMiImY/0Z5vCTVgJgkqYrmBOr45VQ8BZ/DC7E+Oy8CEpnd+vEGZplQLg95z4H25bSdmhAI2I0O/Fw4t1QwHDylQvDTESnw8oirAMyX+08vjdaMVNBaMiWBEELDy+loXi12sp9TzI=, trade_no=1504285017331133, ret_code=0000, mer_date=20150428, mer_check_date=20150428, mer_id=7099088, sign_type=RSA, ret_msg=交易成功。, order_id=201504280000030001, plain=mer_check_date=20150428&mer_date=20150428&mer_id=7099088&order_id=201504280000030001&ret_code=0000&ret_msg=交易成功。&trade_no=1504285017331133&version=1.0, version=1.0}', '2015-04-28 11:58:35', 'passed', 'umpay', 'project_transfer', 'http://pay.soopay.net/spay/pay/payservice.do?amount=5045&charset=UTF-8&mer_date=20150428&mer_id=7099088&notify_url=http%3A%2F%2F115.28.171.163%3A7090%2Ftrusteeship_return_s2s%2F&order_id=201504280000030001&partic_acc_type=01&partic_type=01&partic_user_id=UB201504161125550000000003661819&project_id=20150428000077&res_format=HTML&ret_url=http%3A%2F%2F115.28.171.163%3A7090%2Ftrusteeship_return_web%2F&serv_type=54&service=project_transfer&sign_type=RSA&trans_action=02&version=1.0&sign=WrJnBg1RrTjKu0bhf3sInLqctj%2Fy106DlkVkOKA20s%2FbGd8WrXjDAdZMTCtH6T4ZD0sp6mnP%2BkEhONKiGihk2U8Gvg3Ywngfn%2Bgr1N92JhKRMO9ryabKfy4Xx3W6XbYyAiU8Nh0zZ31jSEhD6Q47fB0erxT6u9fPW84Nvt6mxKk%3D', 'utf-8');
INSERT INTO `trusteeship_operation` VALUES ('adea62a9e2ce4f19a47364d8025798c6', '2015041600000004', '2015041600000004', '{\"mer_date\":\"20150416\",\"sign_type\":\"RSA\",\"notify_url\":\"http://115.28.171.163:7090/trusteeship_return_s2s/mer_recharge_person\",\"charset\":\"UTF-8\",\"order_id\":\"2015041600000004\",\"version\":\"1.0\",\"user_ip\":\"118.187.56.162\",\"amount\":\"5000\",\"sign\":\"Xe4l303AhKMqTxKYtyQXOAmcdjC7Oax526qgY1y52oet8Id2EQGWfAGzIj0zCXUD2Eowu1AfTdZ+tSzXM5TNgWwGpw8O6BdSRuo+wDA7FszNyHGykUT3gaJqyRsJEvyIVBWtmTPiwLJOR1r096qw5LALclNwNIMPaQa2lQFRbik\\u003d\",\"gate_id\":\"ICBC\",\"pay_type\":\"B2CDEBITBANK\",\"mer_id\":\"7099088\",\"service\":\"mer_recharge_person\",\"user_id\":\"UB201504091030430000000003578704\",\"res_format\":\"HTML\",\"ret_url\":\"http://115.28.171.163:7090/trusteeship_return_web/mer_recharge_person\"}', '2015-04-16 15:59:19', '{trade_no=1504161559199624, mer_date=20150416, sign_type=RSA, ret_msg=充值成功, com_amt=0, order_id=2015041600000004, version=4.0, sign=MAL0ta4kgCcGf9MTJOuOJxutZMc5D7TS/IAIZrtuwVs6SqH3Huof3utsFLUbQ6wGo1N0hCSGhYP4JolaazXOB+RIpAup1eHnwa9yUVNQJnxccBR8isvMBRA/LQ32lnVjEw8ayZsyphRCVCtGbGmkK9aBqgjoltO7kvpR7FKrY2E=, balance=000000000000005000, ret_code=0000, mer_check_date=20150416, mer_id=7099088, service=recharge_notify}', '2015-04-16 16:01:25', 'passed', 'umpay', 'mer_recharge_person', 'http://pay.soopay.net/spay/pay/payservice.do', 'utf-8');
INSERT INTO `trusteeship_operation` VALUES ('ae786f783f72465eb1d288e44ef45a79', '2015042700000001', '2015042700000001', '{\"mer_date\":\"20150427\",\"sign_type\":\"RSA\",\"notify_url\":\"http://115.28.171.163:7090/trusteeship_return_s2s/cust_withdrawals\",\"charset\":\"UTF-8\",\"order_id\":\"2015042700000001\",\"version\":\"1.0\",\"amount\":\"1200\",\"sign\":\"i2kyXc0fk7ZjB1c/tZZ0txi4/iNlB3O1BN6cc/uhEbyg8YH5VPcyqmXEYR+oq/x7iEnth0giz+y8+5fgc6E4ii9i09B8WyUKu77j7kADE8FPdvnoFsQhNRtKwM2VD3Cu8HVVOtxFEICRk3CYkJmivtw3Ap+xzluNdL+e3Eljxok\\u003d\",\"mer_id\":\"7099088\",\"service\":\"cust_withdrawals\",\"user_id\":\"UB201504161125570000000003661793\",\"res_format\":\"HTML\",\"ret_url\":\"http://115.28.171.163:7090/trusteeship_return_web/cust_withdrawals\"}', '2015-04-27 11:49:11', null, null, 'sended', 'umpay', 'cust_withdrawals', 'http://pay.soopay.net/spay/pay/payservice.do', 'utf-8');
INSERT INTO `trusteeship_operation` VALUES ('aef9613b35924a6fbcee108d8b3d51ea', '20150422000003', '20150422000003', '{\"mer_date\":\"20150422\",\"sign_type\":\"RSA\",\"notify_url\":\"http://115.28.171.163:7090/trusteeship_return_s2s/project_transfer_invest\",\"charset\":\"UTF-8\",\"order_id\":\"20150422000003\",\"version\":\"1.0\",\"amount\":\"3500\",\"sign\":\"jy/o9jhx9kx2tUvNjgaCl7ZcxrYrRSpKiaNzZw5/3Y0pj8TfWhueJpEIiWUsYBSYiEjIDmKy7001EUsgaVvjnQFCaQ/i8egCb0Yql41qa9b7gtvVqEzXobha/VGugnaUPpGU12ujnTQRxg/KcOELbiQflVKbOM4/o4zpAiT/ESw\\u003d\",\"partic_type\":\"01\",\"serv_type\":\"01\",\"partic_user_id\":\"UB201504161125570000000003661793\",\"mer_id\":\"7099088\",\"project_id\":\"20150422000055\",\"partic_acc_type\":\"01\",\"service\":\"project_transfer\",\"trans_action\":\"01\",\"res_format\":\"HTML\",\"ret_url\":\"http://115.28.171.163:7090/trusteeship_return_web/project_transfer_invest\"}', '2015-04-22 14:48:16', '{sign=xUQ1qNf/ADUuSE0WUM/M2sJ458pWs5LeW0uufeJQURIB4AR5+YPrc+myqWKfuIrR3/BDi2tUHxmFtplz63kQjAG6oZs14AHjXrS65VZoFW6GAvI2kdxVYJF4/woNqtuR+3XIoNdAxrV4008+DNM+2Z0HE9kzI7EjEUv11Hp8NBM=, trade_no=1504225016313343, ret_code=0000, mer_date=20150422, mer_id=7099088, mer_check_date=20150422, sign_type=RSA, service=project_tranfer_notify, ret_msg=交易成功。, order_id=20150422000003, version=4.0}', '2015-04-22 14:49:26', 'passed', 'umpay', 'project_transfer_invest', 'http://pay.soopay.net/spay/pay/payservice.do', 'utf-8');
INSERT INTO `trusteeship_operation` VALUES ('b0783ba8fde3453e81dbc20c3cd2c1e9', '2015042100000005', '2015042100000005', '{\"mer_date\":\"20150421\",\"sign_type\":\"RSA\",\"notify_url\":\"http://115.28.171.163:7090/trusteeship_return_s2s/cust_withdrawals\",\"charset\":\"UTF-8\",\"order_id\":\"2015042100000005\",\"version\":\"1.0\",\"amount\":\"100\",\"sign\":\"qvumoRwdgivo22MvbCs/8W3pSXebcSIIq++UHkA29rsmw5jc1wwQqLNrv2lHDUwkpVcVJlDsgCwz+tsIgRs/lWVXZ1ZvEDv2h9xeE99xn87A6z2okghU9NfvQ00rLu8ntiZ8XpkZTN65iZY9y1XomsvSUznpFw0De3ozGVNbbdM\\u003d\",\"mer_id\":\"7099088\",\"service\":\"cust_withdrawals\",\"user_id\":\"UB201504161125570000000003661793\",\"res_format\":\"HTML\",\"ret_url\":\"http://115.28.171.163:7090/trusteeship_return_web/cust_withdrawals\"}', '2015-04-21 15:12:37', null, null, 'sended', 'umpay', 'cust_withdrawals', 'http://pay.soopay.net/spay/pay/payservice.do', 'utf-8');
INSERT INTO `trusteeship_operation` VALUES ('b0e22f4555be4ee5a080d15a3dd5a72b', '20150413000002', '20150413000002', '{\"mer_date\":\"20150413\",\"sign_type\":\"RSA\",\"notify_url\":\"http://115.28.171.163:7090/trusteeship_return_s2s/project_transfer_invest\",\"charset\":\"UTF-8\",\"order_id\":\"20150413000002\",\"version\":\"1.0\",\"amount\":\"100\",\"sign\":\"Sfae9NBfE3g4yTE3m6gI+BZShVsRPxbgQKJ9VHId3WyrPllyI1K3EACppj3epTnRojjBwQzUlMH/SIuoDSsCHiB+PHHWdJcsZ/nk79GHeg5kqHcu4QQhx+ah8RtcAAmONaeOTUvFhAn7yZxiEso7am7as+Njf9qjTgi8OLq1pXc\\u003d\",\"partic_type\":\"01\",\"serv_type\":\"01\",\"partic_user_id\":\"UB201504081707280000000003573277\",\"mer_id\":\"7099088\",\"project_id\":\"20150413000042\",\"partic_acc_type\":\"01\",\"service\":\"project_transfer\",\"trans_action\":\"01\",\"res_format\":\"HTML\",\"ret_url\":\"http://115.28.171.163:7090/trusteeship_return_web/project_transfer_invest\"}', '2015-04-13 14:56:27', '{sign=qm5t0pU4tMyLAl6oxEmJqUs28hKnqJpHCFs5MnULKGkwAJY0OoNgaSHoHghUc20Bo21JKtFCWqChn/SUk2J8qH2LnGDXDVP6BPh+vGNJFS33l40SF8PNC6+LEWFWyt4ViWpR+pUty9Dmppvh59WBD1GalxaKZ0cPhU+uMrA6E8M=, trade_no=1504135014614883, ret_code=0000, mer_date=20150413, mer_id=7099088, mer_check_date=20150413, sign_type=RSA, service=project_tranfer_notify, ret_msg=交易成功。, order_id=20150413000002, version=4.0}', '2015-04-13 14:56:58', 'passed', 'umpay', 'project_transfer_invest', 'http://pay.soopay.net/spay/pay/payservice.do', 'utf-8');
INSERT INTO `trusteeship_operation` VALUES ('b1543416de2f4949beafd09d318474f0', '20150417000002', '20150417000002', '{\"mer_date\":\"20150417\",\"sign_type\":\"RSA\",\"notify_url\":\"http://115.28.171.163:7090/trusteeship_return_s2s/project_transfer_invest\",\"charset\":\"UTF-8\",\"order_id\":\"20150417000002\",\"version\":\"1.0\",\"amount\":\"2500\",\"sign\":\"nSEPzwBuhnE/rnRgKbcBxf10VukWvwfe0NexiIKr3Y6x3n1kRhGbgJNpC1ibWX8Wriyh8PgKzfQxYajYubznRb8V41DIJGwbgVX+CyLo0oKLeGHABnipP1w8yI1qcJtPZXFmCPza8kpknnVLzTQ0luIUihNqtykFUM5UyzZtIj0\\u003d\",\"partic_type\":\"01\",\"serv_type\":\"01\",\"partic_user_id\":\"UB201504161636050000000003665807\",\"mer_id\":\"7099088\",\"project_id\":\"20150417000050\",\"partic_acc_type\":\"01\",\"service\":\"project_transfer\",\"trans_action\":\"01\",\"res_format\":\"HTML\",\"ret_url\":\"http://115.28.171.163:7090/trusteeship_return_web/project_transfer_invest\"}', '2015-04-17 13:37:07', '{sign=BW1zQFL5YMwGRMsLGXm9IGU9XFlGqZq+FSxiUnOoW8qte6vq1hFBu+G0W/Lke8dqhSQQFo4Otlc1XkIwF4P6MPqemBIfGV/CmInzUj3ux4pt3LAtbulQ6gYbGOnniP9AawBW7RWvLxBpXrlESIPqtNitmH1I4pO6Z/ermt9H3J4=, trade_no=1504175015541103, ret_code=0000, mer_date=20150417, mer_id=7099088, mer_check_date=20150417, sign_type=RSA, service=project_tranfer_notify, ret_msg=交易成功。, order_id=20150417000002, version=4.0}', '2015-04-17 13:38:27', 'passed', 'umpay', 'project_transfer_invest', 'http://pay.soopay.net/spay/pay/payservice.do', 'utf-8');
INSERT INTO `trusteeship_operation` VALUES ('b2a3451e3a144422b45b420c1a75f2eb', '14292388915316225881007549453', 'zhengcong', '{\"identity_code\":\"\",\"mer_date\":\"20150417\",\"sign_type\":\"RSA\",\"notify_url\":\"http://115.28.171.163:7090/trusteeship_return_s2s/mer_bind_card\",\"charset\":\"UTF-8\",\"order_id\":\"14292388915316225881007549453\",\"card_id\":\"Zui2ihTw1yReygYbbaZ7ZcDZZ21SQ3IkRW92yipyRBJYH+LHIJGqwzHaEFkkJapsAYCJc1B4ZmjYquMC6ApXDQ/O9SjSZeUKjvKgWut2fjTEyElmzZSdZZZX5tIozuzRnea6sQVJ1BOPWBpkc4AmFyoRKNR1CmDKH3UYurXud9Q\\u003d\",\"version\":\"1.0\",\"account_name\":\"cKkTphb1midBo+RykIBwCxdTHkpVn0AHZ0vpKw8gNdt6bce/2hV+izuCKGbUmM5m3qD5BovLvJa74b0ios94XS/SoxpeITuMZOiSW1UQfEtMuWDo3G+iCPRYtxTMx0h4EIJMehsD30R0P7Liq+5N6TxnZ7/PJblj8uK8+q2A4JE\\u003d\",\"sign\":\"uXuwu7rJUZSabAQyMeanCD3FD9DQILbTVEh2QEdG98me+48Kgf6AVQ8IKi7A4zv+B6xMNpIv500LAibWlW/5ei3FgAIJwn1sf7/ssYNCS7tz2M2WLjuTOsq0rf2ExrZ2mTaBRlnqgYzTu/DtArVHtkRSkFTTAypbRyCwypS0Stw\\u003d\",\"mer_id\":\"7099088\",\"identity_type\":\"IDENTITY_CARD\",\"service\":\"mer_bind_card\",\"user_id\":\"UB201504161636050000000003665807\",\"res_format\":\"HTML\",\"ret_url\":\"http://115.28.171.163:7090/trusteeship_return_web/mer_bind_card\"}', '2015-04-17 10:48:11', null, null, 'sended', 'umpay', 'mer_bind_card', 'http://pay.soopay.net/spay/pay/payservice.do', 'utf-8');
INSERT INTO `trusteeship_operation` VALUES ('b2f2600863d14540945ff3414fad1b6f', '14299454260886212260200067624532', 'wll001', '{\"identity_code\":\"RufcVdHqpwuWggHDNtz7LhM8JaU3OkCz+FV4BBpRHqGqzltjJ/N7wH4Qe4A9Ht21zU+p8Gq8y4/6t4t0MUeJY9zqpOXmkYJBAb3zWXlSu6Rwlz7KNyYn8tl3+NWtFBYQ9sh9jTipGPONoPnObwdBmOlHvGK/XJmQ0yS7K9Gl0CI\\u003d\",\"mer_date\":\"20150425\",\"sign_type\":\"RSA\",\"notify_url\":\"http://115.28.171.163:7090/trusteeship_return_s2s/mer_bind_card\",\"charset\":\"UTF-8\",\"order_id\":\"14299454260886212260200067624532\",\"card_id\":\"MQgRgA0WLZa0Uwqi99bWWNh7b5R6IBv+8xIowCPKKYwbfahClpPgs2POii+MseFUTnMy9KbNzTF0YkPkdaqVmKnrWEGe2Ebmr3ntOOHH05mkIvTBuJlisnL25K1NIYhHeocDUVhsH1cb5v4Hk7R5DfmYl8lg65XQSM6y0rsA3Y0\\u003d\",\"version\":\"1.0\",\"account_name\":\"r4gVVkWVFGf195XT/KlYtQNP1D4jQDX2AfM2orHSB9S2WmSfd6JbvsylQWx+XE4jCU5WVMKad0TCPGApix/LmPgS/0FbEcVMdSiJLa3lTtacebYRKLGz6N6eVWtsGPzyRW/Kox0b3RsHHbbas/wxvHgMxJyGGXyxagOobKOq2m4\\u003d\",\"sign\":\"Suvk6asicx+8EMOq1Pn7uzu9yJph6aekxnCn4hRSkxZz3INn8qzknfLHXrl2hyEDMJeyOih8bHvBzd6y7zs+ASgSWSdJ1luc4LUGnfJE6obXgEW+oQ3IWPePsmKk1zxms7tOGvI4sPUhZ+J+UET3wGenXMG4p/eKRDw0iPHUE1g\\u003d\",\"mer_id\":\"7099088\",\"identity_type\":\"IDENTITY_CARD\",\"service\":\"mer_bind_card\",\"user_id\":\"UB201504091030430000000003578704\",\"res_format\":\"HTML\",\"ret_url\":\"http://115.28.171.163:7090/trusteeship_return_web/mer_bind_card\"}', '2015-04-25 15:03:46', null, null, 'sended', 'umpay', 'mer_bind_card', 'http://pay.soopay.net/spay/pay/payservice.do', 'utf-8');
INSERT INTO `trusteeship_operation` VALUES ('b5e336ba11394425800ee9ea10aab90b', '2015041600000013', '2015041600000013', '{\"mer_date\":\"20150416\",\"sign_type\":\"RSA\",\"notify_url\":\"http://115.28.171.163:7090/trusteeship_return_s2s/mer_recharge_person\",\"charset\":\"UTF-8\",\"order_id\":\"2015041600000013\",\"version\":\"1.0\",\"user_ip\":\"118.187.56.162\",\"amount\":\"2200\",\"sign\":\"hBz2TlMvacXP1O7nov2e80XPrvKM/RWPJLnVRxWVDv3RehBwUg0fnlsKK1/fT/xB05qBVMgyE8DrEqtSIeXTwmKOabPIkI11bFNETF02nQyw4XYWxwEmbry7PZayfb+ZjI5Mgwq83E5kITFChRD0HEiVufu8wiqTPLRLm/LBjVw\\u003d\",\"gate_id\":\"CITIC\",\"pay_type\":\"B2CDEBITBANK\",\"mer_id\":\"7099088\",\"service\":\"mer_recharge_person\",\"user_id\":\"UB201504161636050000000003665807\",\"res_format\":\"HTML\",\"ret_url\":\"http://115.28.171.163:7090/trusteeship_return_web/mer_recharge_person\"}', '2015-04-16 16:47:37', null, null, 'sended', 'umpay', 'mer_recharge_person', 'http://pay.soopay.net/spay/pay/payservice.do', 'utf-8');
INSERT INTO `trusteeship_operation` VALUES ('b6884b92dbba4d5fbf66f2051d1c7e11', '2015042100005100011429839886003', '201504210000510001', '{\"mer_date\":\"20150424\",\"sign_type\":\"RSA\",\"notify_url\":\"http://115.28.171.163:7090/trusteeship_return_s2s/project_transfer_overdue_repay\",\"charset\":\"UTF-8\",\"order_id\":\"2015042100005100011429839886003\",\"version\":\"1.0\",\"amount\":\"9058\",\"sign\":\"CvF21iks7VKNm0meQldWvakKG7i1exeqNcEb+fV8gg+DWPb4DMyXnpnjWk0aHyPueHVAW6svbJvvEpB84v2tW87glrH4/Ale30YAs07MgO5yLIfWO3044occSzDj/oPp7HC6KIaKOI00H4w1JnM5DLz4IfJSGtQ6ahm1+Pxo/VM\\u003d\",\"partic_type\":\"02\",\"serv_type\":\"03\",\"partic_user_id\":\"UB201504161125550000000003661819\",\"mer_id\":\"7099088\",\"project_id\":\"20150421000051\",\"partic_acc_type\":\"01\",\"service\":\"project_transfer\",\"trans_action\":\"01\",\"res_format\":\"HTML\",\"ret_url\":\"http://115.28.171.163:7090/trusteeship_return_web/project_transfer_overdue_repay\"}', '2015-04-24 09:44:46', null, null, 'sended', 'umpay', 'project_transfer_overdue_repay', 'http://pay.soopay.net/spay/pay/payservice.do', 'utf-8');
INSERT INTO `trusteeship_operation` VALUES ('b69c688cf142427eae04e0f39afa33e4', '20150410000040', '20150410000040', 'charset=UTF-8&loan_user_id=UB201504081737010000000003573522&mer_id=7099088&project_amount=100&project_expire_date=20150412&project_id=20150410000040&project_name=%E5%AE%9A%E5%90%91%E6%A0%87%E7%9A%84%E6%8E%92%E5%BA%8F&res_format=HTML&service=mer_bind_project&sign_type=RSA&version=1.0', '2015-04-10 16:22:44', '{sign=jV2bRw9nuqUuU/sz4jhQDJsY+iDNRR8FWllj/cdtok6Rvwo+fuyPB+UOAHv1MPRgLyYxwbfx7Dq+l1DjsxAHlMRKIUfUJtmwZIBtgPS/H887h7KtMRYmNrup0pzIKj/v/SrMlM5aO/xk6ITsjY9/A1W5HQGXFpIuh1It1pc/ODU=, ret_code=0000, project_state=92, mer_check_date=20150410, mer_id=7099088, sign_type=RSA, ret_msg=操作成功, project_account_id=7099088A0000062, plain=mer_check_date=20150410&mer_id=7099088&project_account_id=7099088A0000062&project_state=92&ret_code=0000&ret_msg=操作成功&version=1.0, version=1.0}', '2015-04-10 16:22:45', 'passed', 'umpay', 'mer_bind_project', 'http://pay.soopay.net/spay/pay/payservice.do?charset=UTF-8&loan_user_id=UB201504081737010000000003573522&mer_id=7099088&project_amount=100&project_expire_date=20150412&project_id=20150410000040&project_name=%E5%AE%9A%E5%90%91%E6%A0%87%E7%9A%84%E6%8E%92%E5%BA%8F&res_format=HTML&service=mer_bind_project&sign_type=RSA&version=1.0&sign=i7tfSuw5gNbyP9HYnzGlUoTWNoIhvbl3YWGy019jsFUYeFFV4WVdOnEFW72OsHVQZ9mSg6xJMPN3VVE9JjODM4hBjWO3ikj%2FtxmRc569P5v6K4AHfKrEkGv5QwPTYtFSEK6eFLvVJT4ugAPBdw2VRerHszsqmYXGYibr8PtRbZQ%3D', 'utf-8');
INSERT INTO `trusteeship_operation` VALUES ('b6c721915a204508b0b747fea08dcee0', '20150416000002', '20150416000002', '{\"mer_date\":\"20150416\",\"sign_type\":\"RSA\",\"notify_url\":\"http://115.28.171.163:7090/trusteeship_return_s2s/project_transfer_invest\",\"charset\":\"UTF-8\",\"order_id\":\"20150416000002\",\"version\":\"1.0\",\"amount\":\"1000000\",\"sign\":\"ku4W3QYm1NpKqobZMRbK0lPXamvvKMWLuQlgMF8aatT6JkP29dwnJFHWySc50mLzDtrMiK41UJaKth1VW8f8HYFFmD/s6f6i/UoUO28AG6hfhYuDFKhqZPzRx6qnMWn39Z6IGs5JO+QA+eMM4OghPdFXjPjhIsWbQXdofW8xilo\\u003d\",\"partic_type\":\"01\",\"serv_type\":\"01\",\"partic_user_id\":\"UB201504161125550000000003661819\",\"mer_id\":\"7099088\",\"project_id\":\"20150416000047\",\"partic_acc_type\":\"01\",\"service\":\"project_transfer\",\"trans_action\":\"01\",\"res_format\":\"HTML\",\"ret_url\":\"http://115.28.171.163:7090/trusteeship_return_web/project_transfer_invest\"}', '2015-04-16 11:40:54', null, null, 'sended', 'umpay', 'project_transfer_invest', 'http://pay.soopay.net/spay/pay/payservice.do', 'utf-8');
INSERT INTO `trusteeship_operation` VALUES ('b6f03dc5a8b94d2e861cdc6854967de0', '2015041000000002', '2015041000000002', '{\"mer_date\":\"20150410\",\"sign_type\":\"RSA\",\"notify_url\":\"http://115.28.171.163:7090/trusteeship_return_s2s/mer_recharge_person\",\"charset\":\"UTF-8\",\"order_id\":\"2015041000000002\",\"version\":\"1.0\",\"user_ip\":\"124.200.110.58\",\"amount\":\"100\",\"sign\":\"ugVRTefH+Cs8RL4aVhKESPyxAwYzqIbn1PmZg2jy9uxo/ys6Ix/m466acxXJK3jEZfN7zBPqswwiPjuLn8+bw5oyz8dfE85U/pdEuRR34ULtH8Ndb9i5lkbRa1GtTLGSQQUtc6/q729/kiy0Hci7yysdn1H/NCx0pqJThO9YPS4\\u003d\",\"gate_id\":\"CCB\",\"pay_type\":\"B2CDEBITBANK\",\"mer_id\":\"7099088\",\"service\":\"mer_recharge_person\",\"user_id\":\"UB201504081707280000000003573277\",\"res_format\":\"HTML\",\"ret_url\":\"http://115.28.171.163:7090/trusteeship_return_web/mer_recharge_person\"}', '2015-04-10 10:28:06', '{trade_no=1504101028068695, mer_date=20150410, sign_type=RSA, ret_msg=充值成功, com_amt=0, order_id=2015041000000002, version=4.0, sign=Ic0L4RAhiUMaeAt1wuPEo9ykc+AXpsIwE1uVIVEkDVV+/0jv7IjBSFwzPxOQ/tjrrgCpKmz5zDSpHRPwCWZpv7XvbWT7npOSszX+yjlEvwB79asF5R8cdrrHc0ucR5zFZcwIl/scoFOdN7WwbUvKZU/osAVGQwilG4kdNcUqIgI=, balance=000000000000000100, ret_code=0000, mer_check_date=20150410, mer_id=7099088, service=recharge_notify}', '2015-04-10 10:30:23', 'passed', 'umpay', 'mer_recharge_person', 'http://pay.soopay.net/spay/pay/payservice.do', 'utf-8');
INSERT INTO `trusteeship_operation` VALUES ('b76b2bbf695b488b805ba0047454be1f', '20150416000047', '20150416000047', 'charset=UTF-8&loan_user_id=UB201504081447010000000003571502&mer_id=7099088&project_amount=10000000&project_expire_date=20150418&project_id=20150416000047&project_name=G%E5%8F%91%E8%B5%B7%E7%9A%8410W%E6%99%AE%E9%80%9A%E5%80%9F%E6%AC%BE&res_format=HTML&service=mer_bind_project&sign_type=RSA&version=1.0', '2015-04-16 10:54:44', '{sign=b5kW3BNQvRmTTwOcbxLDD+JGcjpMtMd0lRKVGGgSA+pl+icaQsGan/IacW9BfOzSkM7whCJ4JoTBs7gi4s1Com6daDaxqQeptKStUnQhckhZMiXeL1/yO53eYntNCKQ7rPnwm5bGqnPfolivHr90JHyu4nG3uuFKi7iUzRrCgHg=, ret_code=0000, project_state=92, mer_check_date=20150416, mer_id=7099088, sign_type=RSA, ret_msg=操作成功, project_account_id=7099088A0000100, plain=mer_check_date=20150416&mer_id=7099088&project_account_id=7099088A0000100&project_state=92&ret_code=0000&ret_msg=操作成功&version=1.0, version=1.0}', '2015-04-16 10:54:44', 'passed', 'umpay', 'mer_bind_project', 'http://pay.soopay.net/spay/pay/payservice.do?charset=UTF-8&loan_user_id=UB201504081447010000000003571502&mer_id=7099088&project_amount=10000000&project_expire_date=20150418&project_id=20150416000047&project_name=G%E5%8F%91%E8%B5%B7%E7%9A%8410W%E6%99%AE%E9%80%9A%E5%80%9F%E6%AC%BE&res_format=HTML&service=mer_bind_project&sign_type=RSA&version=1.0&sign=JokGQlVx4OYkVV0UeODuguBqS1rGQhzBaR%2FG4%2FaqqoxCWverYd4rX36apY%2BUKWIiJ3NnaCpCcxdX4Rqccpo%2FRygRpm4uoH3OlkNWNaxDqxpPGLtZfRyV57KsEDeHH5Dcgmy9LgGcZmxlf5q3flp20KBqejuJ1FOZbrIEM1fv3Fs%3D', 'utf-8');
INSERT INTO `trusteeship_operation` VALUES ('b85a0d412b0f49fcaeb81574ded87ba3', '1429238039161', 'sidneygao', '{\"identity_code\":\"wDmLbnExZUaBGpF2ZGWEKJvDrvdqBaGtl7VfvnjFPRm50busuxNEx4nOjFzv00WeoNO/xPn8f+0olCvzVbRZCLApp/kWxzFLQw6Ed3QEqMWaoEJcGhsYMtllOnEGO0CCHukf/W9l7scUfq9lHp9R7eT3RQ/vmDEtY8+Mfb3Ochg\\u003d\",\"mer_date\":\"20150417\",\"sign_type\":\"RSA\",\"notify_url\":\"http://115.28.171.163:7090/trusteeship_return_s2s/mer_bind_card\",\"charset\":\"UTF-8\",\"order_id\":\"1429238039161\",\"card_id\":\"\",\"version\":\"1.0\",\"account_name\":\"JfhIaO0+S3TdFg7PIwVhITjosx9Mb+p027u+N3lHA+aRuICS1+VKf82GNOOi2+5jieY+sMommIpI+yF0K7U2W5E5t5YoSiSF3v6bf+Pj2w7yRxRj4KKilCxfhNmHeMZoUKX4JKU+5OKsgePBN+3zI6jhFELmC+BnzhDdiB+lbpA\\u003d\",\"sign\":\"l9Pr/JNhEIRNEdD3ceOR13/HOPdULg6eUVJe61lis0b/El6gjf6vEv9Iw7V2DEULjQ+7o16gCPm0XpRd7RQWytz8dfjQ/SCmEOEuE4eJUA/suMsvG4vIZSN5bBPmhRSkh4QBw6TMVP15RhOOB/lZtXhPxUYpAVUGByN+8qdse+4\\u003d\",\"mer_id\":\"7099088\",\"identity_type\":\"IDENTITY_CARD\",\"service\":\"mer_bind_card\",\"user_id\":\"UB201504161125550000000003661819\",\"res_format\":\"HTML\",\"ret_url\":\"http://115.28.171.163:7090/trusteeship_return_web/mer_bind_card\"}', '2015-04-17 10:33:59', null, null, 'sended', 'umpay', 'mer_bind_card', 'http://pay.soopay.net/spay/pay/payservice.do', 'utf-8');
INSERT INTO `trusteeship_operation` VALUES ('b97a4049180744c48054fae2126d838e', '2015041600000016', '2015041600000016', '{\"mer_date\":\"20150416\",\"sign_type\":\"RSA\",\"notify_url\":\"http://115.28.171.163:7090/trusteeship_return_s2s/mer_recharge_person\",\"charset\":\"UTF-8\",\"order_id\":\"2015041600000016\",\"version\":\"1.0\",\"user_ip\":\"118.187.56.162\",\"amount\":\"12200\",\"sign\":\"Fhx6viF1PzBYaFXmhOEE3JB0rEA0vFvWBxQCGn6wXolIsE3t1q/IiO473WZmNDKyK1bPcVLhMjVPGwdJ78qbEbhePIaDK8MINBcVZYXAwlSoh18hRozr9IlvSFfYCnZInMZoZp0KahafaopK56syKD1RnVfOtMUpxFTlNUPdc5c\\u003d\",\"gate_id\":\"BCCB\",\"pay_type\":\"B2CDEBITBANK\",\"mer_id\":\"7099088\",\"service\":\"mer_recharge_person\",\"user_id\":\"UB201504161636050000000003665807\",\"res_format\":\"HTML\",\"ret_url\":\"http://115.28.171.163:7090/trusteeship_return_web/mer_recharge_person\"}', '2015-04-16 16:54:18', null, null, 'sended', 'umpay', 'mer_recharge_person', 'http://pay.soopay.net/spay/pay/payservice.do', 'utf-8');
INSERT INTO `trusteeship_operation` VALUES ('ba00540feb68432eb150fdd7e901c582', '2015042300000001', '2015042300000001', '{\"mer_date\":\"20150423\",\"sign_type\":\"RSA\",\"notify_url\":\"http://115.28.171.163:7090/trusteeship_return_s2s/cust_withdrawals\",\"charset\":\"UTF-8\",\"order_id\":\"2015042300000001\",\"version\":\"1.0\",\"amount\":\"100\",\"sign\":\"VXZo+AO215Uu625AnQXwdJlrTLVP7LgWgvjBV4IHbhgxJtOjVdu0BsM+dNKslXWL6ZGjKxgkHaJTTK6FGr7kUhgB0Ge6/1Fdgw+3c53+CRkEHfSziMvdVtxvJqNJp7Kq9MqdFovDJJV5NTFJoEPIQdD2ff56Ao+Gru/qd+tTyac\\u003d\",\"mer_id\":\"7099088\",\"service\":\"cust_withdrawals\",\"user_id\":\"UB201504081447010000000003571502\",\"res_format\":\"HTML\",\"ret_url\":\"http://115.28.171.163:7090/trusteeship_return_web/cust_withdrawals\"}', '2015-04-23 22:14:48', null, null, 'sended', 'umpay', 'cust_withdrawals', 'http://pay.soopay.net/spay/pay/payservice.do', 'utf-8');
INSERT INTO `trusteeship_operation` VALUES ('baa047009c04431196b878ee16c2e4e0', '14289154616876217000010031760880', 'wangxibao9', '{\"identity_code\":\"qsD41OgwyaD5Xw89Fgv50Ek0m9hb8lXW6oNY89MZOajE3HLbr5xYuke4PTCc5uP0TOUz/bkHA9sMfjLTO4392ywM2fNn9wfx8zZZtOiOpxHcQHuV3ObGf0aa8iDVX8xNsuksek8k2UL2Y3IUByrJ9BZ/t71VeUWmNHwFcxMdw0g\\u003d\",\"mer_date\":\"20150413\",\"sign_type\":\"RSA\",\"notify_url\":\"http://115.28.171.163:7090/trusteeship_return_s2s/mer_bind_card\",\"charset\":\"UTF-8\",\"order_id\":\"14289154616876217000010031760880\",\"card_id\":\"kkGxwOZ5NKKpmku7OkazK9pd6f3sTRzN+8s5M91H/4PrKLlQHqq42WjVw1cviuMzPtwhLvvHwimJJjI7snvj9nIcTtXTvaKbJqHANibvcTvIntnsy9b4kAiZ6yVNkzpjnuJfCYTYrCp5je86a/sMt+ETiYb7b3mmH7rH0PE1/iA\\u003d\",\"version\":\"1.0\",\"account_name\":\"Vl0+1bYSiN93gbBeEEBuHHyIjdqBiUs9M5/KV76UvFpsFytGadRIN8HrlkK/zx81yIY7vbUU1MOmEwpp+wVGGwLsaIVyIHvci3FUNmDRYOgU/bIl0CMnTspPXV8x52LCalScHMcS1CxXmJ1w1yoIsy1qcMsHbvsldlUy3lGS6Xs\\u003d\",\"sign\":\"VfFrNrgickrMCcRgu8HrrSNScgrhJ330zAggQXVYUdIfa88A/SVo9RnGuHXRxwqoVWjxZSUQLGcSe6k1qBkM9j+breyn5AjZlBHshGce8MPQ01vhI8uvl+30M7HCGJsvNxaFH4Tun7g1f4VLgKHZ8D6pnyrs4cMWiPJ/lhmW2Wo\\u003d\",\"mer_id\":\"7099088\",\"identity_type\":\"IDENTITY_CARD\",\"service\":\"mer_bind_card\",\"user_id\":\"UB201504081447010000000003571502\",\"res_format\":\"HTML\",\"ret_url\":\"http://115.28.171.163:7090/trusteeship_return_web/mer_bind_card\"}', '2015-04-13 16:57:41', null, null, 'sended', 'umpay', 'mer_bind_card', 'http://pay.soopay.net/spay/pay/payservice.do', 'utf-8');
INSERT INTO `trusteeship_operation` VALUES ('baa1a29f9efd4b1bad2e8e3b5f1320ea', '2015041600004900011429179298232', '201504160000490001', '{\"mer_date\":\"20150416\",\"sign_type\":\"RSA\",\"notify_url\":\"http://115.28.171.163:7090/trusteeship_return_s2s/project_transfer_normal_repay\",\"charset\":\"UTF-8\",\"order_id\":\"2015041600004900011429179298232\",\"version\":\"1.0\",\"amount\":\"10100\",\"sign\":\"H8+QXZxbf3JRQzjF7jJoLBmh8uz6xqGzDURsg7Pm8jbwTv5/t4ujFwLE6FHnDdAHuaRybeQcjJDIO//9vHr9dTJXQNL3XB8tjWHl6v+I3oE6Kopc8buCb9c3z6nOZ3ckJUsQiYqR9IA2H+aRRdJSngSqiVMZmvLDUPnxbFNt4Ic\\u003d\",\"partic_type\":\"02\",\"serv_type\":\"03\",\"partic_user_id\":\"UB201504161125550000000003661819\",\"mer_id\":\"7099088\",\"project_id\":\"20150416000049\",\"partic_acc_type\":\"01\",\"service\":\"project_transfer\",\"trans_action\":\"01\",\"res_format\":\"HTML\",\"ret_url\":\"http://115.28.171.163:7090/trusteeship_return_web/project_transfer_normal_repay\"}', '2015-04-16 18:14:58', '{sign=Nn2DUbC+gaLFgMi0Hoa0H2Y4T+kukGG32vpDZFBv/ebRCfB/P+QItOwhajUfwoK3m8cZNrk8/G0hjotrEM6ur6iywCrLyUPQwtMUcUfD58IQalBJYy4+FktikyD0deFJmY5+v3bWy6DhX6oq3YmKyQnLt+yHAhEJA18+k9BMd+k=, trade_no=1504165015391743, ret_code=0000, mer_date=20150416, mer_id=7099088, mer_check_date=20150416, sign_type=RSA, service=project_tranfer_notify, ret_msg=交易成功。, order_id=2015041600004900011429179298232, version=4.0}', '2015-04-16 18:16:40', 'passed', 'umpay', 'project_transfer_normal_repay', 'http://pay.soopay.net/spay/pay/payservice.do', 'utf-8');
INSERT INTO `trusteeship_operation` VALUES ('bc0467ed687b4cf896693b88cfdf622a', '20150428000069', '20150428000069', 'charset=UTF-8&loan_user_id=UB201504161125550000000003661819&mer_id=7099088&project_amount=10000&project_expire_date=20150501&project_id=20150428000069&project_name=%E5%8D%95%E6%9C%88%E5%80%9F%E8%B4%B7CASE&res_format=HTML&service=mer_bind_project&sign_type=RSA&version=1.0', '2015-04-28 09:54:15', '{sign=VVFOc3viTnf3+uOEawk326cbU0YNKbDxpW8CNMdpGyumOV6KfS5Tg//GwDnaRS8rEWFcgFFqLSemGOa9yBjBQ8nODLkaiYX/gcptjmibnHgLEYR5W1tKl7ZjjkrVI/qsM8eYWIB92Pm7od1VoQOfyZ+NIwnzl72/zSlgBY6Ag5w=, ret_code=0000, project_state=92, mer_check_date=20150428, mer_id=7099088, sign_type=RSA, ret_msg=操作成功, project_account_id=7099088A0000224, plain=mer_check_date=20150428&mer_id=7099088&project_account_id=7099088A0000224&project_state=92&ret_code=0000&ret_msg=操作成功&version=1.0, version=1.0}', '2015-04-28 09:54:16', 'passed', 'umpay', 'mer_bind_project', 'http://pay.soopay.net/spay/pay/payservice.do?charset=UTF-8&loan_user_id=UB201504161125550000000003661819&mer_id=7099088&project_amount=10000&project_expire_date=20150501&project_id=20150428000069&project_name=%E5%8D%95%E6%9C%88%E5%80%9F%E8%B4%B7CASE&res_format=HTML&service=mer_bind_project&sign_type=RSA&version=1.0&sign=eRzxmzNi9E0RQBQNOFPAi6T60MVwdrG6deVovP8RQ2kyNxjEOV%2FGUmmIs31FBGPZyrin%2FKZRhBW%2FpjJ2U2LmJj3nEu4j%2BjDsM7vEqkn9W1FQt%2F8lsufll9OZm6Tc6MnUMAFWsrIWLFAzZmyCa3qCO29ip9%2FyKVTyphh5yfhpUDQ%3D', 'utf-8');
INSERT INTO `trusteeship_operation` VALUES ('bca6a7dd94b84c0b9c140fa4a0d54630', '14296207047226212260200067624532', 'wll001', '{\"identity_code\":\"oYSShBzeCRBrPS12km/6M1fsv4O7IfrHEYVBtmA/1gMJ7boJM/ivOEWGr3W3GZRRm6hmYIdWWXIxuEHlEoELG5a+We4mt7o+0qZXht4TcMDJzW4woq+iO+0wtpGu2vRQuoY94ocvdRZOVMZ9O8qefpRSc0LEsrak/W6TYtk06vI\\u003d\",\"mer_date\":\"20150421\",\"sign_type\":\"RSA\",\"notify_url\":\"http://115.28.171.163:7090/trusteeship_return_s2s/mer_bind_card\",\"charset\":\"UTF-8\",\"order_id\":\"14296207047226212260200067624532\",\"card_id\":\"MGdBwiqEiDZ04mXP3uoxVwC/QfUyUIVv4TGeivy8rnzL9d0EE/kSlBgsy6suKymcwOJaiophWaTB8zMq0mDes4qdlOCYKM7ECWE6bV7MFMREz8hiGqI7E6MgsVSMxh4biv1+vCjBLSPVTypToulvx4P9WNo2EMUUNHLU+1v2+0M\\u003d\",\"version\":\"1.0\",\"account_name\":\"Zt6Znv3qF6Oj2x5RUjplCe5vXeLRwpI/wUyLNOo0XBnA+g+abtMk9dgPPqnPpfHPsL13o30RI/ypG39b4ol443FdFmoFMhqvoItwqTu56SikuMj4e5PRdpchPkKPaP1GpO3jjqc77tXJHH0FaTckhosTwOBbVFdzVIrk77SrmTI\\u003d\",\"sign\":\"X1GT1fh8dkq2VxwskXsXGOWyu66YRHQOBYIApQlNE9ytPKm4PwnnAJChdoi7vIF7h1UUKxUtGP8O/lZ0DYVMIW3XY3kCpiQ1OSFQH3mZugVZmNxk38/JsP39MGwPQM9Qqq+cEy3+ZDudG0EBIxc5YB5GtRErprTiWgvqfiClZ9g\\u003d\",\"mer_id\":\"7099088\",\"identity_type\":\"IDENTITY_CARD\",\"service\":\"mer_bind_card\",\"user_id\":\"UB201504091030430000000003578704\",\"res_format\":\"HTML\",\"ret_url\":\"http://115.28.171.163:7090/trusteeship_return_web/mer_bind_card\"}', '2015-04-21 20:51:44', null, null, 'sended', 'umpay', 'mer_bind_card', 'http://pay.soopay.net/spay/pay/payservice.do', 'utf-8');
INSERT INTO `trusteeship_operation` VALUES ('bd40f984f136433d8d5b0c54fe7ba012', '14292401700946212260200067624532', 'wll001', '{\"identity_code\":\"ZRFEmFRvhbawBNHlqLi4fI+ZjpSNTFM9QahSwtH7tW00b67Lb3o5xPSm9xTIxAuUwRn5yKMTqHH0/buFgp1uj3YuqolXFxCtSYDnFnGL3NwWjgctUqpMTkdolIVrBwWtH1l/YZ2io6HMb/JtrDPcdIOwTEYrdk2vjO41VJgcA+0\\u003d\",\"mer_date\":\"20150417\",\"sign_type\":\"RSA\",\"notify_url\":\"http://115.28.171.163:7090/trusteeship_return_s2s/mer_bind_card\",\"charset\":\"UTF-8\",\"order_id\":\"14292401700946212260200067624532\",\"card_id\":\"b24bUQIXbZo2dVfmr57bajM2YF64P6eTnps07Wxml7R9f2sCc9wD2YpzuMp1e+g1XCB61dYdv3cc8pT/qn9zuHF0Lqv/fdTu233LczWSEeirsRF6wJzXxswYqBTXyKWC3pO2+Z1D6/1rLdsJXn3Dq36/Yk9hxPFTOliYKUuHrfU\\u003d\",\"version\":\"1.0\",\"account_name\":\"YgVlxxmgVBawsPEbjckJxIkYBxs6LJJXpnIelH62YKGe7TFCp8ZDJLtnCF8lWmvWtJQvcV84DCtHlC7eVjEfMZn6dKSTw8Y8Z8KGbF5qCm7zsMu2JQMBbnw9HhB7yKEWhUIhFWG6ka4ud2w4O+pS9yXITqp3s//V/rKwCDxW8TQ\\u003d\",\"sign\":\"MjX51ri3EAzAiatCjrFBbT5RbHu2OCWduGNFXg9b9nkywGNKkIRg2BAirSy0Ogo5YmtU5wInHVcJfpbnex0UCJnfiW+6jkoDOz2DOIkQoCyRRXtE+g4BS0OC5IMqui0aW4jtru02yD4XWWP0fG1AFBoK6banMN/4ZWSc3XCxIJ4\\u003d\",\"mer_id\":\"7099088\",\"identity_type\":\"IDENTITY_CARD\",\"service\":\"mer_bind_card\",\"user_id\":\"UB201504091030430000000003578704\",\"res_format\":\"HTML\",\"ret_url\":\"http://115.28.171.163:7090/trusteeship_return_web/mer_bind_card\"}', '2015-04-17 11:09:30', null, null, 'sended', 'umpay', 'mer_bind_card', 'http://pay.soopay.net/spay/pay/payservice.do', 'utf-8');
INSERT INTO `trusteeship_operation` VALUES ('be581fbe6bef4fb3a9aa27c5ef9e860b', 'zhaoshuai', 'zhaoshuai', 'charset=UTF-8&email=zhaoyi752%40126.com&identity_code=iyAZPPNeoDH78DlAw6FCYqN2NFFzwGm0DTGeehPQSHaoLgWHg1ufKbf7lBmmKBOU2%2B3PfHcgTULkXqF0hzAV9LSt1VFSTBnhVdozGxUAi%2F%2Fqtspw9Pgx0O9XdOppgrg2E%2BuWXP2nsUGYy78B2bR4N9TcMA4lbmvu%2B2FHkOt9Pp0%3D&identity_type=IDENTITY_CARD&mer_cust_id=zhaoshuai&mer_cust_name=WKaSSxrfi0wdZXdJUqkuLli5%2BLKbnv7S%2B17DGxcbnilu37f1hR%2BeU98faofPSb%2B8p3nuhptCt9dds%2BC9untHO0xPxK0JQwMQYu%2F99igqyZepXesKenlbjYtyNS%2BWabgLiRiKO2NgDjF7spR%2Flmo1wHFLGiTLMJf7NYlGMrxBtko%3D&mer_id=7099088&mobile_id=18310029598&res_format=HTML&service=mer_register_person&sign_type=RSA&version=1.0', '2015-04-16 15:00:14', '{sign=SEW1mpyQwq9hH4O3oo8OX9iVqEoW2SoEcZW4B1tOHQaMeTbow92BAEyOzR3F5gFBjGbZhOcHzI4lT3wBi9pRfAs4u/a5W5B62WDXYIcLtUGaDayKf6H/dZLg6tk5vdF7X/sRKhfG8p3Fg9MPoc01Fm5qc1F1AH8yDIWFO3uXM8M=, ret_code=0000, account_id=02000155751017, mer_id=7099088, sign_type=RSA, ret_msg=交易成功。, user_id=UB201504161500160000000003664503, plain=account_id=02000155751017&mer_id=7099088&reg_date=20150416&ret_code=0000&ret_msg=交易成功。&user_id=UB201504161500160000000003664503&version=1.0, reg_date=20150416, version=1.0}', '2015-04-16 15:00:17', 'passed', 'umpay', 'mer_register_person', 'http://pay.soopay.net/spay/pay/payservice.do?charset=UTF-8&email=zhaoyi752%40126.com&identity_code=iyAZPPNeoDH78DlAw6FCYqN2NFFzwGm0DTGeehPQSHaoLgWHg1ufKbf7lBmmKBOU2%2B3PfHcgTULkXqF0hzAV9LSt1VFSTBnhVdozGxUAi%2F%2Fqtspw9Pgx0O9XdOppgrg2E%2BuWXP2nsUGYy78B2bR4N9TcMA4lbmvu%2B2FHkOt9Pp0%3D&identity_type=IDENTITY_CARD&mer_cust_id=zhaoshuai&mer_cust_name=WKaSSxrfi0wdZXdJUqkuLli5%2BLKbnv7S%2B17DGxcbnilu37f1hR%2BeU98faofPSb%2B8p3nuhptCt9dds%2BC9untHO0xPxK0JQwMQYu%2F99igqyZepXesKenlbjYtyNS%2BWabgLiRiKO2NgDjF7spR%2Flmo1wHFLGiTLMJf7NYlGMrxBtko%3D&mer_id=7099088&mobile_id=18310029598&res_format=HTML&service=mer_register_person&sign_type=RSA&version=1.0&sign=iMCECLfkKmW0QPwyP7lWLe1JOgglyjbhG49PSVs7YVESs6MvM1REgvkEBziTXp7j%2B5v4Y5g0Oebw5CG1dP5d9PSRub%2F1Ck%2FDhLUY%2B68GOjsg5uq%2BHYNc9%2FyC22DcdOod%2BW1i%2FVLaiVukJF%2FQH0Gd9shrOlC1rosa8OIb2rjv6T8%3D', 'utf-8');
INSERT INTO `trusteeship_operation` VALUES ('bf03961981364c44b97a94a1dd2b77a9', '2015042300000004', '2015042300000004', '{\"mer_date\":\"20150423\",\"sign_type\":\"RSA\",\"notify_url\":\"http://115.28.171.163:7090/trusteeship_return_s2s/mer_recharge_person\",\"charset\":\"UTF-8\",\"order_id\":\"2015042300000004\",\"version\":\"1.0\",\"user_ip\":\"124.200.110.58\",\"amount\":\"200\",\"sign\":\"RuU33Y5uhDpwRfe1oq2pYLcWq9eUKO15toUhPDBjGsEOhNb2yh/YC7EVrnfV8sQ/bWkcE+6RbgjIdU1A4E8UZqHpjJ6eX55vXtnYFxYe4S+L6OuFvKopIdRJRY7ZlmiCFbIT2da+nF9DQ1i32y6ygmIl0U4io5MyTQtnO1VSad8\\u003d\",\"gate_id\":\"SPDB\",\"pay_type\":\"B2CDEBITBANK\",\"mer_id\":\"7099088\",\"service\":\"mer_recharge_person\",\"user_id\":\"UB201504081447010000000003571502\",\"res_format\":\"HTML\",\"ret_url\":\"http://115.28.171.163:7090/trusteeship_return_web/mer_recharge_person\"}', '2015-04-23 20:44:28', null, null, 'sended', 'umpay', 'mer_recharge_person', 'http://pay.soopay.net/spay/pay/payservice.do', 'utf-8');
INSERT INTO `trusteeship_operation` VALUES ('bf62aafbad7846e5aeecaf9fdfaf34d1', '20150428000070', '20150428000070', 'charset=UTF-8&loan_user_id=UB201504161125550000000003661819&mer_id=7099088&project_amount=10000&project_expire_date=20150429&project_id=20150428000070&project_name=sidneygao%E5%80%9F%E6%AC%BE100%E5%85%831%E4%B8%80%E4%B8%AA%E6%9C%8812&res_format=HTML&service=mer_bind_project&sign_type=RSA&version=1.0', '2015-04-28 10:30:50', '{sign=owfcjhBWGN3hkm/vaQfXZZwl1msMPS8FgP0EeU3UFW9UyU3WoQM326WKlqoHbvwi8q43dtugVz+yRRCrOyAVUidEd60Lrq7faUDYjIwENOUevlfEY9jzkVRvsqU/dOIxtj1E4dwhGq1jztu1weE+zg+W+8OBjyEhxFb949rWDyw=, ret_code=0000, project_state=92, mer_check_date=20150428, mer_id=7099088, sign_type=RSA, ret_msg=操作成功, project_account_id=7099088A0000241, plain=mer_check_date=20150428&mer_id=7099088&project_account_id=7099088A0000241&project_state=92&ret_code=0000&ret_msg=操作成功&version=1.0, version=1.0}', '2015-04-28 10:30:51', 'passed', 'umpay', 'mer_bind_project', 'http://pay.soopay.net/spay/pay/payservice.do?charset=UTF-8&loan_user_id=UB201504161125550000000003661819&mer_id=7099088&project_amount=10000&project_expire_date=20150429&project_id=20150428000070&project_name=sidneygao%E5%80%9F%E6%AC%BE100%E5%85%831%E4%B8%80%E4%B8%AA%E6%9C%8812&res_format=HTML&service=mer_bind_project&sign_type=RSA&version=1.0&sign=WpTZIzClQWx%2B7WFFUhGaCp4OmrwaVG90uRvIB2qhrmYiLa4AZ0%2FX5FlTriASLSC%2F1dQhkzlwg1b7FalnlAIjY%2BjbxoPo4YZl%2BcNTPUt8xnuDRDR%2FpnyIQfwQG7Jbm6QTO0Cr8OyaA%2FNkvU6JPIt5auF%2BmsesdOC2NojTgyJAn9A%3D', 'utf-8');
INSERT INTO `trusteeship_operation` VALUES ('bfef41ad397b476d9745083dfca3fa2c', '20150428000071', '20150428000071', 'charset=UTF-8&loan_user_id=UB201504161125550000000003661819&mer_id=7099088&project_amount=10000&project_expire_date=20150429&project_id=20150428000071&project_name=testzhengcong&res_format=HTML&service=mer_bind_project&sign_type=RSA&version=1.0', '2015-04-28 10:43:05', '{sign=bGzJKyj4IffOhmvFAda71SxGaPGzCWwQOgQ8L8le2aRtiKq7e1y3YEBX2s/YSJeY4Dm/RrQsdz2UQbASKx2UjvLdciMlBcZumtlzMbmGWA26rC71y+vxZOUSdUKDBWL0G3yOcdoGH7jBg3MLhKTDw5VMbRo/eWXkp1hZkK5pPIg=, ret_code=0000, project_state=92, mer_check_date=20150428, mer_id=7099088, sign_type=RSA, ret_msg=操作成功, project_account_id=7099088A0000225, plain=mer_check_date=20150428&mer_id=7099088&project_account_id=7099088A0000225&project_state=92&ret_code=0000&ret_msg=操作成功&version=1.0, version=1.0}', '2015-04-28 10:43:06', 'passed', 'umpay', 'mer_bind_project', 'http://pay.soopay.net/spay/pay/payservice.do?charset=UTF-8&loan_user_id=UB201504161125550000000003661819&mer_id=7099088&project_amount=10000&project_expire_date=20150429&project_id=20150428000071&project_name=testzhengcong&res_format=HTML&service=mer_bind_project&sign_type=RSA&version=1.0&sign=B6n36Xw4EWiG7WuF23ZLLLBNqFH5BtU5wV3gs570lCj1Ccg2xGBvxu5ndm7942O%2BiAEBqu9LhJwKFVb2qYCKEQpEJFwZ9IHfXJDVvuaugunDFGLCb9JbLZdgIrVCi1TpBKvzFWQKHmEy6MlhBQv2c9vqab6Cw5VPwuH%2F8doNReg%3D', 'utf-8');
INSERT INTO `trusteeship_operation` VALUES ('c0c3ab54c3ae4871a1fa8504393b3080', '14300988357976212260200067624532', 'wll001', '{\"identity_code\":\"HiRD3ic069XPGQrCN/eJvPet/UGtUM3+UvOovupCGg93J+SZrAoEzj7vQVcOe5kKtqZpSEjtnMexqRDXF0sGjMekYCMeVCKfmUVbkz438i2/MWsvz1UbMyMUjmThJbL9HLZq4srLzeeUPS2RggYjlEJLJYd2JjFa/VxZ4ZidPFQ\\u003d\",\"mer_date\":\"20150427\",\"sign_type\":\"RSA\",\"notify_url\":\"http://115.28.171.163:7090/trusteeship_return_s2s/mer_bind_card\",\"charset\":\"UTF-8\",\"order_id\":\"14300988357976212260200067624532\",\"card_id\":\"U90H7XmN9fUcH6/o09wEHndli6MgaLF3Qx5ev/+b2hDmWQWvQXnlmvf9a3kExMgkAB66qsupRs2hka0oV9E3ACRiTc/wJtD75JqRp7voRJMW+Twt7QGYPmPFPbvXToNisr/FFaXXO0sQ8eRO85QU50SRVbfOcr33jV7iom96vcc\\u003d\",\"version\":\"1.0\",\"account_name\":\"iiAsM4O3Cj5uZhCD9ZHZo7WSKEUtuDwQV94bBX2Z++rAddKkVe45TC2fglpVtIJrocnENaUwxUO59Uew68wIWA8xpM2jeRRm1RBNegn5gH4CLDIFXoOttLxgods1WvoS1p5MnF6yKBY+az0iVT5FuuwysxGwpNNTJJaX16DxBbg\\u003d\",\"sign\":\"gO673hTmLrYx2RSjG/FWlRtVPF52WJTNfx68UanA0sdIWrKVrxmPxXbNmmaeIp+RqU9V05M8E2vguVjtgGyGwNPByi4Sye6vyDNjuh0QDVHermmzOhRjxJ6iG5XJm7oJdyaCfWhNaj2+y7OrIPrFoPPqEEooz+opLonJNI0BsvQ\\u003d\",\"mer_id\":\"7099088\",\"identity_type\":\"IDENTITY_CARD\",\"service\":\"mer_bind_card\",\"user_id\":\"UB201504091030430000000003578704\",\"res_format\":\"HTML\",\"ret_url\":\"http://115.28.171.163:7090/trusteeship_return_web/mer_bind_card\"}', '2015-04-27 09:40:35', '{sign=PnRKiC9vMNU0TwfSBqtV1GJYglGtx1TVehKieMas/kmId31xM8b6Xlb3K0MKKCDt0b4yL6BWBdmOK0IYzKYBKVPp9RfbLRCHd9I9EDh+YDqxyjFv/tu2RSqq+cpcJQ+WVTnv2SPtuxIRSykJA6Aog5Pl2HURVPPFqBpLcPT96gM=, ret_code=0000, mer_date=20150427, mer_id=7099088, sign_type=RSA, service=mer_bind_card_apply_notify, ret_msg=交易成功。, user_id=UB201504091030430000000003578704, order_id=14300988357976212260200067624532, version=4.0}', '2015-04-27 09:42:32', 'passed', 'umpay', 'mer_bind_card', 'http://pay.soopay.net/spay/pay/payservice.do', 'utf-8');
INSERT INTO `trusteeship_operation` VALUES ('c0c7d7689d0c4a17a5e5235969e7af4d', '20150427000007', '20150427000007', '{\"mer_date\":\"20150427\",\"sign_type\":\"RSA\",\"notify_url\":\"http://115.28.171.163:7090/trusteeship_return_s2s/project_transfer_invest\",\"charset\":\"UTF-8\",\"order_id\":\"20150427000007\",\"version\":\"1.0\",\"amount\":\"5000\",\"sign\":\"Hq/m0qpdAVaiKidCj5wVf+OmZgvnuMWma5feOR5NwfK6cpKQhjrY52BHIYFphcnLNr3t5hf6AvpE9pUOFFgHekqtdfc7UJ3tHWvcEHEyu0wnpHNlz6DMQPdASpPAov4hr9wiC9GrWd3sXxHRVrWalB2luFlOOf4exW4LvF4XZms\\u003d\",\"partic_type\":\"01\",\"serv_type\":\"01\",\"partic_user_id\":\"UB201504161125550000000003661819\",\"mer_id\":\"7099088\",\"project_id\":\"20150427000060\",\"partic_acc_type\":\"01\",\"service\":\"project_transfer\",\"trans_action\":\"01\",\"res_format\":\"HTML\",\"ret_url\":\"http://115.28.171.163:7090/trusteeship_return_web/project_transfer_invest\"}', '2015-04-27 16:17:15', '{sign=nJLlnTDEEHhhPg9NHXgvNT7dQYvQzoMqIiF7bRyIfkk41qYRqWaw+NqDUJI+5RfGTDn0nJN5jYsNAVZXwQKq4w0VStQsF7R/SIFQ6Io+SqMlA+TFcjJBy+nvlbdwnpVtlvtI5tmsnlYlR37+Xs0UAMNqW9o6jMXKhY1J+OXUOuc=, trade_no=1504275017124463, ret_code=0000, mer_date=20150427, mer_id=7099088, mer_check_date=20150427, sign_type=RSA, service=project_tranfer_notify, ret_msg=交易成功。, order_id=20150427000007, version=4.0}', '2015-04-27 16:18:03', 'passed', 'umpay', 'project_transfer_invest', 'http://pay.soopay.net/spay/pay/payservice.do', 'utf-8');
INSERT INTO `trusteeship_operation` VALUES ('c0f6fe9d8355452a8021df03efbecb30', '2015042300000006', '2015042300000006', '{\"mer_date\":\"20150423\",\"sign_type\":\"RSA\",\"notify_url\":\"http://115.28.171.163:7090/trusteeship_return_s2s/mer_recharge_person\",\"charset\":\"UTF-8\",\"order_id\":\"2015042300000006\",\"version\":\"1.0\",\"user_ip\":\"124.200.110.58\",\"amount\":\"200\",\"sign\":\"X+Y8NH1pFZKdjDn3z4NC9lPyumLB6gaR/Ovt+aFeVWmUgFxjAAeghee8nrSBNXPCKkzQFJkqn6AVTJUJl47dSrAaD6x86VRGVZxnvNBCLL6z+BQElKHnWQrKCaZEeuoUGtA1AkEPktIhfSqnSH9F15mE7EAltOe+Id7+GT+r898\\u003d\",\"gate_id\":\"HXB\",\"pay_type\":\"B2CDEBITBANK\",\"mer_id\":\"7099088\",\"service\":\"mer_recharge_person\",\"user_id\":\"UB201504081447010000000003571502\",\"res_format\":\"HTML\",\"ret_url\":\"http://115.28.171.163:7090/trusteeship_return_web/mer_recharge_person\"}', '2015-04-23 20:44:38', null, null, 'sended', 'umpay', 'mer_recharge_person', 'http://pay.soopay.net/spay/pay/payservice.do', 'utf-8');
INSERT INTO `trusteeship_operation` VALUES ('c1b77f414f6c4ce59d3920771dd1b39a', '20150428000002', '20150428000002', '{\"mer_date\":\"20150428\",\"sign_type\":\"RSA\",\"notify_url\":\"http://115.28.171.163:7090/trusteeship_return_s2s/project_transfer_invest\",\"charset\":\"UTF-8\",\"order_id\":\"20150428000002\",\"version\":\"1.0\",\"amount\":\"2500\",\"sign\":\"RqHax5lYjgBCEtpYIyVdDG1Qc+7jMKr3sKXSCDW50Yd8bUswgiGJfhvTneclJeTomUPjMPfSylfnEAbfogsRx7ijq+CIKzMLQaWQyeqx0zKk4cC7+bwKyH82EKlOsX1j/eluxpW9yuuMw+OLbXMrx2dxImxQtXWNKEJdVeHVuo0\\u003d\",\"partic_type\":\"01\",\"serv_type\":\"01\",\"partic_user_id\":\"UB201504091030430000000003578704\",\"mer_id\":\"7099088\",\"project_id\":\"20150428000077\",\"partic_acc_type\":\"01\",\"service\":\"project_transfer\",\"trans_action\":\"01\",\"res_format\":\"HTML\",\"ret_url\":\"http://115.28.171.163:7090/trusteeship_return_web/project_transfer_invest\"}', '2015-04-28 11:43:32', '{sign=SjdNnkAuDITHCSgL11L3dP1vAHA2MSg9g/KuNBOrpjwKKX/eSzf9CLRbWDY9fvrrupK2Lkbx1rz1vp0p9K7zUuMn35fiVYlEtCoXVUqVffAD6n6zdsTqMPM91mlNytZWOldDfC2bU7AkV+I0SWmFJSJBjfZsvwg7zvJSw2Sfxh4=, trade_no=1504285017329333, ret_code=0000, mer_date=20150428, mer_id=7099088, mer_check_date=20150428, sign_type=RSA, service=project_tranfer_notify, ret_msg=交易成功。, order_id=20150428000002, version=4.0}', '2015-04-28 11:44:02', 'passed', 'umpay', 'project_transfer_invest', 'http://pay.soopay.net/spay/pay/payservice.do', 'utf-8');
INSERT INTO `trusteeship_operation` VALUES ('c1cc443dae244a10aa12369d5eef9c58', '0220150415000045', '20150415000045', 'amount=0&charset=UTF-8&mer_date=20150415&mer_id=7099088&notify_url=http%3A%2F%2F115.28.171.163%3A7090%2Ftrusteeship_return_s2s%2F&order_id=0220150415000045&partic_acc_type=02&partic_type=03&partic_user_id=7099088&project_id=20150415000045&res_format=HTML&ret_url=http%3A%2F%2F115.28.171.163%3A7090%2Ftrusteeship_return_web%2F&serv_type=52&service=project_transfer&sign_type=RSA&trans_action=02&version=1.0', '2015-04-15 16:22:59', '{sign=jmpToDSU+G3aw2nzi+Kq2FA32xlXEPsfsFHPNnc1DZU8VsYwfBUbDxJTKfVXvXyZtapC3QMoLuu56xoX6z5niFhP0PDfwKw94cOnjAUF5Im2kKKhWZyUMl098kdUqSITBbwreBfJl/Qcx/95nq1sx90REM7cZiBrDefot6SW3sI=, ret_code=00060700, ret_msg=请求的参数[amount(0)]格式或值不正确, plain=ret_code=00060700&ret_msg=请求的参数[amount(0)]格式或值不正确}', '2015-04-15 16:22:59', 'refused', 'umpay', 'project_transfer', 'http://pay.soopay.net/spay/pay/payservice.do?amount=0&charset=UTF-8&mer_date=20150415&mer_id=7099088&notify_url=http%3A%2F%2F115.28.171.163%3A7090%2Ftrusteeship_return_s2s%2F&order_id=0220150415000045&partic_acc_type=02&partic_type=03&partic_user_id=7099088&project_id=20150415000045&res_format=HTML&ret_url=http%3A%2F%2F115.28.171.163%3A7090%2Ftrusteeship_return_web%2F&serv_type=52&service=project_transfer&sign_type=RSA&trans_action=02&version=1.0&sign=RnMv7UEwc9z7geWca0upnQw2OmZk9cpEBAE4Vzog7ZJVrFCRF%2Fz05Wphnh1518wO53d7YbA3vuCQ6tNybVH7mG0BrT7VlHPwPfDg7QksLK3zd%2FD2%2Ff1lhIKC%2F7dledHbQklmJal2y0rtbdvJNpshFZbncNolEu9WOt40GPUeG%2Fk%3D', 'utf-8');
INSERT INTO `trusteeship_operation` VALUES ('c1e6cadd41924322885e537c5b955930', '1429176022003123212312132212', 'zhengcong', '{\"identity_code\":\"\",\"mer_date\":\"20150416\",\"sign_type\":\"RSA\",\"notify_url\":\"http://115.28.171.163:7090/trusteeship_return_s2s/mer_bind_card\",\"charset\":\"UTF-8\",\"order_id\":\"1429176022003123212312132212\",\"card_id\":\"H2lTqZ0AiC6D66zxzvJ6DvOEwlrZGUzefPFImRE6HWBjaIZXAoAgD5Xb1H0SWLeWfCmjPnX7YBqDffiBGhOvMWMvx8nm4Y+RWsY0J2/oW0YpCjBpsYI0osToNtcsUIRBqok4Np7viEYH/mCwRwNmWZBVwxFx3bbGTlplDJMeLjg\\u003d\",\"version\":\"1.0\",\"account_name\":\"IWsBgVH6ysNVbbjqZsZixctAwd3grtnviANX/+zDlKgndyhHCVxBFi6J4FGRc83AoLh+x8DfG2w8FQPlAeE3E7jo5VmZLBxNMq2L7FVklh7bVuSh2UqmMjOlk7l9hIlcrQNepwJTmzAYztj4HcBeDONvFLHsBYmiOH/a+ZOi5HU\\u003d\",\"sign\":\"LVGNk/h7YE5pYikGBc8V9VLE97NElyhhkYFqXYS4khIG6AJI1nSQ1bTF+TwiZYzpq4A9vKqgg0VOZq1MVVxlIzaQik/CF60qSvkqG+VKCM8zvYCtVdrqnfoCiS8Ej3wXBVf2nlOModIMFv8XapYY6N+X+/7SK8EYG5lSwnum+pU\\u003d\",\"mer_id\":\"7099088\",\"identity_type\":\"IDENTITY_CARD\",\"service\":\"mer_bind_card\",\"user_id\":\"UB201504161636050000000003665807\",\"res_format\":\"HTML\",\"ret_url\":\"http://115.28.171.163:7090/trusteeship_return_web/mer_bind_card\"}', '2015-04-16 17:20:22', null, null, 'sended', 'umpay', 'mer_bind_card', 'http://pay.soopay.net/spay/pay/payservice.do', 'utf-8');
INSERT INTO `trusteeship_operation` VALUES ('c2e38a4b879b4aed9a5d21612774ba64', '14298459686306217710701871956', 'wll001', '{\"identity_code\":\"R2+SueZd5myXxucEKal+uil+vpWfpyp5HGdYWj5m6Yjqv0TfynuLoEjxgoTE1fNr8OkZnu0ZB9RIjXCyrpvAdzMI7KlaR1Z6Qflv3agQOezAZnq40UyS6aUtuDQHp2ETHyh1amAJrMbfhOwgR0AGrFIwdbFk/a0ate2roTchMYA\\u003d\",\"mer_date\":\"20150424\",\"sign_type\":\"RSA\",\"notify_url\":\"http://115.28.171.163:7090/trusteeship_return_s2s/mer_bind_card\",\"charset\":\"UTF-8\",\"order_id\":\"14298459686306217710701871956\",\"card_id\":\"ons1p3/a95LxLvCDYzNA2E+IGN2kiE9G095e1hwJbXODzl7Nk62xW9aJ+z2gZPYsbzztcyezm5DbMSq996LNEFtYmXb4DWH8QtURB4IMTNBpUayOHoa+Ocmud3ogxHhfTN4vMgCvamGIjR8Aca037JsOIAhyZY8UrfzV07aNjQ4\\u003d\",\"version\":\"1.0\",\"account_name\":\"cS9CaOB+zWUl8RBl1C9q0Dhsl+tOPIm6qFF5tH1VZnP0mOCCPFSBnI6GUpEmQ35DNt4uBGMdE7QEFF5tdHx3j5HDJHeJUXT09hUMMZOVrJljehgEh+TwZ5AiYLBHe/bFCZN8+6NZ+0WNPRHbmCr+qadNmQWwBipXZQ62+2CcTQQ\\u003d\",\"sign\":\"XN89Jyt9qmw0X39GC6VTEFIs1qUcgh30uYH9ycv6jdihruG9erz+nMEeO2cISFy5/liMJtTQ8/TMOh70ft+J6mgjemHASlYl6+0/qDslJWSgzXCHcUp4dCplYz53ir7zsZKywGuGQmTJuzSB+4E4eecF8H6+jxLuBPJLY7TECxM\\u003d\",\"mer_id\":\"7099088\",\"identity_type\":\"IDENTITY_CARD\",\"service\":\"mer_bind_card\",\"user_id\":\"UB201504091030430000000003578704\",\"res_format\":\"HTML\",\"ret_url\":\"http://115.28.171.163:7090/trusteeship_return_web/mer_bind_card\"}', '2015-04-24 11:26:08', null, null, 'sended', 'umpay', 'mer_bind_card', 'http://pay.soopay.net/spay/pay/payservice.do', 'utf-8');
INSERT INTO `trusteeship_operation` VALUES ('c32fcafc49c745e58c4d9fb048798a09', '2015042300000014', '2015042300000014', '{\"mer_date\":\"20150423\",\"sign_type\":\"RSA\",\"notify_url\":\"http://115.28.171.163:7090/trusteeship_return_s2s/mer_recharge_person\",\"charset\":\"UTF-8\",\"order_id\":\"2015042300000014\",\"version\":\"1.0\",\"user_ip\":\"124.200.110.58\",\"amount\":\"200\",\"sign\":\"fipCImz7qdj1UjsAlhPlTAKKR3FyiNSA755pHVBqGvj0Rzl9nH9rci0Sefuos4pSq7FuCpJr8ASHSjRcMkVD3OCMmOT9y9U8QC/eOJ5wy/VKpn9UHyb3jPi/hOTvKi53GotM/18pKNz/fIYVh2O2M9jSLAPahzDO3BiiWIjFHHM\\u003d\",\"gate_id\":\"BCCB\",\"pay_type\":\"B2CDEBITBANK\",\"mer_id\":\"7099088\",\"service\":\"mer_recharge_person\",\"user_id\":\"UB201504081447010000000003571502\",\"res_format\":\"HTML\",\"ret_url\":\"http://115.28.171.163:7090/trusteeship_return_web/mer_recharge_person\"}', '2015-04-23 21:07:02', null, null, 'sended', 'umpay', 'mer_recharge_person', 'http://pay.soopay.net/spay/pay/payservice.do', 'utf-8');
INSERT INTO `trusteeship_operation` VALUES ('c3b38861cd594f7c8c92b29b6165c281', '2015042100005100011429931814112', '201504210000510001', '{\"mer_date\":\"20150425\",\"sign_type\":\"RSA\",\"notify_url\":\"http://115.28.171.163:7090/trusteeship_return_s2s/project_transfer_overdue_repay\",\"charset\":\"UTF-8\",\"order_id\":\"2015042100005100011429931814112\",\"version\":\"1.0\",\"amount\":\"9058\",\"sign\":\"R3Bl7aVXQdJntkxXydXCY9yVW7zPJj0ItwCJM/ged/zhXYZkfos05uuqDMEhcm8Bn3wiLbD0ZtYoXneAqCOSUP8ftkObhBWt76AeIttvrEARTmuaGR/UitIFd7lgWazVJjj8HR9bEwmTmFI8ErFjMV4NjBuJ4P3WV+5kffbS9dE\\u003d\",\"partic_type\":\"02\",\"serv_type\":\"03\",\"partic_user_id\":\"UB201504161125550000000003661819\",\"mer_id\":\"7099088\",\"project_id\":\"20150421000051\",\"partic_acc_type\":\"01\",\"service\":\"project_transfer\",\"trans_action\":\"01\",\"res_format\":\"HTML\",\"ret_url\":\"http://115.28.171.163:7090/trusteeship_return_web/project_transfer_overdue_repay\"}', '2015-04-25 11:16:54', null, null, 'sended', 'umpay', 'project_transfer_overdue_repay', 'http://pay.soopay.net/spay/pay/payservice.do', 'utf-8');
INSERT INTO `trusteeship_operation` VALUES ('c4c8235b59e34837903372c89af030c2', '14292392918186225881007549453', 'zhengcong', '{\"identity_code\":\"\",\"mer_date\":\"20150417\",\"sign_type\":\"RSA\",\"notify_url\":\"http://115.28.171.163:7090/trusteeship_return_s2s/mer_bind_card\",\"charset\":\"UTF-8\",\"order_id\":\"14292392918186225881007549453\",\"card_id\":\"omB1MWLY6mmW4oaqbAGk7edjyKi2sB7p2QvnTG6wlcQKVv12AOEkRloUvQz8eFIcs7qZBpcP6ABUEiV4GelJX8jIJTMVdVseyZ7WcNTQxwxYGV/gy3gbUPd86fbSo6mOyQImkniRCb5CePYP2CoAZm9+WwT05mFZR27wm13cPdI\\u003d\",\"version\":\"1.0\",\"account_name\":\"S0hYTPg5rQKWva4K8g2DYe9AulxJ4SmK68p8jXpyI/vxKdqvgRysa5NHTH1qcNUNViJGX34+8k/fwd+d9cRXfyRNMy3JNc3IqGkk3zRJv1++48KwRGYX31QmtDtU81fBNgUSlE27XJDhJ+djheeWgwPrJcfGQdbDMNaqVjAJ4F4\\u003d\",\"sign\":\"lfHT628yft4CDWRN1g6SxrUJBIwCKmqScQh8d2tIwuq1iF84z4Z+Ju8ShGkUxH4bUHFNrbvWZnJetDMXVG3nI524bAk+pH390RSqhflqUtswisvsT+2STf8PtPZ34ExAKrq1WSgxVXFc+bYZdg47i3iNp62DD2wq5p7xdxXTINU\\u003d\",\"mer_id\":\"7099088\",\"identity_type\":\"IDENTITY_CARD\",\"service\":\"mer_bind_card\",\"user_id\":\"UB201504161636050000000003665807\",\"res_format\":\"HTML\",\"ret_url\":\"http://115.28.171.163:7090/trusteeship_return_web/mer_bind_card\"}', '2015-04-17 10:54:51', null, null, 'sended', 'umpay', 'mer_bind_card', 'http://pay.soopay.net/spay/pay/payservice.do', 'utf-8');
INSERT INTO `trusteeship_operation` VALUES ('c512878ce0cf4a5393b135861d1427be', '2015041700000013', '2015041700000013', '{\"mer_date\":\"20150417\",\"sign_type\":\"RSA\",\"notify_url\":\"http://115.28.171.163:7090/trusteeship_return_s2s/mer_recharge_person\",\"charset\":\"UTF-8\",\"order_id\":\"2015041700000013\",\"version\":\"1.0\",\"user_ip\":\"118.187.56.162\",\"amount\":\"100\",\"sign\":\"eLypaUnpH0ntzXM59IqGHhG/LzvQZqloaksS1epmUX28pGYF29uc673Xds4JXWpbGR98WckYPf0iPSya4Nb0IbLvUnUPWa9hfe48SG5xY5mJVX1lcu8bpDYjxvdArDZ2DnGMHRFRh98cqlsct/4BHCeWmFSwbRlweOko7fd4xm8\\u003d\",\"gate_id\":\"BCCB\",\"pay_type\":\"B2CDEBITBANK\",\"mer_id\":\"7099088\",\"service\":\"mer_recharge_person\",\"user_id\":\"UB201504161125550000000003661819\",\"res_format\":\"HTML\",\"ret_url\":\"http://115.28.171.163:7090/trusteeship_return_web/mer_recharge_person\"}', '2015-04-17 10:32:55', null, null, 'sended', 'umpay', 'mer_recharge_person', 'http://pay.soopay.net/spay/pay/payservice.do', 'utf-8');
INSERT INTO `trusteeship_operation` VALUES ('c6502e55e7d8434085cd78e1a8496952', '14289158310356217000010031760880', 'wangxibao9', '{\"identity_code\":\"IxCcOkwLPSz2Sw/CNrmbMMfU+OkF0SV1hV+rH6W62iS66ZUcOidxm+nCGsU1ziPw8StaYKTbol7aWrSmJrS3Gxrm1M43qkCWWwgJk9zysaxMlrqf4A4oyxNwWPiCw+CxhZJ1JCjW4Dd0NfJTJi2hVn7h+ANTvIXbjVZ3G5LziH8\\u003d\",\"mer_date\":\"20150413\",\"sign_type\":\"RSA\",\"notify_url\":\"http://115.28.171.163:7090/trusteeship_return_s2s/mer_bind_card\",\"charset\":\"UTF-8\",\"order_id\":\"14289158310356217000010031760880\",\"card_id\":\"voWYFEaBMSc1MFZK6JTDfjiR7nyaaLQQ0q3yX5cVRTqQKqg3W0gSEhknKTUtRw1DaJYFABD5FRPc+JonmRf/J3WAF5q58lYB/kxCMByaEXs44fNt4M59kSbjwqx7ljJZnejqgEq63rmvwkjYwAzQQOJrTw3rT83ovLSFEgWO0Dc\\u003d\",\"version\":\"1.0\",\"account_name\":\"Qxqq1PUZRfjq0xmTh9o92ZWguK8DA0pX2lInGQuFI2F7/YNFDsTIA7bUM+vyHIsq9s66xAwrwo68ozkN1d4Tr9k9j3yswPy1NgbOA7nvkEMmH2za8wSM72eLxcwveaWFAbNkDuJ15AQ5RcPkl04+x1TxhWd9JTmzvFAZT60/0fs\\u003d\",\"sign\":\"IiFRhCn4ZnHnrZ72z7kYaVi7Wluz4XFuDMPZ9IITj+b1lZBzzW3Giu9Kkfru49vXAGY/r0QVhh+9447iCrFSPISpwrzluo2I+ik6ShXHeA7SYCGOsbKBxIGnUQCBy+fXaR7HNz1RaXZ+UJvwO13SbY4DDjeFtx6u/ViHZXvb1kE\\u003d\",\"mer_id\":\"7099088\",\"identity_type\":\"IDENTITY_CARD\",\"service\":\"mer_bind_card\",\"user_id\":\"UB201504081447010000000003571502\",\"res_format\":\"HTML\",\"ret_url\":\"http://115.28.171.163:7090/trusteeship_return_web/mer_bind_card\"}', '2015-04-13 17:03:51', null, null, 'sended', 'umpay', 'mer_bind_card', 'http://pay.soopay.net/spay/pay/payservice.do', 'utf-8');
INSERT INTO `trusteeship_operation` VALUES ('c6f3722053c34a339589e1b60012cd5f', '14291781671716225881007549453', 'zhengcong', '{\"identity_code\":\"\",\"mer_date\":\"20150416\",\"sign_type\":\"RSA\",\"notify_url\":\"http://115.28.171.163:7090/trusteeship_return_s2s/mer_bind_card\",\"charset\":\"UTF-8\",\"order_id\":\"14291781671716225881007549453\",\"card_id\":\"ZKmyxYPwPm3hsCj5m9igofV8oXOKJt3KmF49GSqe0ALkBR206YP20WBfn3NqAWu+pUhgk3yCdAiliG/Ls7BhQ6FsjivRg71s00Ke1euvxKAUD4bOHdRjfhT2HM34z5Tw0DV6AuROD/Mfl7RwKtr3Staz5sZ9DZ/sfKv1XDgRP18\\u003d\",\"version\":\"1.0\",\"account_name\":\"CGDVdrw1dl+jisj4wh6VXcMkaUk3XnO9/F7RBx9T5jZy0mBx5fLcmas8cBGLxHAWT08ajavzW3Legatg9mamO6uqn04aXwAj2zpLekAOhlREZfJ/7CKO+Mks6VmRaSWtYMRZnXGSS8FQIbOTwO+xB4bK47NtIuvUG091397h2Y8\\u003d\",\"sign\":\"bE66HzExit6RZGaWcXw5pxh+61xSJ2pH1VDrrMuNDRSCGunjB6IvKKWWUPGXVySIThwKRuSHD5V/2RkW+jWCTdvaPPXDty1b0HHi2wnkzG9IKs3FwL2eAOXP777E+/rQKdI3sFTqU4nnwZmm+AqSKMtCDX03Z1qh8oAiv6C5kMc\\u003d\",\"mer_id\":\"7099088\",\"identity_type\":\"IDENTITY_CARD\",\"service\":\"mer_bind_card\",\"user_id\":\"UB201504161636050000000003665807\",\"res_format\":\"HTML\",\"ret_url\":\"http://115.28.171.163:7090/trusteeship_return_web/mer_bind_card\"}', '2015-04-16 17:56:07', null, null, 'sended', 'umpay', 'mer_bind_card', 'http://pay.soopay.net/spay/pay/payservice.do', 'utf-8');
INSERT INTO `trusteeship_operation` VALUES ('c7094b06167542ecb78d8ae046b6c13d', 'jdsb1', 'jdsb1', 'charset=UTF-8&email=2354635%40qq.com&identity_code=tvMdd%2FEGpuOkd7QCxm1j8vDkVLlUFa9OgmUm7B%2FElO8GczEohbRnoF%2BK6gWMwLxBsfdn2nIa%2FRQUtth8wFBouSoP3qaU6rrcLlxO%2BqegzeMjMDkO2eEEZRESCEaMEF8xwXYiz4R2Zb51TR5y05IWyGxEee3Opo0lyIPi1qm6L9Y%3D&identity_type=IDENTITY_CARD&mer_cust_id=jdsb1&mer_cust_name=OJxMwrTMqV6Iy8fV5ONAivRYK72qRcxabHT756t1lgRvYAuWkG46WICGeyTXTwYQ7LrjpvKHYiCiuynM8O0sBzQ%2FiUm%2FPkBn38SvhFka1mSQP7vsY2gBxVP8YBSwNjKe%2F5iqV%2FoHinX51pNswbguuCdxVtUa8ARuvohM40Uc9x8%3D&mer_id=7099088&mobile_id=18510029256&res_format=HTML&service=mer_register_person&sign_type=RSA&version=1.0', '2015-04-08 17:07:26', '{sign=jkzrYrpHUp9h5edAdlMtq0o9v52b46gTrMwEdjnPFTwF0PdMk8mlCeDmvq/owUlljeTix1vh8H0ijqrjHfBuBY/anwi4zy8+GkNluguafOjevmrCN0yexx6kUpzXDtIjAzayUNBwrGN5e+ZPRDDob+fvZETAoYx4qTwYT8jUTO8=, ret_code=0000, account_id=02000155419962, mer_id=7099088, sign_type=RSA, ret_msg=交易成功。, user_id=UB201504081707280000000003573277, plain=account_id=02000155419962&mer_id=7099088&reg_date=20150408&ret_code=0000&ret_msg=交易成功。&user_id=UB201504081707280000000003573277&version=1.0, reg_date=20150408, version=1.0}', '2015-04-08 17:07:29', 'passed', 'umpay', 'mer_register_person', 'http://pay.soopay.net/spay/pay/payservice.do?charset=UTF-8&email=2354635%40qq.com&identity_code=tvMdd%2FEGpuOkd7QCxm1j8vDkVLlUFa9OgmUm7B%2FElO8GczEohbRnoF%2BK6gWMwLxBsfdn2nIa%2FRQUtth8wFBouSoP3qaU6rrcLlxO%2BqegzeMjMDkO2eEEZRESCEaMEF8xwXYiz4R2Zb51TR5y05IWyGxEee3Opo0lyIPi1qm6L9Y%3D&identity_type=IDENTITY_CARD&mer_cust_id=jdsb1&mer_cust_name=OJxMwrTMqV6Iy8fV5ONAivRYK72qRcxabHT756t1lgRvYAuWkG46WICGeyTXTwYQ7LrjpvKHYiCiuynM8O0sBzQ%2FiUm%2FPkBn38SvhFka1mSQP7vsY2gBxVP8YBSwNjKe%2F5iqV%2FoHinX51pNswbguuCdxVtUa8ARuvohM40Uc9x8%3D&mer_id=7099088&mobile_id=18510029256&res_format=HTML&service=mer_register_person&sign_type=RSA&version=1.0&sign=Y9lFoW1Te6Z7dcmiuTc0QMe%2FOcuo1AUD%2BDmIaC50H49ZMkCzFtkfwpfqzOQP3okX813JdyTh84xFRDtX3zD9g9vQ5FqsyUAp7gOvET6QmpHe%2FKFHpqOuyKmE14zdFadErcjoZCet7dnygN3%2Fn1VuBCFQAPtDXvBYCp%2BdMjhzxHw%3D', 'utf-8');
INSERT INTO `trusteeship_operation` VALUES ('c70f27c1990846508d8bc977c9172498', '2015040800000004', '2015040800000004', '{\"mer_date\":\"20150408\",\"sign_type\":\"RSA\",\"notify_url\":\"http://115.28.171.163:7090/trusteeship_return_s2s/mer_recharge_person\",\"charset\":\"UTF-8\",\"order_id\":\"2015040800000004\",\"version\":\"1.0\",\"user_ip\":\"124.200.110.58\",\"amount\":\"100\",\"sign\":\"EdfIpxWv3/ZEhDAHXtmVu/GZXeY7avqsHeWikYndzHQaBxzkUY2KL75NDkxUy5u9R8vnJZrWR8ht+xiabx0iXGYqFDvj8BgZM+AV7zTpt37n7aHQxmwjaZh0raWLiLjxKbKqgK8lAsJ/FbkRtv9HgPuBAb9M+6liOgsJ/G0Y8/A\\u003d\",\"gate_id\":\"CCB\",\"pay_type\":\"B2CDEBITBANK\",\"mer_id\":\"7099088\",\"service\":\"mer_recharge_person\",\"user_id\":\"UB201504081707280000000003573277\",\"res_format\":\"HTML\",\"ret_url\":\"http://115.28.171.163:7090/trusteeship_return_web/mer_recharge_person\"}', '2015-04-08 17:07:40', null, null, 'sended', 'umpay', 'mer_recharge_person', 'http://pay.soopay.net/spay/pay/payservice.do', 'utf-8');
INSERT INTO `trusteeship_operation` VALUES ('c7422456ced24e5ba065d7b6a3103a51', '14296839851386212260200067624532', 'wll001', '{\"identity_code\":\"pXV12Gkf+rOai04a09DOJxQGvgrUwFYOVNXdhT4yZzXOevcH4PthzpLbcbbOEzqIaVFFWDwt7JlFE+YR7ayrmTO2OmufWEdngVshPGlXek6bZmFHo3PFu9u3y1vjdAru5UCv/z6jCrVxdaUEDrh1E300oftIHVtcoWUfV8hwtIw\\u003d\",\"mer_date\":\"20150422\",\"sign_type\":\"RSA\",\"notify_url\":\"http://115.28.171.163:7090/trusteeship_return_s2s/mer_bind_card\",\"charset\":\"UTF-8\",\"order_id\":\"14296839851386212260200067624532\",\"card_id\":\"kzf8QYqMimtwpcKXJAv2eY24Ni+LK7ednCfcOSqDhGoC9sxARKi+nbc9+2JHzNMaBI7+REz1y/T8Z3S8SShBe1Qon57byWt1PcJ3QpKJa0Jx9wEcv8nv1osdixCMxFHGb1Rl7r48PXHrqlC9huIrva3F/TM1rwOo8BBtS48ZtTw\\u003d\",\"version\":\"1.0\",\"account_name\":\"v+8zY+vCKuthJ0MVckRQFSzDbg09LFwJn2JXIxp3VWBpwtGOUultPEbobZKMzq9B9ZEE3jbVB78zugRV5MNFkGvEoDXFwinUi/ih1xEsb1g9mWiiGzF0s8uZq6qVSzYzTOf6f+AizU+kJP7olybj/Rac1wsuuuX6Xs3RhK18zOQ\\u003d\",\"sign\":\"Su1J4XVnlRIFOvZ5V6VvB8P6MsnkitiP9iCsB+VMYN+GgsxLyI7OErFqaTy9Qg2WJ4t8qmQBucFaZ16ThAR1f2iGsA2EcTFlCroeo6Y1nQ2MV07QPC4/0c+KSFEiaT6+gBinpe0cOSBcm7NuNTicGWN77jPIDA2FQMj7bdQExkk\\u003d\",\"mer_id\":\"7099088\",\"identity_type\":\"IDENTITY_CARD\",\"service\":\"mer_bind_card\",\"user_id\":\"UB201504091030430000000003578704\",\"res_format\":\"HTML\",\"ret_url\":\"http://115.28.171.163:7090/trusteeship_return_web/mer_bind_card\"}', '2015-04-22 14:26:25', null, null, 'sended', 'umpay', 'mer_bind_card', 'http://pay.soopay.net/spay/pay/payservice.do', 'utf-8');
INSERT INTO `trusteeship_operation` VALUES ('c79fb4171f6f4b1c86dc10e5e95a8cf9', '2015041600000011', '2015041600000011', '{\"mer_date\":\"20150416\",\"sign_type\":\"RSA\",\"notify_url\":\"http://115.28.171.163:7090/trusteeship_return_s2s/mer_recharge_person\",\"charset\":\"UTF-8\",\"order_id\":\"2015041600000011\",\"version\":\"1.0\",\"user_ip\":\"118.187.56.162\",\"amount\":\"22200\",\"sign\":\"ZhukcqYk9Kw7y6bhcuuPjcyQv+elNL8TpYOy8hHfBAPz//kMwuZdj0HSFNSI9VBQNXYS5mOHMwoHvyhDYEjeRKgyX42vh6GYkhhnbbA9CyqgL2ebLOhNRZtrZvwCJRnnsV4R9V30OmU0JdKWFKj6oMshkitNBoQQlqvPewn21vM\\u003d\",\"gate_id\":\"HXB\",\"pay_type\":\"B2CDEBITBANK\",\"mer_id\":\"7099088\",\"service\":\"mer_recharge_person\",\"user_id\":\"UB201504161636050000000003665807\",\"res_format\":\"HTML\",\"ret_url\":\"http://115.28.171.163:7090/trusteeship_return_web/mer_recharge_person\"}', '2015-04-16 16:46:45', null, null, 'sended', 'umpay', 'mer_recharge_person', 'http://pay.soopay.net/spay/pay/payservice.do', 'utf-8');
INSERT INTO `trusteeship_operation` VALUES ('c84b744b9c57427eb89966eeec22737e', '14298435741196212260200067624532', 'wll001', '{\"identity_code\":\"FaoBC1lLPy/X7yH1obLms0TeYCMkBnNUrGuBNJONP18nRoLW2zguh+3gjrWU8ctqzQVtW0lsDHYXFBaQDKzHgAHah1nr1tYr8Xk3fgcZ9qqdBIHpBXSDOxjCCkLHG8VXxbUQO24+RMQBhzZklOn3UVpTmsnAPigcaIgmdx6G1xs\\u003d\",\"mer_date\":\"20150424\",\"sign_type\":\"RSA\",\"notify_url\":\"http://115.28.171.163:7090/trusteeship_return_s2s/mer_bind_card\",\"charset\":\"UTF-8\",\"order_id\":\"14298435741196212260200067624532\",\"card_id\":\"HySyv1IwvAWzD9pThUKGJnxEgsXSJLw9li93/ylLZ7eAFRdrpMKqaiJTIg8JqK6p61u9JehrLLXZjY5CFLQVb7CamFObBuS68uQqfxy0khjA1aVFzrGCTTx6mTMpRcnwMTDSiAefd6H8QCS8t08OngLaRZ/b39uye/s9UwyMVi0\\u003d\",\"version\":\"1.0\",\"account_name\":\"Txe+Cu69XKf/0DpSSC9XnheUQ+PIMk9SVogxyjq1dUIHHl1iwHYnmhN25suOA5MorkK+064jAdVhcziCcgyg1TCn++XPYIS7sX4wExEJw634QM3n0i/gchUOGGT9PZXSs4HUdLgiJw6uAx0k3inUmLAAFh9EFTInT+9nVoQWXaw\\u003d\",\"sign\":\"lBvVZbIxVe5/QggprA0KPO+Jsb88yQNTPBmRF6RU7HJpR2JR6MgCQmtoxgkm0MJ5cWMzsSrFAcFqD40oNDhQagD/Bs97RMmIjEqg4S0SoKosumajJ/0tfaz/iohIrrkKrk6bZWwWMVs158NXVOWVBOiLoXITAcfkj4i7r0W6rbI\\u003d\",\"mer_id\":\"7099088\",\"identity_type\":\"IDENTITY_CARD\",\"service\":\"mer_bind_card\",\"user_id\":\"UB201504091030430000000003578704\",\"res_format\":\"HTML\",\"ret_url\":\"http://115.28.171.163:7090/trusteeship_return_web/mer_bind_card\"}', '2015-04-24 10:46:14', null, null, 'sended', 'umpay', 'mer_bind_card', 'http://pay.soopay.net/spay/pay/payservice.do', 'utf-8');
INSERT INTO `trusteeship_operation` VALUES ('c8d160d9b00a4443b82dfaa00b32f6cb', '14289144916756217000010031760880', 'wangxibao9', '{\"identity_code\":\"VDtkTJtyBa0ofQX8sTWer/qXlJ89dSa4iLmfc2dLzqrhrvsHRWtZlAWiDLDRUZs1QkD5/omfsqaO9lpOU8OOAfIUzC2l1T6l7HI6diLd3TNy/zdvVnvvD8Ltj6myJKwir/Hfar0AePzEUy5iFwjxqNWl2OnwjAfgo3/GWYLNZo0\\u003d\",\"mer_date\":\"20150413\",\"sign_type\":\"RSA\",\"notify_url\":\"http://115.28.171.163:7090/trusteeship_return_s2s/mer_bind_card\",\"charset\":\"UTF-8\",\"order_id\":\"14289144916756217000010031760880\",\"card_id\":\"bdX2OCVf4gCdtAtZr2Jajw9fe3Kh4dj/DmTl6tmV/bMu230TBdOJaX8y07BTACz9kGZoZVH1q8Hn+mDZHNlWY3bMszc04vdgPzQVaxP4Z9hjxI95V22LwvZMUrN+qg137G+7xZd4G4GVtgtDyT1L2JOhQ0VMcsW6P8/K0XpQ5SQ\\u003d\",\"version\":\"1.0\",\"account_name\":\"VxijxrnWtKNkosRFh9C3GoQtiQk5yZk+XRk8dXy8xP/qh5cX9Yz951NfC78u04BtBwmW1LQ4uUOE7fQRzIorabhNGkxFvsedun8qflxxpuQUMedT1ULhVMovcHhysLTBHHwwveIr6bHUsKJrU9FGTvyFKgkQajSfLYpphqOQe5M\\u003d\",\"sign\":\"iVc7He+Kpjf7QXntZkMNTfBKKLF/rNs07JTclxuEbTajHF6vHkm31bhKOHbjcf0BXkGBi3Ks/x/ANUqZcwa+hZwCnij+TfpiZHVKm+U2Z+FgRbRwDwGrLfTJ1PROMHZjyI+oJcPnguAlJQpe3O6L6iHxQULLH0v0d+/H/zIpdJk\\u003d\",\"mer_id\":\"7099088\",\"identity_type\":\"IDENTITY_CARD\",\"service\":\"mer_bind_card\",\"user_id\":\"UB201504081447010000000003571502\",\"res_format\":\"HTML\",\"ret_url\":\"http://115.28.171.163:7090/trusteeship_return_web/mer_bind_card\"}', '2015-04-13 16:41:31', null, null, 'sended', 'umpay', 'mer_bind_card', 'http://pay.soopay.net/spay/pay/payservice.do', 'utf-8');
INSERT INTO `trusteeship_operation` VALUES ('c98e30731f424971bb410c03b7119c64', '20150427000068', '20150427000068', 'charset=UTF-8&loan_user_id=UB201504161125550000000003661819&mer_id=7099088&project_amount=9000&project_expire_date=20150428&project_id=20150427000068&project_name=%E6%B5%8B%E8%AF%95%E9%80%BE%E6%9C%9F%E7%AC%AC%E4%BA%8C%E6%B3%A220150427&res_format=HTML&service=mer_bind_project&sign_type=RSA&version=1.0', '2015-04-27 18:01:34', '{sign=av0ig+Nz0GPiZWZ7cdRFszUTMMn1PQJagWjd9uA/8mo62hrKM8Zf6cIRQAzSqdgzAaM7gl4MOfJ7dGqN7mkaXESglkTXSiN2VjluAYTB1CKRpQRDYTXbIwQZLuHD9jM5MW8uCkKH5zn5mcLx9ywv+NBFwGzTnL6DMigS23a0d9U=, ret_code=0000, project_state=92, mer_check_date=20150427, mer_id=7099088, sign_type=RSA, ret_msg=操作成功, project_account_id=7099088A0000223, plain=mer_check_date=20150427&mer_id=7099088&project_account_id=7099088A0000223&project_state=92&ret_code=0000&ret_msg=操作成功&version=1.0, version=1.0}', '2015-04-27 18:01:35', 'passed', 'umpay', 'mer_bind_project', 'http://pay.soopay.net/spay/pay/payservice.do?charset=UTF-8&loan_user_id=UB201504161125550000000003661819&mer_id=7099088&project_amount=9000&project_expire_date=20150428&project_id=20150427000068&project_name=%E6%B5%8B%E8%AF%95%E9%80%BE%E6%9C%9F%E7%AC%AC%E4%BA%8C%E6%B3%A220150427&res_format=HTML&service=mer_bind_project&sign_type=RSA&version=1.0&sign=CdUiuPoYs9%2BQskyPitYEN%2FD%2FCo%2F9prfatk8TlXXsRpnPx3kfCxshCiYMt36FTuMF4oF22uUEzP%2FRzBcjghz0%2Fd5pZovgZTd3HzhaC6AsQAv2sfjq6uNVM38Gpg8PDZI4tMe0EDNW25kZQ4EizMQMp1wl01U%2F4kJqEEWOR%2F5jfFQ%3D', 'utf-8');
INSERT INTO `trusteeship_operation` VALUES ('cb6aeb167a7c42e991707ce6e89658a6', '2015041700000014', '2015041700000014', '{\"mer_date\":\"20150417\",\"sign_type\":\"RSA\",\"notify_url\":\"http://115.28.171.163:7090/trusteeship_return_s2s/mer_recharge_person\",\"charset\":\"UTF-8\",\"order_id\":\"2015041700000014\",\"version\":\"1.0\",\"user_ip\":\"118.187.56.162\",\"amount\":\"100\",\"sign\":\"IpK7NWvKx0F/1nCKNArb1Gtoo6rOq5CrtQscHh5vnlad7FY3nSxtndOk0gOw7559n91en2ETqC++PTnD24jVGxgXsFxARJQ/t4NgFNqiisarFbXnW7RNUra4DYCP7LND8jrnEAx7+6mS3tygTpqE2Gg5jQnhWQmgK0IK4mLtJTs\\u003d\",\"gate_id\":\"CITIC\",\"pay_type\":\"B2CDEBITBANK\",\"mer_id\":\"7099088\",\"service\":\"mer_recharge_person\",\"user_id\":\"UB201504161125550000000003661819\",\"res_format\":\"HTML\",\"ret_url\":\"http://115.28.171.163:7090/trusteeship_return_web/mer_recharge_person\"}', '2015-04-17 10:33:03', null, null, 'sended', 'umpay', 'mer_recharge_person', 'http://pay.soopay.net/spay/pay/payservice.do', 'utf-8');
INSERT INTO `trusteeship_operation` VALUES ('cc34f6a44b4747159e7a3b77e5f84e58', '20150416000049', '20150416000049', 'charset=UTF-8&loan_user_id=UB201504161125550000000003661819&mer_id=7099088&project_amount=10000&project_expire_date=20150419&project_id=20150416000049&project_name=%E6%A0%87%E7%9A%84bd001&res_format=HTML&service=mer_bind_project&sign_type=RSA&version=1.0', '2015-04-16 16:35:24', '{sign=K2wOKChDmjS6N5LCYdFKMG4jEtV4edOZN4hZEEg5KT7HM6HdZRTWn1fO+KYz63Xnq1suPpvZIE/ULmx2f1fhiqPon+sBt9ixRTIZmJn4Ai/EUDAYMO/oZcPsYxo4uMzkxNoENNw6MByxomu35MmpD45gwV3LEWeJjWqO7hL8IdI=, ret_code=0000, project_state=92, mer_check_date=20150416, mer_id=7099088, sign_type=RSA, ret_msg=操作成功, project_account_id=7099088A0000081, plain=mer_check_date=20150416&mer_id=7099088&project_account_id=7099088A0000081&project_state=92&ret_code=0000&ret_msg=操作成功&version=1.0, version=1.0}', '2015-04-16 16:35:24', 'passed', 'umpay', 'mer_bind_project', 'http://pay.soopay.net/spay/pay/payservice.do?charset=UTF-8&loan_user_id=UB201504161125550000000003661819&mer_id=7099088&project_amount=10000&project_expire_date=20150419&project_id=20150416000049&project_name=%E6%A0%87%E7%9A%84bd001&res_format=HTML&service=mer_bind_project&sign_type=RSA&version=1.0&sign=WIqyPiYelmgpSIjrTVwUCKbXwLmEcd8tqoVkwFdNpW1MR4V9J%2BbzgMnLHVSbuyXjCL6FDEN282vLp3NHl9DJ9t6NDtsCtdfC8xF6xP8xaxhwlU9jKfizvC1lcCfiu6Zr0nlJPKT8WRu8nnxB0Y5JrPIkRK7NbdRVUUlrF4wbFhU%3D', 'utf-8');
INSERT INTO `trusteeship_operation` VALUES ('cd8c2d1e47434a61ac6fba3e8a8d4454', '14298622902496212260200067624532', 'wll001', '{\"identity_code\":\"F/wYtCYPM2l5iTvqrOoHc3m/xyPwF+8uS6SH+zTW2o0qhBaF2qIBp0JKu35/zxAw/rQjYtoD5SsxrC4O1NAgUI9y533Wjb88x9IY3ICCFtxU4NnSiZmMnvr4RSBGjH6V1dJFDNWjW4hHvSnmH4jU+NY4CI83xckynHdNll8KHGw\\u003d\",\"mer_date\":\"20150424\",\"sign_type\":\"RSA\",\"notify_url\":\"http://115.28.171.163:7090/trusteeship_return_s2s/mer_bind_card\",\"charset\":\"UTF-8\",\"order_id\":\"14298622902496212260200067624532\",\"card_id\":\"UqnqLhyqCKeTKbDUa4eLOpeOVdBS8D45EsQ0yQY4MjmEnDbDUA5WivLinRcnmjI+xcaXTGu+psmXXRQmjnCKL4/USE0rjUYOZug5D42Ctgs8I1Dj0CrqZbACyXRCUkkftnqrZmWTBQoz+mCW+clK+NPl//4YO16f7fJuYbGajKw\\u003d\",\"version\":\"1.0\",\"account_name\":\"rbBxQYCFE0Ng6RPMaJ0p+hHtVNCcSM/Kz+6Keos1s507gV6s7GGG8ZHyAzVmkGCShTfpuEtgx1SdPm63e9aSq33kd5wl2zW5275wpcWP0uIy5IBgd0xPJwDesI9ajLm1O2H7mx79w8B+Wo7nl4G/flOWZV2hYbqj+XOOMboHl1s\\u003d\",\"sign\":\"B3e9lrLcQCWQfyLROgmY3L/T1TwItW94/RTzm6uOA2iFU8WliSIpU2dxlPCe6aipRgQvr967Z8dapYY22pqYuHNTCbcQWdOGZUHQBD8j2aSKnBGvtJ6cotBIlRYrWjPbX81kw0nnInVLz3OLylUWkUEFecJqjJrFBJI+h73cVsY\\u003d\",\"mer_id\":\"7099088\",\"identity_type\":\"IDENTITY_CARD\",\"service\":\"mer_bind_card\",\"user_id\":\"UB201504091030430000000003578704\",\"res_format\":\"HTML\",\"ret_url\":\"http://115.28.171.163:7090/trusteeship_return_web/mer_bind_card\"}', '2015-04-24 15:58:10', null, null, 'sended', 'umpay', 'mer_bind_card', 'http://pay.soopay.net/spay/pay/payservice.do', 'utf-8');
INSERT INTO `trusteeship_operation` VALUES ('cf9e23b8f97e4b22975ae888b51f2ab4', '201504140000010001', '201504140000010001', 'amount=2&charset=UTF-8&mer_date=20150414&mer_id=7099088&notify_url=http%3A%2F%2F115.28.171.163%3A7090%2Ftrusteeship_return_s2s%2F&order_id=201504140000010001&partic_acc_type=01&partic_type=01&partic_user_id=UB201504081707280000000003573277&project_id=20150414000044&res_format=HTML&ret_url=http%3A%2F%2F115.28.171.163%3A7090%2Ftrusteeship_return_web%2F&serv_type=54&service=project_transfer&sign_type=RSA&trans_action=02&version=1.0', '2015-04-14 14:35:39', '{sign=HTQjNul+KP/aENpIccBS9KH8E1iQL8mSs35b+DDF9fxiBs4pcqy6oIw0BLEX3+O432Op66Jui5/5hOew3ZL1K0gT5vV6MNeZ63BnamCHIzmVtD7YqxaCQc/93VTe9t8SyuyxQr/j2eIDR7Q6/SEe8gwBo55xwuYLAtqvYnRzS+c=, trade_no=1504145014741193, ret_code=0000, mer_date=20150414, mer_check_date=20150414, mer_id=7099088, sign_type=RSA, ret_msg=交易成功。, order_id=201504140000010001, plain=mer_check_date=20150414&mer_date=20150414&mer_id=7099088&order_id=201504140000010001&ret_code=0000&ret_msg=交易成功。&trade_no=1504145014741193&version=1.0, version=1.0}', '2015-04-14 14:35:39', 'passed', 'umpay', 'project_transfer', 'http://pay.soopay.net/spay/pay/payservice.do?amount=2&charset=UTF-8&mer_date=20150414&mer_id=7099088&notify_url=http%3A%2F%2F115.28.171.163%3A7090%2Ftrusteeship_return_s2s%2F&order_id=201504140000010001&partic_acc_type=01&partic_type=01&partic_user_id=UB201504081707280000000003573277&project_id=20150414000044&res_format=HTML&ret_url=http%3A%2F%2F115.28.171.163%3A7090%2Ftrusteeship_return_web%2F&serv_type=54&service=project_transfer&sign_type=RSA&trans_action=02&version=1.0&sign=E9Uipj89cve6VzaJetzfzdj6FjgxK32tLK79%2BM5wGYMgDXgStctpCw%2FNoT1xFpZf7b7IuLY5jn%2FNHxxAPA9HZXKBV7GLpIJXoMJ%2BGcMz5ltbUYwZG97HioLbkwHJoOHMcjI7cAnRX5npB%2BpH8MX8ZmUUDO7rlnwDb54kLpiJ3sk%3D', 'utf-8');
INSERT INTO `trusteeship_operation` VALUES ('cfc33449972e41c3b47a989895f665e0', '14292346645556225881007549453', 'zhengcong', '{\"identity_code\":\"\",\"mer_date\":\"20150417\",\"sign_type\":\"RSA\",\"notify_url\":\"http://115.28.171.163:7090/trusteeship_return_s2s/mer_bind_card\",\"charset\":\"UTF-8\",\"order_id\":\"14292346645556225881007549453\",\"card_id\":\"hDY3uPT5xl7IkECYp9z5Vm88afQ5mdTGAJEvrFkGKcoWcVKEfDL/C7n+4JvvkgAKS/GhoWFrRrt98nDjS2ugoXyKYCENu6hptMFqEzwNXql5R3CbVqIeInfLff8i4BFbectI1W7pCcUkiGTeM1kABDd1yHGcEVXCR92Y88OHDIE\\u003d\",\"version\":\"1.0\",\"account_name\":\"FZE9oh3SVPyWfJmGND3PomJ+m/VDoG8tZw1TBnsIV3UP+Y0W//rQtUrdfody636R7EFVyixsWaum2zbyeEFvb+wd29KwEkAtgbJ7yhLCEvLeacRh/1k5XxdBPmHU9JdH7YWcVWmeuxQbqVC4ZH/HusVpdKOYozwdWX3DH9vPfjE\\u003d\",\"sign\":\"bwmKgBMBLtBf/2PQvHGDJbusAcdXPR2PUO8p8mXX7PHzrXztNVzJEKECaVuVMB64tCNdv+iaogSQEMGuPTiHI1MXzmjZjONJL973ZpkVll+sQ5As7AleTPPZyDNI7a2Z3mz97bh9te6x/wINs8TmavuOgbYEZeFjt04Eize9y5M\\u003d\",\"mer_id\":\"7099088\",\"identity_type\":\"IDENTITY_CARD\",\"service\":\"mer_bind_card\",\"user_id\":\"UB201504161636050000000003665807\",\"res_format\":\"HTML\",\"ret_url\":\"http://115.28.171.163:7090/trusteeship_return_web/mer_bind_card\"}', '2015-04-17 09:37:45', null, null, 'sended', 'umpay', 'mer_bind_card', 'http://pay.soopay.net/spay/pay/payservice.do', 'utf-8');
INSERT INTO `trusteeship_operation` VALUES ('d03f9a269de34996802193106f2059a2', '2015042100000003', '2015042100000003', '{\"mer_date\":\"20150421\",\"sign_type\":\"RSA\",\"notify_url\":\"http://115.28.171.163:7090/trusteeship_return_s2s/mer_recharge_person\",\"charset\":\"UTF-8\",\"order_id\":\"2015042100000003\",\"version\":\"1.0\",\"user_ip\":\"124.200.110.58\",\"amount\":\"10000\",\"sign\":\"qYfbO1Qk5INLOPOUEUDvIYs4wZGSYrzfG4c5Lm9MseompU8GarA1nx064GWJw9oB9tbiI0fEDUo7O5RdwBl6ezpVdKygiApwBcR0EWL1n3Uixcjqg05KKnvyApY63206kiY1aLoUP8nEDfb4XiaS2zOH5q1zEDHll2spvP+1WR0\\u003d\",\"gate_id\":\"COMM\",\"pay_type\":\"B2CDEBITBANK\",\"mer_id\":\"7099088\",\"service\":\"mer_recharge_person\",\"user_id\":\"UB201504081447010000000003571502\",\"res_format\":\"HTML\",\"ret_url\":\"http://115.28.171.163:7090/trusteeship_return_web/mer_recharge_person\"}', '2015-04-21 21:18:54', null, null, 'sended', 'umpay', 'mer_recharge_person', 'http://pay.soopay.net/spay/pay/payservice.do', 'utf-8');
INSERT INTO `trusteeship_operation` VALUES ('d0af8198cb9e45618d6f2c3279a9f07e', '0220150410000035', '20150410000035', 'amount=0&charset=UTF-8&mer_date=20150410&mer_id=7099088&notify_url=http%3A%2F%2F115.28.171.163%3A7090%2Ftrusteeship_return_s2s%2F&order_id=0220150410000035&partic_acc_type=02&partic_type=03&partic_user_id=7099088&project_id=20150410000035&res_format=HTML&ret_url=http%3A%2F%2F115.28.171.163%3A7090%2Ftrusteeship_return_web%2F&serv_type=52&service=project_transfer&sign_type=RSA&trans_action=02&version=1.0', '2015-04-10 11:03:23', '{sign=jmpToDSU+G3aw2nzi+Kq2FA32xlXEPsfsFHPNnc1DZU8VsYwfBUbDxJTKfVXvXyZtapC3QMoLuu56xoX6z5niFhP0PDfwKw94cOnjAUF5Im2kKKhWZyUMl098kdUqSITBbwreBfJl/Qcx/95nq1sx90REM7cZiBrDefot6SW3sI=, ret_code=00060700, ret_msg=请求的参数[amount(0)]格式或值不正确, plain=ret_code=00060700&ret_msg=请求的参数[amount(0)]格式或值不正确}', '2015-04-10 11:03:23', 'refused', 'umpay', 'project_transfer', 'http://pay.soopay.net/spay/pay/payservice.do?amount=0&charset=UTF-8&mer_date=20150410&mer_id=7099088&notify_url=http%3A%2F%2F115.28.171.163%3A7090%2Ftrusteeship_return_s2s%2F&order_id=0220150410000035&partic_acc_type=02&partic_type=03&partic_user_id=7099088&project_id=20150410000035&res_format=HTML&ret_url=http%3A%2F%2F115.28.171.163%3A7090%2Ftrusteeship_return_web%2F&serv_type=52&service=project_transfer&sign_type=RSA&trans_action=02&version=1.0&sign=O5KXJBRf7FlhcKCBKrf%2FTxGosdHd8ffXUxzTC1gUQXJ%2Fs1g6xDVlmNLBXyA9DWK1tRATyq1AoaUGFqc%2Fl1%2Fgj8t%2FC29FArUnMoAh3QEPfgxoKgGtHXnH%2FjE6N571VVGG4RidFOgLzcLryA8TiUZJQdvmV%2BU9S7zQGoVsIj4%2BPLE%3D', 'utf-8');
INSERT INTO `trusteeship_operation` VALUES ('d2ec1bba40e447c9add505bd9db2bf1f', '2015042100000003', '2015042100000003', '{\"mer_date\":\"20150421\",\"sign_type\":\"RSA\",\"notify_url\":\"http://115.28.171.163:7090/trusteeship_return_s2s/cust_withdrawals\",\"charset\":\"UTF-8\",\"order_id\":\"2015042100000003\",\"version\":\"1.0\",\"amount\":\"5000\",\"sign\":\"SxnEQUC3OPpqiLj/ZUb8aWtr5RFB2/ROzmiybPkEeJE2BkQXGcxtW+bTkgNhLdESAS9XG0M1ZKc0AQiCln+pqdTtEqYQdkFzLm1MHZDh0YiaOFJ39E0WlKIMEsyIbmELZBK5X7SKA9tnYMNkkU4b0spQiSZqeLNfBQCdVcmr2wM\\u003d\",\"mer_id\":\"7099088\",\"service\":\"cust_withdrawals\",\"user_id\":\"UB201504161125570000000003661793\",\"res_format\":\"HTML\",\"ret_url\":\"http://115.28.171.163:7090/trusteeship_return_web/cust_withdrawals\"}', '2015-04-21 14:45:18', null, null, 'sended', 'umpay', 'cust_withdrawals', 'http://pay.soopay.net/spay/pay/payservice.do', 'utf-8');
INSERT INTO `trusteeship_operation` VALUES ('d363120230b8418b82c6028477f3d8e1', '20150427000056', '20150427000056', 'charset=UTF-8&loan_user_id=UB201504161125550000000003661819&mer_id=7099088&project_amount=10000&project_expire_date=20150522&project_id=20150427000056&project_name=single+moth+test+001&res_format=HTML&service=mer_bind_project&sign_type=RSA&version=1.0', '2015-04-27 11:36:36', '{sign=Ju2GBxoijNhoHAk/9DjjPXRDt+Qh2a59GysjgQh3utkBDUKc8ME82EiGPPs+W9Ysenvt3XM9e3XXjcflubsxeSK535OeuTUl6OaPiuAlLz0VrtIHy0goqpUplqS5aKh+nSBpcTlMnbQhfAKOC4L40f/PHZ/sjhzlA+51ffpisv8=, ret_code=0000, project_state=92, mer_check_date=20150427, mer_id=7099088, sign_type=RSA, ret_msg=操作成功, project_account_id=7099088A0000142, plain=mer_check_date=20150427&mer_id=7099088&project_account_id=7099088A0000142&project_state=92&ret_code=0000&ret_msg=操作成功&version=1.0, version=1.0}', '2015-04-27 11:36:37', 'passed', 'umpay', 'mer_bind_project', 'http://pay.soopay.net/spay/pay/payservice.do?charset=UTF-8&loan_user_id=UB201504161125550000000003661819&mer_id=7099088&project_amount=10000&project_expire_date=20150522&project_id=20150427000056&project_name=single+moth+test+001&res_format=HTML&service=mer_bind_project&sign_type=RSA&version=1.0&sign=gqbx8ado5JfI6gzh%2FWez%2Fuu9sTwYeiqlssRVnvHhMrNawJNc3eskHg6bKsIW2El7o1rJOCEbjUqRdtNCzmN0WEFzB4K6AFNAbskrRKBX68XTcjQDj%2BRsd2hGb4z3QGHcC2K79bjghOinZfiWouiSoUdGA%2BtyBVOeA9bSPqnP3QI%3D', 'utf-8');
INSERT INTO `trusteeship_operation` VALUES ('d394f21c48db495c86034399cb165d88', '14290862774136225880173032708', 'jdsb3', '{\"identity_code\":\"kwLKHkRLlYXrFR5pQymwfDwj6FeGFDu5JBCjcTMsRM7Xs0O27usziqjFrJmfx7jt7AHDsq/3nTxS3kM+QM78rEnQ+51TBlyy6Nx1lfc0KfSI17G/JESaKqW60fVaGk73yNktMqJ2KGXws1ZLqRXCCvO+NS/wjJI+lM6iuxe9P7M\\u003d\",\"mer_date\":\"20150415\",\"sign_type\":\"RSA\",\"notify_url\":\"http://115.28.171.163:7090/trusteeship_return_s2s/mer_bind_card\",\"charset\":\"UTF-8\",\"order_id\":\"14290862774136225880173032708\",\"card_id\":\"a80YqYutwkE95MrXDdWhOJxME7OffMzFVPM9rOaxRntKxP8dvvz+h2blniYUk8qZAPpNWH79ABjiNGGGkLzumHow1h+H6YGUi0iXs/GF1gSgdXQ7B+TNq0rqtdCeXNQtSkAaDQaY2jIsxhLnS/VHZDMmJqJd9lNHkvL/y26hV70\\u003d\",\"version\":\"1.0\",\"account_name\":\"f9y3daJiFw95gDQ6hY/dAUD/kEMH5vxOwVghD6yi8PEQerQjO1rN87J8X3eThHyG/17iNY59/uYoXD5/8beHhc5sYJReOO71UEnnysgASGY2bcLsPtMCBX+rx5AV8vnG9M193Fghhcz+AYvFlDpFiJexfVsZ93tkn5a5HyO7de8\\u003d\",\"sign\":\"D5qSegjTrRWfDQkj8j+1B4XpOpYv+r9uhb2acsGhEumqvCF/UtLjERclivPuQ9tTi0OkPIJeQLYtr0h0llKLld3LoWCiJxNq2JDycO3OltE6am1Mnpze/IC2P6M/2nHjhZ4QnePmpgZ2EB2guIhoH2rKoYH3KLk+SkgkV9OEsnY\\u003d\",\"mer_id\":\"7099088\",\"identity_type\":\"IDENTITY_CARD\",\"service\":\"mer_bind_card\",\"user_id\":\"UB201504131709370000000003631826\",\"res_format\":\"HTML\",\"ret_url\":\"http://115.28.171.163:7090/trusteeship_return_web/mer_bind_card\"}', '2015-04-15 16:24:37', '{sign=noeY6G3DMbqexCVcvrtB+v5zwXXXiMTT3z1acLym/8jxetbqSn2vm8rnikw3RswXo5TLIbu3v7YBoUWnEexikksvmuX2WrAoPCZADVY6ccJ0QJvxyzKapz6dy4r7J/ZiQpg0XxIRAJnSGLwV2WPShEpLOOSCQ7PFS0+mJqF/40k=, ret_code=0000, mer_date=20150415, mer_id=7099088, sign_type=RSA, service=mer_bind_card_apply_notify, ret_msg=交易成功。, user_id=UB201504131709370000000003631826, order_id=14290862774136225880173032708, version=4.0}', '2015-04-15 16:25:20', 'passed', 'umpay', 'mer_bind_card', 'http://pay.soopay.net/spay/pay/payservice.do', 'utf-8');
INSERT INTO `trusteeship_operation` VALUES ('d3d924bfd9864f6f86c9416dd227328d', '2015042100000004', '2015042100000004', '{\"mer_date\":\"20150421\",\"sign_type\":\"RSA\",\"notify_url\":\"http://115.28.171.163:7090/trusteeship_return_s2s/cust_withdrawals\",\"charset\":\"UTF-8\",\"order_id\":\"2015042100000004\",\"version\":\"1.0\",\"amount\":\"100\",\"sign\":\"U6HUP8CADOzfuKFUPSvpN/10AHWRiqxFE2PZdpHbofDjqoY9vGw+CpY+NBCqzzJEOubvpzwqi6pjMSpf8bsCUh/6yrDDIyj1oS3CC2KFykapkxZA5+1MWLkIWidJHH4Vpq5JF6XoEhY32yQo1UnoCRmVfJa7rCu9ymj1JOjugEU\\u003d\",\"mer_id\":\"7099088\",\"service\":\"cust_withdrawals\",\"user_id\":\"UB201504161125570000000003661793\",\"res_format\":\"HTML\",\"ret_url\":\"http://115.28.171.163:7090/trusteeship_return_web/cust_withdrawals\"}', '2015-04-21 14:54:16', null, null, 'sended', 'umpay', 'cust_withdrawals', 'http://pay.soopay.net/spay/pay/payservice.do', 'utf-8');
INSERT INTO `trusteeship_operation` VALUES ('d5370cf6cd4f4bf087bab95982ab7b42', '2015042100000001', '2015042100000001', '{\"mer_date\":\"20150421\",\"sign_type\":\"RSA\",\"notify_url\":\"http://115.28.171.163:7090/trusteeship_return_s2s/mer_recharge_person\",\"charset\":\"UTF-8\",\"order_id\":\"2015042100000001\",\"version\":\"1.0\",\"user_ip\":\"124.205.229.26\",\"amount\":\"1100\",\"sign\":\"hkMhDckDtGsSipyfBCm4QGPYKZsrfqU28tjwGX5NYPE6pkP/acmA/8lKuQ36GlO6cPZ17WgSTKcfUgzHBcEcdTGtOf13xPCDwEeXOIuvGe8A0qucqbZJxUgNQj1jOMXvGNaWNBS9fdfWhkI+OQLHET+ta2IEwYgHzSqloxvyT+E\\u003d\",\"gate_id\":\"BCCB\",\"pay_type\":\"B2CDEBITBANK\",\"mer_id\":\"7099088\",\"service\":\"mer_recharge_person\",\"user_id\":\"UB201504161125570000000003661793\",\"res_format\":\"HTML\",\"ret_url\":\"http://115.28.171.163:7090/trusteeship_return_web/mer_recharge_person\"}', '2015-04-21 15:23:42', null, null, 'sended', 'umpay', 'mer_recharge_person', 'http://pay.soopay.net/spay/pay/payservice.do', 'utf-8');
INSERT INTO `trusteeship_operation` VALUES ('d7134356a66449759e3b5b9b29efbe7f', '20150409000027', '20150409000027', 'charset=UTF-8&loan_user_id=UB201504091030430000000003578704&mer_id=7099088&project_amount=100000&project_expire_date=20150410&project_id=20150409000027&project_name=%E5%AE%9A%E5%90%91%E6%A0%87&res_format=HTML&service=mer_bind_project&sign_type=RSA&version=1.0', '2015-04-09 11:24:07', '{sign=H56+veFxsVrPQN/LoxpV1L1X5v/8BQFF615E3CEkNNaIhL/uMol0UyTSEkoNh0vQ0kb1+H25PAsCIyzpDmpJ78mzMWmlF0Qvw+awVhoQg88ZLGIk9jAMKoHJYxUfE82cIYbZH1QxP08RgK3NA5+07s2PwooPmJT34hsWHISMfVs=, ret_code=0000, project_state=92, mer_check_date=20150409, mer_id=7099088, sign_type=RSA, ret_msg=操作成功, project_account_id=7099088A0000001, plain=mer_check_date=20150409&mer_id=7099088&project_account_id=7099088A0000001&project_state=92&ret_code=0000&ret_msg=操作成功&version=1.0, version=1.0}', '2015-04-09 11:24:08', 'passed', 'umpay', 'mer_bind_project', 'http://pay.soopay.net/spay/pay/payservice.do?charset=UTF-8&loan_user_id=UB201504091030430000000003578704&mer_id=7099088&project_amount=100000&project_expire_date=20150410&project_id=20150409000027&project_name=%E5%AE%9A%E5%90%91%E6%A0%87&res_format=HTML&service=mer_bind_project&sign_type=RSA&version=1.0&sign=rEp4BEJCazQgiJ2xm7W7hYGTmrtI%2BqhckWHHsu2o1sPUFiGPRmlI6vWc66UEi3XI51pqgmdaRj%2BhhgpBA6Zi0MamRdLmXoU8ggVMvbGQ1c23y1Wwh0aHKd%2FfOaZq3enHcaa2cU1%2BoobVpDT4wAVsG1GESm84BMgWpayTFxu4GF8%3D', 'utf-8');
INSERT INTO `trusteeship_operation` VALUES ('d825d3192217472899f84f7ca38ee8b5', '14295850648566212260200067624532', 'wll001', '{\"identity_code\":\"KJuiLq00og19ci98BT12co8Mi+NN5XzAqLbc/JKPeOjUHZfvWjYdNfozZ6P6KHM1+VcfUwfaPMFbmSTaGLvErGDIl46rJZdfSs3gwDyNGD/QH8PpMGvKqoC2pOwtDOhblvQFDZ+kN2B4PKJ+bX8UmMrCJiFVjQcE9A5l5q01ISY\\u003d\",\"mer_date\":\"20150421\",\"sign_type\":\"RSA\",\"notify_url\":\"http://115.28.171.163:7090/trusteeship_return_s2s/mer_bind_card\",\"charset\":\"UTF-8\",\"order_id\":\"14295850648566212260200067624532\",\"card_id\":\"RcRqIPZ7eK2aHh1KK6l54QT2ssEe29hMgo+nHYYvugrTu7DUE/JFz5XXVxank8W+B7mImeSWdIv1LdAiWz32B8q34QKNe747ihVwAwNj3XPPPgsnPW4sQYaEW2VGwaOxhgW8YZkB7tQOiUtQi2J5AO0eyAqEDI51v2legsXHXM0\\u003d\",\"version\":\"1.0\",\"account_name\":\"tWvN5ePOrmSbJVT2vGN+P1vCj1/8FUUQ2IKhvV/5LY1TPeezaprQkbkJk03GAOlqWv5F/jzrtztsdXoOBY8Ntlq7avxsYRLIxDHROfa0c3o26tQiAxYGLLRFZhevpkL+23dJjjnAhr3s18Bf9UcAE/MSoZwdrTiqPnP3+v+CIN8\\u003d\",\"sign\":\"q+Dg79AjAUy0D+4jWJqXyv+ZQbwIHqI/bmK6j2wm7AotDXs1REqY/qvSKEEApx/QTVsYrJI/LTJjBFdeGHrqhwAJPSYxJnVFhAnlvLCZ8/BKIxSIL3wmImopKkeRjjeZIKou5O6W0vrgQ/vnPSJnQd8Q8clzMJaLBx8eYgAh5QE\\u003d\",\"mer_id\":\"7099088\",\"identity_type\":\"IDENTITY_CARD\",\"service\":\"mer_bind_card\",\"user_id\":\"UB201504091030430000000003578704\",\"res_format\":\"HTML\",\"ret_url\":\"http://115.28.171.163:7090/trusteeship_return_web/mer_bind_card\"}', '2015-04-21 10:57:44', null, null, 'sended', 'umpay', 'mer_bind_card', 'http://pay.soopay.net/spay/pay/payservice.do', 'utf-8');
INSERT INTO `trusteeship_operation` VALUES ('d87458f4cdce4df3b6e6e24f2121712a', '2015042300000022', '2015042300000022', '{\"mer_date\":\"20150423\",\"sign_type\":\"RSA\",\"notify_url\":\"http://115.28.171.163:7090/trusteeship_return_s2s/mer_recharge_person\",\"charset\":\"UTF-8\",\"order_id\":\"2015042300000022\",\"version\":\"1.0\",\"user_ip\":\"124.200.110.58\",\"amount\":\"100\",\"sign\":\"IRXw2xfsUga0LDkq/X4xkXVfemLS6AvwL3X/8klmOeQre6c3kdFpi8/LFYf7L8mQdEvk5wph6h17WJ1HU24Q/tybXXpi7TBmBjNvWONXJO2wOT5jErbRkE5fEbjFhEIiVUta7JL7q/cnNMWwMJ40EDefgxrWfOSBGW1DCgb2lbc\\u003d\",\"gate_id\":\"BJBANK\",\"pay_type\":\"B2CDEBITBANK\",\"mer_id\":\"7099088\",\"service\":\"mer_recharge_person\",\"user_id\":\"UB201504081447010000000003571502\",\"res_format\":\"HTML\",\"ret_url\":\"http://115.28.171.163:7090/trusteeship_return_web/mer_recharge_person\"}', '2015-04-23 21:34:19', null, null, 'sended', 'umpay', 'mer_recharge_person', 'http://pay.soopay.net/spay/pay/payservice.do', 'utf-8');
INSERT INTO `trusteeship_operation` VALUES ('d8a3d8cb412545ce933774e3fd622418', '2015041700000002', '2015041700000002', '{\"mer_date\":\"20150417\",\"sign_type\":\"RSA\",\"notify_url\":\"http://115.28.171.163:7090/trusteeship_return_s2s/mer_recharge_person\",\"charset\":\"UTF-8\",\"order_id\":\"2015041700000002\",\"version\":\"1.0\",\"user_ip\":\"118.187.56.162\",\"amount\":\"10000\",\"sign\":\"f4LIf3Fs6FKPC1+d1Ea1sbNUHLRFNqw+wDY6lL0LQY60VqNtQB9NrI9HL2eVISW3sMH8RMzqoIPU8rgzDau0m3lqgPst6oI8ishIGhu1ohNprf25KyW2ZzHupHqWeuk1PjQZ7SmdfZndnoVefm6JtPsSb746kORkXsQwMJZXHTw\\u003d\",\"gate_id\":\"CMB\",\"pay_type\":\"B2CDEBITBANK\",\"mer_id\":\"7099088\",\"service\":\"mer_recharge_person\",\"user_id\":\"UB201504161636050000000003665807\",\"res_format\":\"HTML\",\"ret_url\":\"http://115.28.171.163:7090/trusteeship_return_web/mer_recharge_person\"}', '2015-04-17 09:48:06', null, null, 'sended', 'umpay', 'mer_recharge_person', 'http://pay.soopay.net/spay/pay/payservice.do', 'utf-8');
INSERT INTO `trusteeship_operation` VALUES ('d919af7f89c9400dbbd7c34b209f6366', '201504140000440001', '20150414000044', 'amount=0&charset=UTF-8&mer_date=20150414&mer_id=7099088&notify_url=http%3A%2F%2F115.28.171.163%3A7090%2Ftrusteeship_return_s2s%2F&order_id=201504140000440001&partic_acc_type=02&partic_type=03&partic_user_id=7099088&project_id=20150414000044&res_format=HTML&ret_url=http%3A%2F%2F115.28.171.163%3A7090%2Ftrusteeship_return_web%2F&serv_type=52&service=project_transfer&sign_type=RSA&trans_action=02&version=1.0', '2015-04-14 14:35:39', '{sign=jmpToDSU+G3aw2nzi+Kq2FA32xlXEPsfsFHPNnc1DZU8VsYwfBUbDxJTKfVXvXyZtapC3QMoLuu56xoX6z5niFhP0PDfwKw94cOnjAUF5Im2kKKhWZyUMl098kdUqSITBbwreBfJl/Qcx/95nq1sx90REM7cZiBrDefot6SW3sI=, ret_code=00060700, ret_msg=请求的参数[amount(0)]格式或值不正确, plain=ret_code=00060700&ret_msg=请求的参数[amount(0)]格式或值不正确}', '2015-04-14 14:35:40', 'refused', 'umpay', 'project_transfer', 'http://pay.soopay.net/spay/pay/payservice.do?amount=0&charset=UTF-8&mer_date=20150414&mer_id=7099088&notify_url=http%3A%2F%2F115.28.171.163%3A7090%2Ftrusteeship_return_s2s%2F&order_id=201504140000440001&partic_acc_type=02&partic_type=03&partic_user_id=7099088&project_id=20150414000044&res_format=HTML&ret_url=http%3A%2F%2F115.28.171.163%3A7090%2Ftrusteeship_return_web%2F&serv_type=52&service=project_transfer&sign_type=RSA&trans_action=02&version=1.0&sign=F4%2FpdFSn%2BQDk0kVmkewnB5S6mE1HhkZdS2nYJN9JH5i9Ctvb%2FbLqREdaaRLsTt1f0gE0H6KiAcH5wMVCgQ1a3d7cVNHQenLhtkp4G6ySJ%2FHAz0ZbeYlQr1bVCNyWNaDbZMRQPibPjZ1sgo295EhHo9Fpi2%2B5rs8GVc89yd0N9x0%3D', 'utf-8');
INSERT INTO `trusteeship_operation` VALUES ('d95ec81495554ac1ab8d9f06ce2eb59e', '2015041700000020', '2015041700000020', '{\"mer_date\":\"20150417\",\"sign_type\":\"RSA\",\"notify_url\":\"http://115.28.171.163:7090/trusteeship_return_s2s/mer_recharge_person\",\"charset\":\"UTF-8\",\"order_id\":\"2015041700000020\",\"version\":\"1.0\",\"user_ip\":\"118.187.56.162\",\"amount\":\"5000\",\"sign\":\"gnuRqlS8LVN+J05xx84a/Af5s7Zq4EUX7KYks9H8S+3l6qNOn2YGiFnp0bMXw/uCFARxBX4LuAb+/m3cOF2lG46/5dUmWvmyUJ1T/XA8Jlhd5BCm4SgGNnbT8yItju7A2cZpYBpCu0VaEjHqm1c2Mg5xTq0SuBX5P83LNAQRZic\\u003d\",\"gate_id\":\"CEB\",\"pay_type\":\"B2CDEBITBANK\",\"mer_id\":\"7099088\",\"service\":\"mer_recharge_person\",\"user_id\":\"UB201504161500160000000003664503\",\"res_format\":\"HTML\",\"ret_url\":\"http://115.28.171.163:7090/trusteeship_return_web/mer_recharge_person\"}', '2015-04-17 13:54:57', null, null, 'sended', 'umpay', 'mer_recharge_person', 'http://pay.soopay.net/spay/pay/payservice.do', 'utf-8');
INSERT INTO `trusteeship_operation` VALUES ('d9d3aaa3802f4e25850a8731b9b49e02', '14291797524106212260200067624532', 'wll001', '{\"identity_code\":\"Lnr5tdqvurktOMamqa/lik+zd6EDfWBOcTgpfyDxElTqin/IdU0m1MAgRb6snb+j86qNuJDF7Xerf85uYCwzwMqGiGx04umpBQEnNvRNWhmxQFmjG7mkYSn/ylg9QEIc5WJLOu1EcIUc174c6cAYmL4huIOAMusfCAOUKCFdSf8\\u003d\",\"mer_date\":\"20150416\",\"sign_type\":\"RSA\",\"notify_url\":\"http://115.28.171.163:7090/trusteeship_return_s2s/mer_bind_card\",\"charset\":\"UTF-8\",\"order_id\":\"14291797524106212260200067624532\",\"card_id\":\"OutDKzUiNBy3TXpojf3BmOakZOXcanaI8C8+W02iF8xP1DkAxQXLWJs5FpGS5naIhdSOQG6kXC2z52Y+hQUH+jy0nPlizEXjMcQvFX2wCesg0ZRXBJL/hpGmyzuN/BVSkTwhqjXzzxB6X/cKnl/X/Cr7XDxj+xCfPwyr5wDQ7uQ\\u003d\",\"version\":\"1.0\",\"account_name\":\"vPkSfUZtS8mjW2WQcUYR3t53ZgN8kxJSwT2OUFjr1TTQ2UvWBagt9TkzT6ufN9SIq0R5CYAn5B6SUvBSYRwJh8wH9frxw9Xm+F7WysnkPOElGm5K3u/C5vgaK4y3JBb3r8VnvXWU46gdZ0TsHrg4jCtt8nSOeUT9xGcr4dY4YY4\\u003d\",\"sign\":\"HTnv9ac6hmXKJIy++KDCr+5Oqv8PNxYhvuMz4vend5pRIA81kO9kvxmtpxPwBqmQBIQ441n1VxbYpOyy/gjCT8xM3Meanh28zVSn8utVXK4Hz8mxPwwwBgeZDqvZGsXmj9x5SLsH5cfF2ogPvdCYa8fpzkZL1o4/FW3QWdPK8k4\\u003d\",\"mer_id\":\"7099088\",\"identity_type\":\"IDENTITY_CARD\",\"service\":\"mer_bind_card\",\"user_id\":\"UB201504091030430000000003578704\",\"res_format\":\"HTML\",\"ret_url\":\"http://115.28.171.163:7090/trusteeship_return_web/mer_bind_card\"}', '2015-04-16 18:22:32', null, null, 'sended', 'umpay', 'mer_bind_card', 'http://pay.soopay.net/spay/pay/payservice.do', 'utf-8');
INSERT INTO `trusteeship_operation` VALUES ('dbff16b7297e4ee29b4acd454eef531e', '2015041700000003', '2015041700000003', '{\"mer_date\":\"20150417\",\"sign_type\":\"RSA\",\"notify_url\":\"http://115.28.171.163:7090/trusteeship_return_s2s/cust_withdrawals\",\"charset\":\"UTF-8\",\"order_id\":\"2015041700000003\",\"version\":\"1.0\",\"amount\":\"5000\",\"sign\":\"qGfih10w//oO2nfXe1Ap+r02EHrk7gAF7IkCusTiByJexrwW4L153VEgjSR9thf70GBckdJtmTGhlSpY/I343vvy1v8g+zxpl2KBwZaILEB0nhawHdFh6gMTPEA0AlRzILNjR9vU9JFKzpAMgA+cpqD6eMq6n17ZIJKsnewLPzo\\u003d\",\"mer_id\":\"7099088\",\"service\":\"cust_withdrawals\",\"user_id\":\"UB201504161636050000000003665807\",\"res_format\":\"HTML\",\"ret_url\":\"http://115.28.171.163:7090/trusteeship_return_web/cust_withdrawals\"}', '2015-04-17 11:22:27', '{trade_no=1504171123350583, mer_date=20150417, trade_state=4, sign_type=RSA, ret_msg=交易成功, order_id=2015041700000003, version=4.0, amount=5000, sign=iynccpfaoFWt/re3gb90WF2M0HDPHYP1c7JIKMvwrxDQI0D8fsyyPhxQT/hpDHe7G7riiKjIJYRGvt8JuQ//ksVdqzaW1GOPuOgN8LFKyIg6gy2cNuKB/vygRqhkHjIeNkDzCgWj+qTcV4w/TXzmet4AwV7xVSGackUM62Q9vs4=, transfer_settle_date=20150417, ret_code=0000, mer_id=7099088, transfer_date=20150417}', '2015-04-17 14:15:11', 'passed', 'umpay', 'cust_withdrawals', 'http://pay.soopay.net/spay/pay/payservice.do', 'utf-8');
INSERT INTO `trusteeship_operation` VALUES ('dc5f2e02745d4bd2ad79c6ca1086c142', '2015042100005100011429945484073', '201504210000510001', '{\"mer_date\":\"20150425\",\"sign_type\":\"RSA\",\"notify_url\":\"http://115.28.171.163:7090/trusteeship_return_s2s/project_transfer_overdue_repay\",\"charset\":\"UTF-8\",\"order_id\":\"2015042100005100011429945484073\",\"version\":\"1.0\",\"amount\":\"9058\",\"sign\":\"fBNpJiC6YEAh0U3MXUU3pSopXnzcTK1DBiY2vryPP3xY9TD4uy79aIqKkaOnh17CvjvTrJs+1p359OlASLwe+ZubDXipAZQ5XCqj7yfLNgdhFXK8S5zsi6m/SC7NfqSQxTrTpwJJoAeQqfVdLq6bB7QNUzV3cHVa+o3mnjgXCcU\\u003d\",\"partic_type\":\"02\",\"serv_type\":\"03\",\"partic_user_id\":\"UB201504161125550000000003661819\",\"mer_id\":\"7099088\",\"project_id\":\"20150421000051\",\"partic_acc_type\":\"01\",\"service\":\"project_transfer\",\"trans_action\":\"01\",\"res_format\":\"HTML\",\"ret_url\":\"http://115.28.171.163:7090/trusteeship_return_web/project_transfer_overdue_repay\"}', '2015-04-25 15:04:44', null, null, 'sended', 'umpay', 'project_transfer_overdue_repay', 'http://pay.soopay.net/spay/pay/payservice.do', 'utf-8');
INSERT INTO `trusteeship_operation` VALUES ('dcd15aca9b0740f2b6d675c8a90d658b', '14292391674256222800011071010402', 'zhengcong', '{\"identity_code\":\"\",\"mer_date\":\"20150417\",\"sign_type\":\"RSA\",\"notify_url\":\"http://115.28.171.163:7090/trusteeship_return_s2s/mer_bind_card\",\"charset\":\"UTF-8\",\"order_id\":\"14292391674256222800011071010402\",\"card_id\":\"DwogB2Nrg4gB69WWb0L64aYiis39BV3VFOZybgy/wZDeA2P7pq0bvS7CM2VqG8XHJkrdAd9eKY8aMYTYCbJP/CvnCkqXGj+PE/ZDY9yPGl83V4fEjQJkTeZXdbg2hqzRdGr9OBtdIfAllu5RHjOyG3K8cqbPa2ulkN4C2VIRkHc\\u003d\",\"version\":\"1.0\",\"account_name\":\"RD/37/VVv3hsg80QCERPLDgPIQ/2bzdSuLyXslAVvAP3TfwUrpehQ3uXUZs7ocJJp9GT++NVLBQ9O8a6AKHYu89BTQXtoUS9LUtitOxjhNfaNhrmvdGwJR+C2L+7aSF/ILNEoZE8ubKMAiVXZteCgiGcHMWyYzK/IyMkX/Jsvhg\\u003d\",\"sign\":\"CZBW50YnhnMKfxouWDY5exeDcGsyVxqTIhbz1jZByYvERCBOyz0yRz6nw1Ewi+U8X79+mYXJPv4YogxnIW0doDS2beJ7Y1NeO8YayoHzGcmzLluFg5WWOuK9A/0wHtLstjjBjullKviMtxOOPSie+MxxXfJu8R7YPiuO/Vwtgb8\\u003d\",\"mer_id\":\"7099088\",\"identity_type\":\"IDENTITY_CARD\",\"service\":\"mer_bind_card\",\"user_id\":\"UB201504161636050000000003665807\",\"res_format\":\"HTML\",\"ret_url\":\"http://115.28.171.163:7090/trusteeship_return_web/mer_bind_card\"}', '2015-04-17 10:52:47', null, null, 'sended', 'umpay', 'mer_bind_card', 'http://pay.soopay.net/spay/pay/payservice.do', 'utf-8');
INSERT INTO `trusteeship_operation` VALUES ('dd2f45fd6b7a4fcfa555231059a2ca07', '2015042300000016', '2015042300000016', '{\"mer_date\":\"20150423\",\"sign_type\":\"RSA\",\"notify_url\":\"http://115.28.171.163:7090/trusteeship_return_s2s/mer_recharge_person\",\"charset\":\"UTF-8\",\"order_id\":\"2015042300000016\",\"version\":\"1.0\",\"user_ip\":\"124.200.110.58\",\"amount\":\"200\",\"sign\":\"i+cwqAEiE4Af136SkWJtH7laahyTsQWI2WKyp0YoHHzvBV40SpZP3DBRBstfKqm2izXvVbOsiwEhNbpnPYCgncsDCGWslY10FphlycMlKTovREGExK4gDj23QaQy+Kn4b93J1qjo7jUhc8IT9GKUSi8IUpA8hy5KwPOz374Vim0\\u003d\",\"gate_id\":\"BOC\",\"pay_type\":\"B2CDEBITBANK\",\"mer_id\":\"7099088\",\"service\":\"mer_recharge_person\",\"user_id\":\"UB201504081447010000000003571502\",\"res_format\":\"HTML\",\"ret_url\":\"http://115.28.171.163:7090/trusteeship_return_web/mer_recharge_person\"}', '2015-04-23 21:08:08', null, null, 'sended', 'umpay', 'mer_recharge_person', 'http://pay.soopay.net/spay/pay/payservice.do', 'utf-8');
INSERT INTO `trusteeship_operation` VALUES ('de635d5897af40abb20e56b4e41d54e9', '201504270000661430128603318', '20150427000066', 'amount=0&charset=UTF-8&mer_date=20150427&mer_id=7099088&notify_url=http%3A%2F%2F115.28.171.163%3A7090%2Ftrusteeship_return_s2s%2F&order_id=201504270000661430128603318&partic_acc_type=02&partic_type=03&partic_user_id=7099088&project_id=20150427000066&res_format=HTML&ret_url=http%3A%2F%2F115.28.171.163%3A7090%2Ftrusteeship_return_web%2F&serv_type=52&service=project_transfer&sign_type=RSA&trans_action=02&version=1.0', '2015-04-27 17:56:43', '{sign=jmpToDSU+G3aw2nzi+Kq2FA32xlXEPsfsFHPNnc1DZU8VsYwfBUbDxJTKfVXvXyZtapC3QMoLuu56xoX6z5niFhP0PDfwKw94cOnjAUF5Im2kKKhWZyUMl098kdUqSITBbwreBfJl/Qcx/95nq1sx90REM7cZiBrDefot6SW3sI=, ret_code=00060700, ret_msg=请求的参数[amount(0)]格式或值不正确, plain=ret_code=00060700&ret_msg=请求的参数[amount(0)]格式或值不正确}', '2015-04-27 17:56:43', 'refused', 'umpay', 'project_transfer', 'http://pay.soopay.net/spay/pay/payservice.do?amount=0&charset=UTF-8&mer_date=20150427&mer_id=7099088&notify_url=http%3A%2F%2F115.28.171.163%3A7090%2Ftrusteeship_return_s2s%2F&order_id=201504270000661430128603318&partic_acc_type=02&partic_type=03&partic_user_id=7099088&project_id=20150427000066&res_format=HTML&ret_url=http%3A%2F%2F115.28.171.163%3A7090%2Ftrusteeship_return_web%2F&serv_type=52&service=project_transfer&sign_type=RSA&trans_action=02&version=1.0&sign=dlbDXYNcKr0HXFsPddpZhA5xq%2BVNuqfKHDSEVU86iQuI5%2FX0ov5u3v0KFcC0d2nDcuNXjrracuOLM4lSACyE34x2xgXKymkAOBJdgVc0L4zVwEm2EgbIok%2F9thmfBmnAu9l2kDNyAZTRKaGP05EOmkx5VhdtwQFnsFCqAkZcxfk%3D', 'utf-8');
INSERT INTO `trusteeship_operation` VALUES ('de9a9cf194224d5ea119c1f7cdd63f56', '20150416000003', '20150416000003', '{\"mer_date\":\"20150416\",\"sign_type\":\"RSA\",\"notify_url\":\"http://115.28.171.163:7090/trusteeship_return_s2s/project_transfer_invest\",\"charset\":\"UTF-8\",\"order_id\":\"20150416000003\",\"version\":\"1.0\",\"amount\":\"5000\",\"sign\":\"P+2VwtIe9wfml/KUcKb2aoft465hro1juNt/x920+QHdSB9Yh/wYt0QmVrSln/8TAZsynzEoB2FLy+bIchOwlulLKbpZWM+DfC6BooN/ARI9Vb5/qERlHH/1m4W16EguRxwhUKxLHfKgyBI15h14y8lTJKgnQaw/c0yeem9BsLY\\u003d\",\"partic_type\":\"01\",\"serv_type\":\"01\",\"partic_user_id\":\"UB201504161125550000000003661819\",\"mer_id\":\"7099088\",\"project_id\":\"20150409000031\",\"partic_acc_type\":\"01\",\"service\":\"project_transfer\",\"trans_action\":\"01\",\"res_format\":\"HTML\",\"ret_url\":\"http://115.28.171.163:7090/trusteeship_return_web/project_transfer_invest\"}', '2015-04-16 14:09:32', null, null, 'sended', 'umpay', 'project_transfer_invest', 'http://pay.soopay.net/spay/pay/payservice.do', 'utf-8');
INSERT INTO `trusteeship_operation` VALUES ('debe2c00400d438e968abb1742b820b5', '14298619343236212260200067624532', 'wll001', '{\"identity_code\":\"aHspcXIK5v6eWTsV+CooRe65AtxgffnBxR+SnsrxgFWjozVjKhVTpC0OF9DCRifa45pRNDHgQC5yV1peYXwz9GOF6fnMTafKFZN6EbTc+x7m0QSAUBuqUbZ1mK508CNign8PYkDWYlCx/6FWH//5HSTaqECNdn1ujJbIP1p1Hb8\\u003d\",\"mer_date\":\"20150424\",\"sign_type\":\"RSA\",\"notify_url\":\"http://115.28.171.163:7090/trusteeship_return_s2s/mer_bind_card\",\"charset\":\"UTF-8\",\"order_id\":\"14298619343236212260200067624532\",\"card_id\":\"rWbqR67Ljt5jdhGXhWXypq+gDbTXQyew6SbYQchhKm2In96zniVG/tBXKVjBLIVhotHJNgOHmt3ZTarEF/nl24d3N/o3pZZ5hPDHD3hibyGGgwC+QJUNGO5BHxpPmQzjkDOZmU4bY62ggCuoUSKvyRMbJ0lRjUGS+IwA0GJK0B4\\u003d\",\"version\":\"1.0\",\"account_name\":\"vp54IIQdPa+X1MV2W8tkDMHX1Zz5tambiTZ+hL5BXuS0jMNfeNspuoUctgnD+H4YdANSQd4pvD5C2DfJfc/3zrjiPT1j2Xy8IrCg8MQNriZANEpchCIv0SfPUzb6xgOBpCoThDaLGBIzBoa2ttcDpyYz0z66vcpdL0F1YSQRBjY\\u003d\",\"sign\":\"PhZy1hpfrCvlFRua2+QkYiXmxc3J9HLJpLh9UWUGAGqSn2fHhzLWjymmQSyO53AqGpPnrikyqpW7hqvmwU1vVv9H9ltyoh/8FILuoix8LDfGTuoBFptiCTpJ4JTlF6mh1zWhV05WuBxsYMa7O5uN/tI06k9usVQDcs59T9VIcUM\\u003d\",\"mer_id\":\"7099088\",\"identity_type\":\"IDENTITY_CARD\",\"service\":\"mer_bind_card\",\"user_id\":\"UB201504091030430000000003578704\",\"res_format\":\"HTML\",\"ret_url\":\"http://115.28.171.163:7090/trusteeship_return_web/mer_bind_card\"}', '2015-04-24 15:52:14', null, null, 'sended', 'umpay', 'mer_bind_card', 'http://pay.soopay.net/spay/pay/payservice.do', 'utf-8');
INSERT INTO `trusteeship_operation` VALUES ('dec8eb5f53ba4723a55c68cca1319eb9', '2015041600000003', '2015041600000003', '{\"mer_date\":\"20150416\",\"sign_type\":\"RSA\",\"notify_url\":\"http://115.28.171.163:7090/trusteeship_return_s2s/mer_recharge_person\",\"charset\":\"UTF-8\",\"order_id\":\"2015041600000003\",\"version\":\"1.0\",\"user_ip\":\"118.187.56.162\",\"amount\":\"20000\",\"sign\":\"dmOBdGIF5zer2pmX5g2dy9LkPT9oiLmyihosnh6o3BBSaqZ02JKbKWpE0Omlkb8rgkWFvxQ+5Qc6S+hzoF4cgvcOzkw0dKCpkihofVch3cf3ti8eRDcD8E1k9fTyUfk2vi5eNZcPB8Zsi1Z+ibeKbAixHVqfore8xhpeVgIL3/0\\u003d\",\"gate_id\":\"CMB\",\"pay_type\":\"B2CDEBITBANK\",\"mer_id\":\"7099088\",\"service\":\"mer_recharge_person\",\"user_id\":\"UB201504161125570000000003661793\",\"res_format\":\"HTML\",\"ret_url\":\"http://115.28.171.163:7090/trusteeship_return_web/mer_recharge_person\"}', '2015-04-16 15:13:32', '{trade_no=1504161513326414, mer_date=20150416, sign_type=RSA, ret_msg=充值成功, com_amt=0, order_id=2015041600000003, version=4.0, sign=S6VKZrcAyZKbL64DGo7twV/P8Sc4fW8yGCS2cy2tBUzCz1VWXqOGvNKtTqZ15LVnDv9y9UvAFBvze7eCEMLu5SWy4M5bCTvHSD44/twBbYR9+3rVSjyYjyUWFVAS4EPXjsIzi4oM0tHiGBaQZmg13cyNJ2Z2vaW/wQfTxD1JZ1Y=, balance=00000000020000, ret_code=0000, mer_check_date=20150416, mer_id=7099088, service=recharge_notify}', '2015-04-16 15:19:23', 'passed', 'umpay', 'mer_recharge_person', 'http://pay.soopay.net/spay/pay/payservice.do', 'utf-8');
INSERT INTO `trusteeship_operation` VALUES ('dedb7822eaaa438ba7dca370f421d04d', '2015041000000004', '2015041000000004', '{\"mer_date\":\"20150410\",\"sign_type\":\"RSA\",\"notify_url\":\"http://115.28.171.163:7090/trusteeship_return_s2s/mer_recharge_person\",\"charset\":\"UTF-8\",\"order_id\":\"2015041000000004\",\"version\":\"1.0\",\"user_ip\":\"124.200.110.58\",\"amount\":\"400\",\"sign\":\"siyjpU9jkm/n6wEbWdBzxvYzrYR/GzEqjXkxUaJMoFdk4e0l+J8gJVHoSwuXYrqJL5/adj1vxoxT3hm8oj0A6U8wpZwJFQjHxos+7m1VmM7UUv2Igchlfcdk+CfV4+1bbV+uTTfSJW7Sr+I6Kol3mkcavsATZe5Yd6HvzSR9iwo\\u003d\",\"gate_id\":\"CCB\",\"pay_type\":\"B2CDEBITBANK\",\"mer_id\":\"7099088\",\"service\":\"mer_recharge_person\",\"user_id\":\"UB201504081707280000000003573277\",\"res_format\":\"HTML\",\"ret_url\":\"http://115.28.171.163:7090/trusteeship_return_web/mer_recharge_person\"}', '2015-04-10 11:06:13', '{trade_no=1504101106146175, mer_date=20150410, sign_type=RSA, ret_msg=充值成功, com_amt=0, order_id=2015041000000004, version=4.0, sign=TGvSZp1+lXRFps69bcz/wt4Uvxftn41fhVg4P6g2iFljmNH+XTCIxYbUv9Gs4NooCA9NdEpZ5a3ZjgrIO/nSiRoEDMyGi5RU+EvAqAS64vkpB2sOcuaKTH5Jsl6cPtx1U8CbCeljAGMbTZakIwP/+g6XaEv4u1Nc5mW8YOjV4PI=, balance=000000000000000400, ret_code=0000, mer_check_date=20150410, mer_id=7099088, service=recharge_notify}', '2015-04-10 11:07:32', 'passed', 'umpay', 'mer_recharge_person', 'http://pay.soopay.net/spay/pay/payservice.do', 'utf-8');
INSERT INTO `trusteeship_operation` VALUES ('dfac004fc82548acab0b2938f12c52ff', '2015041700000001', '2015041700000001', '{\"mer_date\":\"20150417\",\"sign_type\":\"RSA\",\"notify_url\":\"http://115.28.171.163:7090/trusteeship_return_s2s/mer_recharge_person\",\"charset\":\"UTF-8\",\"order_id\":\"2015041700000001\",\"version\":\"1.0\",\"user_ip\":\"118.187.56.162\",\"amount\":\"10000\",\"sign\":\"hzKAmVu7LqPJ4pCEVOyXdOOe+xlELmndLL79Wve36qq8EloEo6N5OBQDSjnfzPyw85d8bivo96a8yPZVo0o4iXTRlveChU+U9jawla6rabgy2V6DI/kpVxOXCLLmtL9xg8QI2p9e6SxtPqX3Gmt2+H9iQ//UY+euWo6JxbWl/PA\\u003d\",\"gate_id\":\"CMB\",\"pay_type\":\"B2CDEBITBANK\",\"mer_id\":\"7099088\",\"service\":\"mer_recharge_person\",\"user_id\":\"UB201504161636050000000003665807\",\"res_format\":\"HTML\",\"ret_url\":\"http://115.28.171.163:7090/trusteeship_return_web/mer_recharge_person\"}', '2015-04-17 09:43:59', null, null, 'sended', 'umpay', 'mer_recharge_person', 'http://pay.soopay.net/spay/pay/payservice.do', 'utf-8');
INSERT INTO `trusteeship_operation` VALUES ('e03a3e2c50ec45e58c586fbb7316b340', '1429597954236', 'zhengcong', '{\"identity_code\":\"oaxHuj6D2GJJGWVYTi9XUKY2rJS6O6ZlHtOsGoBdzU0/15p6B0agWSKXEWhne2MmTV1OgV7X4yODfOTwXU4nUfCX87vjkzibV8tCioc5bJTC+BdFOcXnVy+qqwfECvmzFeUkwRjlqWVwzeccrw55X3C7mYMDaTJKgVHtC3/bZcs\\u003d\",\"mer_date\":\"20150421\",\"sign_type\":\"RSA\",\"notify_url\":\"http://115.28.171.163:7090/trusteeship_return_s2s/mer_bind_card\",\"charset\":\"UTF-8\",\"order_id\":\"1429597954236\",\"card_id\":\"\",\"version\":\"1.0\",\"account_name\":\"IBzMGy0SuqElavEaa+3ew65dxXtHCr43PhCCaTFdFZVRCguMDf7n9mFxWUUZGuyg8NqNR8lk7wAwCvtvhqGFk4ld3XZTE57/Ljz4e7yAweJWwfgYfcSURRRGDgBpJMQEkvJSR8d9HlJ3x9kgv/bt4TVqxzZiiEoIwE2YMXiplh4\\u003d\",\"sign\":\"mSqsRRMYov36vL3auZdTT9RB+zNBYmTACUa94iU8rXe/Y6hlMMmxxQ1jcJ8HCaFG5BH+ra3ZB5CuaHgOQK532BSS+alYIYeN16mWGX/0cL2eb2+o/0y5Kv/Q+SlRj1DRmJ7p1CSURWc+tQPyw9EeZ+qnx46tu71dZPj0vDPPLAw\\u003d\",\"mer_id\":\"7099088\",\"identity_type\":\"IDENTITY_CARD\",\"service\":\"mer_bind_card\",\"user_id\":\"UB201504161636050000000003665807\",\"res_format\":\"HTML\",\"ret_url\":\"http://115.28.171.163:7090/trusteeship_return_web/mer_bind_card\"}', '2015-04-21 14:32:34', null, null, 'sended', 'umpay', 'mer_bind_card', 'http://pay.soopay.net/spay/pay/payservice.do', 'utf-8');
INSERT INTO `trusteeship_operation` VALUES ('e1037da3e76d4886affda13a957c6a1e', '20150427000012', '20150427000012', '{\"mer_date\":\"20150427\",\"sign_type\":\"RSA\",\"notify_url\":\"http://115.28.171.163:7090/trusteeship_return_s2s/project_transfer_invest\",\"charset\":\"UTF-8\",\"order_id\":\"20150427000012\",\"version\":\"1.0\",\"amount\":\"3000\",\"sign\":\"UOX0MbaIGXPzkKuzDTIJ1E10Iytuwekm36fUgi++Asnr3Em6l6594YQLcM3FANfH97QcgEY5wA3Opf9pgDspr3g07h4vCa/RdgvozGsq0CPyA7wEootXz5zDXZK8zdCHKHSzl/r9zicgrP6uEu3sjm+PapLr2EKILNcC3NU28QM\\u003d\",\"partic_type\":\"01\",\"serv_type\":\"01\",\"partic_user_id\":\"UB201504161636050000000003665807\",\"mer_id\":\"7099088\",\"project_id\":\"20150427000064\",\"partic_acc_type\":\"01\",\"service\":\"project_transfer\",\"trans_action\":\"01\",\"res_format\":\"HTML\",\"ret_url\":\"http://115.28.171.163:7090/trusteeship_return_web/project_transfer_invest\"}', '2015-04-27 17:22:50', '{sign=AMIImWnwQU3LwSgNvwS2cNkwqk/eC66bQhHItRJA7GZU2iW2jg8D+yPQ7eVpduOKuf7oYy27yoGh78zg7zmSFlC1+DHUX6tH8+A7a/2UfWc2IWLv4PrAgQfUIumH3a7YK/J8SCMSr59cslMmzpKb/O+Om6WxqXYYcUUwr5Opj2U=, trade_no=1504275017134193, ret_code=0000, mer_date=20150427, mer_id=7099088, mer_check_date=20150427, sign_type=RSA, service=project_tranfer_notify, ret_msg=交易成功。, order_id=20150427000012, version=4.0}', '2015-04-27 17:23:48', 'passed', 'umpay', 'project_transfer_invest', 'http://pay.soopay.net/spay/pay/payservice.do', 'utf-8');
INSERT INTO `trusteeship_operation` VALUES ('e1284a4107074b92a5b2ee6c2dc4a83d', '20150421000003', '20150421000003', '{\"mer_date\":\"20150421\",\"sign_type\":\"RSA\",\"notify_url\":\"http://115.28.171.163:7090/trusteeship_return_s2s/project_transfer_invest\",\"charset\":\"UTF-8\",\"order_id\":\"20150421000003\",\"version\":\"1.0\",\"amount\":\"6000\",\"sign\":\"GR+ewJitmwCesX5PYXPQAda9fy3nhnLnOrCXmcBWY08bWti/rZq6Nfr28KqhEs8aQFjJJDyQt8NGpApGUAvBqxxZa1cs8+IpA8uyIjIawhp5+0Kr0EnBS0rkH4YGIXyjC4muTo1jKwNfCIFy/+9wAoDhqdX/Ss5lgR2TMwyHOs0\\u003d\",\"partic_type\":\"01\",\"serv_type\":\"01\",\"partic_user_id\":\"UB201504161125570000000003661793\",\"mer_id\":\"7099088\",\"project_id\":\"20150421000051\",\"partic_acc_type\":\"01\",\"service\":\"project_transfer\",\"trans_action\":\"01\",\"res_format\":\"HTML\",\"ret_url\":\"http://115.28.171.163:7090/trusteeship_return_web/project_transfer_invest\"}', '2015-04-21 17:35:09', null, null, 'sended', 'umpay', 'project_transfer_invest', 'http://pay.soopay.net/spay/pay/payservice.do', 'utf-8');
INSERT INTO `trusteeship_operation` VALUES ('e1fef9af198248308a36ee73469b26d9', '2015041700000019', '2015041700000019', '{\"mer_date\":\"20150417\",\"sign_type\":\"RSA\",\"notify_url\":\"http://115.28.171.163:7090/trusteeship_return_s2s/mer_recharge_person\",\"charset\":\"UTF-8\",\"order_id\":\"2015041700000019\",\"version\":\"1.0\",\"user_ip\":\"118.187.56.162\",\"amount\":\"1000\",\"sign\":\"Xc4YvOLxhcWVf1KdYry0RJTcgC5xWh9cqgwlU/yLwSzHukL20xg+CbGR/6MuBqDyLBMQMVnWWrdZy4yUBvRmHt84ysg/eSrqc0hwZz07KxI1RlyxvrOmbm3d9JIeMY4zkWPnKFaXO2Mo4bLHFL4otp1hnVCwiRxfhPE1fUDI3tQ\\u003d\",\"gate_id\":\"CMB\",\"pay_type\":\"B2CDEBITBANK\",\"mer_id\":\"7099088\",\"service\":\"mer_recharge_person\",\"user_id\":\"UB201504161125550000000003661819\",\"res_format\":\"HTML\",\"ret_url\":\"http://115.28.171.163:7090/trusteeship_return_web/mer_recharge_person\"}', '2015-04-17 13:23:11', '{trade_no=1504171323119035, mer_date=20150417, sign_type=RSA, ret_msg=充值成功, com_amt=0, order_id=2015041700000019, version=4.0, sign=Zi4ZWXXzyoJonvah/XNRUdg8EnQRHCEryDAf3ANVRA1E3oN5bdEqqA7AnU7pmpp521PLnaYD2zvOULvarql7quyIz9R7RVJ+4f2+lITF2muZNl9CZzYCMoVKU5usEwP1IbXX3LGqAq2m+tX/zTmx58tuUlbynd73mUtQN03ssdg=, balance=000000000000001000, ret_code=0000, mer_check_date=20150417, mer_id=7099088, service=recharge_notify}', '2015-04-17 13:25:52', 'passed', 'umpay', 'mer_recharge_person', 'http://pay.soopay.net/spay/pay/payservice.do', 'utf-8');
INSERT INTO `trusteeship_operation` VALUES ('e2197b4abb474f8fa32f52b4e83c98b3', '2015041700000004', '2015041700000004', '{\"mer_date\":\"20150417\",\"sign_type\":\"RSA\",\"notify_url\":\"http://115.28.171.163:7090/trusteeship_return_s2s/mer_recharge_person\",\"charset\":\"UTF-8\",\"order_id\":\"2015041700000004\",\"version\":\"1.0\",\"user_ip\":\"118.187.56.162\",\"amount\":\"10000\",\"sign\":\"ANgvrpE2jrmoqg5hxn/Mc96IiyC3fUqj+eRcdrY7BAW7k/y734etszEDVNGdmwiuDKGxVdjYEcESikcnAadhDdXS2CXl3KJLcB0TnnFn9wD4RhPSqL/Hp81sQv2+m8iKWX08cEksRNPu/EV7FRjUoZH3uXdYJX6T7txYDHgiMY4\\u003d\",\"gate_id\":\"CMB\",\"pay_type\":\"B2CDEBITBANK\",\"mer_id\":\"7099088\",\"service\":\"mer_recharge_person\",\"user_id\":\"UB201504161636050000000003665807\",\"res_format\":\"HTML\",\"ret_url\":\"http://115.28.171.163:7090/trusteeship_return_web/mer_recharge_person\"}', '2015-04-17 10:24:16', null, null, 'sended', 'umpay', 'mer_recharge_person', 'http://pay.soopay.net/spay/pay/payservice.do', 'utf-8');
INSERT INTO `trusteeship_operation` VALUES ('e21a8f6948ed48cdb8571c5a8786f5a9', '20150422000052', '20150422000052', 'charset=UTF-8&loan_user_id=UB201504161125550000000003661819&mer_id=7099088&project_amount=10000&project_expire_date=20150423&project_id=20150422000052&project_name=abc_sl_01&res_format=HTML&service=mer_bind_project&sign_type=RSA&version=1.0', '2015-04-22 14:35:57', '{sign=aXLlFbfgiLlAohu9YM5nQXCvT5otY1OUsXgY7s2zy/P7Op9Ap9tvGMwUJQ2WUCDXYWlafPagoq4oHBG+vnmGeAPhIVuZu+tEPh4oNwpgKu7Par6Hx0jJOYmFHbTbJEnuFPd+d6uE+UvL55BQsYDdpod/K5a9NfMl7xuAxLPKjBk=, ret_code=0000, project_state=92, mer_check_date=20150422, mer_id=7099088, sign_type=RSA, ret_msg=操作成功, project_account_id=7099088A0000140, plain=mer_check_date=20150422&mer_id=7099088&project_account_id=7099088A0000140&project_state=92&ret_code=0000&ret_msg=操作成功&version=1.0, version=1.0}', '2015-04-22 14:35:57', 'passed', 'umpay', 'mer_bind_project', 'http://pay.soopay.net/spay/pay/payservice.do?charset=UTF-8&loan_user_id=UB201504161125550000000003661819&mer_id=7099088&project_amount=10000&project_expire_date=20150423&project_id=20150422000052&project_name=abc_sl_01&res_format=HTML&service=mer_bind_project&sign_type=RSA&version=1.0&sign=Lj8q%2FVhiHOCyyvZCJEesY8XN15VrpHgZVPnf9geHXJMwi4MhgsdRsB89o7msOvGp7k1IJnfDjMcI7yMqzo4xxsnfUxRIFypiJ2EdwsSuZ9%2B4aImJaotp4PzEfx2%2FZi%2B0mKOGKdt1AeSEDVKJj9oOOWQ389lpLg2piO7c3Ke2%2BSg%3D', 'utf-8');
INSERT INTO `trusteeship_operation` VALUES ('e3330bf6b8764029acc9234fb981fddb', '2015042300000001', '2015042300000001', '{\"mer_date\":\"20150423\",\"sign_type\":\"RSA\",\"notify_url\":\"http://115.28.171.163:7090/trusteeship_return_s2s/mer_recharge_person\",\"charset\":\"UTF-8\",\"order_id\":\"2015042300000001\",\"version\":\"1.0\",\"user_ip\":\"124.200.110.58\",\"amount\":\"100\",\"sign\":\"IzG1YE0nz+umFwXsZCPs5fGT+cGCbSksQEbQ2N+dxlN8S9d9JLDaqzwOwkAKpkoDhICVYpIRbsWlunOeLfvS+unhZOjUo2LthNwUR4ro9doh64Z93A3RFVA6tfscm83lhcV8bFcOiIoSOWQsSKBb4n+imXh05FWg0j/nqz33P8g\\u003d\",\"gate_id\":\"ABC\",\"pay_type\":\"B2CDEBITBANK\",\"mer_id\":\"7099088\",\"service\":\"mer_recharge_person\",\"user_id\":\"UB201504081447010000000003571502\",\"res_format\":\"HTML\",\"ret_url\":\"http://115.28.171.163:7090/trusteeship_return_web/mer_recharge_person\"}', '2015-04-23 20:30:14', null, null, 'sended', 'umpay', 'mer_recharge_person', 'http://pay.soopay.net/spay/pay/payservice.do', 'utf-8');
INSERT INTO `trusteeship_operation` VALUES ('e37813da73af4abf90a45d8b28f15b8c', '1429176055706123212312132212', 'zhengcong', '{\"identity_code\":\"\",\"mer_date\":\"20150416\",\"sign_type\":\"RSA\",\"notify_url\":\"http://115.28.171.163:7090/trusteeship_return_s2s/mer_bind_card\",\"charset\":\"UTF-8\",\"order_id\":\"1429176055706123212312132212\",\"card_id\":\"NOz0lKYvWUwqRGp+Uem0HVwZB2Xed0dT+hQgpVrdcURM5zmuH3fGJ+7JmcmIDdEc0eNt9hpKI+MlPCUQ3LJVhNd8QvwoIK6NKX0USI0e+ofI+p7CqTC8n0Udw2rgOivsbLSlEv9eICRb+S4WsUr6SD1or0kWDXxUEsvZ6x14d84\\u003d\",\"version\":\"1.0\",\"account_name\":\"l3aDgdxKrkec1ai3/M2Mdp5PX6MCRgsTJBPdxr1AwxJGERTzgPUSq9G64eeV9gUmq7O4KQz1rXVSwk/+jIo9k2OcoaTSkMromlUwbig5cVQbnAPfTp0OQ2QQ0cLiiucNr+CyF9g0uLoBfO6jJESq+e6yPcyaB1lD7bqLsrWQsnA\\u003d\",\"sign\":\"TgImF8wJkEl+tmIIqSn9As3uE1uUfUTOF+Ddu7PfwEPEqN1mFEg0P6FFfNTXzLh/rZmnM8c/ZYBKHRtvVIcw3lyIIQr8KZhzBOELl99u/9efmfxdgGc4lp7jtRKeMolw4y+bCC4ASGahb5O0HWfqsL4mMUTz98jXear5OIVWXcM\\u003d\",\"mer_id\":\"7099088\",\"identity_type\":\"IDENTITY_CARD\",\"service\":\"mer_bind_card\",\"user_id\":\"UB201504161636050000000003665807\",\"res_format\":\"HTML\",\"ret_url\":\"http://115.28.171.163:7090/trusteeship_return_web/mer_bind_card\"}', '2015-04-16 17:20:55', null, null, 'sended', 'umpay', 'mer_bind_card', 'http://pay.soopay.net/spay/pay/payservice.do', 'utf-8');
INSERT INTO `trusteeship_operation` VALUES ('e5f014212d634c02af2d6fa1f06b0394', '20150416000001', '20150416000001', '{\"mer_date\":\"20150416\",\"sign_type\":\"RSA\",\"notify_url\":\"http://115.28.171.163:7090/trusteeship_return_s2s/project_transfer_invest\",\"charset\":\"UTF-8\",\"order_id\":\"20150416000001\",\"version\":\"1.0\",\"amount\":\"10000\",\"sign\":\"JFH3feQoHoBB8Qk8rJqa228dvEbqY/DZts+hyBUJKlahSracK/zNP5Khnac2PYRESLZq2uHfwhlcGJfMBxTFN86R5oAn+z8fsFTp/Q4mo3I1BnJlB78rGkAeqB3aQ45bbh34EmqifsjzXlSKhHnhoHkjnvQRW/h8Y110mR04S7s\\u003d\",\"partic_type\":\"01\",\"serv_type\":\"01\",\"partic_user_id\":\"UB201504161125550000000003661819\",\"mer_id\":\"7099088\",\"project_id\":\"20150416000047\",\"partic_acc_type\":\"01\",\"service\":\"project_transfer\",\"trans_action\":\"01\",\"res_format\":\"HTML\",\"ret_url\":\"http://115.28.171.163:7090/trusteeship_return_web/project_transfer_invest\"}', '2015-04-16 11:38:14', null, null, 'sended', 'umpay', 'project_transfer_invest', 'http://pay.soopay.net/spay/pay/payservice.do', 'utf-8');
INSERT INTO `trusteeship_operation` VALUES ('e826f6b57809430088661763a2491f27', '14298444819396217710701871956', 'wll001', '{\"identity_code\":\"BgvHyvN//0HQlbEqzPSYhlcMa6b1hcLH3nIpdqqqlLJjQi3y8Sxr4W3CpoS65PcL8vAgjVggCO+H8xJ2iiJnHepsWlXrE1dmGs43czkNn9ixvwwHCCTp8htYLf/b2y9Fv8vGv1zOFBhR9qOXXzKmHjGcyPEPYgR5kpWLq1ZwglE\\u003d\",\"mer_date\":\"20150424\",\"sign_type\":\"RSA\",\"notify_url\":\"http://115.28.171.163:7090/trusteeship_return_s2s/mer_bind_card\",\"charset\":\"UTF-8\",\"order_id\":\"14298444819396217710701871956\",\"card_id\":\"M3PdbegtMErd8EtmmgFBfBIJ17K2AXEuhMnJuBSUBydtenNFvwxYkxxD5BNyaz+OGHr7VHTWC8GmnDQ7i/yuE6YpZGEolPNDH5geOjTzRq9uGbJp5q57m4RJQ1ybFLiQ+MgCVFSZiWnEKobj3lFGZVYW6EYvnGHbZr/O/GM8s3o\\u003d\",\"version\":\"1.0\",\"account_name\":\"vZXncl1ov/InzceK/+kjoutG1BKxQM8dy8zdRE/BLj3yWkpVM50dEp0rpc1KebNRaOeLu80leKXLrcsfFq4Nkxgp6Pj3n7ST5xpK0Kz45RAnjoh+VBoHCTKXhaf6d+m436bvsNWdgxYYndjl1b2kfNRv9r670EPP7aw9hwdLZcs\\u003d\",\"sign\":\"SYisWMcQhMYs8v2AIAZxfYsG1RLil7MRhZaMYtYO8NrnSmshiVbUUDgIJGqBpTit83wMu9+aPV2JYreSJHziuAexhRfMqfSB2PUAwaWxX9YfvXRFnw/nDNzq+wUQKM/Ag9yw5jh46raPE5bKyINl6/2Eq2HTIU6Rl50WP7nSgLI\\u003d\",\"mer_id\":\"7099088\",\"identity_type\":\"IDENTITY_CARD\",\"service\":\"mer_bind_card\",\"user_id\":\"UB201504091030430000000003578704\",\"res_format\":\"HTML\",\"ret_url\":\"http://115.28.171.163:7090/trusteeship_return_web/mer_bind_card\"}', '2015-04-24 11:01:21', null, null, 'sended', 'umpay', 'mer_bind_card', 'http://pay.soopay.net/spay/pay/payservice.do', 'utf-8');
INSERT INTO `trusteeship_operation` VALUES ('e86524e5c743455fb9daf1720be6f587', '2015042400000004', '2015042400000004', '{\"mer_date\":\"20150424\",\"sign_type\":\"RSA\",\"notify_url\":\"http://115.28.171.163:7090/trusteeship_return_s2s/cust_withdrawals\",\"charset\":\"UTF-8\",\"order_id\":\"2015042400000004\",\"version\":\"1.0\",\"amount\":\"100\",\"sign\":\"SGjc1s5QXfem0ZBb8c0+UoPUNuVeCh3cxbB9+M0VoBRr25uRDLv9eZc/XGbnJx/Ohws7WjOqONwvsB76U8rx+xUWLy8W+srSlzmgaWOItGVIKIEu5KRMGGNG+qYNrec6KmQHv48Ko4fJuMHyXwUirXg98asmw0Y//mhtVgcz8fE\\u003d\",\"mer_id\":\"7099088\",\"service\":\"cust_withdrawals\",\"user_id\":\"UB201504161125550000000003661819\",\"res_format\":\"HTML\",\"ret_url\":\"http://115.28.171.163:7090/trusteeship_return_web/cust_withdrawals\"}', '2015-04-24 17:55:09', null, null, 'sended', 'umpay', 'cust_withdrawals', 'http://pay.soopay.net/spay/pay/payservice.do', 'utf-8');
INSERT INTO `trusteeship_operation` VALUES ('e87e7ead269a4078b0883b23423c8cb8', '2015042700000002', '2015042700000002', '{\"mer_date\":\"20150427\",\"sign_type\":\"RSA\",\"notify_url\":\"http://115.28.171.163:7090/trusteeship_return_s2s/mer_recharge_person\",\"charset\":\"UTF-8\",\"order_id\":\"2015042700000002\",\"version\":\"1.0\",\"user_ip\":\"118.187.56.162\",\"amount\":\"12300\",\"sign\":\"TA4Ispz7YeRlxu/RDee/DfTqFJ2kcei7eB7m64YBTf7qSwDbocBFcsORA56GTx0DrUOGunhyV+3ydFOjyhLo78Q8KqWkSUPJy6ifJbg+1S9jz77z7jbH7H3kiXXXa6TJECgsS+C5/qRiw5sbqjpwG9Jukst9dEmSpiPgiIRWWv4\\u003d\",\"gate_id\":\"BJBANK\",\"pay_type\":\"B2CDEBITBANK\",\"mer_id\":\"7099088\",\"service\":\"mer_recharge_person\",\"user_id\":\"UB201504161125570000000003661793\",\"res_format\":\"HTML\",\"ret_url\":\"http://115.28.171.163:7090/trusteeship_return_web/mer_recharge_person\"}', '2015-04-27 11:37:10', null, null, 'sended', 'umpay', 'mer_recharge_person', 'http://pay.soopay.net/spay/pay/payservice.do', 'utf-8');
INSERT INTO `trusteeship_operation` VALUES ('e8d8656eacb84eeb9a16ded077dcdc4b', '2015041000003500011428896031592', '201504100000350001', '{\"mer_date\":\"20150413\",\"sign_type\":\"RSA\",\"notify_url\":\"http://115.28.171.163:7090/trusteeship_return_s2s/project_transfer_normal_repay\",\"charset\":\"UTF-8\",\"order_id\":\"2015041000003500011428896031592\",\"version\":\"1.0\",\"amount\":\"21\",\"sign\":\"LBLfMF2L5dOLjf6EUXI0X2kNu7iimHcbWi1hYcVi1ED1LqPWzJD+JmaKrBoK4r920dKguV4jSS00FuaIFFz+DDHjtmquOv8eTCRhYSmESL4yjBXbZUmOAks8Mjfl0ie/RBejUdTSS+XJehuHR6Pf/0jHNfeXqFRdEtnzv0mThqI\\u003d\",\"partic_type\":\"02\",\"serv_type\":\"03\",\"partic_user_id\":\"UB201504081737010000000003573522\",\"mer_id\":\"7099088\",\"project_id\":\"20150410000035\",\"partic_acc_type\":\"01\",\"service\":\"project_transfer\",\"trans_action\":\"01\",\"res_format\":\"HTML\",\"ret_url\":\"http://115.28.171.163:7090/trusteeship_return_web/project_transfer_normal_repay\"}', '2015-04-13 11:33:51', null, null, 'sended', 'umpay', 'project_transfer_normal_repay', 'http://pay.soopay.net/spay/pay/payservice.do', 'utf-8');
INSERT INTO `trusteeship_operation` VALUES ('e901edb376924d12909e07727cd710eb', '14289157321446225880173032708', 'jdsb1', '{\"identity_code\":\"U9XAaFbRwVOCg+qimgDjpWst6Yoc8jqG3JDKpsuoG6BiruJltkyKvoq8HyXQAB8DF3OP9LTEw/cJkglG2WOlVGr9hvTrWKUArc1164E2/wxrLpotgD2eLyTDAUxX93URzoeaOm8IxD1Hv+jzwlgnJlMOT9x7eKBG/7GnBQdZtdc\\u003d\",\"mer_date\":\"20150413\",\"sign_type\":\"RSA\",\"notify_url\":\"http://115.28.171.163:7090/trusteeship_return_s2s/mer_bind_card\",\"charset\":\"UTF-8\",\"order_id\":\"14289157321446225880173032708\",\"card_id\":\"qImmKZIeHCH6KerCBsQ10eOX9AN9EZe5j2/wxXkyiGS37n/z1qu9slYa/2PNgSXQMT+qEfcImZlpigPEgf2/meDgOUGUNZIUS7rxQVUjZJ6FQE1KnTMa4WAWU35X1fuEnQmVmK0Sv1qygUTMxTHlCz/Pp1grEDUCpNLXKYheZOg\\u003d\",\"version\":\"1.0\",\"account_name\":\"mNslvXB93PLIszME1QCXztA76Hl+RDAgibDKPA5wNiXUNAV4NR4FpKutX05mHTgUlukVhClj9a3skpzdWAfO/pHHcKM2TZwA2/llBtFoIg9GYw+eLZ65fTqlcVDy6XrMAGyVIVT11AaCsNBkBDT/nZz/n0Sgiq+ua0FA+r+Kymo\\u003d\",\"sign\":\"HDmIex15KITHL7wxLZX8j9+9/9kgjT3ttTzULNzJhWDZz3hMBNV8ij6EXuAfo67l8QJ/MZmYnDR6LQWatlk789Y3JbxeHgW5jck74S3yO0YEudyWiJUYwaDTE3Z8rU9eqIT7yOjOAVxPGZnPsH8N7TBUruUvy6ZXkewzIGtt7zU\\u003d\",\"mer_id\":\"7099088\",\"identity_type\":\"IDENTITY_CARD\",\"service\":\"mer_bind_card\",\"user_id\":\"UB201504081707280000000003573277\",\"res_format\":\"HTML\",\"ret_url\":\"http://115.28.171.163:7090/trusteeship_return_web/mer_bind_card\"}', '2015-04-13 17:02:12', null, null, 'sended', 'umpay', 'mer_bind_card', 'http://pay.soopay.net/spay/pay/payservice.do', 'utf-8');
INSERT INTO `trusteeship_operation` VALUES ('e96c326023784766b6639a224fbb5a16', '2015041700000008', '2015041700000008', '{\"mer_date\":\"20150417\",\"sign_type\":\"RSA\",\"notify_url\":\"http://115.28.171.163:7090/trusteeship_return_s2s/mer_recharge_person\",\"charset\":\"UTF-8\",\"order_id\":\"2015041700000008\",\"version\":\"1.0\",\"user_ip\":\"118.187.56.162\",\"amount\":\"24500\",\"sign\":\"N/Wz1gDBgT+ebRGI7oaE6Z3grEc7yNZM7Qn79Lr9bfh7Oiurg3LRe2JIkNmXDbV2QhBWeybKJsUQBLF6U8OIucvDmDz87ptzU/Nz1bQPXf/4LHUMt9IJcX46qRc57gzqDqe5jrwJPsZpuQeWNEl69yo90yMQ5RHLpZMbsd4ceYA\\u003d\",\"gate_id\":\"CMB\",\"pay_type\":\"B2CDEBITBANK\",\"mer_id\":\"7099088\",\"service\":\"mer_recharge_person\",\"user_id\":\"UB201504161636050000000003665807\",\"res_format\":\"HTML\",\"ret_url\":\"http://115.28.171.163:7090/trusteeship_return_web/mer_recharge_person\"}', '2015-04-17 10:30:07', null, null, 'sended', 'umpay', 'mer_recharge_person', 'http://pay.soopay.net/spay/pay/payservice.do', 'utf-8');
INSERT INTO `trusteeship_operation` VALUES ('e9cc1d9ea4b54927b7a59770e522b796', '0120150427000066', '20150427000066', 'amount=8900&charset=UTF-8&mer_date=20150427&mer_id=7099088&notify_url=http%3A%2F%2F115.28.171.163%3A7090%2Ftrusteeship_return_s2s%2Fproject_transfer_give_money_to_borrower&order_id=0120150427000066&partic_acc_type=01&partic_type=02&partic_user_id=UB201504161125550000000003661819&project_id=20150427000066&res_format=HTML&ret_url=http%3A%2F%2F115.28.171.163%3A7090%2Ftrusteeship_return_web%2Fproject_transfer_give_money_to_borrower&serv_type=53&service=project_transfer&sign_type=RSA&trans_action=02&version=1.0', '2015-04-27 17:44:42', '{sign=GpQkm2CWlm7LjqPk1VaWDdhd9TWzoX0jBZEVY2rQItg4oHDSna8YmV7DgTQuARrghnIMEckYNCZMfHAdQXlvcodYF9/KvRTKR3vuaM2BjhPehDfLXpFN22xz9rtqLWD88lkb06LpTNX6Z1mtVedsFchviwhw97hNhDQlM3sqDaY=, trade_no=1504275017134963, ret_code=0000, mer_date=20150427, mer_check_date=20150427, mer_id=7099088, sign_type=RSA, ret_msg=交易成功。, order_id=0120150427000066, plain=mer_check_date=20150427&mer_date=20150427&mer_id=7099088&order_id=0120150427000066&ret_code=0000&ret_msg=交易成功。&trade_no=1504275017134963&version=1.0, version=1.0}', '2015-04-27 17:44:42', 'passed', 'umpay', 'project_transfer_give_money_to_borrower', 'http://pay.soopay.net/spay/pay/payservice.do?amount=8900&charset=UTF-8&mer_date=20150427&mer_id=7099088&notify_url=http%3A%2F%2F115.28.171.163%3A7090%2Ftrusteeship_return_s2s%2Fproject_transfer_give_money_to_borrower&order_id=0120150427000066&partic_acc_type=01&partic_type=02&partic_user_id=UB201504161125550000000003661819&project_id=20150427000066&res_format=HTML&ret_url=http%3A%2F%2F115.28.171.163%3A7090%2Ftrusteeship_return_web%2Fproject_transfer_give_money_to_borrower&serv_type=53&service=project_transfer&sign_type=RSA&trans_action=02&version=1.0&sign=VFRgqk5lrWhWdTzJ%2B%2FucHv2Q64HDdApuzA%2Bhfy35rLF6t0kAZ896N2hDNqt9eM4BZqdjt3XJiOHwHG32wxvHWQ67Y9Kb1FUU56QPPtl8vtkSXHbXlHuwYsH99WnKz6zXQLCevBcMYWwmHbYAxYLnQydArLJirL46ciTsNCIE5%2Fs%3D', 'utf-8');
INSERT INTO `trusteeship_operation` VALUES ('e9e575519d584208bf23441ecd1de2e7', '20150427000010', '20150427000010', '{\"mer_date\":\"20150427\",\"sign_type\":\"RSA\",\"notify_url\":\"http://115.28.171.163:7090/trusteeship_return_s2s/project_transfer_invest\",\"charset\":\"UTF-8\",\"order_id\":\"20150427000010\",\"version\":\"1.0\",\"amount\":\"2500\",\"sign\":\"HXKKyHya3GzYKVKxx9GDBj6Tba55KAeN+6TDEBGvXauUXBdx8+RP2gMGoPTK2lhrR5KzZjVUsmGvvw+GjH8e6HV7zLFePYY4MA1YZFWxQk2fQ7qyyy0e0B5aDOVS0jwROjBct4NQDUdhsmJyBexQVSmrF7PE0frPkCpKAAoYbmw\\u003d\",\"partic_type\":\"01\",\"serv_type\":\"01\",\"partic_user_id\":\"UB201504161636050000000003665807\",\"mer_id\":\"7099088\",\"project_id\":\"20150427000061\",\"partic_acc_type\":\"01\",\"service\":\"project_transfer\",\"trans_action\":\"01\",\"res_format\":\"HTML\",\"ret_url\":\"http://115.28.171.163:7090/trusteeship_return_web/project_transfer_invest\"}', '2015-04-27 16:30:57', '{sign=HQtXKjVTwR/xRcfGmm4iqJY1UUl+ePtVTaabi4RPItpQeGXBiVTjNHwEChsALprTdgAu0StvRz/oldr/2QOr16yn1jg63FbyU7iUxnL+njwh6wyV01g5HGOC7yY8eWTSYNRJ31defY70Pe11nana/s1htlfSjaLR1lr0KSSKN/o=, trade_no=1504275017127203, ret_code=0000, mer_date=20150427, mer_id=7099088, mer_check_date=20150427, sign_type=RSA, service=project_tranfer_notify, ret_msg=交易成功。, order_id=20150427000010, version=4.0}', '2015-04-27 16:31:32', 'passed', 'umpay', 'project_transfer_invest', 'http://pay.soopay.net/spay/pay/payservice.do', 'utf-8');
INSERT INTO `trusteeship_operation` VALUES ('eab3885854644653aad2b3b5b2beac83', '2015042100000002', '2015042100000002', '{\"mer_date\":\"20150421\",\"sign_type\":\"RSA\",\"notify_url\":\"http://115.28.171.163:7090/trusteeship_return_s2s/cust_withdrawals\",\"charset\":\"UTF-8\",\"order_id\":\"2015042100000002\",\"version\":\"1.0\",\"amount\":\"5000\",\"sign\":\"jKJHe8r0S6609C7096gykNBJIF9tyMwkKcG5B5WwFMMVxXbZTKeQe5mDBCkrWd126mK9OOcmxT7RVu6TqANms/hA47/5wrvYLGfbKYpOlw+lfP4Y2pjl7ANuroe9h3c+udCPO+lfGSqvSnrSMQroYBxienwlZzI/XUUhlhO/8og\\u003d\",\"mer_id\":\"7099088\",\"service\":\"cust_withdrawals\",\"user_id\":\"UB201504161125570000000003661793\",\"res_format\":\"HTML\",\"ret_url\":\"http://115.28.171.163:7090/trusteeship_return_web/cust_withdrawals\"}', '2015-04-21 14:42:11', null, null, 'sended', 'umpay', 'cust_withdrawals', 'http://pay.soopay.net/spay/pay/payservice.do', 'utf-8');
INSERT INTO `trusteeship_operation` VALUES ('ebdb96afbaef4fa487f8e9a7945db254', '14296839962946212260200067624532', 'wll001', '{\"identity_code\":\"fo9zHthbjbdm0oHB+botfCxa4vJGihnwih6oYL4ZHlmLszw8e+O2edSr38MJQYQ90E/w01YYtEksC/rcAEeK7sej6ix/8MnCtPANFgSfHxFol06/USRRW+HHLfIXWNsKuDi04u2SxdLye9RcFz5Bp5hl8t/GacG5DVkCYYAcymk\\u003d\",\"mer_date\":\"20150422\",\"sign_type\":\"RSA\",\"notify_url\":\"http://115.28.171.163:7090/trusteeship_return_s2s/mer_bind_card\",\"charset\":\"UTF-8\",\"order_id\":\"14296839962946212260200067624532\",\"card_id\":\"vxvI6cjWpo6V6Tk5a0e2hIXx1Km5JxgL0g5a27kk37O6m6/X1B8TcJPHOBVRcHdcjCTNg0uX8/IRs0FQocXFSD5SQ8DoGCCJYkZjUrQU/PB02npE+0D9hO5tGNH8Xb7pQeLCXdKZldK/lW5QZqLIcfN9lIKedwp4OCrJhdNonlU\\u003d\",\"version\":\"1.0\",\"account_name\":\"AuFXtLLNPVQMnOQwGiOa47gIQsqniri9ipSR57hgYhT6S4Z1QmhbuR8HWGwwuPZeH7TKL6obnXenjaUmj14gtqzMwq6BjJ4ugsvxKNR+t5b1BBQ/eBksoBIjiJ2LajZ6uKJYD+kotDQmdZEVcL4YBlA81lZgwNEsYYKDVIEvHdY\\u003d\",\"sign\":\"IstonWWTvFpnZN81lIDS8166YHolhHcajanFxqqNtwZCwkebUPJctjQ5+yspvz7gJwTJyYo4fVCChKLc55B9m8wswVHFKKP8Gh8UEuJgpWB6df8PrzMBPTmcQVlmIHTKfInR7Jsuoh+pufU355RuEuhgkopNmYyK3tF0GBkgzIs\\u003d\",\"mer_id\":\"7099088\",\"identity_type\":\"IDENTITY_CARD\",\"service\":\"mer_bind_card\",\"user_id\":\"UB201504091030430000000003578704\",\"res_format\":\"HTML\",\"ret_url\":\"http://115.28.171.163:7090/trusteeship_return_web/mer_bind_card\"}', '2015-04-22 14:26:36', null, null, 'sended', 'umpay', 'mer_bind_card', 'http://pay.soopay.net/spay/pay/payservice.do', 'utf-8');
INSERT INTO `trusteeship_operation` VALUES ('ebdbaf47b073438c9ee6f37be3e29dad', '14289065715266225880173032708', 'jdsb1', '{\"identity_code\":\"QjTvgjtXByDUP/oKrk6qF4I6yQjqCC/ZPrCDhOG9+7YHAvwV1ql6p6cVOKk1TeI9hXpBWtqhJBZqtACRCpsVK6i1JA1bAwU+huAGRhoP3iA9UH5rcwYvB0rzgRH2x6BBPXpMumBF2d9Npc/kA7nthOM3g7xvEBAOd0ZPw1Rb000\\u003d\",\"mer_date\":\"20150413\",\"sign_type\":\"RSA\",\"notify_url\":\"http://115.28.171.163:7090/trusteeship_return_s2s/mer_bind_card\",\"charset\":\"UTF-8\",\"order_id\":\"14289065715266225880173032708\",\"card_id\":\"aBvcbiLC0WZjx8Dbgr8HiljGIm49zomHyg8Ph/bmQ/Jri0bAxENn3bx1F1Vq6q8X1lRCX9jKmRdeIzVQ1MiTWzAX/yXHgAi/OnwkVN6X/5/+iZfz4JGwe/kw+aF0K3q3DRDyAauHaLbmI1WVJWn17zjEnNUrLa1cIr6k31hknZs\\u003d\",\"version\":\"1.0\",\"account_name\":\"nNRzTeswVs8SINFwhBrLX+S/RLI/Xa6PNjqdNYfd5ijDlRBQW0neDUP/8NV5Qcc5Tpoy8+CUK5rTGQY/PbuGyrlLbBJjI2o1+1RccwvEp0Z5sJuuTefpb88gWFxRaqzMR4Y/30M6h/rWeysYTzScOtUKZT13m46p/IGqJHZebKo\\u003d\",\"sign\":\"OjQ/L+Ad4LQLF3LIc+pRA/O9nzaFZKtQFcZlMGZd0X3NqMi9LRzfKxR1ROS73iU7OnP88AA/ftSJcJDhYNL1OLX/i9Syc2bifSkN9uoTEz/fOW/bi1gafN/jQkSLwnl4/pVTzZklZ4qHM4QxADeawBEUbmis7g9MQkDQ0G0zwMw\\u003d\",\"mer_id\":\"7099088\",\"identity_type\":\"IDENTITY_CARD\",\"service\":\"mer_bind_card\",\"user_id\":\"UB201504081707280000000003573277\",\"res_format\":\"HTML\",\"ret_url\":\"http://115.28.171.163:7090/trusteeship_return_web/mer_bind_card\"}', '2015-04-13 14:29:31', null, null, 'sended', 'umpay', 'mer_bind_card', 'http://pay.soopay.net/spay/pay/payservice.do', 'utf-8');
INSERT INTO `trusteeship_operation` VALUES ('ebeacf10831e4fc893605e4adbd0f74f', '2015042300000015', '2015042300000015', '{\"mer_date\":\"20150423\",\"sign_type\":\"RSA\",\"notify_url\":\"http://115.28.171.163:7090/trusteeship_return_s2s/mer_recharge_person\",\"charset\":\"UTF-8\",\"order_id\":\"2015042300000015\",\"version\":\"1.0\",\"user_ip\":\"124.200.110.58\",\"amount\":\"200\",\"sign\":\"K6Gvcb2INsBtOPZNbmwmGtY631AE1J/AzB3CT3o9rszaNO6Obx3+0vABgxxNujm41PnjLBDdyFWRbapHQWP7ABAOTRzuJaOabbON4xt2FgfXpVk14GzmQciP+RgsJDIzL8lHiwv/4qNiq1D8dPSR506A8pNEJ6U/ExAub4sKxKU\\u003d\",\"gate_id\":\"NJCB\",\"pay_type\":\"B2CDEBITBANK\",\"mer_id\":\"7099088\",\"service\":\"mer_recharge_person\",\"user_id\":\"UB201504081447010000000003571502\",\"res_format\":\"HTML\",\"ret_url\":\"http://115.28.171.163:7090/trusteeship_return_web/mer_recharge_person\"}', '2015-04-23 21:07:13', null, null, 'sended', 'umpay', 'mer_recharge_person', 'http://pay.soopay.net/spay/pay/payservice.do', 'utf-8');
INSERT INTO `trusteeship_operation` VALUES ('ec19a04c0d7c483fb1cdabb876b4e687', '0120150427000059', '20150427000059', 'amount=5000&charset=UTF-8&mer_date=20150427&mer_id=7099088&notify_url=http%3A%2F%2F115.28.171.163%3A7090%2Ftrusteeship_return_s2s%2Fproject_transfer_give_money_to_borrower&order_id=0120150427000059&partic_acc_type=01&partic_type=02&partic_user_id=UB201504161636050000000003665807&project_id=20150427000059&res_format=HTML&ret_url=http%3A%2F%2F115.28.171.163%3A7090%2Ftrusteeship_return_web%2Fproject_transfer_give_money_to_borrower&serv_type=53&service=project_transfer&sign_type=RSA&trans_action=02&version=1.0', '2015-04-27 16:19:00', '{sign=r+NdgHj0mqw8o5ZH3At2AxHvAK1gJWRV5F1NebpzWMP/lhlCpfTsEFA9r5+eGHtNMYGPqEoU6Zin3b2Rv05UZhRLRXtXdMxEbAaIEIrTM4WfGTfA5FXH8Vag1R5j/wn+09xhE8v1BX9y7GML74LJkfOSOX1/Bvkz6d2LGJBtlsU=, trade_no=1504275017124633, ret_code=0000, mer_date=20150427, mer_check_date=20150427, mer_id=7099088, sign_type=RSA, ret_msg=交易成功。, order_id=0120150427000059, plain=mer_check_date=20150427&mer_date=20150427&mer_id=7099088&order_id=0120150427000059&ret_code=0000&ret_msg=交易成功。&trade_no=1504275017124633&version=1.0, version=1.0}', '2015-04-27 16:19:00', 'passed', 'umpay', 'project_transfer_give_money_to_borrower', 'http://pay.soopay.net/spay/pay/payservice.do?amount=5000&charset=UTF-8&mer_date=20150427&mer_id=7099088&notify_url=http%3A%2F%2F115.28.171.163%3A7090%2Ftrusteeship_return_s2s%2Fproject_transfer_give_money_to_borrower&order_id=0120150427000059&partic_acc_type=01&partic_type=02&partic_user_id=UB201504161636050000000003665807&project_id=20150427000059&res_format=HTML&ret_url=http%3A%2F%2F115.28.171.163%3A7090%2Ftrusteeship_return_web%2Fproject_transfer_give_money_to_borrower&serv_type=53&service=project_transfer&sign_type=RSA&trans_action=02&version=1.0&sign=j77tAKeqktN2Jr3u1AEjw1CyYFn8M926Pntf8Lejtim5%2By%2F97HhjUTYjMg5wo0Ea%2B2HdId6VNyMx8iZ6w%2BBWav5MrwVkfSzbMjuJaY0qKX3zVAXkgSW1%2FTmXWNFPeuMHam4BJQy9iILhMs9OXl0mTenwe26WNbKPRUiGtXLOifk%3D', 'utf-8');
INSERT INTO `trusteeship_operation` VALUES ('ed090b8c54f94503b1a3ae6918fb55a9', '20150410000033', '20150410000033', 'charset=UTF-8&loan_user_id=UB201504081707280000000003573277&mer_id=7099088&project_amount=10000&project_expire_date=20150414&project_id=20150410000033&project_name=fsdf&res_format=HTML&service=mer_bind_project&sign_type=RSA&version=1.0', '2015-04-10 09:35:37', '{sign=tlJnpYMwzLsXOxyLWTQlxbSgHJvJyw878RwS2RRypc97HoCTw48MNIz/y+GtC9AotAlCBQrGVmUHjJTWTO0EiLKqZ4xC1/KbkO0ML1fSdyQJDJUcvzPUNYLTz6WobS24UHLuoYCBOAfcLdwgqoEyFnzXAWjcaGtUFSppi5bTq8I=, ret_code=0000, project_state=92, mer_check_date=20150410, mer_id=7099088, sign_type=RSA, ret_msg=操作成功, project_account_id=7099088A0000043, plain=mer_check_date=20150410&mer_id=7099088&project_account_id=7099088A0000043&project_state=92&ret_code=0000&ret_msg=操作成功&version=1.0, version=1.0}', '2015-04-10 09:35:38', 'passed', 'umpay', 'mer_bind_project', 'http://pay.soopay.net/spay/pay/payservice.do?charset=UTF-8&loan_user_id=UB201504081707280000000003573277&mer_id=7099088&project_amount=10000&project_expire_date=20150414&project_id=20150410000033&project_name=fsdf&res_format=HTML&service=mer_bind_project&sign_type=RSA&version=1.0&sign=tgWa728BJctWjXpdw8SQHkfhjueC04LWjGc7jym4gQkHnabfwoCIW6J4YYZGwKdEfftC%2Blo%2BoWxYy0zlL6cO36O8zfhKTPqq1kUTP%2BhSC0EG4jivhrHYQntZIsAqQ9MpmnwOeX9k32LAcVXiYKVFq3kcQ2sGvJ6DVKjOZddQ5cI%3D', 'utf-8');
INSERT INTO `trusteeship_operation` VALUES ('ed15f70f557841a2b3262afdfbff49e2', '14295344280366217000010031760880', 'wangxibao9', '{\"identity_code\":\"gLE7JTL+rgRNxCa159wQnoi6ezfaorJ1+B9ZQ/uPRUByib3S1bLZ8zF5OvvEsmEjeRB3lDK7B8j/wEuyAfFJhUfXJBdKPpZupUaXf/WPsnCFv4Br9BENAgwxcn4xcK2rKSfaJGKs9Aw4WL0fzmVYIP8HK7+OzbSXKvCfU5jF7o8\\u003d\",\"mer_date\":\"20150420\",\"sign_type\":\"RSA\",\"notify_url\":\"http://115.28.171.163:7090/trusteeship_return_s2s/mer_bind_card\",\"charset\":\"UTF-8\",\"order_id\":\"14295344280366217000010031760880\",\"card_id\":\"rr82kUd4G9guMoERLmRuWwrlADuGHR9quJcr89QlnmPbotXip5bo0S5nLszBlXD2TQyGO7CroPU3FHVKZBlYmnrrONHyNYfPRbhbTgH0+3YEoIAccn33kXsqCqEIc4Wxblawyoiq4p/xAhx9dTdJ79T3Oa2Qv5yklji/lE7rygM\\u003d\",\"version\":\"1.0\",\"account_name\":\"qfS98y+bumb9UApfgPTTd5MvThBTHH9YGDo1r03/wF6Pv3bZ6S5eBfD5NaKwwGr67czNFPZreWQf095Qj6bgak9UMSiZUtFdkAIgYMhMdoyW/CYeR6eSzCsqYtuF04SGhsWEmN5xX4KCgbh4MzRp5V4Gj8npA8G8qoFR5orpKek\\u003d\",\"sign\":\"a1U6ST/Q4O9Jhw1n8irXS8Nmo/ZzIvCc+dhn2swORgDKOe0YdrFFSTe65WPdG/BoNVIP6PxZCZymX3VK/AtASTpprSrVD6pQtm4kV2yDfeJa36HgHY+2SyFicnol8tnNORohE0ARZQO/KV5+Bp0MDaZTl7mFvbg+HQH1sBcrrJk\\u003d\",\"mer_id\":\"7099088\",\"identity_type\":\"IDENTITY_CARD\",\"service\":\"mer_bind_card\",\"user_id\":\"UB201504081447010000000003571502\",\"res_format\":\"HTML\",\"ret_url\":\"http://115.28.171.163:7090/trusteeship_return_web/mer_bind_card\"}', '2015-04-20 20:53:48', null, null, 'sended', 'umpay', 'mer_bind_card', 'http://pay.soopay.net/spay/pay/payservice.do', 'utf-8');
INSERT INTO `trusteeship_operation` VALUES ('ed5057b015a34455a8a55382ff0fdb63', '20150428000077', '20150428000077', 'charset=UTF-8&loan_user_id=UB201504161636050000000003665807&mer_id=7099088&project_amount=10000&project_expire_date=20150430&project_id=20150428000077&project_name=zhengcong100%E5%85%8312+1%E4%B8%AA%E6%9C%88&res_format=HTML&service=mer_bind_project&sign_type=RSA&version=1.0', '2015-04-28 11:37:23', '{sign=IczUqhy1SM4+Ymzj20guLypbAqWAVUYNhCrnlmDhFjntcWRdfmBxz0Gfur9vgPAu9FpAE3Ta6Y0rDrsZShmX/uTNfc5FzdPWXsaTlGCcs4b5Skc8nVGs3BrWdIZrAi4qcFmckqeALTJe3IGUR0V06HxIPS/QJeu5sVV/iTpz3Z0=, ret_code=0000, project_state=92, mer_check_date=20150428, mer_id=7099088, sign_type=RSA, ret_msg=操作成功, project_account_id=7099088A0000205, plain=mer_check_date=20150428&mer_id=7099088&project_account_id=7099088A0000205&project_state=92&ret_code=0000&ret_msg=操作成功&version=1.0, version=1.0}', '2015-04-28 11:37:23', 'passed', 'umpay', 'mer_bind_project', 'http://pay.soopay.net/spay/pay/payservice.do?charset=UTF-8&loan_user_id=UB201504161636050000000003665807&mer_id=7099088&project_amount=10000&project_expire_date=20150430&project_id=20150428000077&project_name=zhengcong100%E5%85%8312+1%E4%B8%AA%E6%9C%88&res_format=HTML&service=mer_bind_project&sign_type=RSA&version=1.0&sign=g3PFcWT9PsXlciSNjNKXZHLrSaW6wcJOFEmc8T0rfEji47DYPM1tPqIoBvyj%2Bz3P4X3pnhA5IMadh42w60C2w6ebIfMniZl0OJB7bYPn6lTOdLuttIN1G8e4B%2FSDNESsk36uD7V6n48NGYAdLOhRcL%2BGJ1KreFNwNXRbpJE%2BsPg%3D', 'utf-8');
INSERT INTO `trusteeship_operation` VALUES ('ef9389bff3c944aeb03c012bf915fa0b', '20150416000005', '20150416000005', '{\"mer_date\":\"20150416\",\"sign_type\":\"RSA\",\"notify_url\":\"http://115.28.171.163:7090/trusteeship_return_s2s/project_transfer_invest\",\"charset\":\"UTF-8\",\"order_id\":\"20150416000005\",\"version\":\"1.0\",\"amount\":\"10000\",\"sign\":\"HDOoPmcFfvFdpsyV+VL8uUpLAbBy+trEaqSA4KdV2lsGF8KXghFSbwUdoqEz1XWFNkiQc42QpK/DR1IIUAcFUq769H8QBPIg/yyyYVKiIp/RO0+NQlATn6hOS00Cwp1XjrjmEVaPreIHa9uHcVs+cyP/sZK/oz3pUARaHCP21Kg\\u003d\",\"partic_type\":\"01\",\"serv_type\":\"01\",\"partic_user_id\":\"UB201504161125550000000003661819\",\"mer_id\":\"7099088\",\"project_id\":\"20150416000047\",\"partic_acc_type\":\"01\",\"service\":\"project_transfer\",\"trans_action\":\"01\",\"res_format\":\"HTML\",\"ret_url\":\"http://115.28.171.163:7090/trusteeship_return_web/project_transfer_invest\"}', '2015-04-16 14:40:36', null, null, 'sended', 'umpay', 'project_transfer_invest', 'http://pay.soopay.net/spay/pay/payservice.do', 'utf-8');
INSERT INTO `trusteeship_operation` VALUES ('f0487bf76c174d3ea94431680f19d7ac', '14291784529096225881007549453', 'zhengcong', '{\"identity_code\":\"\",\"mer_date\":\"20150416\",\"sign_type\":\"RSA\",\"notify_url\":\"http://115.28.171.163:7090/trusteeship_return_s2s/mer_bind_card\",\"charset\":\"UTF-8\",\"order_id\":\"14291784529096225881007549453\",\"card_id\":\"PKgXzhikAE81jmN5OB+x+fb4IpKDvO+yI3dJQNSD+1HPjemgme4HHuaXHQc+Iim7M6O9LneORhR3XpWHDX2pD9pkGfrzyU0VwoYjFUo4gifuMc2Ocia3OtkwMI30HBuTNB1+fpfo+yWAEmMQ6zyBH8RgY+VIksPoVpufXItm8Lw\\u003d\",\"version\":\"1.0\",\"account_name\":\"IRn6yF5I/ib7uVZr4erqowqktmL7g4Bz/0xNYna8N//6yhdfdc3Q3abwVCm0ZcG7uPh/VHBa+4t/YGhi2g30yDbYUsFwfdJRILKzE+NfqrJsRveRysXcp3AZ0hlnxPfS448jo4+Wsutzm7brwKOX2PY6HstE5Z2arLCEKLCiGgg\\u003d\",\"sign\":\"Xxn1e15+uZFTg7U4O1/JTAgs5c87r3FgytqF9JMiqYFEM9TX0GN+PgYja9o7hJsrufdE7gj+032dr76T1b1SDkUo3n7Iq+/rk2mpyTUNSgqwjw1R0TdzwlyZb3O99g9B5zlFacz1+srVtc0UzwLxxfvkcFeO5/N21oBe17WwRww\\u003d\",\"mer_id\":\"7099088\",\"identity_type\":\"IDENTITY_CARD\",\"service\":\"mer_bind_card\",\"user_id\":\"UB201504161636050000000003665807\",\"res_format\":\"HTML\",\"ret_url\":\"http://115.28.171.163:7090/trusteeship_return_web/mer_bind_card\"}', '2015-04-16 18:00:52', null, null, 'sended', 'umpay', 'mer_bind_card', 'http://pay.soopay.net/spay/pay/payservice.do', 'utf-8');
INSERT INTO `trusteeship_operation` VALUES ('f0f9e81108a145e59b26f5802d87a3bc', '20150410000001', '20150410000001', '{\"mer_date\":\"20150410\",\"sign_type\":\"RSA\",\"notify_url\":\"http://115.28.171.163:7090/trusteeship_return_s2s/project_transfer_invest\",\"charset\":\"UTF-8\",\"order_id\":\"20150410000001\",\"version\":\"1.0\",\"amount\":\"100\",\"sign\":\"qV3KZywWYlblaryYGgYcl98MMtRv+F2NxRCV7VGHlfMFxdLLU5KUfg96o3eaJnTvM+q9UYHaUyHcaXnBibVrwg5wI7KMSToEQig3C0DVhi3aO1O3KGFivcBOUt6DucrpogEPKXwxQBAW1fvRGi9gx3uT1Nqsyuz0PdGQtnmGIqY\\u003d\",\"partic_type\":\"01\",\"serv_type\":\"01\",\"partic_user_id\":\"UB201504081707280000000003573277\",\"mer_id\":\"7099088\",\"project_id\":\"20150410000035\",\"partic_acc_type\":\"01\",\"service\":\"project_transfer\",\"trans_action\":\"01\",\"res_format\":\"HTML\",\"ret_url\":\"http://115.28.171.163:7090/trusteeship_return_web/project_transfer_invest\"}', '2015-04-10 10:51:04', '{sign=d/OJBE9F3Zewv7LQsH46l0+zXb9F+Y16yAPbMqenbG2e7ZMRfl55MVRv/+EYsbcBY6ve2pi3FvQhUWhjOmC1+VKEjhFHqZSsRC+BJdQ6rEVIEUg/DorddNaF3r+6ZLEPLTP+92LWBFFFHdCjmHBf+hPb76Xzuw+amNOzYjXnyKo=, trade_no=1504105014116503, ret_code=0000, mer_date=20150410, mer_id=7099088, mer_check_date=20150410, sign_type=RSA, service=project_tranfer_notify, ret_msg=交易成功。, order_id=20150410000001, version=4.0}', '2015-04-10 10:56:50', 'passed', 'umpay', 'project_transfer_invest', 'http://pay.soopay.net/spay/pay/payservice.do', 'utf-8');
INSERT INTO `trusteeship_operation` VALUES ('f148d4966fe44caab8cee2b7a177a3d7', '20150427000058', '20150427000058', 'charset=UTF-8&loan_user_id=UB201504081737010000000003573522&mer_id=7099088&project_amount=200&project_expire_date=20150430&project_id=20150427000058&project_name=huankuan&res_format=HTML&service=mer_bind_project&sign_type=RSA&version=1.0', '2015-04-27 15:56:25', '{sign=bmQfKsWo9ZEQV2YSPOP19Xdf5oYq/vOFmKRZa6m3JEGO+9oYqa5vibRGD+ywCVWkfvfh3A5Fg6jFDwNQMpF/WHkAdUj8/rDw4aEt0LkuQnTkcc9tzDHq2wi7AyVRLddK0JLj9+JwPC6EiCPG0x6mBT5HI1EmCQFpx3qaYDcpgic=, ret_code=0000, project_state=92, mer_check_date=20150427, mer_id=7099088, sign_type=RSA, ret_msg=操作成功, project_account_id=7099088A0000200, plain=mer_check_date=20150427&mer_id=7099088&project_account_id=7099088A0000200&project_state=92&ret_code=0000&ret_msg=操作成功&version=1.0, version=1.0}', '2015-04-27 15:56:25', 'passed', 'umpay', 'mer_bind_project', 'http://pay.soopay.net/spay/pay/payservice.do?charset=UTF-8&loan_user_id=UB201504081737010000000003573522&mer_id=7099088&project_amount=200&project_expire_date=20150430&project_id=20150427000058&project_name=huankuan&res_format=HTML&service=mer_bind_project&sign_type=RSA&version=1.0&sign=ZdEsv4Cy9ou2RNxZVRSnrDeCorIq6HikOAPLQlbzj4jthFFP3lreCS%2BQi8%2BC648L3jbThVlYwft%2BmjfSgH7G9xsM8n9EfD%2FuVjaLJ9sZs2tJa3BIsX1maxC8%2F8Lsi9I8HoyqEuZfmoGA1LyFDS%2BL8B4F4ENYvMIr548jNq8BDcs%3D', 'utf-8');
INSERT INTO `trusteeship_operation` VALUES ('f19e6e901f4c43b19c504ce5cd4e2303', '20150413000041', '20150413000041', 'charset=UTF-8&loan_user_id=UB201504081737010000000003573522&mer_id=7099088&project_amount=100&project_expire_date=20150417&project_id=20150413000041&project_name=%E6%B5%8B%E8%AF%95%E9%A1%B9%E7%9B%AE&res_format=HTML&service=mer_bind_project&sign_type=RSA&version=1.0', '2015-04-13 09:38:24', '{sign=o9Vk58yPpW7DG5MM/NhgUny0R4Dyrh9M1cTTer4FaBbGw4JuIyBeKbE+eVWcIQDfrpVaiy2T8+8JEgqAR/Xe4HLKHhDeEftSPKe6hZGM3pd6WXbFIdHQ8QGm9/7lIfAgEeALaoeBp4nVFVZg/KIcfBYoOtgNihFh+ajdoc5tIg0=, ret_code=0000, project_state=92, mer_check_date=20150413, mer_id=7099088, sign_type=RSA, ret_msg=操作成功, project_account_id=7099088A0000005, plain=mer_check_date=20150413&mer_id=7099088&project_account_id=7099088A0000005&project_state=92&ret_code=0000&ret_msg=操作成功&version=1.0, version=1.0}', '2015-04-13 09:38:25', 'passed', 'umpay', 'mer_bind_project', 'http://pay.soopay.net/spay/pay/payservice.do?charset=UTF-8&loan_user_id=UB201504081737010000000003573522&mer_id=7099088&project_amount=100&project_expire_date=20150417&project_id=20150413000041&project_name=%E6%B5%8B%E8%AF%95%E9%A1%B9%E7%9B%AE&res_format=HTML&service=mer_bind_project&sign_type=RSA&version=1.0&sign=cSXgu%2FXTYO6RxTmycTdgP45i0QvTNk38EarwDDt3rLWovIt2UYzbK1j2wC6zGdNAhd3IKX0jw4ilzdUgn%2FKdJ6K2AhEzubdB%2BNsFCQQLoRprK9z5DAjJwtJLRtDONBlHcb%2FAKmKmus4utcYlvWD2RIyRom70ZDPSY5IoJ%2FaU3OA%3D', 'utf-8');
INSERT INTO `trusteeship_operation` VALUES ('f1be3a2ec5b043b3b226ce1ffb7c89f6', '20150427000067', '20150427000067', 'charset=UTF-8&loan_user_id=UB201504161636050000000003665807&mer_id=7099088&project_amount=3000&project_expire_date=20150428&project_id=20150427000067&project_name=%E8%BD%AC%E8%B4%A630%E7%BB%99%E9%83%91%E8%81%AA20150427&res_format=HTML&service=mer_bind_project&sign_type=RSA&version=1.0', '2015-04-27 17:39:16', '{sign=RZylGkp3ywDOsVExbK6RlTLgD93gdh7ycPJKs+1l9KYrCvErgnDu6b2N8CmBz8xNMzyFRtYKjgEWxQNphlr8EAvocf6N+CRJJTWyLxnMpbRn4KVI+tkiYngM59/AeGwcuBd42kKwdYZWbLv+zCYDhmJ0c3beGie65//PH99dxb4=, ret_code=0000, project_state=92, mer_check_date=20150427, mer_id=7099088, sign_type=RSA, ret_msg=操作成功, project_account_id=7099088A0000182, plain=mer_check_date=20150427&mer_id=7099088&project_account_id=7099088A0000182&project_state=92&ret_code=0000&ret_msg=操作成功&version=1.0, version=1.0}', '2015-04-27 17:39:16', 'passed', 'umpay', 'mer_bind_project', 'http://pay.soopay.net/spay/pay/payservice.do?charset=UTF-8&loan_user_id=UB201504161636050000000003665807&mer_id=7099088&project_amount=3000&project_expire_date=20150428&project_id=20150427000067&project_name=%E8%BD%AC%E8%B4%A630%E7%BB%99%E9%83%91%E8%81%AA20150427&res_format=HTML&service=mer_bind_project&sign_type=RSA&version=1.0&sign=KveaaebdTEzKiGps3QyGg3FQ0KQ%2BANlTCZbOA3C4RTTZ7L9gsS4qvHGu4YKYLpG1CArPKMMUd2NOGRdmxbvNF1rHB4RfFiuzd4HGaTAx9v9CTqnPPKgA9PLsykwrp5Vh%2B0ImwY%2BalnTUmd%2Fnm6RBntZjd3sjqVXIIlLNfUbasKA%3D', 'utf-8');
INSERT INTO `trusteeship_operation` VALUES ('f2682785b34e40c4b8fe605ba5f6b047', '2015042100005100011430098520607', '201504210000510001', '{\"mer_date\":\"20150427\",\"sign_type\":\"RSA\",\"notify_url\":\"http://115.28.171.163:7090/trusteeship_return_s2s/project_transfer_overdue_repay\",\"charset\":\"UTF-8\",\"order_id\":\"2015042100005100011430098520607\",\"version\":\"1.0\",\"amount\":\"9058\",\"sign\":\"PlfUQVNhqNZVzEvu4FZSCQhdSQBVt9t8n7TLZ/DRGiMT013cLEY4RTUFYkwOJt3Msuq9itSMN42uHcL1rTyfDYaGKJyuugJOhTvZ8zCwc5dhvx3dp8SaTi1DcEkxhkLfhjG7S7gJVZ9rX5xOmnTtIunpIdlzNbZz6+aUy8ZTvEc\\u003d\",\"partic_type\":\"02\",\"serv_type\":\"03\",\"partic_user_id\":\"UB201504161125550000000003661819\",\"mer_id\":\"7099088\",\"project_id\":\"20150421000051\",\"partic_acc_type\":\"01\",\"service\":\"project_transfer\",\"trans_action\":\"01\",\"res_format\":\"HTML\",\"ret_url\":\"http://115.28.171.163:7090/trusteeship_return_web/project_transfer_overdue_repay\"}', '2015-04-27 09:35:20', null, null, 'sended', 'umpay', 'project_transfer_overdue_repay', 'http://pay.soopay.net/spay/pay/payservice.do', 'utf-8');
INSERT INTO `trusteeship_operation` VALUES ('f334cc1ab3ce46ab9a4cb2bbd4b3048a', '20150428000075', '20150428000075', 'charset=UTF-8&loan_user_id=UB201504161125550000000003661819&mer_id=7099088&project_amount=10000&project_expire_date=20150429&project_id=20150428000075&project_name=%E6%B5%8B%E8%AF%95test&res_format=HTML&service=mer_bind_project&sign_type=RSA&version=1.0', '2015-04-28 11:17:53', '{sign=o2qEznLqhFHkZF0RySftv8XUbxVNc8yXRVJDrb3oAo79cUlOTLkLQ2QnyFQkT+ssEUw6ttTy+hcefT0Z8rW98rPEzKXQ1iqvWkZa164qwSrV0a304TbJuOULAxQEZOy4f+R9YmQxFZ5B+AL5Jhi2HGjAnPcgPSEvsld/1iLEeQo=, ret_code=0000, project_state=92, mer_check_date=20150428, mer_id=7099088, sign_type=RSA, ret_msg=操作成功, project_account_id=7099088A0000183, plain=mer_check_date=20150428&mer_id=7099088&project_account_id=7099088A0000183&project_state=92&ret_code=0000&ret_msg=操作成功&version=1.0, version=1.0}', '2015-04-28 11:17:53', 'passed', 'umpay', 'mer_bind_project', 'http://pay.soopay.net/spay/pay/payservice.do?charset=UTF-8&loan_user_id=UB201504161125550000000003661819&mer_id=7099088&project_amount=10000&project_expire_date=20150429&project_id=20150428000075&project_name=%E6%B5%8B%E8%AF%95test&res_format=HTML&service=mer_bind_project&sign_type=RSA&version=1.0&sign=cZFHC9HGDPjH%2Bb%2FYIVLpgEPXepm%2FJbebY4JEmdp7CuAcdX1b9MQPJOvp3yqZDkP7hadJt975IQ%2FGrKwe9ol7CbcTFvHzsfSnD5i3Wlp21kjfDONdUc%2BUzjFZzSi%2B3Eo8kRalqGSrlLCxZ3N%2F%2FEdC9JrKROWJ350RoXUJ73V5ITQ%3D', 'utf-8');
INSERT INTO `trusteeship_operation` VALUES ('f4e2ab9e0c7d458a9bf486ea76d984bf', '20150427000005', '20150427000005', '{\"mer_date\":\"20150427\",\"sign_type\":\"RSA\",\"notify_url\":\"http://115.28.171.163:7090/trusteeship_return_s2s/project_transfer_invest\",\"charset\":\"UTF-8\",\"order_id\":\"20150427000005\",\"version\":\"1.0\",\"amount\":\"200\",\"sign\":\"lsN4TSFUDdahdbafXkTjoV+wK71NKggKfct2u8MzBeH8z98zuA53eo/6ZlNl8BHi8cblyBg5AZkHP7oMI00uJlgirJGpWTtgwk4XtCyeqaEthhL2kmAbSUBJ80fvwqmeYneCP3wZV/g5L6MNNXiWpCdmj8lhFM0DoOYYnkh1Nig\\u003d\",\"partic_type\":\"01\",\"serv_type\":\"01\",\"partic_user_id\":\"UB201504081707280000000003573277\",\"mer_id\":\"7099088\",\"project_id\":\"20150427000058\",\"partic_acc_type\":\"01\",\"service\":\"project_transfer\",\"trans_action\":\"01\",\"res_format\":\"HTML\",\"ret_url\":\"http://115.28.171.163:7090/trusteeship_return_web/project_transfer_invest\"}', '2015-04-27 15:56:55', '{sign=iaWpDFtwGlQVTF7bycoDgN7k0uOnsgRCg/DLdEDty8LcxnQCpkqVTmvgdDnCnRzOcpv2JrY7cS6A9Q5YSyqvw8VtGaUhsYU8WvsGbMh0TQ3alN/fF1sYD49gFCM2fYxKphVIo6ALgtlWASOU+3o1u3vPx1i734mROmFKvyXkFCw=, trade_no=1504275017113073, ret_code=0000, mer_date=20150427, mer_id=7099088, mer_check_date=20150427, sign_type=RSA, service=project_tranfer_notify, ret_msg=交易成功。, order_id=20150427000005, version=4.0}', '2015-04-27 15:59:36', 'passed', 'umpay', 'project_transfer_invest', 'http://pay.soopay.net/spay/pay/payservice.do', 'utf-8');
INSERT INTO `trusteeship_operation` VALUES ('f4eca643af594440ac57f175da6a797a', '2015041600000012', '2015041600000012', '{\"mer_date\":\"20150416\",\"sign_type\":\"RSA\",\"notify_url\":\"http://115.28.171.163:7090/trusteeship_return_s2s/mer_recharge_person\",\"charset\":\"UTF-8\",\"order_id\":\"2015041600000012\",\"version\":\"1.0\",\"user_ip\":\"118.187.56.162\",\"amount\":\"22000\",\"sign\":\"fJ7izRpfB8w1sD/0UQ0F8jJmPzezZgAJWyKrk/ViVNuSU27sbGGpd+YrK8J3YL6btFThFaoUvGLo4jlFna+wxjBfL0yySEuM/uNf5vO26d5MRk3FqcSFcIkSwB2E7jFy0bwNxfySi4UF4tkiknMfK/QU7nS5KGln/os9l2gpEzc\\u003d\",\"gate_id\":\"BCCB\",\"pay_type\":\"B2CDEBITBANK\",\"mer_id\":\"7099088\",\"service\":\"mer_recharge_person\",\"user_id\":\"UB201504161636050000000003665807\",\"res_format\":\"HTML\",\"ret_url\":\"http://115.28.171.163:7090/trusteeship_return_web/mer_recharge_person\"}', '2015-04-16 16:47:18', null, null, 'sended', 'umpay', 'mer_recharge_person', 'http://pay.soopay.net/spay/pay/payservice.do', 'utf-8');
INSERT INTO `trusteeship_operation` VALUES ('f5010d80611a48d8bb33107f637e2b53', 'wll001', 'wll001', 'charset=UTF-8&email=738360073%40qq.com&identity_code=LW99aGx%2B0Oc8K6xB2cIOCP48GCvtdhdjib9sIH7XouceyH6plXE1bFN2wiBGoxzi0gqoE4OrYtgH0y%2FZNYu8vN58tf7hwyuP52oHyMjgd2xo5soiJf0dSpRQv2wZRcyV%2FFktE0YkYg2GfkEVaUUM5frzv7%2FjkLPG9lVUQ7eCdM4%3D&identity_type=IDENTITY_CARD&mer_cust_id=wll001&mer_cust_name=TTvcDTp5KidumPmTT1pLrwoBhKXKBkvl%2B77e3AX7k2DmFJ%2FvPGJHuTSHPo0kdxvOdJoJoZkMBBUoHgFqFrzh45sWN8fVM6kuRH4DxkB2v0Cp0xAD0XcqVJ5iuYD%2B5xI0o%2F1fgCMDmt4lg7qzaRNR%2BdTQuZwl83w%2F92eCYfDdAdE%3D&mer_id=7099088&mobile_id=18612634768&res_format=HTML&service=mer_register_person&sign_type=RSA&version=1.0', '2015-04-09 10:30:42', '{sign=XiQ1P3qc7FdqUr39m5ThS1imlE7Xh7UL5jEzs/qYTXg4aQesu9BdbYpaW0Y4sM25u2jbUOadowk3CJ0ZY1+fYjePh1oWqoLDyjbBK85O4Uedn7bX1c302ONqEKu8gtrPR4OG38pXpy2IM9v+Zuc+CGphbfd7v26o/hcktVbaZxw=, ret_code=0000, account_id=02000155440951, mer_id=7099088, sign_type=RSA, ret_msg=交易成功。, user_id=UB201504091030430000000003578704, plain=account_id=02000155440951&mer_id=7099088&reg_date=20150409&ret_code=0000&ret_msg=交易成功。&user_id=UB201504091030430000000003578704&version=1.0, reg_date=20150409, version=1.0}', '2015-04-09 10:30:44', 'passed', 'umpay', 'mer_register_person', 'http://pay.soopay.net/spay/pay/payservice.do?charset=UTF-8&email=738360073%40qq.com&identity_code=LW99aGx%2B0Oc8K6xB2cIOCP48GCvtdhdjib9sIH7XouceyH6plXE1bFN2wiBGoxzi0gqoE4OrYtgH0y%2FZNYu8vN58tf7hwyuP52oHyMjgd2xo5soiJf0dSpRQv2wZRcyV%2FFktE0YkYg2GfkEVaUUM5frzv7%2FjkLPG9lVUQ7eCdM4%3D&identity_type=IDENTITY_CARD&mer_cust_id=wll001&mer_cust_name=TTvcDTp5KidumPmTT1pLrwoBhKXKBkvl%2B77e3AX7k2DmFJ%2FvPGJHuTSHPo0kdxvOdJoJoZkMBBUoHgFqFrzh45sWN8fVM6kuRH4DxkB2v0Cp0xAD0XcqVJ5iuYD%2B5xI0o%2F1fgCMDmt4lg7qzaRNR%2BdTQuZwl83w%2F92eCYfDdAdE%3D&mer_id=7099088&mobile_id=18612634768&res_format=HTML&service=mer_register_person&sign_type=RSA&version=1.0&sign=LRL9B6%2BBSLRqupo5VEJ2b5Ev01D9VCLHYj8hTOBON57dUKf6zihNvrajTZdp5N2K8rABKhe6rGHc8lFOOdaFmNcD3PhGMXq%2BBBYzd%2FMzrIAiuHkS1wDCcon46cnia73NTmwlmHd2WajqKbVUZjZGbCt4E22B1sewGevd852sbE0%3D', 'utf-8');
INSERT INTO `trusteeship_operation` VALUES ('f68c289e9137497894fc19e4c0bf71a4', '0120150428000076', '20150428000076', 'amount=3000&charset=UTF-8&mer_date=20150428&mer_id=7099088&notify_url=http%3A%2F%2F115.28.171.163%3A7090%2Ftrusteeship_return_s2s%2Fproject_transfer_give_money_to_borrower&order_id=0120150428000076&partic_acc_type=01&partic_type=02&partic_user_id=UB201504161636050000000003665807&project_id=20150428000076&res_format=HTML&ret_url=http%3A%2F%2F115.28.171.163%3A7090%2Ftrusteeship_return_web%2Fproject_transfer_give_money_to_borrower&serv_type=53&service=project_transfer&sign_type=RSA&trans_action=02&version=1.0', '2015-04-28 11:20:06', '{sign=UetKckLDrxCxiVoFIHd6s+SpLMZihPJEyfNtV8YoVht37qdEhUGa9A1hDmHV7HbTbTR0SoaFuB4DECWyZTwJpD4snlfiuB3vsuhCB95i9BSV1UkT2RTY65J/FzsnRprISv1cfw174qecJa1iC0yRebdM7Oap+c0vorjPS4VKUy4=, trade_no=1504285017320983, ret_code=0000, mer_date=20150428, mer_check_date=20150428, mer_id=7099088, sign_type=RSA, ret_msg=交易成功。, order_id=0120150428000076, plain=mer_check_date=20150428&mer_date=20150428&mer_id=7099088&order_id=0120150428000076&ret_code=0000&ret_msg=交易成功。&trade_no=1504285017320983&version=1.0, version=1.0}', '2015-04-28 11:20:07', 'passed', 'umpay', 'project_transfer_give_money_to_borrower', 'http://pay.soopay.net/spay/pay/payservice.do?amount=3000&charset=UTF-8&mer_date=20150428&mer_id=7099088&notify_url=http%3A%2F%2F115.28.171.163%3A7090%2Ftrusteeship_return_s2s%2Fproject_transfer_give_money_to_borrower&order_id=0120150428000076&partic_acc_type=01&partic_type=02&partic_user_id=UB201504161636050000000003665807&project_id=20150428000076&res_format=HTML&ret_url=http%3A%2F%2F115.28.171.163%3A7090%2Ftrusteeship_return_web%2Fproject_transfer_give_money_to_borrower&serv_type=53&service=project_transfer&sign_type=RSA&trans_action=02&version=1.0&sign=DdEndpc9OP%2BjBhH%2FH2ZEQ6qQlsNor5FzQ4JI2xKqB%2B82gQ0rcYMGz%2BR281KqwwwOsHPTDD6uEcgOv2kUJXC28jRA18eyAETbjC8xQXR82OlFCgYymxkkDd3EpwlvzgXDaDdYfezNf7JLwH0wqWq4IOtYEJkTTbw0JgBcvpDjgKM%3D', 'utf-8');
INSERT INTO `trusteeship_operation` VALUES ('f77468c2bec54a8eb9cc650ae0b9d2c9', 'sidneygao', 'sidneygao', 'charset=UTF-8&email=abc%40126.com&identity_code=jcTJ7XMxwJ3o8nI3MFEDYuV3DvPyhzB0BtXxQs1OvbpYbuZ2nwc%2FEeTvpo5xRqgZ%2BZeKn%2Fc4ltT6%2FtsLM2u1yurphmn9eiuo4zMgkYf%2FTbTNngKsUaNgHcwDU2RnFOxmSEsCeve8R7CaznbWA9byfDkfiaZE4tarMl6ten%2B4EdE%3D&identity_type=IDENTITY_CARD&mer_cust_id=sidneygao&mer_cust_name=iGlZmqPU%2FcvSNkvkMhxR8EnDDP5ocK1rpg8gfrifRn%2BYSotcuBezta%2B1CPOlYrvavpsZ7PA98LzHIHnZgrUAxlV2sZe3A52OYslQxH9C%2B3iwcG58%2F1PI0i93PbICLEIsL%2FDKsrkClClRIcztGnUfvg6C858rtjD%2BRuaIBzs9IiM%3D&mer_id=7099088&mobile_id=13810586920&res_format=HTML&service=mer_register_person&sign_type=RSA&version=1.0', '2015-04-16 11:25:44', '{sign=YppGwn+DS1Q7dfqi3Op2guDQJ6W/85YsUrZvjqmB1nSU6wFKj2jQmIeglsxBpdHyUQTwsCH0h0jj4wY7gDHqkPW6d2F9HohoOtJ9g2awUX9zfylZTuErz1mlhURk6C+xkIv1nQS9cFmdOUqHvSx3dz4ltayxmHSZh4upV1ztQDI=, ret_code=0000, account_id=02000155741813, mer_id=7099088, sign_type=RSA, ret_msg=交易成功。, user_id=UB201504161125550000000003661819, plain=account_id=02000155741813&mer_id=7099088&reg_date=20150416&ret_code=0000&ret_msg=交易成功。&user_id=UB201504161125550000000003661819&version=1.0, reg_date=20150416, version=1.0}', '2015-04-16 11:25:55', 'passed', 'umpay', 'mer_register_person', 'http://pay.soopay.net/spay/pay/payservice.do?charset=UTF-8&email=abc%40126.com&identity_code=jcTJ7XMxwJ3o8nI3MFEDYuV3DvPyhzB0BtXxQs1OvbpYbuZ2nwc%2FEeTvpo5xRqgZ%2BZeKn%2Fc4ltT6%2FtsLM2u1yurphmn9eiuo4zMgkYf%2FTbTNngKsUaNgHcwDU2RnFOxmSEsCeve8R7CaznbWA9byfDkfiaZE4tarMl6ten%2B4EdE%3D&identity_type=IDENTITY_CARD&mer_cust_id=sidneygao&mer_cust_name=iGlZmqPU%2FcvSNkvkMhxR8EnDDP5ocK1rpg8gfrifRn%2BYSotcuBezta%2B1CPOlYrvavpsZ7PA98LzHIHnZgrUAxlV2sZe3A52OYslQxH9C%2B3iwcG58%2F1PI0i93PbICLEIsL%2FDKsrkClClRIcztGnUfvg6C858rtjD%2BRuaIBzs9IiM%3D&mer_id=7099088&mobile_id=13810586920&res_format=HTML&service=mer_register_person&sign_type=RSA&version=1.0&sign=twIKz5p0TXhHj1YXxREZHz2x3tlKK4r3cKNZYZS2W00d5PZjh2UgKiFID8mHnyxaU5JO9KKngGlXaIcrvtYOQKYUHVlGtzFHBLMv%2Fq3J7beqtVDsxpgJiQRmBNRNPRCnm5%2FafeRiz2P8VOdRWM0aE9mPNmUekgPqtJL2seJVs4k%3D', 'utf-8');
INSERT INTO `trusteeship_operation` VALUES ('f82d4adf9c7748af82b060e11974edee', '2015042700000009', '2015042700000009', '{\"mer_date\":\"20150427\",\"sign_type\":\"RSA\",\"notify_url\":\"http://115.28.171.163:7090/trusteeship_return_s2s/mer_recharge_person\",\"charset\":\"UTF-8\",\"order_id\":\"2015042700000009\",\"version\":\"1.0\",\"user_ip\":\"118.187.56.162\",\"amount\":\"10000\",\"sign\":\"F6ci9RIFN1RQIZX0c93FfCnWNhjC3fIxYQPxAniBVC54CQ34zrl58JoJWVRNkmFDwBOS+RrJkKusf07gQQoq78N1gzcgjAe13NBN/qvPQAdgIE0MYNzFJmtO38Wz1bQyAPvvpxjvnSEamU9vfnTJh3+Rk8Rrwv9hrBgXpaa5Kd4\\u003d\",\"gate_id\":\"ICBC\",\"pay_type\":\"B2CDEBITBANK\",\"mer_id\":\"7099088\",\"service\":\"mer_recharge_person\",\"user_id\":\"UB201504091030430000000003578704\",\"res_format\":\"HTML\",\"ret_url\":\"http://115.28.171.163:7090/trusteeship_return_web/mer_recharge_person\"}', '2015-04-27 17:22:05', null, null, 'sended', 'umpay', 'mer_recharge_person', 'http://pay.soopay.net/spay/pay/payservice.do', 'utf-8');
INSERT INTO `trusteeship_operation` VALUES ('f968fc8b4af44526b156a406156319ea', '20150427000063', '20150427000063', 'charset=UTF-8&loan_user_id=UB201504161125550000000003661819&mer_id=7099088&project_amount=9000&project_expire_date=20150527&project_id=20150427000063&project_name=test%E9%80%BE%E6%9C%9Fcase&res_format=HTML&service=mer_bind_project&sign_type=RSA&version=1.0', '2015-04-27 17:14:15', '{sign=wtmbkcoKmCwC6iDOHn+KQgzDrq3OHRXAnj13/8ZvuWGSjuTEDOuAHqrKDZamc211eTlUDRDZ7vskbkvkknew3FFlwamT0fMMdlKIbEFa3oG++BKMYrxgCNett0qLOz2drsooVTU9THIJFlx28/8jnB99PrmpDMfgRs2FMFYFpyU=, ret_code=0000, project_state=92, mer_check_date=20150427, mer_id=7099088, sign_type=RSA, ret_msg=操作成功, project_account_id=7099088A0000202, plain=mer_check_date=20150427&mer_id=7099088&project_account_id=7099088A0000202&project_state=92&ret_code=0000&ret_msg=操作成功&version=1.0, version=1.0}', '2015-04-27 17:14:15', 'passed', 'umpay', 'mer_bind_project', 'http://pay.soopay.net/spay/pay/payservice.do?charset=UTF-8&loan_user_id=UB201504161125550000000003661819&mer_id=7099088&project_amount=9000&project_expire_date=20150527&project_id=20150427000063&project_name=test%E9%80%BE%E6%9C%9Fcase&res_format=HTML&service=mer_bind_project&sign_type=RSA&version=1.0&sign=QP6y4e2Alhwg0lsRWxYytTjaLXgWBb1Gd0HywzCVoU7YnRVCX8ynslsHtG1XtsPkgokSzENWNUMYgTgoHZ5PsAGxFwv0fkWuWV36XFaihniHyCg5DlBf%2Fp8b8hFNB3rs5BHYzjr4JvEfO%2Fdga9NZA8X0OX28h63FAEhwhGDnoYg%3D', 'utf-8');
INSERT INTO `trusteeship_operation` VALUES ('f98be936a4f646ebb86754cc5e7ba3d9', '0120150427000065', '20150427000065', 'amount=7000&charset=UTF-8&mer_date=20150427&mer_id=7099088&notify_url=http%3A%2F%2F115.28.171.163%3A7090%2Ftrusteeship_return_s2s%2Fproject_transfer_give_money_to_borrower&order_id=0120150427000065&partic_acc_type=01&partic_type=02&partic_user_id=UB201504091030430000000003578704&project_id=20150427000065&res_format=HTML&ret_url=http%3A%2F%2F115.28.171.163%3A7090%2Ftrusteeship_return_web%2Fproject_transfer_give_money_to_borrower&serv_type=53&service=project_transfer&sign_type=RSA&trans_action=02&version=1.0', '2015-04-27 17:33:12', '{sign=N7FKG+60ZfmRZeQf1g10BNxuCgBVonEuwNlds+kXWJr96T8NMhFqEAjZeJhEWsTiFu71RbJ1xYCIAPPIPgAdO+2YDP5xyNwGazvi8W5JbtzkCDNCAEPCKMsVLzb0+/6mGf0c6BCQKJnob1pZui54HPoFInYnbfh07aAY631eNZY=, trade_no=1504275017134823, ret_code=0000, mer_date=20150427, mer_check_date=20150427, mer_id=7099088, sign_type=RSA, ret_msg=交易成功。, order_id=0120150427000065, plain=mer_check_date=20150427&mer_date=20150427&mer_id=7099088&order_id=0120150427000065&ret_code=0000&ret_msg=交易成功。&trade_no=1504275017134823&version=1.0, version=1.0}', '2015-04-27 17:33:16', 'passed', 'umpay', 'project_transfer_give_money_to_borrower', 'http://pay.soopay.net/spay/pay/payservice.do?amount=7000&charset=UTF-8&mer_date=20150427&mer_id=7099088&notify_url=http%3A%2F%2F115.28.171.163%3A7090%2Ftrusteeship_return_s2s%2Fproject_transfer_give_money_to_borrower&order_id=0120150427000065&partic_acc_type=01&partic_type=02&partic_user_id=UB201504091030430000000003578704&project_id=20150427000065&res_format=HTML&ret_url=http%3A%2F%2F115.28.171.163%3A7090%2Ftrusteeship_return_web%2Fproject_transfer_give_money_to_borrower&serv_type=53&service=project_transfer&sign_type=RSA&trans_action=02&version=1.0&sign=HKBTiLJDPLhaj7M8FpXTB5ZaUWjwi7KCuZ2SKcAQTadnZQg2X%2Bhas2uvuEOtoBLwi5FKPRS7dy2urokQLoIOwrmw%2BNRNbeGBwBpkrV7oQzYzE4EeL2SgLbrNMYT%2FNmzdg5o1Ung4H%2BrMECRsHLfpHNt3Sh26gHV6891C1wb0eDE%3D', 'utf-8');
INSERT INTO `trusteeship_operation` VALUES ('f9adff92339c492da0108cd0549bf5d2', '14289157707226225880173032708', 'jdsb1', '{\"identity_code\":\"m8WCraSgvY1VFG7CvTCATEbx3K2/EOfsxtTMfyX3az1ESMiPeaP+BAZYMubuipa+YuHqgner5t63uJM3OfdCuoE3fIaCitv/ZWBxYjLv+gIrv8D/OAdJuBAkrOBY4x/ihIWc40VYtapThjnLcfZRR/DS7792H6Gv4FJ+nb1wXas\\u003d\",\"mer_date\":\"20150413\",\"sign_type\":\"RSA\",\"notify_url\":\"http://115.28.171.163:7090/trusteeship_return_s2s/mer_bind_card\",\"charset\":\"UTF-8\",\"order_id\":\"14289157707226225880173032708\",\"card_id\":\"qUt8dwPkcLhi4/4JkRpJJFwmtxuzb6/BvWQXCfJJompts87EO1mjLaSLmyFiBaX4o6JCdGXe13YfYLEWu2Kx7U6KC2uALFqqrDvkdoAu07+VAuAOTeO4eShQXOvB3Q9fI4NwnGpuPeS1+lwzZUYAJvJeYeS8jpNBPzRTXGHzWh4\\u003d\",\"version\":\"1.0\",\"account_name\":\"PgSPRR6gWsyiY9JAuw6ovje3i0nwEDVU7w8P3mW8KTDq0z9rgPx8GdnCy4ClUKt7we+gefoY3uEiCdZ762pUIwlFNfBwGF5teEpm8DARATFw1wkzbH0+d4fcuISPG+60UTh+7TZmLI4AzUs5sHOnJkJbTBPSSOphDHK0nh+4w3g\\u003d\",\"sign\":\"PQRmqD3QEUrI5gQ2jfyjrxF5XXhLSSsMaeWZRcOLf9Gbi+jUxt28rQ0xHThu3fhDYeXHI/6vOy8FORkLhNZEaTf0YD8B81616Seu6robWSLDmpN5gjgrquB89zzDG79/odD8O8TpAuUdgIKTb//3tc3DbhGZ9iCnSy361zeg724\\u003d\",\"mer_id\":\"7099088\",\"identity_type\":\"IDENTITY_CARD\",\"service\":\"mer_bind_card\",\"user_id\":\"UB201504081707280000000003573277\",\"res_format\":\"HTML\",\"ret_url\":\"http://115.28.171.163:7090/trusteeship_return_web/mer_bind_card\"}', '2015-04-13 17:02:50', null, null, 'sended', 'umpay', 'mer_bind_card', 'http://pay.soopay.net/spay/pay/payservice.do', 'utf-8');
INSERT INTO `trusteeship_operation` VALUES ('fa955c94ce5146b99376e4a625fc933d', '2015042700000003', '2015042700000003', '{\"mer_date\":\"20150427\",\"sign_type\":\"RSA\",\"notify_url\":\"http://115.28.171.163:7090/trusteeship_return_s2s/cust_withdrawals\",\"charset\":\"UTF-8\",\"order_id\":\"2015042700000003\",\"version\":\"1.0\",\"amount\":\"300\",\"sign\":\"ArBROl27sj4Gv1GgAljuj0PU3N4kzr+Bjl4S+/b4Ebr8wl/uF9e4Ekwp6x+0Fz4LLzZ6XaH6PT8aGmg0yGprrDCYAnGLGk3AEzFL/B4W/Q20LEH1f3Pqm8gO5RnkgaYyIhjUqWTt82EsNcZWp8CYRKi/W6S0HzwqxQ72FSvWR7o\\u003d\",\"mer_id\":\"7099088\",\"service\":\"cust_withdrawals\",\"user_id\":\"UB201504161125570000000003661793\",\"res_format\":\"HTML\",\"ret_url\":\"http://115.28.171.163:7090/trusteeship_return_web/cust_withdrawals\"}', '2015-04-27 18:47:45', null, null, 'sended', 'umpay', 'cust_withdrawals', 'http://pay.soopay.net/spay/pay/payservice.do', 'utf-8');
INSERT INTO `trusteeship_operation` VALUES ('fab2c0bbe80d4924b8782f3716e7ac72', '14296203690146212260200067624532', 'wll001', '{\"identity_code\":\"wN7dy5vkDPz34Er8vUawGbb49OKVM19y4ZnFzR65Glm6ih2rODa9RKksNFFnVMui53Fm/cqIi6zxRKdf5dwWq6ddTOGnA5E71f8UZCPJDtOmh9VYBV2XihY7OwoCzmTfmIVcYQDeWWQPWgA2MSTAJ3E+UOSZDYozDXUvmTEuJB4\\u003d\",\"mer_date\":\"20150421\",\"sign_type\":\"RSA\",\"notify_url\":\"http://115.28.171.163:7090/trusteeship_return_s2s/mer_bind_card\",\"charset\":\"UTF-8\",\"order_id\":\"14296203690146212260200067624532\",\"card_id\":\"YJBY2brfy7ikU/x8hmrmMcvjJQP6smwSCc+88gtthWxZjtNOrDYPDx22qaFeLF8lK8/QJ7erzig2+sVGYKTnZpSU8npIz08mFDJ7efOFIM3PzY+quQjzfFv74wsAU2Mx1taA9J03dNw2Vcm/NZMbc43SK+5UAloiZ/vUzmo3bhY\\u003d\",\"version\":\"1.0\",\"account_name\":\"TbErYZwzaRZzYHaU5FHwY/6cACFhG6vcLmYDK4gcM4nsadKVjsRPzeh29eurstirlGm8qrlf1QwpEGVvVwC9lwyPgMDfLN0yLpw29FLC3ZiaVo2K8HqLw7Co8kLgq9f4xpw4Gy710xDEgq/7qlyJxMh2uZBYEc/51SHSjkg7QJE\\u003d\",\"sign\":\"ufa3oAgLGYzZ7e1xdeyYY+dv1an/i+evIJ0Exf1bYA9KT8tjwaV6Pvh2Mkc6vTSYbGJsNWJg8B6MDqafgD08Wm05GPUPs66gfWi30PL46uC0BTg+0li0kG7IkAC0Mog1sfYxcDYraEQtbiJ9eQZktJWqEzBvjJRN3AspxPZ9onk\\u003d\",\"mer_id\":\"7099088\",\"identity_type\":\"IDENTITY_CARD\",\"service\":\"mer_bind_card\",\"user_id\":\"UB201504091030430000000003578704\",\"res_format\":\"HTML\",\"ret_url\":\"http://115.28.171.163:7090/trusteeship_return_web/mer_bind_card\"}', '2015-04-21 20:46:09', null, null, 'sended', 'umpay', 'mer_bind_card', 'http://pay.soopay.net/spay/pay/payservice.do', 'utf-8');
INSERT INTO `trusteeship_operation` VALUES ('fad0acc9a13648ccba4d60af94dc5a59', '14298435817446212260200067624532', 'wll001', '{\"identity_code\":\"R7ghR262wIPZ9c31i6lM+qVOvzcGpwLNS41goBkvDSxi20FzIc7923gT6sPEnhtib/eqp8H/4dj94tMBAxLQWa+Z7e6ev+hVlZtKYS8t26GbB0xSBD4/wmENg1+Gr/EpsK/hj4oUsg/ib3T1Mr1CweSiGRsF0+2h9pfdJUCR3zo\\u003d\",\"mer_date\":\"20150424\",\"sign_type\":\"RSA\",\"notify_url\":\"http://115.28.171.163:7090/trusteeship_return_s2s/mer_bind_card\",\"charset\":\"UTF-8\",\"order_id\":\"14298435817446212260200067624532\",\"card_id\":\"U4mQX+8FqHzpRWD2EfCFDUffKujKrS1fHNEgQnbklkPSWgX3YumZ8zRl54Iuqzzx4zQik7zApWrHAY3ETF4O6Uf+0tqvhut/uxKEGrrCbS3RBtnzZRm2IQHE0soI49pAk4u+C7NYPmAgA3UHmTn4EfPCiiHFtI0aq0IWEOkbgAU\\u003d\",\"version\":\"1.0\",\"account_name\":\"VaC+zzvADmgVDuGLeBk4anNq622Xv3157iKPHG9p7Nj0pPNoqpH3ScXOSURx72OBir/rXD1DGHvf69oY0JoFktF3hM4ZDIwh8gGiA19/6NOpsIi61WVbGU5/R6Ppyg4e9qxwwztSHSYhpleiWwFeo0vzFy2GHNRwCy6c2rjXDgc\\u003d\",\"sign\":\"LshI/86wX/BQdeNF230E3lLVm0BvMa/2sZqQoYo+ivqKRNcHIzvgg3nUeQfHqtzIX3v3XnsXTIPLQ1Xq4RrSnq/9LAZ0l+W+R7aCGBtERSTna/PINTl+eVwH4f2JMEZ8eMCtvrv0l/vpV9lMb7dDIpvE7lyzMg4lhwb3lB3Gdmw\\u003d\",\"mer_id\":\"7099088\",\"identity_type\":\"IDENTITY_CARD\",\"service\":\"mer_bind_card\",\"user_id\":\"UB201504091030430000000003578704\",\"res_format\":\"HTML\",\"ret_url\":\"http://115.28.171.163:7090/trusteeship_return_web/mer_bind_card\"}', '2015-04-24 10:46:21', null, null, 'sended', 'umpay', 'mer_bind_card', 'http://pay.soopay.net/spay/pay/payservice.do', 'utf-8');
INSERT INTO `trusteeship_operation` VALUES ('faf9352a2fae4606a0f01835c9ddec3f', '20150413000005', '20150413000005', '{\"mer_date\":\"20150413\",\"sign_type\":\"RSA\",\"notify_url\":\"http://115.28.171.163:7090/trusteeship_return_s2s/project_transfer_invest\",\"charset\":\"UTF-8\",\"order_id\":\"20150413000005\",\"version\":\"1.0\",\"amount\":\"100\",\"sign\":\"LgS3bL8ce8hWbfr/O8GnmGN8gq9Xkb5RhWbXgHNW3c4Sc30HtMPZbK7dQ50qJB3Ix0W0duLukBbxkVEJ38dZ8B0XZeAgtOgbIV/O7e1fVdktNARFRv8+xgp5vzTgWLobWSivkbCXd1NU3F1pn/k8jlhEZxj5JZ0LKgahYINNcXA\\u003d\",\"partic_type\":\"01\",\"serv_type\":\"01\",\"partic_user_id\":\"UB201504081737010000000003573522\",\"mer_id\":\"7099088\",\"project_id\":\"20150413000043\",\"partic_acc_type\":\"01\",\"service\":\"project_transfer\",\"trans_action\":\"01\",\"res_format\":\"HTML\",\"ret_url\":\"http://115.28.171.163:7090/trusteeship_return_web/project_transfer_invest\"}', '2015-04-13 15:10:16', null, null, 'sended', 'umpay', 'project_transfer_invest', 'http://pay.soopay.net/spay/pay/payservice.do', 'utf-8');
INSERT INTO `trusteeship_operation` VALUES ('fb8329dcced14b348c0e50e8571b9446', '2015041600000014', '2015041600000014', '{\"mer_date\":\"20150416\",\"sign_type\":\"RSA\",\"notify_url\":\"http://115.28.171.163:7090/trusteeship_return_s2s/mer_recharge_person\",\"charset\":\"UTF-8\",\"order_id\":\"2015041600000014\",\"version\":\"1.0\",\"user_ip\":\"118.187.56.162\",\"amount\":\"7800\",\"sign\":\"NaBOMv2/x2G7OG2CB0MLAQPjx0cPlsjXwUJM2uHUVmG8Ey27BqplkXW6SMlq2mWDiOOT5bGAMUlYothvf8s80tW7EbnFQ4lEpfAb8P3wAvZmqtxDmu4L00yuj9Ct5sd+Ni4pVu4OonNzHoxfKnjUUSAApYeOeEsFmKb50O82bg8\\u003d\",\"gate_id\":\"BCCB\",\"pay_type\":\"B2CDEBITBANK\",\"mer_id\":\"7099088\",\"service\":\"mer_recharge_person\",\"user_id\":\"UB201504161636050000000003665807\",\"res_format\":\"HTML\",\"ret_url\":\"http://115.28.171.163:7090/trusteeship_return_web/mer_recharge_person\"}', '2015-04-16 16:50:04', null, null, 'sended', 'umpay', 'mer_recharge_person', 'http://pay.soopay.net/spay/pay/payservice.do', 'utf-8');
INSERT INTO `trusteeship_operation` VALUES ('fb933357c58942e0a52f893fd7be0342', '0220150413000042', '20150413000042', 'amount=0&charset=UTF-8&mer_date=20150413&mer_id=7099088&notify_url=http%3A%2F%2F115.28.171.163%3A7090%2Ftrusteeship_return_s2s%2F&order_id=0220150413000042&partic_acc_type=02&partic_type=03&partic_user_id=7099088&project_id=20150413000042&res_format=HTML&ret_url=http%3A%2F%2F115.28.171.163%3A7090%2Ftrusteeship_return_web%2F&serv_type=52&service=project_transfer&sign_type=RSA&trans_action=02&version=1.0', '2015-04-13 15:07:05', '{sign=jmpToDSU+G3aw2nzi+Kq2FA32xlXEPsfsFHPNnc1DZU8VsYwfBUbDxJTKfVXvXyZtapC3QMoLuu56xoX6z5niFhP0PDfwKw94cOnjAUF5Im2kKKhWZyUMl098kdUqSITBbwreBfJl/Qcx/95nq1sx90REM7cZiBrDefot6SW3sI=, ret_code=00060700, ret_msg=请求的参数[amount(0)]格式或值不正确, plain=ret_code=00060700&ret_msg=请求的参数[amount(0)]格式或值不正确}', '2015-04-13 15:07:05', 'refused', 'umpay', 'project_transfer', 'http://pay.soopay.net/spay/pay/payservice.do?amount=0&charset=UTF-8&mer_date=20150413&mer_id=7099088&notify_url=http%3A%2F%2F115.28.171.163%3A7090%2Ftrusteeship_return_s2s%2F&order_id=0220150413000042&partic_acc_type=02&partic_type=03&partic_user_id=7099088&project_id=20150413000042&res_format=HTML&ret_url=http%3A%2F%2F115.28.171.163%3A7090%2Ftrusteeship_return_web%2F&serv_type=52&service=project_transfer&sign_type=RSA&trans_action=02&version=1.0&sign=Uoh3YcRc1aFlE4TSzp%2BEcgXOlg3D1T%2FWrVnAZm1ftnHuRUvNUdYnaNWx%2BNCU%2BAa760PfRwdoSEB8DUpanXsvpubePg7sKnmOMiG2gEotiXv0cWoZMB%2B8uO4NvCDKQBPxyZjCuuJ5HtaaBtF4ArjSVhNtpCMQecCQUqEmxX4ocM0%3D', 'utf-8');
INSERT INTO `trusteeship_operation` VALUES ('fc7dc6f50b3a4448b8244f8f80b62f3d', '2015042700000002', '2015042700000002', '{\"mer_date\":\"20150427\",\"sign_type\":\"RSA\",\"notify_url\":\"http://115.28.171.163:7090/trusteeship_return_s2s/cust_withdrawals\",\"charset\":\"UTF-8\",\"order_id\":\"2015042700000002\",\"version\":\"1.0\",\"amount\":\"200\",\"sign\":\"fYUBOGLTUdQwHTqscYy8k28SVdMJODrdeJ9InfHWUKlf+v0NHUvKPrfVNu9X1E+ifMVsW51adUUNeqL7rCq/97o5Y6/T8Fw2eLBaA7cBVmxGxOryTFzYdKQOLup7P5if8PN5q1lz4EiDO5ENcT+ksXjdR93mpa3MOQQYvlifu+U\\u003d\",\"mer_id\":\"7099088\",\"service\":\"cust_withdrawals\",\"user_id\":\"UB201504161125570000000003661793\",\"res_format\":\"HTML\",\"ret_url\":\"http://115.28.171.163:7090/trusteeship_return_web/cust_withdrawals\"}', '2015-04-27 18:45:33', '{trade_no=1504271846082983, mer_date=20150427, trade_state=4, sign_type=RSA, ret_msg=交易成功, order_id=2015042700000002, version=4.0, amount=200, sign=I46pfVgj8Th2yWfNX86eU2pLHMohIaUVht0gDOP1baxY62XH6A87jZ0lDKyubE8/EcZcORGJZMk9P94dQj5KlIUo44ZrCrfl/dI5k9UMutR+OnxVm/J2D6eiA1hHlKLlDW3jesxc/bdYXBDibyaNum3gJu4wzDKnRQydx6FIaGM=, transfer_settle_date=20150428, ret_code=0000, mer_id=7099088, transfer_date=20150428}', '2015-04-28 10:16:14', 'passed', 'umpay', 'cust_withdrawals', 'http://pay.soopay.net/spay/pay/payservice.do', 'utf-8');
INSERT INTO `trusteeship_operation` VALUES ('fc98467f68944a689f8978aaea67141e', '2015041700000003', '2015041700000003', '{\"mer_date\":\"20150417\",\"sign_type\":\"RSA\",\"notify_url\":\"http://115.28.171.163:7090/trusteeship_return_s2s/mer_recharge_person\",\"charset\":\"UTF-8\",\"order_id\":\"2015041700000003\",\"version\":\"1.0\",\"user_ip\":\"118.187.56.162\",\"amount\":\"10000\",\"sign\":\"l7ALvMyBOQskHDgtZuBw/R/UsrBAo7MU9SwHr4smFpxq5r5kWM75H/0gIf0CRewVQwWa0YzFu8pldxU2xu+M3W/1hvlQk+w90BBfriGQpfBoJeBWextmwA5ul1yNQkgODzpcf2BR2i7Inr0iAk8OUTm2df/nKcBIbbB8ZDhP8D0\\u003d\",\"gate_id\":\"CMB\",\"pay_type\":\"B2CDEBITBANK\",\"mer_id\":\"7099088\",\"service\":\"mer_recharge_person\",\"user_id\":\"UB201504161636050000000003665807\",\"res_format\":\"HTML\",\"ret_url\":\"http://115.28.171.163:7090/trusteeship_return_web/mer_recharge_person\"}', '2015-04-17 10:20:06', null, null, 'sended', 'umpay', 'mer_recharge_person', 'http://pay.soopay.net/spay/pay/payservice.do', 'utf-8');
INSERT INTO `trusteeship_operation` VALUES ('fcffa35862df42bbbe1c140a2bee64b0', '20150417000001', '20150417000001', '{\"mer_date\":\"20150417\",\"sign_type\":\"RSA\",\"notify_url\":\"http://115.28.171.163:7090/trusteeship_return_s2s/project_transfer_invest\",\"charset\":\"UTF-8\",\"order_id\":\"20150417000001\",\"version\":\"1.0\",\"amount\":\"10000\",\"sign\":\"JKnIYuO4orXWzRuwPJHs07u5XEALHRaO6EbM3SO8ibDhJEd09ZAJe9XHn10Z47uaO60F9jgGBDTJQkiV1dG8L/eyFac5zou5ZTrLEATdKC8LYun4FHuCOzFi1Qkhl9E6L63H2p1tDIZoIJxPJ5jlBFcy35QrCDNyKLMACM03mvQ\\u003d\",\"partic_type\":\"01\",\"serv_type\":\"01\",\"partic_user_id\":\"UB201504161636050000000003665807\",\"mer_id\":\"7099088\",\"project_id\":\"20150409000031\",\"partic_acc_type\":\"01\",\"service\":\"project_transfer\",\"trans_action\":\"01\",\"res_format\":\"HTML\",\"ret_url\":\"http://115.28.171.163:7090/trusteeship_return_web/project_transfer_invest\"}', '2015-04-17 11:31:09', null, null, 'sended', 'umpay', 'project_transfer_invest', 'http://pay.soopay.net/spay/pay/payservice.do', 'utf-8');
INSERT INTO `trusteeship_operation` VALUES ('fd87a4e1278d4296aa787ca94891bd07', '20150427000006', '20150427000006', '{\"mer_date\":\"20150427\",\"sign_type\":\"RSA\",\"notify_url\":\"http://115.28.171.163:7090/trusteeship_return_s2s/project_transfer_invest\",\"charset\":\"UTF-8\",\"order_id\":\"20150427000006\",\"version\":\"1.0\",\"amount\":\"5000\",\"sign\":\"pH0951KCPclmbKNb1pJ4Z22ka5yI2ajIUqGeNOjW3afOjYED4s4KtRAV0MM+IaGBHi4D3oi3rO37t+YdpTeAxCmBv80CakSrvqScRVOhvIzVs+nM0MiXOPfhma7RdtC5qIHSaQGIL7ianGzeOk6VGmUomrE7Yt3QkPs3IREWS/Y\\u003d\",\"partic_type\":\"01\",\"serv_type\":\"01\",\"partic_user_id\":\"UB201504161125550000000003661819\",\"mer_id\":\"7099088\",\"project_id\":\"20150427000059\",\"partic_acc_type\":\"01\",\"service\":\"project_transfer\",\"trans_action\":\"01\",\"res_format\":\"HTML\",\"ret_url\":\"http://115.28.171.163:7090/trusteeship_return_web/project_transfer_invest\"}', '2015-04-27 16:12:12', '{sign=wAZyvPUj3fa+/Cto/Liuu9t/SQ9QzVHJShB01nLZe72lavWWrEV5+tBxPhYDZ319aUh+Ml5VTCxNIwi+a2R4fzXjTrJLIBmy0ERoaCpSubAFZsptvJVOvhPDTmu+J3lawxECmYmLpJqSsA6VIb8oXLNdQ0q6PH372RnnK0392IQ=, trade_no=1504275017123973, ret_code=0000, mer_date=20150427, mer_id=7099088, mer_check_date=20150427, sign_type=RSA, service=project_tranfer_notify, ret_msg=交易成功。, order_id=20150427000006, version=4.0}', '2015-04-27 16:15:09', 'passed', 'umpay', 'project_transfer_invest', 'http://pay.soopay.net/spay/pay/payservice.do', 'utf-8');
INSERT INTO `trusteeship_operation` VALUES ('fdc73671cb22412baa2faaa41c25c811', '14284834115026214830113738271', 'wangxibao9', '{\"identity_code\":\"fSRVszlkgppqoo8IyNIpR7RWvQ3xJRp6e/gbHs8A5bDTabMDa2i/uYM0HdtROwdVrOcaVbtzS7LNcJCvH1K8w+dIPIJRF4KUew2At/Zs7LJEDkki/9tpY9GiTPihVQRyoTX4ww8faAmg6uwn3D0Ee7T0NQka3wuKLtayAYuTBlU\\u003d\",\"mer_date\":\"20150408\",\"sign_type\":\"RSA\",\"notify_url\":\"http://115.28.171.163:7090/trusteeship_return_s2s/mer_bind_card\",\"charset\":\"UTF-8\",\"order_id\":\"14284834115026214830113738271\",\"card_id\":\"Q7U92fqM6iOsdMhoAGmIrbulQNryuezqHzfyR4aMK8A3Uwb5KxbF2Uv5ans18A4xdN2GzcL4xQN3ic674FaFHsHYexaJ3A8SdvGiObNQ99vV4yNd9eJ+8ffA5KiCvXt3F535aV0frg2JdKWQ/tpBJZ9xM4Zn1YEQqR+ttCWmK6w\\u003d\",\"version\":\"1.0\",\"account_name\":\"QAJi4EoxoHKlvblG1O8HOX+8xO6BdrGYNFmiUNz+yAte0ZDqYGihAxxzW619iOmapH3Xtm/gThA749yLA97UdLilrjrBPWjJ+cZdkDpLftz0d+8DkM36GaQHoQDp+DDFlVglMwJP1j28duPRHdE5LUHiUua1kbFfOpFARLiOB8Y\\u003d\",\"sign\":\"WGNLMUxO1ueYCiIp1KRsn+9L6uLRBs3sHR43X9MLiYZz4YElPtnZqEP/UdEu/wAbKJe6JKvUclFeCkJi2zVQT+K7R8ruo49+REQ5yHwrgKDkw0MZxrOxT4MLW+LZpbgron9Gb4rlSINnLqtenPuarhDppCgjfS7DnXCCtWomQ2g\\u003d\",\"mer_id\":\"7099088\",\"identity_type\":\"IDENTITY_CARD\",\"service\":\"mer_bind_card\",\"user_id\":\"UB201504081447010000000003571502\",\"res_format\":\"HTML\",\"ret_url\":\"http://115.28.171.163:7090/trusteeship_return_web/mer_bind_card\"}', '2015-04-08 16:56:51', null, null, 'sended', 'umpay', 'mer_bind_card', 'http://pay.soopay.net/spay/pay/payservice.do', 'utf-8');
INSERT INTO `trusteeship_operation` VALUES ('fe1b8e3dc7b748969ba09512c3b76c2b', 'mleoshi', 'mleoshi', 'charset=UTF-8&email=lei%40tuotiansudai.com&identity_code=VoGQhgooieJHmAzid5Vcf8dRtycmaslIbWMh6jmIKv4Rfh4HzH06KgbPRJbKgxqWWu078NkxL4FSITIdE715np%2FOh7gj9tcHnXzgy2IP7oy0eIs430kuoymuAAoMIHImvpLBcnWCXDN0ZSvQiO07TDnQCO%2BHDgTaLW6I3X1Nz2s%3D&identity_type=IDENTITY_CARD&mer_cust_id=mleoshi&mer_cust_name=g3PUfZ5IA2idjbGtysykb9PmJ0YfCSMqEO7WQKVQXpEQ7rTr4iBuo65e2xSYNe0DUyJyiAdgZdsLSMrfH%2BY1iYVF9G7ZGJ29WaCK61h6cNgsQ8WviaiFvUwq27rpgcl91%2BHfy55oK6i6UFW8bKyRh2iOFsUL3QkivdGmr9Gx3eQ%3D&mer_id=7099088&mobile_id=13699248263&res_format=HTML&service=mer_register_person&sign_type=RSA&version=1.0', '2015-04-16 11:25:47', '{sign=q48xlWHQm4Nl89vNefXQL+EH0YDkRYZrwv+NjFqncpYup7weIGjuPxJ7tGz+4J74+G0T+pNriV7BIDWqkg7/09FzsEZ1IaVUJ0GIkpX3s4QTsTSsT8UuNp5BDCViZnQCo/yJVfL5UI5qoK9MUsH293Eg2tbTEmmcxjI9ZkXDMIw=, ret_code=0000, account_id=02000155741809, mer_id=7099088, sign_type=RSA, ret_msg=交易成功。, user_id=UB201504161125570000000003661793, plain=account_id=02000155741809&mer_id=7099088&reg_date=20150416&ret_code=0000&ret_msg=交易成功。&user_id=UB201504161125570000000003661793&version=1.0, reg_date=20150416, version=1.0}', '2015-04-16 11:25:58', 'passed', 'umpay', 'mer_register_person', 'http://pay.soopay.net/spay/pay/payservice.do?charset=UTF-8&email=lei%40tuotiansudai.com&identity_code=VoGQhgooieJHmAzid5Vcf8dRtycmaslIbWMh6jmIKv4Rfh4HzH06KgbPRJbKgxqWWu078NkxL4FSITIdE715np%2FOh7gj9tcHnXzgy2IP7oy0eIs430kuoymuAAoMIHImvpLBcnWCXDN0ZSvQiO07TDnQCO%2BHDgTaLW6I3X1Nz2s%3D&identity_type=IDENTITY_CARD&mer_cust_id=mleoshi&mer_cust_name=g3PUfZ5IA2idjbGtysykb9PmJ0YfCSMqEO7WQKVQXpEQ7rTr4iBuo65e2xSYNe0DUyJyiAdgZdsLSMrfH%2BY1iYVF9G7ZGJ29WaCK61h6cNgsQ8WviaiFvUwq27rpgcl91%2BHfy55oK6i6UFW8bKyRh2iOFsUL3QkivdGmr9Gx3eQ%3D&mer_id=7099088&mobile_id=13699248263&res_format=HTML&service=mer_register_person&sign_type=RSA&version=1.0&sign=emEVwmNVu7p1nohZ%2FrVho7hMYSVtM2%2BrVwkxTDq4BJtbdk6xC%2B4K1Exh5Y9jaxdovJJqxXzLhLXk50tLK3sNGNA2pkqwSxXIlDSbQUeQS9kstuMGSWb%2B6KEO2eoIKgmOz5JFx8N3BxPnsQXf51yQ1OfthzK6pAGrv1B8M%2FmI%2FBc%3D', 'utf-8');
INSERT INTO `trusteeship_operation` VALUES ('fefb330700044d53a62a3e5645ffebd8', '2015042400000002', '2015042400000002', '{\"mer_date\":\"20150424\",\"sign_type\":\"RSA\",\"notify_url\":\"http://115.28.171.163:7090/trusteeship_return_s2s/cust_withdrawals\",\"charset\":\"UTF-8\",\"order_id\":\"2015042400000002\",\"version\":\"1.0\",\"amount\":\"9134\",\"sign\":\"crNZePFYeDlqjKe0p23HIeMUuBIu0XriKwa7HNX99gydsoD0Wf84ryqjUFEpPeWhPGel4KgRpzrH3RUWp68YoBJzj+N1pnqzGecTTgemWY9lRms5uN29ryCRH8ViziC2Bd+zOL6EzRAQVm+ociaZtYF/MVEcZ/5dn/9TEokUM0U\\u003d\",\"mer_id\":\"7099088\",\"service\":\"cust_withdrawals\",\"user_id\":\"UB201504161125570000000003661793\",\"res_format\":\"HTML\",\"ret_url\":\"http://115.28.171.163:7090/trusteeship_return_web/cust_withdrawals\"}', '2015-04-24 17:50:50', null, null, 'sended', 'umpay', 'cust_withdrawals', 'http://pay.soopay.net/spay/pay/payservice.do', 'utf-8');
INSERT INTO `trusteeship_operation` VALUES ('ff6a3e7db88c4f2183fe4daee2735f2b', '20150413000001', '20150413000001', '{\"mer_date\":\"20150413\",\"sign_type\":\"RSA\",\"notify_url\":\"http://115.28.171.163:7090/trusteeship_return_s2s/project_transfer_invest\",\"charset\":\"UTF-8\",\"order_id\":\"20150413000001\",\"version\":\"1.0\",\"amount\":\"100\",\"sign\":\"CM3mxGtpBEh+Tj7YcHSB9ufQW/JJ7BssJ2NS2BXMHyTiVMVOoReY1qSVoB1ENzW3aNwR5tzgpGCOKYPem2BUC/2bSUvEfyIEZ9BW0LEVv/D0iDbH7mWZ+jyIrj0AopJl/aZxtKmRyulaHPT7jImdWMvR4i0B0yeZvCIJFpTDfds\\u003d\",\"partic_type\":\"01\",\"serv_type\":\"01\",\"partic_user_id\":\"UB201504081707280000000003573277\",\"mer_id\":\"7099088\",\"project_id\":\"20150413000041\",\"partic_acc_type\":\"01\",\"service\":\"project_transfer\",\"trans_action\":\"01\",\"res_format\":\"HTML\",\"ret_url\":\"http://115.28.171.163:7090/trusteeship_return_web/project_transfer_invest\"}', '2015-04-13 10:40:22', '{sign=pEQHrOBQDiQXTVL3ugHHj/wlYC4Pi5FLUXR7ylAJisHARRIrX2jOW+t588/sN8ZctEcvQe2nTVIM1BZbsMTDRY2EJbBGiE16Oysy/LkVmO4CagLDuOEWIdI8DT5hn55nf3h/8SxrdgbRfwDlNlbYHsYYeH1g1Bx+qitXgrYLdkc=, trade_no=1504135014510533, ret_code=0000, mer_date=20150413, mer_id=7099088, mer_check_date=20150413, sign_type=RSA, service=project_tranfer_notify, ret_msg=交易成功。, order_id=20150413000001, version=4.0}', '2015-04-13 10:47:58', 'passed', 'umpay', 'project_transfer_invest', 'http://pay.soopay.net/spay/pay/payservice.do', 'utf-8');
INSERT INTO `trusteeship_operation` VALUES ('ff7cd67f7aa6461f9046798f23f7ea04', '2015042300000023', '2015042300000023', '{\"mer_date\":\"20150423\",\"sign_type\":\"RSA\",\"notify_url\":\"http://115.28.171.163:7090/trusteeship_return_s2s/mer_recharge_person\",\"charset\":\"UTF-8\",\"order_id\":\"2015042300000023\",\"version\":\"1.0\",\"user_ip\":\"124.200.110.58\",\"amount\":\"100\",\"sign\":\"h3nUwMlmA1xaeYBha6uJJIs1LYCetWLFpeQv0BoKQNDQOZ4s1t+Rdv8jJV/we+dkCDSDSt6VtOF49qI/cNWwufdJHPwJIw5Qkp9F5NajZz96Sn1nqiTyhRyQhD0vHLa+Kgpdns93cDSPkGIUQFkzpguR/Z29QKIiNyC4pxSc7AE\\u003d\",\"gate_id\":\"WZCB\",\"pay_type\":\"B2CDEBITBANK\",\"mer_id\":\"7099088\",\"service\":\"mer_recharge_person\",\"user_id\":\"UB201504081447010000000003571502\",\"res_format\":\"HTML\",\"ret_url\":\"http://115.28.171.163:7090/trusteeship_return_web/mer_recharge_person\"}', '2015-04-23 21:34:25', null, null, 'sended', 'umpay', 'mer_recharge_person', 'http://pay.soopay.net/spay/pay/payservice.do', 'utf-8');
INSERT INTO `trusteeship_operation` VALUES ('ffd548498ab8489aa03a22cd8ba126ed', '201504170000050001', '201504170000050001', 'amount=5044&charset=UTF-8&mer_date=20150417&mer_id=7099088&notify_url=http%3A%2F%2F115.28.171.163%3A7090%2Ftrusteeship_return_s2s%2F&order_id=201504170000050001&partic_acc_type=01&partic_type=01&partic_user_id=UB201504161125570000000003661793&project_id=20150417000050&res_format=HTML&ret_url=http%3A%2F%2F115.28.171.163%3A7090%2Ftrusteeship_return_web%2F&serv_type=54&service=project_transfer&sign_type=RSA&trans_action=02&version=1.0', '2015-04-17 14:59:23', '{sign=j7bWEXjj42NwCwnmY0uN7bdp/PiDo0O+YEUkXBzmG0nhuIKb4DwPWdENuNA5zcDcgEmZrYJc6HdOikfeMke3e5JPTxh0kNH/qbmGqBcdwSTyAXrYWFg9Q1sChnqdIFQxKJuYMKaczmfYdy1Yvd+K6Yu3+LNU0MyUhYZu10KeIdc=, trade_no=1504175015575253, ret_code=0000, mer_date=20150417, mer_check_date=20150417, mer_id=7099088, sign_type=RSA, ret_msg=交易成功。, order_id=201504170000050001, plain=mer_check_date=20150417&mer_date=20150417&mer_id=7099088&order_id=201504170000050001&ret_code=0000&ret_msg=交易成功。&trade_no=1504175015575253&version=1.0, version=1.0}', '2015-04-17 14:59:23', 'passed', 'umpay', 'project_transfer', 'http://pay.soopay.net/spay/pay/payservice.do?amount=5044&charset=UTF-8&mer_date=20150417&mer_id=7099088&notify_url=http%3A%2F%2F115.28.171.163%3A7090%2Ftrusteeship_return_s2s%2F&order_id=201504170000050001&partic_acc_type=01&partic_type=01&partic_user_id=UB201504161125570000000003661793&project_id=20150417000050&res_format=HTML&ret_url=http%3A%2F%2F115.28.171.163%3A7090%2Ftrusteeship_return_web%2F&serv_type=54&service=project_transfer&sign_type=RSA&trans_action=02&version=1.0&sign=JgvBgtJ3PrxsBXxtoxLSfnTf4MVr%2Bk6bfMv1ILv5fTcec4QS9Rm4r0wzYyJ6sxIT5VMi6sH8MB4IrnCfXMEpLd%2FtAsiMHYXH10F%2BQlKWnRfCugCkx7n1nGMdEmlUMzFLL4qldQXfEzAFBtRoyVagTPRwselICLLkeA7k3md5k4M%3D', 'utf-8');

-- ----------------------------
-- Table structure for `upload`
-- ----------------------------
DROP TABLE IF EXISTS `upload`;
CREATE TABLE `upload` (
  `id` varchar(32) NOT NULL,
  `file_name` varchar(100) DEFAULT NULL,
  `uri` varchar(500) DEFAULT NULL,
  `file_mime` varchar(50) DEFAULT NULL,
  `size` double DEFAULT NULL,
  `status` varchar(10) DEFAULT NULL,
  `upload_time` datetime DEFAULT NULL,
  `file_category` varchar(32) DEFAULT NULL,
  `description` text,
  PRIMARY KEY (`id`),
  KEY `FK_upload_file_type` (`file_category`) USING BTREE,
  CONSTRAINT `upload_ibfk_1` FOREIGN KEY (`file_category`) REFERENCES `upload_category` (`id`)
) ENGINE=InnoDB DEFAULT CHARSET=utf8;

-- ----------------------------
-- Records of upload
-- ----------------------------

-- ----------------------------
-- Table structure for `upload_category`
-- ----------------------------
DROP TABLE IF EXISTS `upload_category`;
CREATE TABLE `upload_category` (
  `id` varchar(32) NOT NULL,
  `name` varchar(50) DEFAULT NULL,
  `description` text,
  PRIMARY KEY (`id`)
) ENGINE=InnoDB DEFAULT CHARSET=utf8;

-- ----------------------------
-- Records of upload_category
-- ----------------------------

-- ----------------------------
-- Table structure for `url_mapping`
-- ----------------------------
DROP TABLE IF EXISTS `url_mapping`;
CREATE TABLE `url_mapping` (
  `id` varchar(32) NOT NULL,
  `pattern` varchar(500) NOT NULL,
  `view_id` varchar(500) NOT NULL,
  `description` varchar(500) DEFAULT NULL,
  PRIMARY KEY (`id`)
) ENGINE=InnoDB DEFAULT CHARSET=utf8;

-- ----------------------------
-- Records of url_mapping
-- ----------------------------
INSERT INTO `url_mapping` VALUES ('activefail', '/activefail', 'themepath:activefail.htm', '');
INSERT INTO `url_mapping` VALUES ('activitySpecial', '/activitySpecial', 'themepath:activitySpecial.htm', '');
INSERT INTO `url_mapping` VALUES ('ADMIN_LOGIN', '/loginPage', 'themepath:login.htm', '管理员登录页面');
INSERT INTO `url_mapping` VALUES ('afterFirstRecharge', '/user/afterFirstRecharge', 'themepath:user/afterFirstRecharge.htm', '首次充值提示页面');
INSERT INTO `url_mapping` VALUES ('afterRecharge', '/user/afterRecharge', 'themepath:user/afterRecharge.htm', '充值提示页面');
INSERT INTO `url_mapping` VALUES ('Aplan', '/Aplan', 'themepath:Aplan.htm', '');
INSERT INTO `url_mapping` VALUES ('applyLoan', '/user/applyLoan/personal', 'themepath:p2p/applyLoan.htm', '申请p2p借款');
INSERT INTO `url_mapping` VALUES ('applyLoan_enterprise', '/user/applyLoan/enterprise', 'themepath:applyLoan_enterprise.htm', '企业借款申请');
INSERT INTO `url_mapping` VALUES ('applyVip', '/user/applyVIP', 'themepath:user/applyVIP.htm', '申请vip');
INSERT INTO `url_mapping` VALUES ('backList', '/backList', 'themepath:backList.htm', '黑名单列表');
INSERT INTO `url_mapping` VALUES ('bankCardadd', '/user/bankCardadd', 'themepath:user/mybankcardadd.htm', '添加银行卡');
INSERT INTO `url_mapping` VALUES ('bankCardList', '/user/bankCardList', 'themepath:user/mybankcards.htm', '银行卡列表');
INSERT INTO `url_mapping` VALUES ('bindingCard', '/user/bindingCard', 'themepath:user/mybankbinding.htm', '绑定银行卡');
INSERT INTO `url_mapping` VALUES ('bindingEmail', '/user/binding_email', 'themepath:user/binding_email.htm', '用户 -  绑定邮箱');
INSERT INTO `url_mapping` VALUES ('changeBindingEmail', '/user/change_binding_email', 'themepath:user/change_binding_email.htm', '用户 - 修改绑定邮箱');
INSERT INTO `url_mapping` VALUES ('changeBindingMobile', '/user/change_binding_mobile', 'themepath:user/change_binding_mobile.htm', '用户 -  修改绑定手机');
INSERT INTO `url_mapping` VALUES ('commentEdit', '/comment/edit/#{commentId}', 'themepath:commentEdit.htm', null);
INSERT INTO `url_mapping` VALUES ('commentReply', '/comment/reply/#{nodeId}/#{commentId}', 'themepath:commentReply.htm', null);
INSERT INTO `url_mapping` VALUES ('coordinationRate', '/user/coordinationRate', 'themepath:user/coordinationRate.htm', '协调利率');
INSERT INTO `url_mapping` VALUES ('coordinationRateLog', '/user/coordinationRateLog', 'themepath:user/coordinationRateLog.htm', '协调利率记录');
INSERT INTO `url_mapping` VALUES ('emailActiveNotice', '/email_active_notice/#{email}', 'themepath:email_active_notice.htm', '通过邮箱注册完成，提示激活页面');
INSERT INTO `url_mapping` VALUES ('error_404', '/error', 'themepath:error.htm', '404错误页面');
INSERT INTO `url_mapping` VALUES ('findCashPwd', '/user/findCashPwd', 'themepath:user/findCashPwd.htm', '找回提现密码');
INSERT INTO `url_mapping` VALUES ('findCashPwdreNew', '/user/findCashPwdreNew', 'themepath:user/findCashPwdreNew.htm', '重置提现密码');
INSERT INTO `url_mapping` VALUES ('findCashPwdsuccess', '/user/findCashPwdsuccess', 'themepath:user/findCashPwdsuccess.htm', '重置密码成功');
INSERT INTO `url_mapping` VALUES ('findPwdByEmail', '/find_pwd_by_email', 'themepath:find_pwd_by_email.htm', '通过邮箱找回密码：第一步');
INSERT INTO `url_mapping` VALUES ('findPwdByEmail2', '/find_pwd_by_email2/#{email}', 'themepath:find_pwd_by_email2.htm', '通过邮箱找回密码：第二步');
INSERT INTO `url_mapping` VALUES ('findPwdByEmail3', '/find_pwd_by_email3/#{activeCode}', 'themepath:find_pwd_by_email3.htm', '通过邮箱找回密码：第三步，输入新密码，修改');
INSERT INTO `url_mapping` VALUES ('find_login-password', '/find_login-password', 'themepath:find_login-password.htm', '找回密码引导页');
INSERT INTO `url_mapping` VALUES ('find_pwd_by_mobile', '/find_pwd_by_mobile', 'themepath:find_pwd_by_mobile.htm', '');
INSERT INTO `url_mapping` VALUES ('get_investor_permission', '/user/get_investor_permission', 'themepath:user/get_investor_permission.htm', '获取投资权限');
INSERT INTO `url_mapping` VALUES ('he-zuo-dan-bao', '/he-zuo-jia-meng', 'themepath:he-zuo-jia-meng.htm', '');
INSERT INTO `url_mapping` VALUES ('highYiled', '/highYiled', 'themepath:highYiled.htm', '');
INSERT INTO `url_mapping` VALUES ('home', '/', 'themepath:index.htm?page=1', '主页');
INSERT INTO `url_mapping` VALUES ('invest-calculator', '/invest-calculator', 'themepath:investCalculator.htm', '投资计算器');
INSERT INTO `url_mapping` VALUES ('investGuide', '/investGuide', 'themepath:investGuide.htm', '');
INSERT INTO `url_mapping` VALUES ('invest_transfer_list', '/it_list', 'themepath:invest_transfer_list.htm', '债权转让列表');
INSERT INTO `url_mapping` VALUES ('jifenGoodsList', '/jifenGoodsList', 'themepath:jifenGoodsList.htm', '积分商城');
INSERT INTO `url_mapping` VALUES ('letter_detail', '/user/letterdetail/#{id}', 'themepath:user/letterdetail.htm', '查看收信息');
INSERT INTO `url_mapping` VALUES ('loan-list', '/loan-list', 'themepath:loanList.htm', '借款列表');
INSERT INTO `url_mapping` VALUES ('loan-list-tjxm', '/loan-list-tjxm', 'themepath:p2p/loanList-tjxm.htm', '推荐借款列表');
INSERT INTO `url_mapping` VALUES ('loanDetail', '/loan/#{id}', 'themepath:loanDetail.htm', '借款详情页');
INSERT INTO `url_mapping` VALUES ('loanerAdditionInfo', '/user/loanerAdditionInfo', 'themepath:p2p/loanerAdditionInfo.htm', '');
INSERT INTO `url_mapping` VALUES ('loanerAuthentication', '/user/loanerAuthentication', 'themepath:p2p/loanerAuthentication.htm', '');
INSERT INTO `url_mapping` VALUES ('loanerPersonInfo', '/user/loanerPersonInfo', 'themepath:p2p/loanerPersonInfo.htm', '');
INSERT INTO `url_mapping` VALUES ('managemyInfo', '/user/managemyInfo', 'themepath:user/managemyInfo.htm', '认证信息管理');
INSERT INTO `url_mapping` VALUES ('memberLogin', '/memberLoginPage', 'themepath:memberLogin.htm', null);
INSERT INTO `url_mapping` VALUES ('messages', '/user/message', 'themepath:user/messages.htm', '站点消息');
INSERT INTO `url_mapping` VALUES ('mobile_articleDetail', '/mobile/articleDetail/#{id}', 'themepath:mobile/articleDetail.htm', '');
INSERT INTO `url_mapping` VALUES ('mobile_index', '/mobile', 'themepath:mobile/index.htm', '');
INSERT INTO `url_mapping` VALUES ('mobile_loanDetail', '/mobile/loanDetail/#{id}', 'themepath:mobile/loanDetail.htm', '');
INSERT INTO `url_mapping` VALUES ('mobile_loanlist', '/mobile/loanList', 'themepath:mobile/loanList.htm', '');
INSERT INTO `url_mapping` VALUES ('mobile_loan_detail_more', '/mobile/loanDetailMore/#{id}', 'themepath:mobile/loanDetailMore.htm', '手机站：借款更多详情');
INSERT INTO `url_mapping` VALUES ('mobile_login', '/memberLoginMobile', 'themepath:mobile/login.htm', '');
INSERT INTO `url_mapping` VALUES ('mobile_node_list', '/mobile/term/#{termId}', 'themepath:mobile/term.htm', '手机站：文章列表');
INSERT INTO `url_mapping` VALUES ('mobile_register', '/mobile/register', 'themepath:mobile/register.htm', '');
INSERT INTO `url_mapping` VALUES ('mobile_userBill', '/mobile/user/userBill', 'themepath:mobile/user/userBill.htm', '');
INSERT INTO `url_mapping` VALUES ('mobile_userInfo', '/mobile/user/userInfo', 'themepath:mobile/user/userInfo.htm', '');
INSERT INTO `url_mapping` VALUES ('mobile_user_center', '/mobile/user/center', 'themepath:mobile/user/center.htm', '');
INSERT INTO `url_mapping` VALUES ('mobile_user_invests', '/mobile/user/invests', 'themepath:mobile/user/userInvests.htm', '');
INSERT INTO `url_mapping` VALUES ('mobile_user_loans', '/mobile/user/loans', 'themepath:mobile/user/userLoans.htm', '手机站：我的借款');
INSERT INTO `url_mapping` VALUES ('mobile_user_recharge', '/mobile/user/recharge', 'themepath:mobile/user/recharge.htm', '手机站充值');
INSERT INTO `url_mapping` VALUES ('mobile_user_withdraw', '/mobile/user/withdraw', 'themepath:mobile/user/withdraw.htm', '手机站提现');
INSERT INTO `url_mapping` VALUES ('modifypwsuccess', '/modifypwsuccess', 'themepath:modifypasswordsuccess.htm', null);
INSERT INTO `url_mapping` VALUES ('myCashFlow', '/user/myCashFlow', 'themepath:user/myCashFlow.htm', '现金流量表');
INSERT INTO `url_mapping` VALUES ('myCouponFlow', '/user/myCouponFlow', 'themepath:user/myCouponFlow.htm', '优惠劵查询');
INSERT INTO `url_mapping` VALUES ('myRepayment', '/user/myRepayment/#{loanId}', 'themepath:user/myRepayments.htm', '还款');
INSERT INTO `url_mapping` VALUES ('newActivity', '/newActivity/#{index}', 'themepath:newActivity.htm', '');
INSERT INTO `url_mapping` VALUES ('newGuide', '/newGuide', 'themepath:newGuide.htm', '');
INSERT INTO `url_mapping` VALUES ('newsinfo', '/newsinfo/#{termId}/#{nodeId}', 'themepath:news.htm', '新闻中心列表页面');
INSERT INTO `url_mapping` VALUES ('node', '/node/#{termId}/#{nodeId}', 'themepath:node.htm', '文章列表，例如：新闻');
INSERT INTO `url_mapping` VALUES ('node1', '/node/#{nodeId}', 'themepath:node-detail.htm', '文章单页');
INSERT INTO `url_mapping` VALUES ('node_app', '/node_app/#{nodeId}', 'themepath:node_app.htm', '手机端文章单页');
INSERT INTO `url_mapping` VALUES ('openAuthBiddingLogin', '/oauth_bidding', 'themepath:openAuthBiddingLogin.htm', '第三方登录绑定页面');
INSERT INTO `url_mapping` VALUES ('overdueList', '/overdueList', 'themepath:overdueList.htm', '逾期列表');
INSERT INTO `url_mapping` VALUES ('p2p_loan-list', '/p2p_loan-list', 'themepath:p2p/loanList.htm', 'p2p项目列表');
INSERT INTO `url_mapping` VALUES ('p2p_loan-list_dxb', '/p2p_loan-list_dxb', 'themepath:p2p/loanList-dxb.htm', 'p2p定向项目列表');
INSERT INTO `url_mapping` VALUES ('p2p_loan-list_jxb', '/p2p_loan-list_jxb', 'themepath:p2p/loanList-jxb.htm', 'p2p加息项目列表');
INSERT INTO `url_mapping` VALUES ('p2p_loan-list_xsb', '/p2p_loan-list_xsb', 'themepath:p2p/loanList-xsb.htm', 'p2p新手项目列表');
INSERT INTO `url_mapping` VALUES ('p2p_loanDetail', '/p2p_loan/#{loanId}', 'themepath:p2p/loanDetail.htm', 'p2p借款详情页');
INSERT INTO `url_mapping` VALUES ('p2p_loanDetail_dxb', '/p2p_loan_dxb/#{loanId}', 'themepath:p2p/loanDetail_dxb.htm', 'p2p定向借款详情页');
INSERT INTO `url_mapping` VALUES ('p2p_loanDetail_jxb', '/p2p_loan_jxb/#{loanId}', 'themepath:p2p/loanDetail_jxb.htm', 'p2p加息借款详情页');
INSERT INTO `url_mapping` VALUES ('p2p_loanDetail_xsb', '/p2p_loan_xsb/#{loanId}', 'themepath:p2p/loanDetail_xsb.htm', 'p2p新手借款详情页');
INSERT INTO `url_mapping` VALUES ('page', '/page/#{page}', 'themepath:index.htm', '默认只有article');
INSERT INTO `url_mapping` VALUES ('product', '/product/#{id}', 'themepath:product.htm', '产品');
INSERT INTO `url_mapping` VALUES ('productHome', '/product', 'themepath:productIndex.htm?page=1', '');
INSERT INTO `url_mapping` VALUES ('productHomePage', '/product/page/#{page}', 'themepath:productIndex.htm', null);
INSERT INTO `url_mapping` VALUES ('productTerm', '/product/term/#{id}', 'themepath:productTerm.htm', null);
INSERT INTO `url_mapping` VALUES ('raiseComplete', '/raise/complete', 'themepath:raise/complete.htm', '项目提交完成');
INSERT INTO `url_mapping` VALUES ('raiseFindPassword1', '/raise/findpassword1', 'themepath:raise/find-password1.htm', '找回密码第一步');
INSERT INTO `url_mapping` VALUES ('raiseFindPassword2', '/raise/findpassword2', 'themepath:raise/find-password2.htm', '找回密码第二步');
INSERT INTO `url_mapping` VALUES ('raiseFindPassword3', '/raise/findpassword3', 'themepath:raise/find-password3.htm', '找回密码第三步');
INSERT INTO `url_mapping` VALUES ('raiseIndex', '/raise', 'themepath:raise/index.htm', '众筹首页');
INSERT INTO `url_mapping` VALUES ('raiseInvest', '/raise/invest/#{id}', 'themepath:raise/invest.htm', '购买页面');
INSERT INTO `url_mapping` VALUES ('raiseInvestSelfless', '/raise/investSelfless/#{id}', 'themepath:raise/invest-selfless.htm', '购买无私支持');
INSERT INTO `url_mapping` VALUES ('raiseLoanDetail', '/raise/loanDetail/#{id}', 'themepath:raise/loan-detail.htm', '众筹项目详情');
INSERT INTO `url_mapping` VALUES ('raiseLoanEdit', '/raise/loanEdit', 'themepath:raise/loan-edit.htm', '编辑众筹项目');
INSERT INTO `url_mapping` VALUES ('raiseLoanList', '/raise/loanList', 'themepath:raise/loan-list.htm', '众筹项目列表');
INSERT INTO `url_mapping` VALUES ('raiseLogin', '/raise/membersLogin', 'themepath:raise/login.htm', '');
INSERT INTO `url_mapping` VALUES ('raisePaybackEdit', '/raise/paybackEdit/#{loanId}', 'themepath:raise/payback-edit.htm', '编辑回报');
INSERT INTO `url_mapping` VALUES ('raisePermission', '/raise/permission', 'themepath:raise/permission.htm', '实名认证页面');
INSERT INTO `url_mapping` VALUES ('raiseRegister', '/raise/register', 'themepath:raise/register.htm', '');
INSERT INTO `url_mapping` VALUES ('raiseUserAddress', '/raise/user/address', 'themepath:raise/user/set-address.htm', '');
INSERT INTO `url_mapping` VALUES ('raiseUserBankcards', '/raise/user/bankcards', 'themepath:raise/user/bankcards.htm', '众筹 银行卡列表');
INSERT INTO `url_mapping` VALUES ('raiseUserCenter', '/raise/user/center', 'themepath:raise/user/center.htm', '');
INSERT INTO `url_mapping` VALUES ('raiseUserCenterLike', '/raise/user/centerLike', 'themepath:raise/user/center-like.htm', '');
INSERT INTO `url_mapping` VALUES ('raiseUserCenterSupport', '/raise/user/centerSupport', 'themepath:raise/user/center-support.htm', '');
INSERT INTO `url_mapping` VALUES ('raiseUserEdit', '/raise/userEdit/#{loanId}', 'themepath:raise/user-edit.htm', '众筹个人信息编辑');
INSERT INTO `url_mapping` VALUES ('raiseUserInfo', '/raise/user/info', 'themepath:raise/user/set-info.htm', '');
INSERT INTO `url_mapping` VALUES ('raiseUserPassword', '/raise/user/password', 'themepath:raise/user/set-password.htm', '');
INSERT INTO `url_mapping` VALUES ('raiseUserRaiserLoanList', '/raise/user/raiser/loanList', 'themepath:raise/user/raiser-loan-list.htm', '众筹发起人后台－项目列表');
INSERT INTO `url_mapping` VALUES ('raiseUserRaiserLoanUnpublish', '/raise/user/raiser/loanUnpublish', 'themepath:raise/user/raiser-loan-unpublish.htm', '众筹发起人后台－未发布项目列表');
INSERT INTO `url_mapping` VALUES ('raiseUserRaiserShipList', '/raise/user/raiser/shipList', 'themepath:raise/user/raiser-ship-list.htm', '众筹发起人后台－发货列表');
INSERT INTO `url_mapping` VALUES ('raiseUserRecharge', '/raise/user/recharge', 'themepath:raise/user/recharge.htm', '众筹充值');
INSERT INTO `url_mapping` VALUES ('raiseUserWithdraw', '/raise/user/withdraw', 'themepath:raise/user/withdraw.htm', '众筹 提现');
INSERT INTO `url_mapping` VALUES ('reActive', '/re_active', 'themepath:re_active.htm', '未激活用户登陆后，显示页面');
INSERT INTO `url_mapping` VALUES ('regActiveuser', '/activateSuccess ', 'themepath:activateSuccess.htm', null);
INSERT INTO `url_mapping` VALUES ('safe', '/safe', 'themepath:safe.htm', '');
INSERT INTO `url_mapping` VALUES ('searchResultPage', '/search/#{key}/page/#{page}', 'themepath:result.htm', null);
INSERT INTO `url_mapping` VALUES ('term', '/term/#{termId}', 'themepath:term.htm', null);
INSERT INTO `url_mapping` VALUES ('termpage', '/term/#{termId}/page/#{page}', 'themepath:term.htm', '文章分页');
INSERT INTO `url_mapping` VALUES ('term_app', '/term_app/#{termId}', 'themepath:term_app.htm', '手机端文章列表');
INSERT INTO `url_mapping` VALUES ('user-register_by_referrer', '/user-register_by_referrer/#{referrer}', 'themepath:memberRegister.htm', '注册，有推荐人');
INSERT INTO `url_mapping` VALUES ('user-transfer-can_transfer', '/user/transfer/can-transfer', 'themepath:user/transfer/can-transfer.htm', '个人中心-我的债权-可转让的债权');
INSERT INTO `url_mapping` VALUES ('user-transfer-transfering', '/user/transfer/transfering', 'themepath:user/transfer/transfering.htm', '个人中心-我的债权-转让中的债权');
INSERT INTO `url_mapping` VALUES ('user-transfer-turned_out', '/user/transfer/turned-out', 'themepath:user/transfer/turned-out.htm', '个人中心-我的债权-已转出的债权');
INSERT INTO `url_mapping` VALUES ('userAccountSafe', '/user/accountSafe', 'themepath:user/accountSafe.htm', '用户中心 - 安全中心');
INSERT INTO `url_mapping` VALUES ('userCenter', '/user/center', 'themepath:user/center.htm', '个人中心 - 首页');
INSERT INTO `url_mapping` VALUES ('userChangeCashPassword', '/user/changeCashPassword', 'themepath:user/changeCashPassword.htm', '用户 - 修改提现密码');
INSERT INTO `url_mapping` VALUES ('userChangePassword', '/user/changePassword', 'themepath:user/changePassword.htm', '用户 - 修改密码');
INSERT INTO `url_mapping` VALUES ('userLogin', '/page/login', 'themepath:login.htm', null);
INSERT INTO `url_mapping` VALUES ('userMessageTypeSet', '/user/messageTypeSet', 'themepath:user/messageTypeSet.htm', '消息提醒设置');
INSERT INTO `url_mapping` VALUES ('userOfflineRecharge', '/user/offline-recharge', 'themepath:user/offline-recharge.htm', '线下充值');
INSERT INTO `url_mapping` VALUES ('userRecharge', '/user/recharge', 'themepath:user/recharge.htm', '用户充值');
INSERT INTO `url_mapping` VALUES ('userRegActiveuser', '/regActiveuser', 'themepath:regActiveuser.htm', null);
INSERT INTO `url_mapping` VALUES ('userRegister', '/register', 'themepath:memberRegister.htm', null);
INSERT INTO `url_mapping` VALUES ('userRegisterFromThirdPart', '/register/#{username}', 'themepath:register.htm', '');
INSERT INTO `url_mapping` VALUES ('userRegisterTwo', '/registertwo', 'themepath:registerdetail.htm', null);
INSERT INTO `url_mapping` VALUES ('userRegSuccess', '/regSuccess', 'themepath:regsuccess.htm', null);
INSERT INTO `url_mapping` VALUES ('userSendLetter', '/user/sendLetter', 'themepath:user/sendLetter.htm', '用户 - 写信');
INSERT INTO `url_mapping` VALUES ('userThirdPartyAccountBinding', '/user/thirdPartyAccountBinding', 'themepath:user/thirdPartyAccountBinding.htm', '用户中心 - 第三方账号绑定');
INSERT INTO `url_mapping` VALUES ('user_invest-contract', '/user/invest-contract/#{investId}', 'themepath:user/invest_contract.htm', '个人投资合同');
INSERT INTO `url_mapping` VALUES ('user_invest_bidding', '/user/invest/bidding', 'themepath:user/invest/bidding.htm', '个人中心-正在投标的列表');
INSERT INTO `url_mapping` VALUES ('user_invest_fail', '/user/invest/fail', 'themepath:user/invest/fail.htm', '个人中心-投标失败的列表');
INSERT INTO `url_mapping` VALUES ('user_invest_finished', '/user/invest/finished', 'themepath:user/invest/finished.htm', '个人中心-已完成投资列表');
INSERT INTO `url_mapping` VALUES ('user_invest_repaying', '/user/invest/repaying', 'themepath:user/invest/repaying.htm', '个人中心-还款中投资列表');
INSERT INTO `url_mapping` VALUES ('user_loan-contract', '/user/loan-contract/#{loanId}', 'themepath:user/loan_contract.htm', '个人借款合同');
INSERT INTO `url_mapping` VALUES ('user_loan_applying-p2c', '/user/loan/applying-p2c', 'themepath:user/loan/applying-p2c.htm', '个人中心-申请中的企业借款列表');
INSERT INTO `url_mapping` VALUES ('user_loan_applying-p2p', '/user/loan/applying-p2p', 'themepath:user/loan/applying-p2p.htm', '个人中心-申请中的个人借款列表');
INSERT INTO `url_mapping` VALUES ('user_loan_fail', '/user/loan/fail', 'themepath:user/loan/fail.htm', '个人中心-失败的借款列表');
INSERT INTO `url_mapping` VALUES ('user_loan_finished', '/user/loan/finished', 'themepath:user/loan/finished.htm', '个人中心-已完成借款列表');
INSERT INTO `url_mapping` VALUES ('user_loan_raising', '/user/loan/raising', 'themepath:user/loan/raising.htm', '个人中心-筹款中的借款列表');
INSERT INTO `url_mapping` VALUES ('user_loan_repaying', '/user/loan/repaying', 'themepath:user/loan/repaying.htm', '个人中心-还款中的借款列表');
INSERT INTO `url_mapping` VALUES ('user_my-point-history', '/user/my-point-history', 'themepath:user/my_point_history.htm', '个人中心-我的积分');
INSERT INTO `url_mapping` VALUES ('user_my-presentee', '/user/my-presentee', 'themepath:user/my_presentee.htm', '个人中心-我的推荐信息');
INSERT INTO `url_mapping` VALUES ('user_myInBox.xhtml', '/user/myInBox', 'themepath:user/myInBox.htm', '用户 - 收信箱');
INSERT INTO `url_mapping` VALUES ('user_mySendBox', '/user/mySendBox', 'themepath:user/mySendBox.htm', '用户 - 发信箱');
INSERT INTO `url_mapping` VALUES ('user_transfer-contract', '/user/transfer-contract/#{investId}', 'themepath:user/transfer_contract.htm', '用户-债权转让合同页面');
INSERT INTO `url_mapping` VALUES ('verifyLoan', '/verify/applyLoan/#{id}', 'themepath:applyLoan.htm', '审核贷款申请');
INSERT INTO `url_mapping` VALUES ('verify_loanerAdditionInfo', '/verify/loanerAdditionInfo/#{id}', 'themepath:loanerAdditionInfo.htm', '');
INSERT INTO `url_mapping` VALUES ('verify_loanerAuthentication', '/verify/loanerAuthentication/#{id}', 'themepath:loanerAuthentication.htm', '');
INSERT INTO `url_mapping` VALUES ('verify_loanerPersonInfo', '/verify/loanerPersonInfo/#{id}', 'themepath:loanerPersonInfo.htm', null);
INSERT INTO `url_mapping` VALUES ('withdraw', '/user/withdraw', 'themepath:user/withdraw.htm', '提现');

-- ----------------------------
-- Table structure for `url_mapping_permission`
-- ----------------------------
DROP TABLE IF EXISTS `url_mapping_permission`;
CREATE TABLE `url_mapping_permission` (
  `url_mapping_id` varchar(32) NOT NULL,
  `permission_id` varchar(32) NOT NULL,
  KEY `FKBEC86AB0A8A6203` (`permission_id`) USING BTREE,
  KEY `FKBEC86AB031ADAF10` (`url_mapping_id`) USING BTREE,
  CONSTRAINT `url_mapping_permission_ibfk_1` FOREIGN KEY (`url_mapping_id`) REFERENCES `url_mapping` (`id`),
  CONSTRAINT `url_mapping_permission_ibfk_2` FOREIGN KEY (`permission_id`) REFERENCES `permission` (`id`)
) ENGINE=InnoDB DEFAULT CHARSET=utf8;

-- ----------------------------
-- Records of url_mapping_permission
-- ----------------------------
INSERT INTO `url_mapping_permission` VALUES ('raisePaybackEdit', 'USER');
INSERT INTO `url_mapping_permission` VALUES ('raiseLoanEdit', 'USER');
INSERT INTO `url_mapping_permission` VALUES ('raiseUserEdit', 'USER');
INSERT INTO `url_mapping_permission` VALUES ('raiseUserCenter', 'USER');
INSERT INTO `url_mapping_permission` VALUES ('raiseUserInfo', 'USER');
INSERT INTO `url_mapping_permission` VALUES ('raiseUserPassword', 'USER');
INSERT INTO `url_mapping_permission` VALUES ('raiseUserAddress', 'USER');
INSERT INTO `url_mapping_permission` VALUES ('raiseInvest', 'USER');
INSERT INTO `url_mapping_permission` VALUES ('raiseUserCenterLike', 'USER');
INSERT INTO `url_mapping_permission` VALUES ('raiseUserCenterSupport', 'USER');
INSERT INTO `url_mapping_permission` VALUES ('raiseUserRaiserLoanList', 'USER');
INSERT INTO `url_mapping_permission` VALUES ('raiseUserRaiserLoanUnpublish', 'USER');
INSERT INTO `url_mapping_permission` VALUES ('raiseUserRaiserShipList', 'USER');
INSERT INTO `url_mapping_permission` VALUES ('raiseInvestSelfless', 'USER');
INSERT INTO `url_mapping_permission` VALUES ('raiseUserRecharge', 'USER');
INSERT INTO `url_mapping_permission` VALUES ('raiseUserWithdraw', 'USER');
INSERT INTO `url_mapping_permission` VALUES ('raiseUserBankcards', 'USER');
INSERT INTO `url_mapping_permission` VALUES ('raisePermission', 'USER');

-- ----------------------------
-- Table structure for `user`
-- ----------------------------
DROP TABLE IF EXISTS `user`;
CREATE TABLE `user` (
  `id` varchar(32) NOT NULL,
  `username` varchar(50) NOT NULL,
  `email` varchar(100) DEFAULT NULL,
  `password` varchar(100) NOT NULL,
  `status` char(1) NOT NULL,
  `realname` varchar(100) DEFAULT NULL,
  `sex` varchar(2) DEFAULT NULL,
  `birthday` date DEFAULT NULL,
  `home_address` varchar(100) DEFAULT NULL,
  `QQ` varchar(12) DEFAULT NULL,
  `MSN` varchar(100) DEFAULT NULL,
  `mobile_number` varchar(18) DEFAULT NULL,
  `id_card` varchar(20) DEFAULT NULL,
  `current_address` varchar(100) DEFAULT NULL,
  `nickname` varchar(50) DEFAULT NULL,
  `security_question1` varchar(100) DEFAULT NULL,
  `security_question2` varchar(100) DEFAULT NULL,
  `security_answer1` varchar(100) DEFAULT NULL,
  `security_answer2` varchar(100) DEFAULT NULL,
  `last_login_time` datetime DEFAULT NULL,
  `register_time` datetime NOT NULL,
  `area` varchar(32) DEFAULT NULL,
  `comment` text,
  `cash_password` varchar(50) DEFAULT NULL,
  `area_city` varchar(32) DEFAULT NULL,
  `photo` varchar(500) DEFAULT NULL,
  `score` int(20) DEFAULT '0',
  `disable_time` datetime DEFAULT NULL,
  `borrower_info_id` varchar(32) DEFAULT NULL,
  `level` varchar(32) DEFAULT NULL,
  `bind_ip` varchar(1000) DEFAULT NULL,
  `referrer` varchar(1000) DEFAULT NULL,
  `gas_card` varchar(255) DEFAULT NULL,
  `gas_station` varchar(255) DEFAULT NULL,
  `gas_time` datetime DEFAULT NULL,
  `plate_number` varchar(255) DEFAULT NULL,
  `department` varchar(32) DEFAULT NULL,
  `loanStatus` char(1) DEFAULT NULL,
  PRIMARY KEY (`id`),
  KEY `FK_user_area` (`area`) USING BTREE,
  KEY `FK36EBCB2CE80BD3` (`area_city`) USING BTREE,
  KEY `FK36EBCB7FED416A` (`borrower_info_id`) USING BTREE,
  KEY `FK36EBCBED4DABFD` (`level`) USING BTREE,
  KEY `FK36EBCBA8F5D7E6` (`department`) USING BTREE,
  CONSTRAINT `user_ibfk_1` FOREIGN KEY (`department`) REFERENCES `department` (`id`),
  CONSTRAINT `user_ibfk_2` FOREIGN KEY (`level`) REFERENCES `level_for_user` (`id`),
  CONSTRAINT `user_ibfk_3` FOREIGN KEY (`area_city`) REFERENCES `area` (`id`),
  CONSTRAINT `user_ibfk_4` FOREIGN KEY (`area`) REFERENCES `area` (`id`)
) ENGINE=InnoDB DEFAULT CHARSET=utf8;

-- ----------------------------
-- Records of user
-- ----------------------------
INSERT INTO `user` VALUES ('admin', 'admin', 'wangzhi@jdkeji.com', '4be30d9814c6d4e9800e0d2ea9ec9fb00efa887b', '1', 'admin', 'M', '2014-02-03', '石家庄', null, null, '15313971441', '412525455242525858', '雨花区', '123', null, null, null, null, null, '2012-11-14 19:05:24', '130100', null, 'e11ca5ef8db58effdbe5ed3acb460fc91cd18347', null, '/upload/20150421/99431429587338460.png', '0', null, 'admin', null, null, null, null, null, null, null, null, '1');
INSERT INTO `user` VALUES ('hfhfh', 'hfhfh', '', '4be30d9814c6d4e9800e0d2ea9ec9fb00efa887b', '1', '', 'M', null, null, null, null, '', '', '', '', null, null, null, null, null, '2015-04-16 15:17:36', null, null, null, null, null, '0', null, null, null, '', null, null, null, null, null, null, null);
INSERT INTO `user` VALUES ('jdsb1', 'jdsb1', '2354635@qq.com', '05fe7461c607c33229772d402505601016a7d0ea', '1', '闵青文', 'F', '2015-04-02', '', null, null, '18510029277', '360428199011122346', '', '', null, null, null, null, null, '2015-04-08 17:05:42', '110100', null, null, null, null, '0', null, null, null, '', 'admin', null, null, null, null, null, null);
INSERT INTO `user` VALUES ('jdsb2', 'jdsb2', '121423543645@qq.com', '05fe7461c607c33229772d402505601016a7d0ea', '1', '宋运峰', 'M', '2015-04-01', null, null, null, '18510029256', '210623198607306771', '', '', null, null, null, null, null, '2015-04-08 17:33:58', null, null, null, null, null, '0', null, null, null, '', '', null, null, null, null, null, null);
INSERT INTO `user` VALUES ('jdsb3', 'jdsb3', '23534654@qq.com', '05fe7461c607c33229772d402505601016a7d0ea', '1', '闵青文', 'F', '2015-04-03', null, null, null, '13269136456', '360428198710163725', null, null, null, null, null, null, null, '2015-04-13 17:08:40', null, null, null, null, null, '0', null, null, null, null, '', null, null, null, null, null, null);
INSERT INTO `user` VALUES ('lance', 'lance', 'zhengcong@tuotiansudai.com', 'aec0dc56647a05b3d7460cbcd7ea439687468cac', '1', '郑聪', 'M', null, null, null, null, '', '', '北京大兴', '兰兰', null, null, null, null, null, '2015-04-14 10:30:24', null, null, null, null, null, '0', null, null, null, '', null, null, null, null, null, null, null);
INSERT INTO `user` VALUES ('mleoshi', 'mleoshi', 'lei@tuotiansudai.com', '0f09a1472b7bb75fd429c456711d5d55f8040b1d', '1', '史磊', 'M', '1986-07-26', null, null, null, '13699248263', '610302198607260511', '', '', null, null, null, null, null, '2015-04-16 11:24:15', null, null, null, null, null, '0', null, null, null, '', '', null, null, null, null, null, null);
INSERT INTO `user` VALUES ('seekmm', 'seekmm', 'mleoshi@gmail.com', 'ab3659403e13358008631c983e70183a0e95a18e', '1', '史磊1', 'M', '1986-07-26', null, null, null, '13381088121', '610302198607260512', '', '', null, null, null, null, null, '2015-04-01 16:40:59', null, null, null, null, null, '0', null, null, null, '', '', null, null, null, null, null, '1');
INSERT INTO `user` VALUES ('sidneygao', 'sidneygao', 'abc@126.com', 'a2d8f0600d624486ae9884dae74b1e4eeae0e6e2', '1', '高希端', 'M', '1981-04-28', null, null, null, '13810586920', '650102198104281210', null, null, null, null, null, null, null, '2015-04-16 11:23:48', null, null, null, null, '/upload/20150416/6411429168727644.png', '0', null, null, null, null, '', null, null, null, null, null, null);
INSERT INTO `user` VALUES ('songyf', 'songyf', 'songguitar@126.com', '9a65dd319582bc464683a75169a4b9bf2e1f4d1b', '1', '宋运峰', 'M', '1986-07-30', null, null, null, '15501118221', '210623198607306781', '', '', null, null, null, null, null, '2015-04-07 10:00:19', null, null, null, null, null, '0', null, null, null, '', '', null, null, null, null, null, null);
INSERT INTO `user` VALUES ('songyunfeng', 'songyunfeng', 'songguitar2@126.com', '310cc28a1811ee38883ac230b89927d155ea9507', '1', null, null, null, null, null, null, '15501118222', null, null, null, null, null, null, null, null, '2015-04-24 11:19:12', null, null, null, null, null, '0', null, null, null, null, '', null, null, null, null, null, null);
INSERT INTO `user` VALUES ('tuotian', 'tuotian', '213242@qq.com', '4be30d9814c6d4e9800e0d2ea9ec9fb00efa887b', '1', 'tuotian', 'M', '2015-03-01', null, null, null, '12345678998', '321543199011211234', null, null, null, null, null, null, null, '2015-03-17 11:24:56', null, null, null, null, null, '0', null, null, null, null, '', null, null, null, null, null, '1');
INSERT INTO `user` VALUES ('wangxibao0', 'wangxibao0', '207938312@qq.com', 'd0735943e5460050649c1b72bfbbf980b6c90ac8', '1', null, null, null, null, null, null, '13167561841', null, null, null, null, null, null, null, null, '2015-04-21 20:54:06', null, null, null, null, null, '0', null, null, null, null, 'wangxibao9', null, null, null, null, null, null);
INSERT INTO `user` VALUES ('wangxibao9', 'wangxibao9', '2079383121@qq.com', 'ee04170d0b7cc0bedd711f37a1e651579cbb374c', '1', '郭轶炜', 'M', '1987-01-02', '北京海淀', null, null, '13264023868', '150422198701020012', '海淀', '', null, null, null, null, null, '2015-04-08 14:46:12', '110100', null, null, null, null, '0', null, null, null, '', 'admin', null, null, null, null, null, null);
INSERT INTO `user` VALUES ('waningmoon', 'waningmoon', 'w_aningmoon@126.com', 'b0473d2385c77c7e1370d7f574420c4ccdf8bd17', '1', null, null, null, null, null, null, '13436964915', null, null, null, null, null, null, null, null, '2015-04-28 11:26:52', null, null, null, null, null, '0', null, null, null, null, '', null, null, null, null, null, null);
INSERT INTO `user` VALUES ('wll001', 'wll001', '825809454@qq.com', 'f9266bd2c0f4a4706bdf0c12530127df8b6887da', '1', '皮冬', 'M', '1991-01-10', null, null, null, '18612634768', '412829199101100111', '', '', null, null, null, null, null, '2015-04-09 10:22:14', null, null, null, null, '/upload/20150424/881429862353969.jpg', '0', null, null, null, '', 'admin', null, null, null, null, null, null);
INSERT INTO `user` VALUES ('wulala', 'wulala', '', 'bb23748b15edc39e4d8dbd19c4f7827d6a64b0c0', '1', '', 'M', null, null, null, null, '18611773432', '', '', '', null, null, null, null, null, '2015-04-08 14:23:42', null, null, null, null, null, '0', null, null, null, '', '窦佳顺', null, null, null, null, null, null);
INSERT INTO `user` VALUES ('xingditu', 'xingditu', '281545444@qq.com', 'bb23748b15edc39e4d8dbd19c4f7827d6a64b0c0', '1', '窦佳顺', 'M', '1992-12-16', null, null, null, '13651020524', '140202199212166551', '', '', null, null, null, null, null, '2015-04-03 14:28:14', null, null, null, null, '/upload/20150403/83701428043677701.jpg', '0', null, null, null, '', '王伟超', null, null, null, null, null, '1');
INSERT INTO `user` VALUES ('zhaoshuai', 'zhaoshuai', 'zhaoyi752@126.com', '69a6efb134cc71e62ed42747a48f69b612986f16', '1', '赵帅', 'M', '1989-05-23', null, null, null, '18310029598', '411321198905230516', null, null, null, null, null, null, null, '2015-04-16 14:30:27', null, null, null, null, null, '0', null, null, null, null, '郑聪', null, null, null, null, null, null);
INSERT INTO `user` VALUES ('zhengcong', 'zhengcong', 'alonecong@126.com', 'e3033af1bec810c494a5b28103fa6d0e24929e85', '1', '郑聪', 'M', '1984-01-10', null, null, null, '18601158258', '230119198401100171', '', '', null, null, null, null, null, '2015-04-16 16:34:36', null, null, null, null, '/upload/20150423/32811429781074080.png', '0', null, null, null, '', '赵帅', null, null, null, null, null, null);

-- ----------------------------
-- Table structure for `userbillmaxview`
-- ----------------------------
DROP TABLE IF EXISTS `userbillmaxview`;
CREATE TABLE `userbillmaxview` (
  `user_id` varchar(255) NOT NULL,
  `max_seq_num` int(11) DEFAULT NULL,
  PRIMARY KEY (`user_id`)
) ENGINE=InnoDB DEFAULT CHARSET=utf8;

-- ----------------------------
-- Records of userbillmaxview
-- ----------------------------

-- ----------------------------
-- Table structure for `user_bill`
-- ----------------------------
DROP TABLE IF EXISTS `user_bill`;
CREATE TABLE `user_bill` (
  `id` varchar(32) NOT NULL,
  `detail` varchar(200) DEFAULT NULL,
  `money` double NOT NULL,
  `seq_num` int(11) NOT NULL,
  `time` datetime NOT NULL,
  `type_info` varchar(320) DEFAULT NULL,
  `user_id` varchar(32) NOT NULL,
  `type` varchar(200) DEFAULT NULL,
  `balance` double DEFAULT NULL,
  `frozen_money` double DEFAULT NULL,
  PRIMARY KEY (`id`),
  UNIQUE KEY `id` (`id`) USING BTREE,
  KEY `FK143497FB2A334343` (`user_id`) USING BTREE,
  CONSTRAINT `user_bill_ibfk_1` FOREIGN KEY (`user_id`) REFERENCES `user` (`id`)
) ENGINE=InnoDB DEFAULT CHARSET=utf8;

-- ----------------------------
-- Records of user_bill
-- ----------------------------
INSERT INTO `user_bill` VALUES ('007dfae03c9c4d849552bd0b1d783ed0', '投资：20150319000001收到还款，扣除手续费, 还款ID:201503190000130001', '0', '38', '2015-03-19 16:12:35', 'normal_repay', 'admin', 'to_balance', '8996666.09', '50');
INSERT INTO `user_bill` VALUES ('01689409f37c4a8e87043579078f1e9c', '投资：20150317000001收到还款  本金：9163.51  罚息：0.14', '9163.65', '20', '2015-03-18 16:33:05', 'advance_repay', 'admin', 'ti_balance', '8870930.5', '50');
INSERT INTO `user_bill` VALUES ('0294576f85dc4453b4feb384c1b1fc45', '投资：20150428000002收到还款，扣除手续费, 还款ID:201504280000770001', '0.03', '28', '2015-04-28 11:58:34', 'normal_repay', 'wll001', 'to_balance', '25.65', '26');
INSERT INTO `user_bill` VALUES ('035e15b4657d42b1bebe7c8ff29e09f8', '借款成功，解冻借款保证金, 借款ID：20150427000058', '0', '14', '2015-04-27 15:59:51', 'give_money_to_borrower', 'jdsb2', 'unfreeze', '4', '0');
INSERT INTO `user_bill` VALUES ('04ce5aa3996144989587644be094a3b8', '借款：20150414000044正常还款, 还款ID：201504140000440001 本金：0.0  利息：0.02  手续费：0.0', '0.02', '4', '2015-04-14 14:35:39', 'normal_repay', 'jdsb3', 'to_balance', '1.98', '0');
INSERT INTO `user_bill` VALUES ('06ceca18525144b2b048c1b9480a4c1f', '借款成功，解冻借款保证金, 借款ID：20150414000044', '0', '2', '2015-04-14 14:22:53', 'give_money_to_borrower', 'jdsb3', 'unfreeze', '2', '0');
INSERT INTO `user_bill` VALUES ('06df60aae5044583904464111ee1a28d', '投资成功：冻结金额。借款ID:20150421000051  投资id:20150421000004', '60', '15', '2015-04-21 17:38:02', 'invest_success', 'mleoshi', 'freeze', '91.34', '60');
INSERT INTO `user_bill` VALUES ('084a700768ca4572a834c1eaeb548ef1', '投资：20150317000002收到还款  本金：9472.8  罚息：0.14', '9472.94', '34', '2015-03-18 16:33:05', 'advance_repay', 'admin', 'ti_balance', '8999638.06', '50');
INSERT INTO `user_bill` VALUES ('0901582013ff4d6494cde4abc56f8f50', '投资成功：冻结金额。借款ID:20150427000061  投资id:20150427000010', '25', '16', '2015-04-27 16:31:32', 'invest_success', 'zhengcong', 'freeze', '25.22', '50');
INSERT INTO `user_bill` VALUES ('09b25c7efde0485bbc83770f7c76cda8', '借款到账, 借款ID：20150417000050', '100', '10', '2015-04-17 14:19:49', 'give_money_to_borrower', 'sidneygao', 'ti_balance', '110', '0');
INSERT INTO `user_bill` VALUES ('0abd6043c27e4590be7c6f99560cd5bb', '投资成功：冻结金额。借款ID:20150415000045  投资id:20150415000001', '1', '17', '2015-04-15 16:22:49', 'invest_success', 'jdsb1', 'freeze', '0.02', '1');
INSERT INTO `user_bill` VALUES ('0bf46861d31246e897437e07eaa585a5', '借款到账, 借款ID：20150317000002', '200000', '2', '2015-03-17 11:35:33', 'give_money_to_borrower', 'tuotian', 'ti_balance', '1000000', '0');
INSERT INTO `user_bill` VALUES ('0cf531f8c5884264a6aeb061ea304bc5', '借款成功，解冻借款保证金, 借款ID：20150410000035', '0', '2', '2015-04-10 11:03:23', 'give_money_to_borrower', 'jdsb2', 'unfreeze', '1', '0');
INSERT INTO `user_bill` VALUES ('0e5bd8238ac14874bd4b1514937a08db', '借款：20150319000013提前还款，本金：3000.0，用户罚金：0.05，系统罚金：15.0，借款手续费：0.0', '3015.05', '20', '2015-03-19 16:18:38', 'advance_repay', 'tuotian', 'to_balance', '784356.04', '13000');
INSERT INTO `user_bill` VALUES ('0e5c4fae21174d05a805f7a48e4c947c', '充值编号：2015041000000002', '1', '2', '2015-04-10 10:30:17', 'recharge_success', 'jdsb1', 'ti_balance', '600001', '0');
INSERT INTO `user_bill` VALUES ('0e9f7f78533b4228a6feca85f964f790', '投资：05b720919c0848b6bb29afa0a2090736收到还款  本金：0.0  罚息：0.0', '0', '23', '2015-03-19 16:18:38', 'advance_repay', 'tuotian', 'ti_balance', '786356.07', '13000');
INSERT INTO `user_bill` VALUES ('10487ee055e44cb2ae553627a7566c14', '投资：20150427000016收到还款，扣除手续费, 还款ID:201504270000660001', '0.69', '19', '2015-04-27 17:55:27', 'normal_repay', 'wll001', 'to_balance', '17.43', '26');
INSERT INTO `user_bill` VALUES ('10b7e8eb03324942b6bd9c49e1357916', '借款到账, 借款ID：20150320000015', '2000', '30', '2015-03-20 11:01:50', 'give_money_to_borrower', 'tuotian', 'ti_balance', '788356.07', '13000');
INSERT INTO `user_bill` VALUES ('11b8fd4bcd5b4254972926a28cf75bcf', '测试转入', '10000', '1', '2015-04-07 10:42:17', 'admin_operation', 'seekmm', 'ti_balance', '10000', '0');
INSERT INTO `user_bill` VALUES ('13df49c6c8954ca1a2ff3ce7a8fded94', '借款成功，解冻借款保证金, 借款ID：20150317000002', '0', '3', '2015-03-17 11:35:33', 'give_money_to_borrower', 'tuotian', 'unfreeze', '1000000', '0');
INSERT INTO `user_bill` VALUES ('14d221772ce64cffb2fcb4e2adb17415', 'dfs', '600000', '1', '2015-04-08 17:13:16', 'admin_operation', 'jdsb1', 'ti_balance', '600000', '0');
INSERT INTO `user_bill` VALUES ('16d46fe3ef0a4f5798ef1cc507054188', '借款到账, 借款ID：20150427000067', '30', '20', '2015-04-27 17:42:11', 'give_money_to_borrower', 'zhengcong', 'ti_balance', '30.22', '55');
INSERT INTO `user_bill` VALUES ('16e609dab1c14fb3aa8ae0a0d9596c09', '投资成功：冻结金额。借款ID:20150414000044  投资id:20150414000001', '2', '13', '2015-04-14 14:22:16', 'invest_success', 'jdsb1', 'freeze', '1', '2');
INSERT INTO `user_bill` VALUES ('18002a08f064487283282408b69220af', '充值编号：2015041600000025', '1', '7', '2015-04-16 18:14:17', 'recharge_success', 'sidneygao', 'ti_balance', '101', '0');
INSERT INTO `user_bill` VALUES ('1b13aa1c7cf148f5931d733fcc85a0d0', '投资：20150317000001收到还款  本金：9239.87  罚息：0.14', '9240.01', '21', '2015-03-18 16:33:05', 'advance_repay', 'admin', 'ti_balance', '8880170.51', '50');
INSERT INTO `user_bill` VALUES ('1d24c4fea50848e8a8f3dae6d7969768', '充值编号：2015041700000017', '1', '1', '2015-04-17 10:46:53', 'recharge_success', 'zhengcong', 'ti_balance', '1', '0');
INSERT INTO `user_bill` VALUES ('1d7d215bb14f4785bb10c01640aa87b0', '投资成功，取出投资金额, 借款ID：20150427000058', '2', '21', '2015-04-27 15:59:51', 'give_money_to_borrower', 'jdsb1', 'to_frozen', '1.02', '0');
INSERT INTO `user_bill` VALUES ('1e9e4ca8387f419890be2bab07930a4b', '投资成功：冻结金额。借款ID:20150427000056  投资id:20150427000002', '50', '19', '2015-04-27 11:45:07', 'invest_success', 'mleoshi', 'freeze', '41.34', '50');
INSERT INTO `user_bill` VALUES ('203dc7d67a774e288598f567b2c89eab', '投资成功，取出投资金额, 借款ID：20150427000061', '50', '24', '2015-04-27 16:32:23', 'give_money_to_borrower', 'mleoshi', 'to_frozen', '41.34', '50');
INSERT INTO `user_bill` VALUES ('2129cbd6318646e9af87e2c8d9ec2e15', '取出借款管理费, 借款ID：20150427000065', '0', '15', '2015-04-27 17:33:16', 'give_money_to_borrower', 'wll001', 'to_balance', '71.22', '26');
INSERT INTO `user_bill` VALUES ('217f578fb29847b38072f5d06c1c5016', '投资：20150416000008收到还款，扣除手续费, 还款ID:201504160000490001', '0.05', '9', '2015-04-16 18:16:39', 'normal_repay', 'mleoshi', 'to_balance', '200.9', '0');
INSERT INTO `user_bill` VALUES ('21842ecd6b0344289a51f3c96d114ecf', '测试使用', '210', '3', '2015-04-07 18:23:42', 'admin_operation', 'xingditu', 'ti_balance', '210', '100');
INSERT INTO `user_bill` VALUES ('238736eeb8b14486ba84ae6a32901f4c', '投资：20150427000016收到还款  本金：0.0  罚息：0.0', '0', '20', '2015-04-27 17:56:43', 'advance_repay', 'wll001', 'ti_balance', '17.43', '26');
INSERT INTO `user_bill` VALUES ('23b3dbcf5f7742f7a26c174cd7d3a146', '投资成功，取出投资金额, 借款ID：20150427000061', '25', '17', '2015-04-27 16:32:23', 'give_money_to_borrower', 'zhengcong', 'to_frozen', '25.22', '25');
INSERT INTO `user_bill` VALUES ('245eb848dadc4b3ea56627b94e2d2183', '取出借款管理费, 借款ID：20150416000049', '2', '5', '2015-04-16 16:53:07', 'give_money_to_borrower', 'sidneygao', 'to_balance', '98', '0');
INSERT INTO `user_bill` VALUES ('24890ffc061d4c6ca17e9daaa6a2d769', '投资成功，取出投资金额, 借款ID：20150318000011', '1000', '35', '2015-04-03 14:27:34', 'give_money_to_borrower', 'tuotian', 'to_frozen', '788011.96', '11000');
INSERT INTO `user_bill` VALUES ('254c09bccd93439abb90ad0c7795ad41', '投资：20150317000002收到还款  本金：9163.51  罚息：0.14', '9163.65', '30', '2015-03-18 16:33:05', 'advance_repay', 'admin', 'ti_balance', '8962213.45', '50');
INSERT INTO `user_bill` VALUES ('2573b38413a941e0a076fb4b2c73769b', '投资：20150427000016收到还款, 还款ID:201504270000660001  借款ID:20150427000066  本金：0.0  利息：6.9', '6.9', '18', '2015-04-27 17:55:27', 'normal_repay', 'wll001', 'ti_balance', '18.12', '26');
INSERT INTO `user_bill` VALUES ('26c54b210cbd403780a79d9031c0eda1', '借款：20150318000005正常还款, 还款ID：201503180000050001 本金：0.0  利息：18.68  手续费：0.0', '18.68', '10', '2015-03-18 15:17:49', 'normal_repay', 'tuotian', 'to_balance', '972877.84', '10000');
INSERT INTO `user_bill` VALUES ('278d39c43832439ebae1728c3349c66b', '投资成功：冻结金额。借款ID:20150317000001  投资id:20150317000004', '50', '10', '2015-03-17 21:08:36', 'invest_success', 'admin', 'freeze', '8819053.48', '50');
INSERT INTO `user_bill` VALUES ('27ccc4bd3cab447ea9df59642b46d7a4', '投资：20150317000001收到还款  本金：9087.78  罚息：0.14', '9087.92', '19', '2015-03-18 16:33:05', 'advance_repay', 'admin', 'ti_balance', '8861766.85', '50');
INSERT INTO `user_bill` VALUES ('28a07048b7b14cb9bf828e5ac2db15aa', '充值编号：2015042700000004', '25', '11', '2015-04-27 12:12:33', 'recharge_success', 'zhengcong', 'ti_balance', '25.22', '0');
INSERT INTO `user_bill` VALUES ('28cba5bf7c1e482a8604beb4fad1739c', '申请提现，冻结提现金额, 提现编号:2015040700000001', '100', '2', '2015-04-07 10:46:09', 'apply_withdraw', 'seekmm', 'freeze', '9900', '100');
INSERT INTO `user_bill` VALUES ('2b61fc3f072b497794eab919c784b285', '投资：20150428000004收到还款，扣除手续费, 还款ID:201504280000770001', '0.03', '35', '2015-04-28 11:58:34', 'normal_repay', 'mleoshi', 'to_balance', '39.56', '0');
INSERT INTO `user_bill` VALUES ('2b743f8b56844b09afbf7e7c174d3f54', '提现申请通过，取出金额, 提现ID:2015041500000002', '1', '8', '2015-04-16 10:13:11', 'withdraw_success', 'jdsb3', 'to_balance', '1.98', '0');
INSERT INTO `user_bill` VALUES ('2d3eb282f6a04ad1916f20a6331b3987', '提现申请通过，取出金额, 提现ID:2015041600000007', '50', '10', '2015-04-17 10:18:09', 'withdraw_success', 'mleoshi', 'to_balance', '150.9', '0');
INSERT INTO `user_bill` VALUES ('2d574a2f6f55477e9c99417a1707adf2', '投资：20150416000008收到还款, 还款ID:201504160000490001  借款ID:20150416000049  本金：50.0  利息：0.5', '50.5', '8', '2015-04-16 18:16:39', 'normal_repay', 'mleoshi', 'ti_balance', '200.95', '0');
INSERT INTO `user_bill` VALUES ('2d931dc457fc4b6b82fdcd553479d8f9', '投资：20150317000001收到还款，扣除手续费, 还款ID:201503170000020001', '0', '7', '2015-03-17 11:51:22', 'normal_repay', 'admin', 'to_balance', '8809551.74', '0');
INSERT INTO `user_bill` VALUES ('309febb40f014d548a9cd3684457c075', '投资成功：冻结金额。借款ID:20150410000038  投资id:20150410000003', '1', '7', '2015-04-10 14:55:46', 'invest_success', 'jdsb1', 'freeze', '3', '1');
INSERT INTO `user_bill` VALUES ('30b00c3b56d74e8bb6e84b3014015f3d', '借款成功，解冻借款保证金, 借款ID：20150318000005', '0', '8', '2015-03-18 15:15:38', 'give_money_to_borrower', 'tuotian', 'unfreeze', '972896.52', '10000');
INSERT INTO `user_bill` VALUES ('336d5a8c1aa041c382ce5c4ca6b91f3f', '投资成功，取出投资金额, 借款ID：20150427000059', '50', '23', '2015-04-27 16:19:00', 'give_money_to_borrower', 'sidneygao', 'to_frozen', '95.01', '0');
INSERT INTO `user_bill` VALUES ('33f68709057543acb1fb8ba920a981b8', '投资成功：冻结金额。借款ID:20150320000015  投资id:20150320000001', '2000', '46', '2015-03-20 11:00:39', 'invest_success', 'admin', 'freeze', '8997662.11', '2050');
INSERT INTO `user_bill` VALUES ('340fb678559d4a139cff01face0c1bbe', '测试使用', '800', '4', '2015-04-07 18:25:07', 'admin_operation', 'xingditu', 'ti_balance', '1010', '100');
INSERT INTO `user_bill` VALUES ('34c4d4046a524aa08d619e4a8034c1e0', '投资成功：冻结金额。借款ID:20150427000066  投资id:20150427000015', '30', '23', '2015-04-27 17:43:25', 'invest_success', 'zhengcong', 'freeze', '0.22', '85');
INSERT INTO `user_bill` VALUES ('34e9df9fbd854763aee923ba077f45fb', '投资成功：冻结金额。借款ID:20150410000035  投资id:20150410000001', '1', '4', '2015-04-10 10:56:49', 'invest_success', 'jdsb1', 'freeze', '0', '1');
INSERT INTO `user_bill` VALUES ('3579191b008d449bbd4ffdfe16f90799', '测试使用', '100', '1', '2015-04-07 18:21:10', 'admin_operation', 'xingditu', 'ti_balance', '100', '0');
INSERT INTO `user_bill` VALUES ('37428ab391d148eb8e88b8312b269648', '投资成功：冻结金额。借款ID:20150427000065  投资id:20150427000013', '70', '27', '2015-04-27 17:32:45', 'invest_success', 'sidneygao', 'freeze', '123.01', '70');
INSERT INTO `user_bill` VALUES ('39642e12d72146aabe8179afee42002d', '投资成功：冻结金额。借款ID:20150318000010  投资id:20150318000002', '1000', '11', '2015-03-18 16:16:36', 'invest_success', 'tuotian', 'freeze', '971877.84', '11000');
INSERT INTO `user_bill` VALUES ('3a54f48790264104be4853c54b51beb8', '投资成功，取出投资金额, 借款ID：20150417000050', '50', '12', '2015-04-17 14:19:49', 'give_money_to_borrower', 'mleoshi', 'to_frozen', '100.9', '0');
INSERT INTO `user_bill` VALUES ('3b259ee1ccf74a2da1a29b9f0becee14', 'df', '9000000', '1', '2015-03-17 11:34:58', 'admin_operation', 'admin', 'ti_balance', '9000000', '0');
INSERT INTO `user_bill` VALUES ('3b693fc5f9d941a5a22c09f2614a6cbc', '投资成功：冻结金额。借款ID:20150427000068  投资id:20150427000018', '60', '22', '2015-04-27 18:04:16', 'invest_success', 'wll001', 'freeze', '17.43', '86');
INSERT INTO `user_bill` VALUES ('3c974f58edb14876a822f336649dfb07', '借款成功，解冻借款保证金, 借款ID：20150427000061', '0', '25', '2015-04-27 16:32:23', 'give_money_to_borrower', 'sidneygao', 'unfreeze', '195.01', '0');
INSERT INTO `user_bill` VALUES ('3dce5f18394749e8992d9b6a99fd871e', '借款成功，解冻借款保证金, 借款ID：20150318000012', '0', '51', '2015-04-03 14:26:40', 'give_money_to_borrower', 'admin', 'unfreeze', '8999006.22', '50');
INSERT INTO `user_bill` VALUES ('3ffc28707176497d9eaec0e7158a2af1', '投资：20150317000001收到还款  本金：9012.67  罚息：0.14', '9012.81', '18', '2015-03-18 16:33:05', 'advance_repay', 'admin', 'ti_balance', '8852678.93', '50');
INSERT INTO `user_bill` VALUES ('401e43e0ebf24ca480db7f8a34d880bf', '投资成功，取出投资金额, 借款ID：20150416000049', '50', '4', '2015-04-16 16:53:07', 'give_money_to_borrower', 'mleoshi', 'to_frozen', '100', '50');
INSERT INTO `user_bill` VALUES ('4039a5389d204a458d3bb3312514a8c7', '1', '9000100', '4', '2015-04-16 16:21:07', 'admin_operation', 'lance', 'to_balance', '0', '0');
INSERT INTO `user_bill` VALUES ('42665c1c303543a2adfe6a9f40dccc53', '投资：20150317000002收到还款  本金：9239.87  罚息：0.14', '9240.01', '31', '2015-03-18 16:33:05', 'advance_repay', 'admin', 'ti_balance', '8971453.46', '50');
INSERT INTO `user_bill` VALUES ('42954c28be3f429cbb0779d2e20d7260', '借款到账, 借款ID：20150416000049', '100', '3', '2015-04-16 16:53:07', 'give_money_to_borrower', 'sidneygao', 'ti_balance', '100', '0');
INSERT INTO `user_bill` VALUES ('42f3259fe2d34e728952f7ce2e29955c', '投资成功，取出投资金额, 借款ID：20150428000076', '30', '40', '2015-04-28 11:20:07', 'give_money_to_borrower', 'sidneygao', 'to_frozen', '140.66', '0');
INSERT INTO `user_bill` VALUES ('434b9acc2c4b4335b906fd5ba0359935', '投资：20150317000002收到还款  本金：8864.32  罚息：0.13', '8864.45', '26', '2015-03-18 16:33:05', 'advance_repay', 'admin', 'ti_balance', '8926010.75', '50');
INSERT INTO `user_bill` VALUES ('44933bcd624f45b284597684585a1c62', '取出借款管理费, 借款ID：20150427000068', '1', '38', '2015-04-27 18:05:33', 'give_money_to_borrower', 'sidneygao', 'to_balance', '170.66', '0');
INSERT INTO `user_bill` VALUES ('45c57c86f87c4c5d89b0101c52c00f57', '投资：20150317000002收到还款, 还款ID:201503170000020001  借款ID:20150317000002  本金：8718.41  利息：833.33', '9551.74', '8', '2015-03-17 11:51:22', 'normal_repay', 'admin', 'ti_balance', '8819103.48', '0');
INSERT INTO `user_bill` VALUES ('4614cf23312d41738062f99af9f521a4', '投资成功：冻结金额。借款ID:20150427000056  投资id:20150427000003', '25', '12', '2015-04-27 12:13:41', 'invest_success', 'zhengcong', 'freeze', '0.22', '25');
INSERT INTO `user_bill` VALUES ('4688c6479e3d44d3a48d0917a57cd877', '借款到账, 借款ID：20150427000065', '70', '13', '2015-04-27 17:33:16', 'give_money_to_borrower', 'wll001', 'ti_balance', '71.22', '26');
INSERT INTO `user_bill` VALUES ('47bef88ae7974e959824c91e46fdf5d8', '投资成功：冻结金额。借款ID:20150407000017  投资id:20150407000001', '500', '10', '2015-04-07 11:54:00', 'invest_success', 'seekmm', 'freeze', '9399', '500');
INSERT INTO `user_bill` VALUES ('489e2907c15a465c9b7e819987211729', '投资成功，取出投资金额, 借款ID：20150317000002', '100000', '5', '2015-03-17 11:35:33', 'give_money_to_borrower', 'admin', 'to_frozen', '8800000', '0');
INSERT INTO `user_bill` VALUES ('490188d0928046668ab9144dafe91a39', '投资成功，取出投资金额, 借款ID：20150414000044', '2', '14', '2015-04-14 14:22:53', 'give_money_to_borrower', 'jdsb1', 'to_frozen', '1', '0');
INSERT INTO `user_bill` VALUES ('4a29b7dbb8224beea449b427cd368954', '投资成功：冻结金额。借款ID:20150427000068  投资id:20150427000017', '30', '29', '2015-04-27 18:03:24', 'invest_success', 'zhengcong', 'freeze', '3.32', '85');
INSERT INTO `user_bill` VALUES ('4bebc2888719455cb599d13d0eabac09', 'd', '600000', '3', '2015-04-10 10:35:19', 'admin_operation', 'jdsb1', 'to_balance', '1', '0');
INSERT INTO `user_bill` VALUES ('4cbdd6dd6e1c432b8e021c0174dd0c4c', '投资成功：冻结金额。借款ID:20150422000055  投资id:20150422000003', '35', '17', '2015-04-22 14:49:26', 'invest_success', 'mleoshi', 'freeze', '56.34', '35');
INSERT INTO `user_bill` VALUES ('4d6ec0ec24d146328c6910ce6a23f01a', '投资：20150318000001收到还款，扣除手续费, 还款ID:201503180000050001', '0', '14', '2015-03-18 15:17:48', 'normal_repay', 'admin', 'to_balance', '8817072.16', '50');
INSERT INTO `user_bill` VALUES ('4e35c04abf6943c1a947e3caa9c30798', '取出借款管理费, 借款ID：20150415000045', '0', '7', '2015-04-15 16:22:59', 'give_money_to_borrower', 'jdsb3', 'to_balance', '2.98', '0');
INSERT INTO `user_bill` VALUES ('5051107ec79f406cad8d7435c3477ec7', '投资：20150417000004收到还款, 还款ID:201504170000500001  借款ID:20150417000050  本金：25.0  利息：0.25', '25.25', '4', '2015-04-17 14:59:18', 'normal_repay', 'wll001', 'ti_balance', '50.25', '0');
INSERT INTO `user_bill` VALUES ('507da3b69901440888f00fa7b5646fac', '投资：05b720919c0848b6bb29afa0a2090736收到还款  本金：0.0  罚息：0.0', '0', '25', '2015-03-19 16:18:38', 'advance_repay', 'tuotian', 'ti_balance', '786356.07', '13000');
INSERT INTO `user_bill` VALUES ('50db40419a04429581e139314723fe51', '投资成功：冻结金额。借款ID:20150318000011  投资id:20150318000003', '1000', '12', '2015-03-18 16:20:39', 'invest_success', 'tuotian', 'freeze', '970877.84', '12000');
INSERT INTO `user_bill` VALUES ('527fe65c0f1b4285bfbf74465e519672', '投资：20150317000001收到还款  本金：8791.06  罚息：0.13', '8791.19', '15', '2015-03-18 16:33:05', 'advance_repay', 'admin', 'ti_balance', '8825863.35', '50');
INSERT INTO `user_bill` VALUES ('52ce8105b86b432580099053e2809db1', '投资：20150427000015收到还款，扣除手续费, 还款ID:201504270000660001', '0.35', '26', '2015-04-27 17:55:27', 'normal_repay', 'zhengcong', 'to_balance', '3.32', '55');
INSERT INTO `user_bill` VALUES ('544ce1d9350e48438afb05b989e0bd6e', '申请提现，冻结提现手续费, 提现编号:2015040700000002', '0', '7', '2015-04-07 10:48:35', 'apply_withdraw', 'seekmm', 'freeze', '9899', '101');
INSERT INTO `user_bill` VALUES ('55118325379e40c480a65455dc401353', '借款20150422000055流标，解冻投资金额35.0', '35', '7', '2015-04-22 14:49:56', 'cancel_loan', 'wll001', 'unfreeze', '50.22', '0');
INSERT INTO `user_bill` VALUES ('557d976e1b974ebf85c1139f784846ea', '投资成功，取出投资金额, 借款ID：20150415000045', '1', '18', '2015-04-15 16:22:59', 'give_money_to_borrower', 'jdsb1', 'to_frozen', '0.02', '0');
INSERT INTO `user_bill` VALUES ('55fdd9b9692e48df8038172c615de4d0', '借款：20150317000002提前还款，本金：182563.16，用户罚金：2.74，系统罚金：912.82，借款手续费：0.0', '183478.72', '14', '2015-03-18 16:33:03', 'advance_repay', 'tuotian', 'to_balance', '786399.12', '13000');
INSERT INTO `user_bill` VALUES ('563cc555fd864a7d83d646d3d98c6ace', '提现申请被拒绝，解冻手续费, 提现ID:2015040700000001', '0', '5', '2015-04-07 10:47:13', 'refuse_apply_withdraw', 'seekmm', 'unfreeze', '10000', '0');
INSERT INTO `user_bill` VALUES ('5693a13df7134a62be03b3e615be4472', '充值编号：2015041700000019', '10', '9', '2015-04-17 13:25:46', 'recharge_success', 'sidneygao', 'ti_balance', '10', '0');
INSERT INTO `user_bill` VALUES ('570f34b6a20c48b6b59625111f25d212', '1', '100000', '2', '2015-04-16 15:48:35', 'admin_operation', 'sidneygao', 'to_balance', '0', '0');
INSERT INTO `user_bill` VALUES ('57501525a37e4f2f8fbef94063406d82', '投资：20150317000002收到还款  本金：9012.67  罚息：0.14', '9012.81', '28', '2015-03-18 16:33:05', 'advance_repay', 'admin', 'ti_balance', '8943961.88', '50');
INSERT INTO `user_bill` VALUES ('5758920f63424c27ac75a8862c843cd2', '投资：20150319000001收到还款  本金：0.0  罚息：0.0', '0', '41', '2015-03-19 16:18:38', 'advance_repay', 'admin', 'ti_balance', '8998662.09', '50');
INSERT INTO `user_bill` VALUES ('575fd63c2fe449fbabe26e1801b6843b', '投资成功：冻结金额。借款ID:20150409000032  投资id:20150409000003', '100', '61', '2015-04-09 18:04:36', 'invest_success', 'admin', 'freeze', '8999906.22', '1150');
INSERT INTO `user_bill` VALUES ('57d1bc39c2c54befba62862a1d49e199', 'abc', '50', '25', '2015-04-27 16:42:47', 'admin_operation', 'mleoshi', 'unfreeze', '91.34', '0');
INSERT INTO `user_bill` VALUES ('580a9b285ec544cc9bbb7e53457b0479', '取出借款管理费, 借款ID：20150421000051', '1', '16', '2015-04-21 17:41:15', 'give_money_to_borrower', 'sidneygao', 'to_balance', '96.01', '0');
INSERT INTO `user_bill` VALUES ('58abe4d04da140ca9d97e968c75da4a3', '充值编号：2015041600000004', '50', '1', '2015-04-16 16:01:20', 'recharge_success', 'wll001', 'ti_balance', '50', '0');
INSERT INTO `user_bill` VALUES ('5937d94f81ca48b2a23edcfda5e4da85', '投资成功：冻结金额。借款ID:20150417000050  投资id:20150417000005', '50', '11', '2015-04-17 14:04:21', 'invest_success', 'mleoshi', 'freeze', '100.9', '50');
INSERT INTO `user_bill` VALUES ('5af4597316634ad6b9cb1d5445ed51f9', '借款成功，解冻借款保证金, 借款ID：20150427000059', '0', '14', '2015-04-27 16:19:00', 'give_money_to_borrower', 'zhengcong', 'unfreeze', '50.22', '25');
INSERT INTO `user_bill` VALUES ('5d591a219e2b421ba9f0c77272393654', '借款20150422000055流标，解冻投资金额35.0', '35', '18', '2015-04-22 14:49:57', 'cancel_loan', 'mleoshi', 'unfreeze', '91.34', '0');
INSERT INTO `user_bill` VALUES ('5e746cb56c714747b635e642433618e2', '投资：20150319000001收到还款  本金：0.0  罚息：0.0', '0', '44', '2015-03-19 16:18:38', 'advance_repay', 'admin', 'ti_balance', '8998662.09', '50');
INSERT INTO `user_bill` VALUES ('5f4ce7747a2443d1b20d42d6fafcb035', '借款成功，解冻借款保证金, 借款ID：20150427000068', '0', '37', '2015-04-27 18:05:33', 'give_money_to_borrower', 'sidneygao', 'unfreeze', '171.66', '0');
INSERT INTO `user_bill` VALUES ('5f69737a8cf945d68f3034d4460c71b8', '投资成功，取出投资金额, 借款ID：20150428000077', '50', '42', '2015-04-28 11:49:55', 'give_money_to_borrower', 'sidneygao', 'to_frozen', '90.66', '0');
INSERT INTO `user_bill` VALUES ('5fd2c917b5a04a30b259fe2f41176d61', '100000', '100000', '1', '2015-04-08 17:14:28', 'admin_operation', 'wangxibao9', 'ti_balance', '100000', '0');
INSERT INTO `user_bill` VALUES ('62a65402e8e54b5dbd92314ed7b7d01a', '借款到账, 借款ID：20150427000060', '50', '20', '2015-04-27 16:18:40', 'give_money_to_borrower', 'mleoshi', 'ti_balance', '91.34', '50');
INSERT INTO `user_bill` VALUES ('6420f88f104c4320a30fa996b2d21656', '投资成功：冻结金额。借款ID:20150413000041  投资id:20150413000001', '1', '9', '2015-04-13 10:47:57', 'invest_success', 'jdsb1', 'freeze', '3', '1');
INSERT INTO `user_bill` VALUES ('64ec377c454d4d23834a2d4eab44b515', '借款成功，解冻借款保证金, 借款ID：20150427000065', '0', '14', '2015-04-27 17:33:16', 'give_money_to_borrower', 'wll001', 'unfreeze', '71.22', '26');
INSERT INTO `user_bill` VALUES ('6521d1a3ab264ad8b2e232955d6a6ad3', '借款到账, 借款ID：20150415000045', '1', '5', '2015-04-15 16:22:59', 'give_money_to_borrower', 'jdsb3', 'ti_balance', '2.98', '0');
INSERT INTO `user_bill` VALUES ('65c4bdab57c0427ea693643462085dbc', '投资成功：冻结金额。借款ID:20150317000004  投资id:20150317000003', '10000', '5', '2015-03-17 11:49:13', 'invest_success', 'tuotian', 'freeze', '990000', '10000');
INSERT INTO `user_bill` VALUES ('673af95c7d7644d691834686005f5b3f', '投资成功，取出投资金额, 借款ID：20150427000068', '60', '23', '2015-04-27 18:05:33', 'give_money_to_borrower', 'wll001', 'to_frozen', '17.43', '26');
INSERT INTO `user_bill` VALUES ('677f40b09ad7461c99a4f16e5ccd06e5', '借款20150422000055流标，解冻保证金0.0', '0', '17', '2015-04-22 14:49:57', 'cancel_loan', 'sidneygao', 'unfreeze', '96.01', '0');
INSERT INTO `user_bill` VALUES ('67d442a6014c45e58cc04e7d55c03ca9', '充值编号：2015042700000006', '3', '19', '2015-04-27 15:55:13', 'recharge_success', 'jdsb1', 'ti_balance', '3.02', '0');
INSERT INTO `user_bill` VALUES ('68fc00a4ea434ff2997b96fdb73e8c99', '借款20150413000041流标，解冻投资金额1.0', '1', '10', '2015-04-13 10:55:12', 'cancel_loan', 'jdsb1', 'unfreeze', '4', '0');
INSERT INTO `user_bill` VALUES ('69ba79acd20b49df8c26c4983d01973e', '投资成功，取出投资金额, 借款ID：20150427000065', '70', '28', '2015-04-27 17:33:16', 'give_money_to_borrower', 'sidneygao', 'to_frozen', '123.01', '0');
INSERT INTO `user_bill` VALUES ('69cced19a40946b8b4c9c3fb29f518e9', '投资：20150317000001收到还款  本金：8864.32  罚息：0.13', '8864.45', '16', '2015-03-18 16:33:05', 'advance_repay', 'admin', 'ti_balance', '8834727.8', '50');
INSERT INTO `user_bill` VALUES ('6a193960594b4eada94405ac6c115a4b', '投资成功：冻结金额。借款ID:20150428000077  投资id:20150428000003', '50', '41', '2015-04-28 11:46:27', 'invest_success', 'sidneygao', 'freeze', '90.66', '50');
INSERT INTO `user_bill` VALUES ('6a8da2cc9c4f4a59a63547dac94529ac', '取出借款管理费, 借款ID：20150318000005', '0', '9', '2015-03-18 15:15:38', 'give_money_to_borrower', 'tuotian', 'to_balance', '972896.52', '10000');
INSERT INTO `user_bill` VALUES ('6af7f9da1f17401fac8b6f03fc665221', '投资：20150414000001收到还款, 还款ID:201504140000440001  借款ID:20150414000044  本金：0.0  利息：0.02', '0.02', '15', '2015-04-14 14:35:38', 'normal_repay', 'jdsb1', 'ti_balance', '1.02', '0');
INSERT INTO `user_bill` VALUES ('6d621a1f877b4cab98f73bfd5d6343c7', '借款：20150417000050正常还款, 还款ID：201504170000500001 本金：100.0  利息：0.99  手续费：0.0', '100.99', '13', '2015-04-17 14:59:18', 'normal_repay', 'sidneygao', 'to_balance', '7.01', '0');
INSERT INTO `user_bill` VALUES ('6d66f4f14efa4ae29f0ea10bd1b83c88', '投资：20150416000007收到还款，扣除手续费, 还款ID:201504160000490001', '0.05', '7', '2015-04-16 18:16:39', 'normal_repay', 'mleoshi', 'to_balance', '150.45', '0');
INSERT INTO `user_bill` VALUES ('6de29ff5d2ee4901a8f8c7b34fb9c688', '投资：20150318000001收到还款, 还款ID:201503180000050001  借款ID:20150318000005  本金：0.0  利息：18.68', '18.68', '13', '2015-03-18 15:17:48', 'normal_repay', 'admin', 'ti_balance', '8817072.16', '50');
INSERT INTO `user_bill` VALUES ('6e30686c09874451a8d853e9cc295587', '借款成功，解冻借款保证金, 借款ID：20150415000045', '0', '6', '2015-04-15 16:22:59', 'give_money_to_borrower', 'jdsb3', 'unfreeze', '2.98', '0');
INSERT INTO `user_bill` VALUES ('6e564e59ea9643809691e34f445fd7b1', '申请提现，冻结提现手续费, 提现编号:2015031900000001', '2', '27', '2015-03-19 16:53:23', 'apply_withdraw', 'tuotian', 'freeze', '786353.07', '13003');
INSERT INTO `user_bill` VALUES ('6eb59b25e39145f6bd8a1ac49d8de877', '投资成功，取出投资金额, 借款ID：20150410000035', '1', '5', '2015-04-10 11:03:23', 'give_money_to_borrower', 'jdsb1', 'to_frozen', '0', '0');
INSERT INTO `user_bill` VALUES ('6fc5b02f990c47e58b9eb4275c4fe6c7', 'def', '98', '19', '2015-04-27 15:39:03', 'admin_operation', 'sidneygao', 'ti_balance', '195.01', '0');
INSERT INTO `user_bill` VALUES ('71838d5798c44e7597c8998719aadec7', '充值编号：2015041600000003', '200', '1', '2015-04-16 15:19:23', 'recharge_success', 'mleoshi', 'ti_balance', '200', '0');
INSERT INTO `user_bill` VALUES ('7431d5fe638449aebdf6c111b4da464e', '借款成功，解冻借款保证金, 借款ID：20150428000077', '0', '36', '2015-04-28 11:49:55', 'give_money_to_borrower', 'zhengcong', 'unfreeze', '133.32', '55');
INSERT INTO `user_bill` VALUES ('74396361a36b465698ee6b987bcedd83', '投资成功：冻结金额。借款ID:20150427000059  投资id:20150427000006', '50', '20', '2015-04-27 16:15:08', 'invest_success', 'sidneygao', 'freeze', '145.01', '50');
INSERT INTO `user_bill` VALUES ('7461a2f81b3945ff96def7abee8b2b3c', '取出借款管理费, 借款ID：20150413000042', '0', '8', '2015-04-13 15:07:05', 'give_money_to_borrower', 'jdsb2', 'to_balance', '2', '0');
INSERT INTO `user_bill` VALUES ('75445f9952a847579049792c6010492d', '投资：20150317000002收到还款  本金：8791.06  罚息：0.13', '8791.19', '25', '2015-03-18 16:33:05', 'advance_repay', 'admin', 'ti_balance', '8917146.3', '50');
INSERT INTO `user_bill` VALUES ('764ac144c1eb4097a00b11f3d64cb088', '借款到账, 借款ID：20150318000005', '2000', '7', '2015-03-18 15:15:38', 'give_money_to_borrower', 'tuotian', 'ti_balance', '972896.52', '10000');
INSERT INTO `user_bill` VALUES ('76d75974a757440bbe01baaf1636befe', '借款到账, 借款ID：20150427000066', '90', '31', '2015-04-27 17:44:42', 'give_money_to_borrower', 'sidneygao', 'ti_balance', '183.01', '0');
INSERT INTO `user_bill` VALUES ('78c0c5bcd4da498db25d8a6cb5ba4d4c', '投资成功，取出投资金额, 借款ID：20150318000005', '2000', '12', '2015-03-18 15:15:38', 'give_money_to_borrower', 'admin', 'to_frozen', '8817053.48', '50');
INSERT INTO `user_bill` VALUES ('791656bd9069410e81181ccca7691bc5', '取出借款管理费, 借款ID：20150318000011', '0', '55', '2015-04-03 14:27:34', 'give_money_to_borrower', 'admin', 'to_balance', '9000006.22', '50');
INSERT INTO `user_bill` VALUES ('799cf79feda940659c48cc9f76ed6439', '1', '100000', '1', '2015-04-16 11:29:57', 'admin_operation', 'sidneygao', 'ti_balance', '100000', '0');
INSERT INTO `user_bill` VALUES ('7ab52d2739ca4d449054c452ae5a9e70', '借款到账, 借款ID：20150427000068', '90', '36', '2015-04-27 18:05:33', 'give_money_to_borrower', 'sidneygao', 'ti_balance', '171.66', '0');
INSERT INTO `user_bill` VALUES ('7cda388606314f71b0bc52f28ec252eb', '借款：20150427000066提前还款，本金：90.0，用户罚金：0.0，系统罚金：0.0，借款手续费：0.0', '90', '35', '2015-04-27 17:56:43', 'advance_repay', 'sidneygao', 'to_balance', '81.66', '0');
INSERT INTO `user_bill` VALUES ('7d5ab5bfd47649b3a7cb7b043eef112c', '投资成功，取出投资金额, 借款ID：20150413000042', '1', '12', '2015-04-13 15:07:05', 'give_money_to_borrower', 'jdsb1', 'to_frozen', '3', '0');
INSERT INTO `user_bill` VALUES ('7dc9f51a74ba4d30ab7a1867c356fc72', '取出借款管理费, 借款ID：20150428000077', '2', '37', '2015-04-28 11:49:55', 'give_money_to_borrower', 'zhengcong', 'to_balance', '131.32', '55');
INSERT INTO `user_bill` VALUES ('7ea8d1540e544b53a2da4993647917f9', '投资：20150428000003收到还款，扣除手续费, 还款ID:201504280000770001', '0.05', '44', '2015-04-28 11:58:34', 'normal_repay', 'sidneygao', 'to_balance', '141.11', '0');
INSERT INTO `user_bill` VALUES ('7ea9fddfa7ff4fe1af19a2fc71b6ba4b', '投资：20150417000004收到还款，扣除手续费, 还款ID:201504170000500001', '0.03', '5', '2015-04-17 14:59:18', 'normal_repay', 'wll001', 'to_balance', '50.22', '0');
INSERT INTO `user_bill` VALUES ('808814a49de7469da75ddd80110d32e7', '投资成功，取出投资金额, 借款ID：20150427000067', '30', '30', '2015-04-27 17:42:11', 'give_money_to_borrower', 'sidneygao', 'to_frozen', '93.01', '0');
INSERT INTO `user_bill` VALUES ('80a59042d90c4872b026f4b28ca72c22', '投资成功，取出投资金额, 借款ID：20150320000015', '2000', '47', '2015-03-20 11:01:49', 'give_money_to_borrower', 'admin', 'to_frozen', '8997662.11', '50');
INSERT INTO `user_bill` VALUES ('81ac958e87234f1eb51e5ff050aae1a4', '借款20150410000038流标，解冻投资金额1.0', '1', '8', '2015-04-10 14:57:04', 'cancel_loan', 'jdsb1', 'unfreeze', '4', '0');
INSERT INTO `user_bill` VALUES ('81d13738e1e74fbe9db16eed8cd2814d', '借款：20150427000066正常还款, 还款ID：201504270000660001 本金：0.0  利息：10.35  手续费：0.0', '10.35', '34', '2015-04-27 17:55:27', 'normal_repay', 'sidneygao', 'to_balance', '171.66', '0');
INSERT INTO `user_bill` VALUES ('81fb86ffd6a147cb8e7161307503680c', 'fff', '50', '26', '2015-04-27 16:43:53', 'admin_operation', 'mleoshi', 'to_balance', '41.34', '0');
INSERT INTO `user_bill` VALUES ('8207c86b0c6f464b81772565a68143a6', '借款20150410000037流标，解冻保证金0.0', '0', '11', '2015-04-15 16:21:01', 'cancel_loan', 'jdsb2', 'unfreeze', '2', '0');
INSERT INTO `user_bill` VALUES ('82cc368e3f6f451cb987514190e501f5', '投资成功，取出投资金额, 借款ID：20150416000049', '50', '5', '2015-04-16 16:53:07', 'give_money_to_borrower', 'mleoshi', 'to_frozen', '100', '0');
INSERT INTO `user_bill` VALUES ('8340c4b7460a44d896d9b5109b3796f9', '提现申请通过，解冻提现金额, 提现编号:2015042700000002', '2', '29', '2015-04-28 10:16:14', 'apply_withdraw', 'mleoshi', 'unfreeze', '41.34', '0');
INSERT INTO `user_bill` VALUES ('83a0852c645f4604ac343a15c1cd2bfe', '投资：20150416000007收到还款, 还款ID:201504160000490001  借款ID:20150416000049  本金：50.0  利息：0.5', '50.5', '6', '2015-04-16 18:16:39', 'normal_repay', 'mleoshi', 'ti_balance', '150.5', '0');
INSERT INTO `user_bill` VALUES ('83b96fd7c95740beb172c791620e5ba5', '充值编号：2015041000000004', '4', '6', '2015-04-10 11:07:24', 'recharge_success', 'jdsb1', 'ti_balance', '4', '0');
INSERT INTO `user_bill` VALUES ('848105d1fcc34a31827188228fcc632e', '投资：20150317000001收到还款  本金：9316.87  罚息：0.14', '9317.01', '22', '2015-03-18 16:33:05', 'advance_repay', 'admin', 'ti_balance', '8889487.52', '50');
INSERT INTO `user_bill` VALUES ('856bcd99ed9546b4ac0d522e78a1bdce', '投资：20150319000001收到还款, 还款ID:201503190000130001  借款ID:20150319000013  本金：0.0  利息：28.03', '28.03', '37', '2015-03-19 16:12:35', 'normal_repay', 'admin', 'ti_balance', '8996666.09', '50');
INSERT INTO `user_bill` VALUES ('8585af596c0740b6851805472cd93b36', '投资成功，取出投资金额, 借款ID：20150421000051', '30', '10', '2015-04-21 17:41:15', 'give_money_to_borrower', 'zhengcong', 'to_frozen', '0.22', '0');
INSERT INTO `user_bill` VALUES ('85a094307d2f4c928d51aeffa3a3f144', '提现申请通过，取出金额, 提现ID:2015041700000003', '50', '4', '2015-04-17 14:15:11', 'withdraw_success', 'zhengcong', 'to_balance', '25', '25');
INSERT INTO `user_bill` VALUES ('86244774bb994eaea4ccf4e3812e8080', '投资成功：冻结金额。借款ID:20150318000012  投资id:20150318000004', '1000', '13', '2015-03-18 16:27:21', 'invest_success', 'tuotian', 'freeze', '969877.84', '13000');
INSERT INTO `user_bill` VALUES ('874e635841754dc09a51582483d2c61c', '借款到账, 借款ID：20150428000076', '30', '32', '2015-04-28 11:20:07', 'give_money_to_borrower', 'zhengcong', 'ti_balance', '33.32', '55');
INSERT INTO `user_bill` VALUES ('8801b4fb58d349ed9211583297661c1c', 'sdfsafd', '100', '1', '2015-04-14 13:32:20', 'admin_operation', 'lance', 'ti_balance', '100', '0');
INSERT INTO `user_bill` VALUES ('8b7f5efd831e457a8848ba405ad7136d', '提现申请被拒绝，解冻提现金额, 提现ID:2015040700000001', '100', '4', '2015-04-07 10:47:13', 'refuse_apply_withdraw', 'seekmm', 'unfreeze', '10000', '0');
INSERT INTO `user_bill` VALUES ('8bcc1196d9cb4ff6ade15a5557797ae9', '借款到账, 借款ID：20150427000058', '2', '13', '2015-04-27 15:59:51', 'give_money_to_borrower', 'jdsb2', 'ti_balance', '4', '0');
INSERT INTO `user_bill` VALUES ('8bef94f2ef004176bf75d66856e92910', '投资成功：冻结金额。借款ID:20150421000051  投资id:20150421000002', '30', '9', '2015-04-21 17:34:10', 'invest_success', 'zhengcong', 'freeze', '0.22', '30');
INSERT INTO `user_bill` VALUES ('8c526ef29e2d4b0bad7b176a0122b020', '投资成功：冻结金额。借款ID:20150427000061  投资id:20150427000011', '25', '11', '2015-04-27 16:32:03', 'invest_success', 'wll001', 'freeze', '1.22', '51');
INSERT INTO `user_bill` VALUES ('8d7368c41fcd4163b88dc1031f5e9a29', '取出借款管理费, 借款ID：20150319000013', '0', '17', '2015-03-19 16:11:59', 'give_money_to_borrower', 'tuotian', 'to_balance', '789399.12', '13000');
INSERT INTO `user_bill` VALUES ('8fc82d62cd5e4d1b9725a04550e447ee', '测试充值', '100', '3', '2015-04-08 15:04:51', 'admin_operation', 'wulala', 'ti_balance', '300', '0');
INSERT INTO `user_bill` VALUES ('8fcdc316a5b2432f83a0fe499ffb8f78', '1', '10000000', '2', '2015-04-16 11:24:52', 'admin_operation', 'lance', 'ti_balance', '10000100', '0');
INSERT INTO `user_bill` VALUES ('913e4c2aae734a26818a587b4a796ee1', '投资成功，取出投资金额, 借款ID：20150427000066', '60', '17', '2015-04-27 17:44:42', 'give_money_to_borrower', 'wll001', 'to_frozen', '11.22', '26');
INSERT INTO `user_bill` VALUES ('920b5a71b01b4bdeae6fce7ed9334730', '借款成功，解冻借款保证金, 借款ID：20150427000060', '0', '21', '2015-04-27 16:18:40', 'give_money_to_borrower', 'mleoshi', 'unfreeze', '91.34', '50');
INSERT INTO `user_bill` VALUES ('9303877c6a004f5d99bd92ccb0848290', '取出借款管理费, 借款ID：20150427000066', '1', '33', '2015-04-27 17:44:42', 'give_money_to_borrower', 'sidneygao', 'to_balance', '182.01', '0');
INSERT INTO `user_bill` VALUES ('932df48f3d4a4ac693ce54a8061b2ba4', '投资：20150317000002收到还款  本金：9087.78  罚息：0.14', '9087.92', '29', '2015-03-18 16:33:05', 'advance_repay', 'admin', 'ti_balance', '8953049.8', '50');
INSERT INTO `user_bill` VALUES ('948036b0a87d4234a32b57c6ee3affa6', '1', '1000000', '3', '2015-04-16 16:20:27', 'admin_operation', 'lance', 'to_balance', '9000100', '0');
INSERT INTO `user_bill` VALUES ('959bbab185a34ed3a14f1b6a54ebc414', '投资成功：冻结金额。借款ID:20150407000017  投资id:20150407000002', '100', '2', '2015-04-07 18:21:46', 'invest_success', 'xingditu', 'freeze', '0', '100');
INSERT INTO `user_bill` VALUES ('9680d2272035428d95c54019a93c1488', '借款到账, 借款ID：20150410000035', '1', '1', '2015-04-10 11:03:23', 'give_money_to_borrower', 'jdsb2', 'ti_balance', '1', '0');
INSERT INTO `user_bill` VALUES ('96b80fae5f794ef08dc67ce7da6a4d26', '投资成功，取出投资金额, 借款ID：20150427000066', '30', '24', '2015-04-27 17:44:42', 'give_money_to_borrower', 'zhengcong', 'to_frozen', '0.22', '55');
INSERT INTO `user_bill` VALUES ('974319c5ce854e49aee6929f8be99215', '投资成功：冻结金额。借款ID:20150409000027  投资id:20150409000002', '950', '60', '2015-04-09 11:31:35', 'invest_success', 'admin', 'freeze', '9000006.22', '1050');
INSERT INTO `user_bill` VALUES ('97ea45d7ecc2417c9843efda67cf076f', '借款到账, 借款ID：20150413000042', '1', '6', '2015-04-13 15:07:05', 'give_money_to_borrower', 'jdsb2', 'ti_balance', '2', '0');
INSERT INTO `user_bill` VALUES ('985b60378a52497d80dba7db22079cf6', '投资成功：冻结金额。借款ID:20150427000058  投资id:20150427000005', '2', '20', '2015-04-27 15:59:18', 'invest_success', 'jdsb1', 'freeze', '1.02', '2');
INSERT INTO `user_bill` VALUES ('9aeb3c37f3e242b6b82918c304a895a8', '投资成功：冻结金额。借款ID:20150427000061  投资id:20150427000008', '50', '23', '2015-04-27 16:28:20', 'invest_success', 'mleoshi', 'freeze', '41.34', '100');
INSERT INTO `user_bill` VALUES ('9c6aabbc86554f268b0595da96b5c921', '借款到账, 借款ID：20150421000051', '90', '14', '2015-04-21 17:41:15', 'give_money_to_borrower', 'sidneygao', 'ti_balance', '97.01', '0');
INSERT INTO `user_bill` VALUES ('9cc8374a00984f8094f4ecb0419df837', '申请提现，冻结提现手续费, 提现编号:2015040700000001', '0', '3', '2015-04-07 10:46:09', 'apply_withdraw', 'seekmm', 'freeze', '9900', '100');
INSERT INTO `user_bill` VALUES ('9ff781a67b074be7a2599f9590ec870c', '投资：20150427000015收到还款, 还款ID:201504270000660001  借款ID:20150427000066  本金：0.0  利息：3.45', '3.45', '25', '2015-04-27 17:55:27', 'normal_repay', 'zhengcong', 'ti_balance', '3.67', '55');
INSERT INTO `user_bill` VALUES ('a03c65795386411a9e6c3a182fb13ce7', '借款到账, 借款ID：20150318000011', '1000', '53', '2015-04-03 14:27:34', 'give_money_to_borrower', 'admin', 'ti_balance', '9000006.22', '50');
INSERT INTO `user_bill` VALUES ('a1319a22484d4320a96771479f6855de', '投资：20150317000002收到还款  本金：8938.19  罚息：0.13', '8938.32', '27', '2015-03-18 16:33:05', 'advance_repay', 'admin', 'ti_balance', '8934949.07', '50');
INSERT INTO `user_bill` VALUES ('a168436f970c4ea49d4df3fa4c10a7c9', '投资成功：冻结金额。借款ID:20150427000067  投资id:20150427000014', '30', '29', '2015-04-27 17:41:48', 'invest_success', 'sidneygao', 'freeze', '93.01', '30');
INSERT INTO `user_bill` VALUES ('a1dd7341fc4d42e495892045bfcab91f', '借款：20150416000049正常还款, 还款ID：201504160000490001 本金：100.0  利息：1.0  手续费：0.0', '101', '8', '2015-04-16 18:16:39', 'normal_repay', 'sidneygao', 'to_balance', '0', '0');
INSERT INTO `user_bill` VALUES ('a1fd53f85ffd43d99dfb0bfae6c0933d', '投资成功：冻结金额。借款ID:20150417000050  投资id:20150417000002', '25', '3', '2015-04-17 13:38:25', 'invest_success', 'zhengcong', 'freeze', '75', '25');
INSERT INTO `user_bill` VALUES ('a23f0e61ae924a5a91265d17fe2e7028', '投资成功，取出投资金额, 借款ID：20150421000051', '60', '16', '2015-04-21 17:41:15', 'give_money_to_borrower', 'mleoshi', 'to_frozen', '91.34', '0');
INSERT INTO `user_bill` VALUES ('a2a655d2013d47e3afb3a353e0db4d3b', '借款成功，解冻借款保证金, 借款ID：20150427000067', '0', '21', '2015-04-27 17:42:11', 'give_money_to_borrower', 'zhengcong', 'unfreeze', '30.22', '55');
INSERT INTO `user_bill` VALUES ('a3bdea22f46d4162b7f141f8f23f1f8e', '投资：20150414000001收到还款，扣除手续费, 还款ID:201504140000440001', '0', '16', '2015-04-14 14:35:38', 'normal_repay', 'jdsb1', 'to_balance', '1.02', '0');
INSERT INTO `user_bill` VALUES ('a3c97978906c47639130a2ba3cc032ef', '投资成功：冻结金额。借款ID:20150319000013  投资id:20150319000001', '3000', '35', '2015-03-19 16:11:36', 'invest_success', 'admin', 'freeze', '8996638.06', '3050');
INSERT INTO `user_bill` VALUES ('a48b6163ed7142fe80b7b317603a5cf3', '投资成功：冻结金额。借款ID:20150428000077  投资id:20150428000002', '25', '25', '2015-04-28 11:44:02', 'invest_success', 'wll001', 'freeze', '0.43', '51');
INSERT INTO `user_bill` VALUES ('a72333d155614b8aaf0a3a4b4d957e2f', '投资成功：冻结金额。借款ID:20150427000066  投资id:20150427000016', '60', '16', '2015-04-27 17:43:35', 'invest_success', 'wll001', 'freeze', '11.22', '86');
INSERT INTO `user_bill` VALUES ('a7c58e73e71b45549b9ee2c8d40ed30a', '投资成功：冻结金额。借款ID:20150428000077  投资id:20150428000004', '25', '32', '2015-04-28 11:49:23', 'invest_success', 'mleoshi', 'freeze', '14.34', '25');
INSERT INTO `user_bill` VALUES ('a7c7dfe268144e0ab7a90276653a5193', '取出借款管理费, 借款ID：20150417000050', '2', '12', '2015-04-17 14:19:49', 'give_money_to_borrower', 'sidneygao', 'to_balance', '108', '0');
INSERT INTO `user_bill` VALUES ('a9cd596246b64d599e756f086cee11e0', '投资成功，取出投资金额, 借款ID：20150428000077', '25', '26', '2015-04-28 11:49:55', 'give_money_to_borrower', 'wll001', 'to_frozen', '0.43', '26');
INSERT INTO `user_bill` VALUES ('aa55f15a0b7449f5bae796d4fd08bcf4', '取出借款管理费, 借款ID：20150318000010', '0', '58', '2015-04-03 14:28:51', 'give_money_to_borrower', 'admin', 'to_balance', '9001006.22', '50');
INSERT INTO `user_bill` VALUES ('aaa711a7e21c498490d947c474900ca3', '投资成功：冻结金额。借款ID:20150417000050  投资id:20150417000004', '25', '2', '2015-04-17 13:50:38', 'invest_success', 'wll001', 'freeze', '25', '25');
INSERT INTO `user_bill` VALUES ('ab1c24b155fb40bb95a85644b4c4dcae', '投资成功，取出投资金额, 借款ID：20150417000050', '25', '5', '2015-04-17 14:19:49', 'give_money_to_borrower', 'zhengcong', 'to_frozen', '25', '0');
INSERT INTO `user_bill` VALUES ('ab830bce55154c42a926e26d60c2f0c0', '投资成功：冻结金额。借款ID:20150427000057  投资id:20150427000004', '1', '9', '2015-04-27 15:07:30', 'invest_success', 'wll001', 'freeze', '24.22', '26');
INSERT INTO `user_bill` VALUES ('ab9ef861803343a59b201288ea61cbc6', '借款到账, 借款ID：20150318000012', '1000', '50', '2015-04-03 14:26:40', 'give_money_to_borrower', 'admin', 'ti_balance', '8999006.22', '50');
INSERT INTO `user_bill` VALUES ('acc9f1880c7f488a94dd1525d1f33119', '借款到账, 借款ID：20150427000061', '100', '24', '2015-04-27 16:32:23', 'give_money_to_borrower', 'sidneygao', 'ti_balance', '195.01', '0');
INSERT INTO `user_bill` VALUES ('ad4b46387c4c4e8c94438f0efe5dfb92', '提现申请通过，取出金额, 提现ID:2015042700000002', '2', '31', '2015-04-28 10:16:15', 'withdraw_success', 'mleoshi', 'to_balance', '39.34', '0');
INSERT INTO `user_bill` VALUES ('ad65a9a1f1b0411f8fc963e3d70510db', '投资：20150320000001收到还款, 还款ID:201503200000150001  借款ID:20150320000015  本金：325.78  利息：18.33', '344.11', '48', '2015-03-20 11:03:06', 'normal_repay', 'admin', 'ti_balance', '8998006.22', '50');
INSERT INTO `user_bill` VALUES ('ad6ab3cc472b4608a2b31d72eae564e4', '借款：20150320000015正常还款, 还款ID：201503200000150001 本金：325.78  利息：18.33  手续费：0.0', '344.11', '33', '2015-03-20 11:03:11', 'normal_repay', 'tuotian', 'to_balance', '788011.96', '13000');
INSERT INTO `user_bill` VALUES ('aef9d8e146c44a10bfbad7c3ada11b04', '投资：05b720919c0848b6bb29afa0a2090736收到还款  本金：2000.0  罚息：0.03', '2000.03', '22', '2015-03-19 16:18:38', 'advance_repay', 'tuotian', 'ti_balance', '786356.07', '13000');
INSERT INTO `user_bill` VALUES ('afff0b24c27746bf85d74ae840d19ebc', '测试充值', '100', '2', '2015-04-08 15:04:43', 'admin_operation', 'wulala', 'ti_balance', '200', '0');
INSERT INTO `user_bill` VALUES ('b0c2e0367cd146079b57837f6a8766b5', '投资成功，取出投资金额, 借款ID：20150428000077', '25', '33', '2015-04-28 11:49:55', 'give_money_to_borrower', 'mleoshi', 'to_frozen', '14.34', '0');
INSERT INTO `user_bill` VALUES ('b111a50bca144db9b2b3e769c276dbf1', '债权转让成功，编号：32143d31996f4fdd8b7e53f5cf32f0b8', '2000', '39', '2015-03-19 16:16:11', 'transfer', 'admin', 'ti_balance', '8998666.09', '50');
INSERT INTO `user_bill` VALUES ('b12b1fbf95be40d6b112068562c94171', '投资：20150417000002收到还款，扣除手续费, 还款ID:201504170000500001', '0.03', '7', '2015-04-17 14:59:18', 'normal_repay', 'zhengcong', 'to_balance', '50.22', '0');
INSERT INTO `user_bill` VALUES ('b177ebf4055f4024aba843b39385d881', '投资：20150428000003收到还款, 还款ID:201504280000770001  借款ID:20150428000077  本金：50.0  利息：0.5', '50.5', '43', '2015-04-28 11:58:34', 'normal_repay', 'sidneygao', 'ti_balance', '141.16', '0');
INSERT INTO `user_bill` VALUES ('b4610a0b035043208173bdfd10a4f810', '取出借款管理费, 借款ID：20150427000059', '0', '15', '2015-04-27 16:19:00', 'give_money_to_borrower', 'zhengcong', 'to_balance', '50.22', '25');
INSERT INTO `user_bill` VALUES ('b4723235a9324cd6a8af6ab023e59701', '借款20150413000041流标，解冻保证金0.0', '0', '5', '2015-04-13 10:55:13', 'cancel_loan', 'jdsb2', 'unfreeze', '1', '0');
INSERT INTO `user_bill` VALUES ('b542df601c2040a2909d6abdab813184', '投资成功，取出投资金额, 借款ID：20150317000002', '100000', '4', '2015-03-17 11:35:33', 'give_money_to_borrower', 'admin', 'to_frozen', '8800000', '100000');
INSERT INTO `user_bill` VALUES ('b735d34157ec4aec9c8ad24e13bc3a15', '借款成功，解冻借款保证金, 借款ID：20150413000042', '0', '7', '2015-04-13 15:07:05', 'give_money_to_borrower', 'jdsb2', 'unfreeze', '2', '0');
INSERT INTO `user_bill` VALUES ('b79c949dae26491c9d7a323980ec2503', '借款：20150317000002正常还款, 还款ID：201503170000020001 本金：17436.82  利息：1666.66  手续费：0.0', '19103.48', '6', '2015-03-17 11:51:22', 'normal_repay', 'tuotian', 'to_balance', '970896.52', '10000');
INSERT INTO `user_bill` VALUES ('b8fafd9fd8fe44e59d8190abbd9c5f48', '投资：20150317000002收到还款  本金：9394.51  罚息：0.14', '9394.65', '33', '2015-03-18 16:33:05', 'advance_repay', 'admin', 'ti_balance', '8990165.12', '50');
INSERT INTO `user_bill` VALUES ('b923617767394786984093897d61e7ee', '取出借款管理费, 借款ID：20150427000067', '0', '22', '2015-04-27 17:42:11', 'give_money_to_borrower', 'zhengcong', 'to_balance', '30.22', '55');
INSERT INTO `user_bill` VALUES ('b93b737247e047af8736a65101280ba6', '投资：20150317000001收到还款, 还款ID:201503170000020001  借款ID:20150317000002  本金：8718.41  利息：833.33', '9551.74', '6', '2015-03-17 11:51:22', 'normal_repay', 'admin', 'ti_balance', '8809551.74', '0');
INSERT INTO `user_bill` VALUES ('b9414242226e4c9bbb488bcbc5bf3870', '取出借款管理费, 借款ID：20150427000060', '0', '22', '2015-04-27 16:18:40', 'give_money_to_borrower', 'mleoshi', 'to_balance', '91.34', '50');
INSERT INTO `user_bill` VALUES ('b9d1bd07f39a4ffabbc6fecd63200d58', '借款到账, 借款ID：20150414000044', '2', '1', '2015-04-14 14:22:53', 'give_money_to_borrower', 'jdsb3', 'ti_balance', '2', '0');
INSERT INTO `user_bill` VALUES ('b9e3a8343e1a4334a5fb156270bef7d0', '取出借款管理费, 借款ID：20150428000076', '0', '34', '2015-04-28 11:20:07', 'give_money_to_borrower', 'zhengcong', 'to_balance', '33.32', '55');
INSERT INTO `user_bill` VALUES ('ba04e433805f4ec38f5f54559e0d9396', '投资：20150317000002收到还款  本金：9316.87  罚息：0.14', '9317.01', '32', '2015-03-18 16:33:05', 'advance_repay', 'admin', 'ti_balance', '8980770.47', '50');
INSERT INTO `user_bill` VALUES ('baee5b1d543c4ca198041b38223fa6f8', '投资：05b720919c0848b6bb29afa0a2090736收到还款  本金：0.0  罚息：0.0', '0', '24', '2015-03-19 16:18:38', 'advance_repay', 'tuotian', 'ti_balance', '786356.07', '13000');
INSERT INTO `user_bill` VALUES ('bbc83be1bbde418594122024a0fd61ed', '购买债权，编号：05b720919c0848b6bb29afa0a2090736', '2000', '19', '2015-03-19 16:16:11', 'transfer_buy', 'tuotian', 'to_balance', '787371.09', '13000');
INSERT INTO `user_bill` VALUES ('bbd5be7eaf13429ba108405944ada803', '投资成功：冻结金额。借款ID:20150317000002  投资id:20150317000001', '100000', '2', '2015-03-17 11:35:11', 'invest_success', 'admin', 'freeze', '8900000', '100000');
INSERT INTO `user_bill` VALUES ('bcf21ed27d86410e83dd3439044496a7', '投资成功：冻结金额。借款ID:20150416000049  投资id:20150416000007', '50', '2', '2015-04-16 16:44:41', 'invest_success', 'mleoshi', 'freeze', '150', '50');
INSERT INTO `user_bill` VALUES ('be1aaf924a7d40a3bd8f6a870cf68544', '取出借款管理费, 借款ID：20150427000058', '0', '15', '2015-04-27 15:59:51', 'give_money_to_borrower', 'jdsb2', 'to_balance', '4', '0');
INSERT INTO `user_bill` VALUES ('bf33070304c2404f99d1f65b1b772d1c', '取出借款管理费, 借款ID：20150318000012', '0', '52', '2015-04-03 14:26:40', 'give_money_to_borrower', 'admin', 'to_balance', '8999006.22', '50');
INSERT INTO `user_bill` VALUES ('c0ca508126d6449885c309d462d96225', '投资：20150417000005收到还款，扣除手续费, 还款ID:201504170000500001', '0.05', '14', '2015-04-17 14:59:18', 'normal_repay', 'mleoshi', 'to_balance', '151.34', '0');
INSERT INTO `user_bill` VALUES ('c1cf32b82dfe44f6aee790040a8ac97c', '投资成功：冻结金额。借款ID:20150422000055  投资id:20150422000001', '35', '6', '2015-04-22 14:48:41', 'invest_success', 'wll001', 'freeze', '15.22', '35');
INSERT INTO `user_bill` VALUES ('c28748b977c3410aa5e487d857d0d1e5', '投资：20150317000002收到还款，扣除手续费, 还款ID:201503170000020001', '0', '9', '2015-03-17 11:51:22', 'normal_repay', 'admin', 'to_balance', '8819103.48', '0');
INSERT INTO `user_bill` VALUES ('c37d4acd7ffd42de8520e585a9f43249', '投资成功：冻结金额。借款ID:20150427000064  投资id:20150427000012', '30', '19', '2015-04-27 17:23:47', 'invest_success', 'zhengcong', 'freeze', '0.22', '55');
INSERT INTO `user_bill` VALUES ('c4a39100ae1a49d2bcdabe357a9b59b6', '投资成功，取出投资金额, 借款ID：20150318000010', '1000', '36', '2015-04-03 14:28:51', 'give_money_to_borrower', 'tuotian', 'to_frozen', '788011.96', '10000');
INSERT INTO `user_bill` VALUES ('c52eeeadabc9415582be0e8bb4b1dae0', '投资：20150317000001收到还款  本金：9472.8  罚息：0.14', '9472.94', '24', '2015-03-18 16:33:05', 'advance_repay', 'admin', 'ti_balance', '8908355.11', '50');
INSERT INTO `user_bill` VALUES ('c530694ceb6148c4893eac5b10fd3539', '投资成功：冻结金额。借款ID:20150413000042  投资id:20150413000002', '1', '11', '2015-04-13 14:56:57', 'invest_success', 'jdsb1', 'freeze', '3', '1');
INSERT INTO `user_bill` VALUES ('c56f7c898c9447c88379ea7d34856bf6', '投资成功：冻结金额。借款ID:20150427000056  投资id:20150427000001', '25', '8', '2015-04-27 11:43:00', 'invest_success', 'wll001', 'freeze', '25.22', '25');
INSERT INTO `user_bill` VALUES ('c5a6b586a3bd4e329e57c86015970ab8', '取出借款管理费, 借款ID：20150317000002', '0', '4', '2015-03-17 11:35:33', 'give_money_to_borrower', 'tuotian', 'to_balance', '1000000', '0');
INSERT INTO `user_bill` VALUES ('c6bcc49c5585433f9730d9b7ea4cc394', '投资：20150319000001收到还款  本金：1000.0  罚息：0.02', '1000.02', '45', '2015-03-19 16:18:38', 'advance_repay', 'admin', 'ti_balance', '8999662.11', '50');
INSERT INTO `user_bill` VALUES ('c72911a66ad34d31b9a8b56ce035012e', '投资成功，取出投资金额, 借款ID：20150319000013', '3000', '36', '2015-03-19 16:11:59', 'give_money_to_borrower', 'admin', 'to_frozen', '8996638.06', '50');
INSERT INTO `user_bill` VALUES ('c7760df6aab4422c865b288f44c561cf', '借款成功，解冻借款保证金, 借款ID：20150416000049', '0', '4', '2015-04-16 16:53:07', 'give_money_to_borrower', 'sidneygao', 'unfreeze', '100', '0');
INSERT INTO `user_bill` VALUES ('c8b7e974847d4e7bbcff2478657034ec', '借款20150410000036流标，解冻保证金0.0', '0', '12', '2015-04-15 16:21:11', 'cancel_loan', 'jdsb2', 'unfreeze', '2', '0');
INSERT INTO `user_bill` VALUES ('caace9f2279f46c3b9aab92786a32a35', '借款：20150319000013正常还款, 还款ID：201503190000130001 本金：0.0  利息：28.03  手续费：0.0', '28.03', '18', '2015-03-19 16:12:35', 'normal_repay', 'tuotian', 'to_balance', '789371.09', '13000');
INSERT INTO `user_bill` VALUES ('cafd8edd0f524095b1645dcd284cc6be', '借款到账, 借款ID：20150318000010', '1000', '56', '2015-04-03 14:28:51', 'give_money_to_borrower', 'admin', 'ti_balance', '9001006.22', '50');
INSERT INTO `user_bill` VALUES ('cb4f8b09f2784210b2b68b1542ed11a3', '借款成功，解冻借款保证金, 借款ID：20150318000010', '0', '57', '2015-04-03 14:28:51', 'give_money_to_borrower', 'admin', 'unfreeze', '9001006.22', '50');
INSERT INTO `user_bill` VALUES ('cb7fedfb57714a63960235ac8bafe11b', '借款到账, 借款ID：20150319000013', '3000', '15', '2015-03-19 16:11:59', 'give_money_to_borrower', 'tuotian', 'ti_balance', '789399.12', '13000');
INSERT INTO `user_bill` VALUES ('cb80c6c905de4797a820e4cbd5673903', '申请提现，冻结提现金额, 提现编号:2015040700000002', '101', '6', '2015-04-07 10:48:35', 'apply_withdraw', 'seekmm', 'freeze', '9899', '101');
INSERT INTO `user_bill` VALUES ('cc39f5de4887468ab6ae16562d0a583b', '借款成功，解冻借款保证金, 借款ID：20150421000051', '0', '15', '2015-04-21 17:41:15', 'give_money_to_borrower', 'sidneygao', 'unfreeze', '97.01', '0');
INSERT INTO `user_bill` VALUES ('cc46a97df45c450b9aa1b3e38719b00a', '投资成功，取出投资金额, 借款ID：20150427000061', '25', '12', '2015-04-27 16:32:23', 'give_money_to_borrower', 'wll001', 'to_frozen', '1.22', '26');
INSERT INTO `user_bill` VALUES ('ce38f5855b2a4e1aae4cb6605f4f8e4a', '提现申请通过，取出冻结手续费, 提现ID:2015040700000002', '0', '9', '2015-04-07 10:49:03', 'withdraw_success', 'seekmm', 'to_frozen', '9899', '0');
INSERT INTO `user_bill` VALUES ('cf0ce93669fe4edf9718688f7aa045a4', '充值编号：2015042800000001', '8', '24', '2015-04-28 11:42:46', 'recharge_success', 'wll001', 'ti_balance', '25.43', '26');
INSERT INTO `user_bill` VALUES ('cfa96ee90c8a47b994a64688f32b63e4', '投资：20150428000004收到还款, 还款ID:201504280000770001  借款ID:20150428000077  本金：25.0  利息：0.25', '25.25', '34', '2015-04-28 11:58:34', 'normal_repay', 'mleoshi', 'ti_balance', '39.59', '0');
INSERT INTO `user_bill` VALUES ('cfffcc38e42d4ef1b1b01fa17222b530', '取出借款管理费, 借款ID：20150427000061', '2', '26', '2015-04-27 16:32:23', 'give_money_to_borrower', 'sidneygao', 'to_balance', '193.01', '0');
INSERT INTO `user_bill` VALUES ('d010b3e4a35b45d288fbb4d18449b39b', '借款：20150428000077正常还款, 还款ID：201504280000770001 本金：100.0  利息：1.0  手续费：0.0', '101', '38', '2015-04-28 11:58:34', 'normal_repay', 'zhengcong', 'to_balance', '30.32', '55');
INSERT INTO `user_bill` VALUES ('d23447bff3c44c80841c754060873638', '投资：20150320000001收到还款，扣除手续费, 还款ID:201503200000150001', '0', '49', '2015-03-20 11:03:08', 'normal_repay', 'admin', 'to_balance', '8998006.22', '50');
INSERT INTO `user_bill` VALUES ('d2fad1c5d5f94a15afa8ec24878eb239', '投资成功，取出投资金额, 借款ID：20150417000050', '25', '3', '2015-04-17 14:19:49', 'give_money_to_borrower', 'wll001', 'to_frozen', '25', '0');
INSERT INTO `user_bill` VALUES ('d467f582c8994c33b918dade062617b5', '取出借款管理费, 借款ID：20150410000035', '0', '3', '2015-04-10 11:03:23', 'give_money_to_borrower', 'jdsb2', 'to_balance', '1', '0');
INSERT INTO `user_bill` VALUES ('d5274a18eb474d1f8df174ec9eca38f7', '借款20150410000039流标，解冻保证金0.0', '0', '10', '2015-04-14 14:18:48', 'cancel_loan', 'jdsb2', 'unfreeze', '2', '0');
INSERT INTO `user_bill` VALUES ('d630321637d6484f9c28e62fe40f71d5', '借款成功，解冻借款保证金, 借款ID：20150319000013', '0', '16', '2015-03-19 16:11:59', 'give_money_to_borrower', 'tuotian', 'unfreeze', '789399.12', '13000');
INSERT INTO `user_bill` VALUES ('d7639429d8214b6bac54c8ed84282918', '投资成功，取出投资金额, 借款ID：20150427000068', '30', '30', '2015-04-27 18:05:33', 'give_money_to_borrower', 'zhengcong', 'to_frozen', '3.32', '55');
INSERT INTO `user_bill` VALUES ('d7a9002074454048a5bbd92a95356969', '发起借款，冻结保证金，借款ID:20150416000047', '10000', '2', '2015-04-16 10:55:04', 'apply_loan', 'wangxibao9', 'freeze', '90000', '10000');
INSERT INTO `user_bill` VALUES ('d83ac023a28a430a9b92e9f4077ebe32', '投资成功，取出投资金额, 借款ID：20150318000012', '1000', '34', '2015-04-03 14:26:40', 'give_money_to_borrower', 'tuotian', 'to_frozen', '788011.96', '12000');
INSERT INTO `user_bill` VALUES ('d8e086811452407fbbc7830f2076adb8', '取出借款管理费, 借款ID：20150320000015', '0', '32', '2015-03-20 11:01:50', 'give_money_to_borrower', 'tuotian', 'to_balance', '788356.07', '13000');
INSERT INTO `user_bill` VALUES ('d96c15d01bb84bf29785d0da356105d4', '申请提现，冻结提现金额, 提现编号:2015031900000001', '1', '26', '2015-03-19 16:53:23', 'apply_withdraw', 'tuotian', 'freeze', '786355.07', '13001');
INSERT INTO `user_bill` VALUES ('d9af2c028d7b49b9bfea72fc9d664f7c', '投资：20150319000001收到还款  本金：0.0  罚息：0.0', '0', '42', '2015-03-19 16:18:38', 'advance_repay', 'admin', 'ti_balance', '8998662.09', '50');
INSERT INTO `user_bill` VALUES ('da8b90a76ecd40aa927dd173202c1546', '借款20150410000040流标，解冻保证金0.0', '0', '9', '2015-04-14 14:18:35', 'cancel_loan', 'jdsb2', 'unfreeze', '2', '0');
INSERT INTO `user_bill` VALUES ('db5057204e194d00b0558d89fa0b96a3', '投资：20150427000015收到还款  本金：0.0  罚息：0.0', '0', '27', '2015-04-27 17:56:43', 'advance_repay', 'zhengcong', 'ti_balance', '3.32', '55');
INSERT INTO `user_bill` VALUES ('dc3267c9f7554850bfdb55b820a1e818', 'et', '800000', '1', '2015-03-17 11:26:41', 'admin_operation', 'tuotian', 'ti_balance', '800000', '0');
INSERT INTO `user_bill` VALUES ('dc99c1443a4e455ca21878d2491e43cd', '借款到账, 借款ID：20150428000077', '100', '35', '2015-04-28 11:49:55', 'give_money_to_borrower', 'zhengcong', 'ti_balance', '133.32', '55');
INSERT INTO `user_bill` VALUES ('dd6d9e6b9c4848128d0bb9777b5e1098', '投资：20150428000002收到还款, 还款ID:201504280000770001  借款ID:20150428000077  本金：25.0  利息：0.25', '25.25', '27', '2015-04-28 11:58:34', 'normal_repay', 'wll001', 'ti_balance', '25.68', '26');
INSERT INTO `user_bill` VALUES ('de678bc5fcea485aa5a2607cb2ca4d91', '借款成功，解冻借款保证金, 借款ID：20150428000076', '0', '33', '2015-04-28 11:20:07', 'give_money_to_borrower', 'zhengcong', 'unfreeze', '33.32', '55');
INSERT INTO `user_bill` VALUES ('df58c853f462455cbb44ebf2ea4a08e9', '投资成功：冻结金额。借款ID:20150428000076  投资id:20150428000001', '30', '39', '2015-04-28 11:19:50', 'invest_success', 'sidneygao', 'freeze', '140.66', '30');
INSERT INTO `user_bill` VALUES ('dfb949c1921b45749238b0e20378a267', '投资成功：冻结金额。借款ID:20150409000027  投资id:20150409000001', '50', '59', '2015-04-09 11:28:12', 'invest_success', 'admin', 'freeze', '9000956.22', '100');
INSERT INTO `user_bill` VALUES ('e01cccf8457748d5bbe425626004e097', '投资：05b720919c0848b6bb29afa0a2090736收到还款  本金：0.0  罚息：0.0', '0', '21', '2015-03-19 16:18:38', 'advance_repay', 'tuotian', 'ti_balance', '784356.04', '13000');
INSERT INTO `user_bill` VALUES ('e03ef96076e2413fbc45e9cf5ece2f4f', '债权转让成功手续费，编号：32143d31996f4fdd8b7e53f5cf32f0b8', '4', '40', '2015-03-19 16:16:11', 'transfer', 'admin', 'to_balance', '8998662.09', '50');
INSERT INTO `user_bill` VALUES ('e15e52c816c246e088d8dcbfafe77bcb', '提现申请被拒绝，解冻手续费, 提现ID:2015031900000001', '2', '29', '2015-03-19 16:53:42', 'refuse_apply_withdraw', 'tuotian', 'unfreeze', '786356.07', '13000');
INSERT INTO `user_bill` VALUES ('e18e749af9234a188f35bde658da0527', '投资：20150427000016收到还款  本金：60.0  罚息：0.0', '60', '21', '2015-04-27 17:56:43', 'advance_repay', 'wll001', 'ti_balance', '77.43', '26');
INSERT INTO `user_bill` VALUES ('e1c75f391d0f445880d596defc294655', '投资成功：冻结金额。借款ID:20150317000002  投资id:20150317000002', '100000', '3', '2015-03-17 11:35:22', 'invest_success', 'admin', 'freeze', '8800000', '200000');
INSERT INTO `user_bill` VALUES ('e57b2cdaa33a4ed98ed3570085b9653f', '借款成功，解冻借款保证金, 借款ID：20150318000011', '0', '54', '2015-04-03 14:27:34', 'give_money_to_borrower', 'admin', 'unfreeze', '9000006.22', '50');
INSERT INTO `user_bill` VALUES ('e6f571a03883490e818d3ab1ed620200', '充值编号：2015042700000008', '5', '18', '2015-04-27 17:22:25', 'recharge_success', 'zhengcong', 'ti_balance', '30.22', '25');
INSERT INTO `user_bill` VALUES ('e875bcf9376a48d8af5b6458f17f8699', '投资：20150319000001收到还款  本金：0.0  罚息：0.0', '0', '43', '2015-03-19 16:18:38', 'advance_repay', 'admin', 'ti_balance', '8998662.09', '50');
INSERT INTO `user_bill` VALUES ('e9f3a3a47ab04e0296344d239da00f1e', '投资成功：冻结金额。借款ID:20150427000060  投资id:20150427000007', '50', '21', '2015-04-27 16:18:02', 'invest_success', 'sidneygao', 'freeze', '95.01', '100');
INSERT INTO `user_bill` VALUES ('ea8f95e5609646d399d15cfca4a3cb78', '借款20150410000038流标，解冻保证金0.0', '0', '4', '2015-04-10 14:57:04', 'cancel_loan', 'jdsb2', 'unfreeze', '1', '0');
INSERT INTO `user_bill` VALUES ('eacfd42eb5c14b7189dcd5ed8278a419', '提现申请通过，取出金额, 提现ID:2015042000000002', '20', '8', '2015-04-20 14:27:37', 'withdraw_success', 'zhengcong', 'to_balance', '30.22', '0');
INSERT INTO `user_bill` VALUES ('eb93f9efb2f248798b2b3a42e456585e', 'abc', '1', '18', '2015-04-27 15:37:58', 'admin_operation', 'sidneygao', 'ti_balance', '97.01', '0');
INSERT INTO `user_bill` VALUES ('ec6768b142ec4781a4894b55bc7d839d', '提现申请通过，解冻提现手续费, 提现编号:2015042700000002', '0', '30', '2015-04-28 10:16:14', 'apply_withdraw', 'mleoshi', 'freeze', '41.34', '0');
INSERT INTO `user_bill` VALUES ('ec6f494b6d164088be2216067852c30f', '投资成功，取出投资金额, 借款ID：20150427000060', '50', '22', '2015-04-27 16:18:40', 'give_money_to_borrower', 'sidneygao', 'to_frozen', '95.01', '50');
INSERT INTO `user_bill` VALUES ('ed52e7fc9fce481b93c8f9256f614ab2', '借款成功，解冻借款保证金, 借款ID：20150417000050', '0', '11', '2015-04-17 14:19:49', 'give_money_to_borrower', 'sidneygao', 'unfreeze', '110', '0');
INSERT INTO `user_bill` VALUES ('ed7c8cb9313e4c47ab22d7b893ffa572', '借款成功，解冻借款保证金, 借款ID：20150427000066', '0', '32', '2015-04-27 17:44:42', 'give_money_to_borrower', 'sidneygao', 'unfreeze', '183.01', '0');
INSERT INTO `user_bill` VALUES ('eebc9072c4824cc4a737d1c535cb6279', '测试充值', '100', '1', '2015-04-08 15:04:37', 'admin_operation', 'wulala', 'ti_balance', '100', '0');
INSERT INTO `user_bill` VALUES ('ef4adb434ef74136b7ee3c34d8ee3f0a', '发起借款，冻结保证金，借款ID:20150408000019', '100', '5', '2015-04-08 10:49:15', 'apply_loan', 'xingditu', 'freeze', '910', '200');
INSERT INTO `user_bill` VALUES ('f122c9b85dbe4f8dbc30e41fd758a417', '充值编号：2015041600000024', '2', '6', '2015-04-16 18:09:11', 'recharge_success', 'sidneygao', 'ti_balance', '100', '0');
INSERT INTO `user_bill` VALUES ('f12cee2ffa8248a0bbef2fdbba72dced', '投资：20150417000002收到还款, 还款ID:201504170000500001  借款ID:20150417000050  本金：25.0  利息：0.25', '25.25', '6', '2015-04-17 14:59:18', 'normal_repay', 'zhengcong', 'ti_balance', '50.25', '0');
INSERT INTO `user_bill` VALUES ('f17d2b2702794d48a5331cb63575fa92', '投资：20150427000015收到还款  本金：30.0  罚息：0.0', '30', '28', '2015-04-27 17:56:43', 'advance_repay', 'zhengcong', 'ti_balance', '33.32', '55');
INSERT INTO `user_bill` VALUES ('f28469ffa28b4139bdda77a9fbda8849', '借款20150428000074流标，解冻保证金0.0', '0', '31', '2015-04-28 11:17:20', 'cancel_loan', 'zhengcong', 'unfreeze', '3.32', '55');
INSERT INTO `user_bill` VALUES ('f3d3da7139794e9da82e33f63234547f', '申请提现，冻结提现手续费, 提现编号:2015042700000002', '0', '28', '2015-04-27 18:46:10', 'apply_withdraw', 'mleoshi', 'freeze', '39.34', '2');
INSERT INTO `user_bill` VALUES ('f59688af1f934f65a40f04c7675c4dd7', '充值编号：2015041700000018', '99', '2', '2015-04-17 11:03:10', 'recharge_success', 'zhengcong', 'ti_balance', '100', '0');
INSERT INTO `user_bill` VALUES ('f5bd9a562a444cbfaef642636eb74ac2', '投资：20150417000005收到还款, 还款ID:201504170000500001  借款ID:20150417000050  本金：50.0  利息：0.49', '50.49', '13', '2015-04-17 14:59:18', 'normal_repay', 'mleoshi', 'ti_balance', '151.39', '0');
INSERT INTO `user_bill` VALUES ('f691a198c26541bb9dd1fe13f2484900', '投资成功：冻结金额。借款ID:20150318000005  投资id:20150318000001', '2000', '11', '2015-03-18 15:14:42', 'invest_success', 'admin', 'freeze', '8817053.48', '2050');
INSERT INTO `user_bill` VALUES ('f8cfc31d48494676bd4db3a3225e29cf', '投资成功：冻结金额。借款ID:20150416000049  投资id:20150416000008', '50', '3', '2015-04-16 16:49:55', 'invest_success', 'mleoshi', 'freeze', '100', '100');
INSERT INTO `user_bill` VALUES ('f9366b6c06d245fc97f54181cf4550a3', '投资：20150317000001收到还款  本金：9394.51  罚息：0.14', '9394.65', '23', '2015-03-18 16:33:05', 'advance_repay', 'admin', 'ti_balance', '8898882.17', '50');
INSERT INTO `user_bill` VALUES ('f97fccd857a0403abb2375ec994d2a17', '取出借款管理费, 借款ID：20150414000044', '0', '3', '2015-04-14 14:22:53', 'give_money_to_borrower', 'jdsb3', 'to_balance', '2', '0');
INSERT INTO `user_bill` VALUES ('fa6ab93dec1d42dfaa3a1fe4a224c1ad', '借款成功，解冻借款保证金, 借款ID：20150320000015', '0', '31', '2015-03-20 11:01:50', 'give_money_to_borrower', 'tuotian', 'unfreeze', '788356.07', '13000');
INSERT INTO `user_bill` VALUES ('fccb404e29194973b3d2ca4b87974662', '提现申请被拒绝，解冻提现金额, 提现ID:2015031900000001', '1', '28', '2015-03-19 16:53:42', 'refuse_apply_withdraw', 'tuotian', 'unfreeze', '786354.07', '13002');
INSERT INTO `user_bill` VALUES ('fcf0cf4701ff43898732f99dc20cd76e', '投资：20150317000001收到还款  本金：8938.19  罚息：0.13', '8938.32', '17', '2015-03-18 16:33:05', 'advance_repay', 'admin', 'ti_balance', '8843666.12', '50');
INSERT INTO `user_bill` VALUES ('fda4cccd39df4db1a42e351c505b51a6', '充值编号：2015042700000007', '2', '10', '2015-04-27 16:31:09', 'recharge_success', 'wll001', 'ti_balance', '26.22', '26');
INSERT INTO `user_bill` VALUES ('fda9147cf33449fa90261fe255f493a0', '申请提现，冻结提现金额, 提现编号:2015042700000002', '2', '27', '2015-04-27 18:46:10', 'apply_withdraw', 'mleoshi', 'freeze', '39.34', '2');
INSERT INTO `user_bill` VALUES ('fec2109f94be48b2985f3d3551298423', '提现申请通过，取出冻结金额, 提现ID:2015040700000002', '101', '8', '2015-04-07 10:49:02', 'withdraw_success', 'seekmm', 'to_frozen', '9899', '0');
INSERT INTO `user_bill` VALUES ('ffd26108935b4490bc1bed9aeef7a7bb', '借款到账, 借款ID：20150427000059', '50', '13', '2015-04-27 16:19:00', 'give_money_to_borrower', 'zhengcong', 'ti_balance', '50.22', '25');

-- ----------------------------
-- Table structure for `user_coupon`
-- ----------------------------
DROP TABLE IF EXISTS `user_coupon`;
CREATE TABLE `user_coupon` (
  `id` varchar(32) NOT NULL,
  `deadline` datetime DEFAULT NULL,
  `description` text,
  `generate_time` datetime DEFAULT NULL,
  `status` varchar(50) NOT NULL,
  `used_time` datetime DEFAULT NULL,
  `coupon` varchar(32) NOT NULL,
  `user_id` varchar(32) DEFAULT NULL,
  PRIMARY KEY (`id`),
  UNIQUE KEY `id` (`id`) USING BTREE,
  KEY `FKDB7C1F1A2A334343` (`user_id`) USING BTREE,
  KEY `FKDB7C1F1A8501D293` (`coupon`) USING BTREE,
  CONSTRAINT `user_coupon_ibfk_1` FOREIGN KEY (`user_id`) REFERENCES `user` (`id`),
  CONSTRAINT `user_coupon_ibfk_2` FOREIGN KEY (`coupon`) REFERENCES `coupon` (`id`)
) ENGINE=InnoDB DEFAULT CHARSET=utf8;

-- ----------------------------
-- Records of user_coupon
-- ----------------------------

-- ----------------------------
-- Table structure for `user_ext`
-- ----------------------------
DROP TABLE IF EXISTS `user_ext`;
CREATE TABLE `user_ext` (
  `id` varchar(255) NOT NULL,
  `age` varchar(255) DEFAULT NULL,
  `province_id` varchar(255) DEFAULT NULL,
  `province_name` varchar(255) DEFAULT NULL,
  PRIMARY KEY (`id`)
) ENGINE=InnoDB DEFAULT CHARSET=utf8;

-- ----------------------------
-- Records of user_ext
-- ----------------------------

-- ----------------------------
-- Table structure for `user_level_history`
-- ----------------------------
DROP TABLE IF EXISTS `user_level_history`;
CREATE TABLE `user_level_history` (
  `id` varchar(32) NOT NULL,
  `description` text,
  `expiration_time` datetime DEFAULT NULL,
  `grant_time` datetime DEFAULT NULL,
  `validity_period` bigint(20) DEFAULT NULL,
  `level` varchar(32) DEFAULT NULL,
  `user_id` varchar(32) DEFAULT NULL,
  PRIMARY KEY (`id`),
  UNIQUE KEY `id` (`id`) USING BTREE,
  KEY `FKE1FA2165ED4DABFD` (`level`) USING BTREE,
  KEY `FKE1FA21652A334343` (`user_id`) USING BTREE,
  CONSTRAINT `user_level_history_ibfk_1` FOREIGN KEY (`user_id`) REFERENCES `user` (`id`),
  CONSTRAINT `user_level_history_ibfk_2` FOREIGN KEY (`level`) REFERENCES `level_for_user` (`id`)
) ENGINE=InnoDB DEFAULT CHARSET=utf8;

-- ----------------------------
-- Records of user_level_history
-- ----------------------------

-- ----------------------------
-- Table structure for `user_login_log`
-- ----------------------------
DROP TABLE IF EXISTS `user_login_log`;
CREATE TABLE `user_login_log` (
  `id` varchar(32) NOT NULL,
  `is_success` varchar(1) NOT NULL,
  `login_info` varchar(200) DEFAULT NULL,
  `login_ip` varchar(70) DEFAULT NULL,
  `login_time` datetime NOT NULL,
  `username` varchar(100) NOT NULL,
  `user_id` varchar(32) DEFAULT NULL,
  PRIMARY KEY (`id`),
  UNIQUE KEY `id` (`id`) USING BTREE,
  KEY `FKF6F2C9FA2A334343` (`user_id`) USING BTREE,
  CONSTRAINT `user_login_log_ibfk_1` FOREIGN KEY (`user_id`) REFERENCES `user` (`id`)
) ENGINE=InnoDB DEFAULT CHARSET=utf8;

-- ----------------------------
-- Records of user_login_log
-- ----------------------------
INSERT INTO `user_login_log` VALUES ('0002b927cca54e069a3da771ce51ff3d', '1', null, '118.187.56.162', '2015-04-13 18:02:15', 'admin', null);
INSERT INTO `user_login_log` VALUES ('00978465db81413e99f0066e60b93403', '1', null, '118.187.56.162', '2015-04-27 15:39:49', 'zhengcong', null);
INSERT INTO `user_login_log` VALUES ('0098bd8d6c2c4856a627b6f818186639', '1', null, '118.187.56.162', '2015-04-16 11:43:42', 'admin', null);
INSERT INTO `user_login_log` VALUES ('00cfc4476cd244c8b48b3fbe13911375', '1', null, '118.187.56.162', '2015-04-17 10:38:12', 'mleoshi', null);
INSERT INTO `user_login_log` VALUES ('014aa9e8c9bb4154b227b9aa35d7f2d6', '1', null, '124.205.229.26', '2015-04-27 14:34:24', 'admin', null);
INSERT INTO `user_login_log` VALUES ('0209fc36c6674c0eb48c5b2feaa97382', '1', null, '118.187.56.162', '2015-04-17 13:18:09', 'admin', null);
INSERT INTO `user_login_log` VALUES ('024e4b9abb44454597d775ed943da71a', '1', null, '124.200.110.58', '2015-04-27 15:21:11', 'admin', null);
INSERT INTO `user_login_log` VALUES ('027b47c603c240419a1bf105277a7f42', '0', null, '118.187.56.162', '2015-04-16 17:54:14', 'zhengcong', null);
INSERT INTO `user_login_log` VALUES ('02d0b85dcaeb4698adfdc0b58a4fef68', '1', null, '118.187.56.162', '2015-04-22 09:47:55', 'sidneygao', null);
INSERT INTO `user_login_log` VALUES ('03063dd337284fc29f7a3970589f9d42', '1', null, '124.200.110.58', '2015-04-27 18:55:02', 'wangxibao9', null);
INSERT INTO `user_login_log` VALUES ('04050600f2014128bb49a5a2df661a31', '1', null, '124.200.110.58', '2015-04-09 09:35:04', 'admin', null);
INSERT INTO `user_login_log` VALUES ('04787fb284f84472af9c576fb90085b6', '1', null, '118.187.56.162', '2015-04-28 13:31:08', 'waningmoon', null);
INSERT INTO `user_login_log` VALUES ('048fd3f1c91346f49d483e0702521900', '1', null, '124.200.110.58', '2015-04-23 16:37:16', 'wangxibao9', null);
INSERT INTO `user_login_log` VALUES ('04bd2e2756ca4454a3182db90e71da50', '1', null, '118.187.56.162', '2015-04-16 14:16:42', 'admin', null);
INSERT INTO `user_login_log` VALUES ('0537a0e16b2c4be7aec9a2dcb64ddeea', '1', null, '124.200.110.58', '2015-04-10 14:40:46', 'jdsb2', null);
INSERT INTO `user_login_log` VALUES ('057dec73b9284b6891bc79006fb2119a', '1', null, '118.187.56.162', '2015-04-27 15:38:58', 'zhengcong', null);
INSERT INTO `user_login_log` VALUES ('0591005bbf7e41fa96baeb0ca55a3f03', '1', null, '118.187.56.162', '2015-04-16 16:22:49', 'lance', null);
INSERT INTO `user_login_log` VALUES ('05bbba085db44884bdbf5e3306ba467f', '1', null, '124.200.110.58', '2015-04-27 14:37:14', 'admin', null);
INSERT INTO `user_login_log` VALUES ('0611d0d0fc584b29bc3c68e68a7f2339', '1', null, '124.200.110.58', '2015-04-23 21:47:39', 'wangxibao9', null);
INSERT INTO `user_login_log` VALUES ('074dc422b9b147bdab2c9a17e663e1c9', '1', null, '124.200.110.58', '2015-03-19 12:01:44', 'tuotian', null);
INSERT INTO `user_login_log` VALUES ('082918aa374b4279abb0a632709e51c1', '1', null, '117.79.83.55', '2015-03-31 10:38:28', 'admin', null);
INSERT INTO `user_login_log` VALUES ('083ad8203361464baff54efe43e2b8da', '1', null, '124.200.110.58', '2015-03-17 21:11:18', 'admin', null);
INSERT INTO `user_login_log` VALUES ('085dfafd7f5341db9123452b193bb583', '1', null, '124.200.110.58', '2015-03-17 11:29:30', 'tuotian', null);
INSERT INTO `user_login_log` VALUES ('0897ba82e0cb4edaa0c59d859bfd75dc', '1', null, '118.187.56.162', '2015-04-16 13:58:21', 'admin', null);
INSERT INTO `user_login_log` VALUES ('08e448194abf421fbd02e10646e2f8cd', '1', null, '124.200.110.58', '2015-04-21 17:19:37', 'wangxibao9', null);
INSERT INTO `user_login_log` VALUES ('08e542b22d814a33a153cf3725d91345', '1', null, '118.187.56.162', '2015-04-16 13:17:49', 'admin', null);
INSERT INTO `user_login_log` VALUES ('090d999208924d6ea66aedec8176e56b', '1', null, '124.200.110.58', '2015-04-25 15:17:55', 'wangxibao9', null);
INSERT INTO `user_login_log` VALUES ('09380ce823e0491d9dac5a0f9677dd3e', '1', null, '118.187.56.162', '2015-04-20 13:39:42', 'admin', null);
INSERT INTO `user_login_log` VALUES ('097d400dd32c49cf96aa9fb9b2d3e36d', '1', null, '118.187.56.162', '2015-04-17 15:29:34', 'zhengcong', null);
INSERT INTO `user_login_log` VALUES ('0a3010202b9441ae803def3982241213', '1', null, '118.187.56.162', '2015-04-27 16:26:40', 'zhengcong', null);
INSERT INTO `user_login_log` VALUES ('0abbe6ac27884853a4e58075fa3da199', '0', null, '118.187.56.162', '2015-04-20 09:24:52', 'admin', null);
INSERT INTO `user_login_log` VALUES ('0adb45efd21b49a5afeb13385129569b', '1', null, '118.187.56.162', '2015-04-16 15:54:48', 'admin', null);
INSERT INTO `user_login_log` VALUES ('0af77554e52443fd8ce024f6ca45c98c', '1', null, '118.187.56.162', '2015-04-17 10:36:17', 'admin', null);
INSERT INTO `user_login_log` VALUES ('0b07e8303725450c9da85264cbd92261', '1', null, '118.187.56.162', '2015-04-21 11:12:15', 'zhaoshuai', null);
INSERT INTO `user_login_log` VALUES ('0b156cb4c71a4aa18586f47b1a299bf1', '1', null, '124.200.110.58', '2015-04-27 15:39:42', 'sidneygao', null);
INSERT INTO `user_login_log` VALUES ('0b2548307ae34080a5b2a1c275b76a3d', '1', null, '124.200.110.58', '2015-04-21 09:27:45', 'admin', null);
INSERT INTO `user_login_log` VALUES ('0b2898d5980c4e48979e93b7bb9569bc', '1', null, '118.187.56.162', '2015-04-27 15:39:49', 'zhengcong', null);
INSERT INTO `user_login_log` VALUES ('0b6231c46b594059a56a6b319315415b', '1', null, '118.187.56.162', '2015-04-17 10:23:53', 'zhengcong', null);
INSERT INTO `user_login_log` VALUES ('0b7517c8b7e647fba9f9367cb03b3bff', '1', null, '124.200.110.58', '2015-04-16 10:34:38', 'admin', null);
INSERT INTO `user_login_log` VALUES ('0bd78a98cf6f417cae8eacbdf87907ce', '1', null, '124.200.110.58', '2015-04-21 20:54:14', 'wangxibao0', null);
INSERT INTO `user_login_log` VALUES ('0bda00b5248b40408b4afaa7b8667c36', '1', null, '124.200.110.58', '2015-04-08 17:51:02', 'admin', null);
INSERT INTO `user_login_log` VALUES ('0c1067dd1d604141b67c8ff0f3347492', '1', null, '118.187.56.162', '2015-04-27 15:38:58', 'zhengcong', null);
INSERT INTO `user_login_log` VALUES ('0c293e3bb72c4c38b06b48f65055cf33', '1', null, '118.187.56.162', '2015-04-27 09:34:16', 'sidneygao', null);
INSERT INTO `user_login_log` VALUES ('0dc2245fee7b4e909a1cb53fd8159c89', '1', null, '118.187.56.162', '2015-04-28 09:46:44', 'admin', null);
INSERT INTO `user_login_log` VALUES ('0df261230b6542e9887e532b53e4adcb', '1', null, '118.187.56.162', '2015-04-16 14:45:06', 'admin', null);
INSERT INTO `user_login_log` VALUES ('0e6c257fc5d94c68a262999154b51871', '1', null, '118.187.56.162', '2015-04-21 10:58:24', 'admin', null);
INSERT INTO `user_login_log` VALUES ('0f07567e34a74de79f619cb58496c938', '1', null, '218.240.48.50', '2015-04-07 18:18:54', 'admin', null);
INSERT INTO `user_login_log` VALUES ('0f57bf328f92476bbc8e37dc47fae489', '1', null, '118.187.56.162', '2015-04-16 17:34:42', 'zhaoshuai', null);
INSERT INTO `user_login_log` VALUES ('0f77690af8054cf1b943fbe36ac84cb9', '1', null, '218.240.48.50', '2015-04-08 16:22:04', 'xingditu', null);
INSERT INTO `user_login_log` VALUES ('0f83be887df64730a723a5f69e5a2512', '1', null, '218.240.48.50', '2015-04-03 16:41:34', 'xingditu', null);
INSERT INTO `user_login_log` VALUES ('0faca5c9be464e9f958c4cdd2569bfb4', '1', null, '124.200.110.58', '2015-04-23 14:29:07', 'wangxibao9', null);
INSERT INTO `user_login_log` VALUES ('0fc0cf0a751148b184e1e6a4da50709e', '1', null, '218.240.48.50', '2015-04-07 17:05:07', 'seekmm', null);
INSERT INTO `user_login_log` VALUES ('1014aec6d5ad4932b6380a89d4231a00', '1', null, '118.187.56.162', '2015-04-16 15:18:42', 'hfhfh', null);
INSERT INTO `user_login_log` VALUES ('108fe4219da1415894579e50c5c5dfb3', '1', null, '118.187.56.162', '2015-04-27 17:12:38', 'admin', null);
INSERT INTO `user_login_log` VALUES ('109c938459c842cebd87aaefe480b6a2', '1', null, '118.187.56.162', '2015-04-28 10:23:10', 'admin', null);
INSERT INTO `user_login_log` VALUES ('109e0321d785464085d341f878d00acd', '1', null, '124.200.110.58', '2015-04-16 10:34:38', 'admin', null);
INSERT INTO `user_login_log` VALUES ('10c9645b24a1449cb61ff518fd6c80ce', '1', null, '218.240.48.50', '2015-04-07 18:09:22', 'xingditu', null);
INSERT INTO `user_login_log` VALUES ('11134a91ae134e05a3f3dfca4ce98cd7', '1', null, '124.200.110.58', '2015-04-28 11:59:40', 'sidneygao', null);
INSERT INTO `user_login_log` VALUES ('1139080a6144469f92d9a68cf8752698', '1', null, '124.200.110.58', '2015-04-14 14:18:15', 'admin', null);
INSERT INTO `user_login_log` VALUES ('11c162b1272a4296ada42668eac223fa', '1', null, '118.187.56.162', '2015-04-23 15:26:35', 'zhengcong', null);
INSERT INTO `user_login_log` VALUES ('11e116ecd1aa4ffa89669dbedc1145a1', '1', null, '118.187.56.162', '2015-04-16 15:58:05', 'mleoshi', null);
INSERT INTO `user_login_log` VALUES ('11e14ffec0bf42a1b5b9624102eefa44', '1', null, '118.187.56.162', '2015-04-16 18:06:26', 'wll001', null);
INSERT INTO `user_login_log` VALUES ('11eaf0c4cb5545ccaf08f7a6f4d5e52f', '1', null, '218.240.48.50', '2015-04-03 16:39:20', 'admin', null);
INSERT INTO `user_login_log` VALUES ('11fc832e31544b16b5d215ce4ec54f6d', '1', null, '118.187.56.162', '2015-04-17 13:31:17', 'admin', null);
INSERT INTO `user_login_log` VALUES ('121a2e8ef723425b98815cfe843f7f13', '1', null, '118.187.56.162', '2015-04-21 10:25:29', 'zhengcong', null);
INSERT INTO `user_login_log` VALUES ('123b29796aa049b394a18ba47fdbab2e', '1', null, '118.187.56.162', '2015-04-14 09:45:02', 'admin', null);
INSERT INTO `user_login_log` VALUES ('12e52913ced5405ea6909b4a218d90e4', '1', null, '118.187.56.162', '2015-04-27 09:43:40', 'sidneygao', null);
INSERT INTO `user_login_log` VALUES ('1365e507fe5f47a8a5b44855b935674b', '1', null, '118.187.56.162', '2015-04-24 17:49:51', 'mleoshi', null);
INSERT INTO `user_login_log` VALUES ('136ecf35b78548c389b42c004c6c68fa', '1', null, '124.205.229.26', '2015-04-21 16:25:24', 'admin', null);
INSERT INTO `user_login_log` VALUES ('13b2972641334dacae5012b32117062e', '0', null, '124.200.110.58', '2015-04-27 19:11:32', 'admin', null);
INSERT INTO `user_login_log` VALUES ('145a2ce43a884224be1efb88dfa7cad8', '1', null, '118.187.56.162', '2015-04-27 16:53:00', 'admin', null);
INSERT INTO `user_login_log` VALUES ('14e7d9f25ef3425f80c0e73d3ce370f4', '1', null, '124.205.229.26', '2015-04-21 17:02:10', 'mleoshi', null);
INSERT INTO `user_login_log` VALUES ('14ee3e6115184c35831ec9da1ccfe8e4', '1', null, '124.200.110.58', '2015-03-20 10:08:03', 'tuotian', null);
INSERT INTO `user_login_log` VALUES ('14f9a445186a4b949245311f600384d4', '1', null, '117.79.83.55', '2015-03-31 10:47:32', 'admin', null);
INSERT INTO `user_login_log` VALUES ('15133d1aab1d4d37b78da80fa4462db6', '1', null, '118.187.56.162', '2015-04-14 10:08:19', 'admin', null);
INSERT INTO `user_login_log` VALUES ('152898852e294c5ab6096bdbc3f7b85c', '1', null, '118.187.56.162', '2015-04-14 09:44:51', 'admin', null);
INSERT INTO `user_login_log` VALUES ('15540c2db7f649f8bbf0782b4eb5791e', '1', null, '124.200.110.58', '2015-04-21 16:25:54', 'admin', null);
INSERT INTO `user_login_log` VALUES ('156537496204433db258b6efa6c4e1e3', '0', null, '118.187.56.162', '2015-04-27 17:12:24', 'admin', null);
INSERT INTO `user_login_log` VALUES ('1646b37b6b9b4113bf6da74be882aa47', '1', null, '118.187.56.162', '2015-04-16 16:25:12', 'zhaoshuai', null);
INSERT INTO `user_login_log` VALUES ('16578f050be5465787b7ffb605324829', '1', null, '118.187.56.162', '2015-04-20 13:59:05', 'zhengcong', null);
INSERT INTO `user_login_log` VALUES ('169ea40b416c49788a98d7412dfdb51c', '1', null, '124.205.229.26', '2015-04-09 10:16:00', 'seekmm', null);
INSERT INTO `user_login_log` VALUES ('16b4790dfe1d4d69a34ed264a4289a1c', '1', null, '124.200.110.58', '2015-03-20 11:08:18', 'admin', null);
INSERT INTO `user_login_log` VALUES ('177cd5fc6e6448b8833d4fdc5598d9e5', '1', null, '124.200.110.58', '2015-04-21 14:13:06', 'admin', null);
INSERT INTO `user_login_log` VALUES ('184d4278a4c64370899ee6ec4c860d8f', '1', null, '124.200.110.58', '2015-04-10 09:34:21', 'admin', null);
INSERT INTO `user_login_log` VALUES ('18f662d624f34629aa0cfd987193503f', '1', null, '118.187.56.162', '2015-04-16 15:25:40', 'zhaoshuai', null);
INSERT INTO `user_login_log` VALUES ('190ea66a50ee4462b33be1c2ae03e6e7', '1', null, '124.205.229.26', '2015-04-21 16:59:39', 'admin', null);
INSERT INTO `user_login_log` VALUES ('19215df2f50a43f7ac34bf1fdbe2294e', '1', null, '124.200.110.58', '2015-04-09 19:41:56', 'admin', null);
INSERT INTO `user_login_log` VALUES ('1925938a6eaa41c6b95858ec2ded45a9', '1', null, '118.187.56.162', '2015-04-20 17:20:17', 'wll001', null);
INSERT INTO `user_login_log` VALUES ('194bf782948443249c76aa844f7d2fed', '1', null, '118.187.56.162', '2015-04-17 10:38:24', 'admin', null);
INSERT INTO `user_login_log` VALUES ('19c1832b1eb44bcfa887319de170f071', '1', null, '118.187.56.162', '2015-04-16 11:22:18', 'admin', null);
INSERT INTO `user_login_log` VALUES ('1a767c99e2214b46991169d75e6b7f4c', '1', null, '124.200.110.58', '2015-04-25 15:01:57', 'sidneygao', null);
INSERT INTO `user_login_log` VALUES ('1b4a360b3ece4e05ae3d522988d3d967', '1', null, '118.187.56.162', '2015-04-17 10:31:55', 'sidneygao', null);
INSERT INTO `user_login_log` VALUES ('1b50b96849cc48a1867580c5cf2fe5d7', '1', null, '118.187.56.162', '2015-04-17 09:47:54', 'zhengcong', null);
INSERT INTO `user_login_log` VALUES ('1b82ee4bdd014780aaf3f66bb1f3d973', '0', null, '118.187.56.162', '2015-04-17 14:27:48', 'zhengcong', null);
INSERT INTO `user_login_log` VALUES ('1b9cf731cb4347a6a37c3f057e0e1e32', '1', null, '118.187.56.162', '2015-04-16 16:30:00', 'lance', null);
INSERT INTO `user_login_log` VALUES ('1bb9871042cd46c3abd3e7c564565214', '0', null, '118.187.56.162', '2015-04-27 17:12:24', 'admin', null);
INSERT INTO `user_login_log` VALUES ('1be89910cec54338a8e29fb0ebba7d15', '1', null, '118.187.56.162', '2015-04-17 13:31:17', 'admin', null);
INSERT INTO `user_login_log` VALUES ('1c1cd9cd5de04957a665244805d1839c', '1', null, '118.187.56.162', '2015-04-17 10:06:34', 'admin', null);
INSERT INTO `user_login_log` VALUES ('1c6aeccb9c8147c791b8f45faea9e6f0', '1', null, '118.187.56.162', '2015-04-20 17:58:06', 'admin', null);
INSERT INTO `user_login_log` VALUES ('1cf0440733df496493bb102d2a0bcb18', '1', null, '118.187.56.162', '2015-04-27 12:14:25', 'admin', null);
INSERT INTO `user_login_log` VALUES ('1dddf31ec77040a0b5a71060004d4104', '1', null, '124.200.110.58', '2015-04-14 14:18:01', 'jdsb1', null);
INSERT INTO `user_login_log` VALUES ('1dfc4a2d77db461fa986a628de4367a0', '1', null, '124.200.110.58', '2015-03-20 15:12:29', 'admin', null);
INSERT INTO `user_login_log` VALUES ('1e66ffdd5594434988ddfb620c2e507c', '1', null, '118.187.56.162', '2015-04-17 10:45:09', 'zhengcong', null);
INSERT INTO `user_login_log` VALUES ('1ece034989624853b5425ffe60fea56c', '0', null, '118.187.56.162', '2015-04-16 18:20:34', 'zhengcong', null);
INSERT INTO `user_login_log` VALUES ('1ee09ef702ec46fd813b53b1f1d42e03', '1', null, '118.187.56.162', '2015-04-16 15:35:08', 'admin', null);
INSERT INTO `user_login_log` VALUES ('1eee1561727e46e4acfbd2861ca380a9', '1', null, '118.187.56.162', '2015-04-20 10:06:22', 'zhengcong', null);
INSERT INTO `user_login_log` VALUES ('1f38c458e23b457394b47fadb280da0b', '1', null, '118.187.56.162', '2015-04-21 11:18:34', 'zhengcong', null);
INSERT INTO `user_login_log` VALUES ('1f6a508774c04d9a84c1144a557b2f2c', '1', null, '124.200.110.58', '2015-03-19 17:58:36', 'tuotian', null);
INSERT INTO `user_login_log` VALUES ('1f8be72d2e1a46bf93a985f90a4023bb', '1', null, '118.187.56.162', '2015-04-27 09:59:05', 'sidneygao', null);
INSERT INTO `user_login_log` VALUES ('1fc19c2bcf5b4b78960a59775490d6cf', '1', null, '118.187.56.162', '2015-04-17 10:07:48', 'wll001', null);
INSERT INTO `user_login_log` VALUES ('2005b0ff80ec42a3a43a2a7bdd2e5f44', '1', null, '124.200.110.58', '2015-04-27 15:55:50', 'jdsb2', null);
INSERT INTO `user_login_log` VALUES ('2026962ae60c429aa5d08f259db96e3c', '1', null, '218.240.48.50', '2015-04-03 17:32:53', 'xingditu', null);
INSERT INTO `user_login_log` VALUES ('206d3a17082448ceaa1c372e56686804', '1', null, '124.200.110.58', '2015-04-27 10:26:33', 'sidneygao', null);
INSERT INTO `user_login_log` VALUES ('20972d0734394c22bb8b1b1d308db433', '1', null, '118.187.56.162', '2015-04-23 15:48:49', 'mleoshi', null);
INSERT INTO `user_login_log` VALUES ('20f29c37bd034cd18121c1edf4f78c9d', '1', null, '118.187.56.162', '2015-04-23 15:27:32', 'zhengcong', null);
INSERT INTO `user_login_log` VALUES ('21581f01f6cc43d0bfc38d9abb0fd294', '1', null, '218.240.48.50', '2015-04-08 15:04:03', 'admin', null);
INSERT INTO `user_login_log` VALUES ('21a2c466dc894e58b352c849cc08aa5c', '1', null, '118.187.56.162', '2015-04-16 16:21:55', 'zhaoshuai', null);
INSERT INTO `user_login_log` VALUES ('21c1eed5b6184e4fa0684541fa42505a', '1', null, '124.200.110.58', '2015-03-19 17:59:18', 'admin', null);
INSERT INTO `user_login_log` VALUES ('224afc51723c4b98b51000142f5d0d51', '0', null, '124.200.110.58', '2015-04-23 20:29:26', 'wangxibao9', null);
INSERT INTO `user_login_log` VALUES ('22e317b9f5304f6cb401f37ed4c037bc', '1', null, '124.200.110.58', '2015-04-27 19:54:09', 'sidneygao', null);
INSERT INTO `user_login_log` VALUES ('23a40f4a125a4edfa58d725b1cb9385e', '1', null, '124.200.110.58', '2015-04-25 15:10:12', 'wangxibao9', null);
INSERT INTO `user_login_log` VALUES ('2438dabbcff04bc297bb5bbf36c0de5b', '1', null, '218.240.48.50', '2015-04-08 10:44:01', 'admin', null);
INSERT INTO `user_login_log` VALUES ('24a89503bacc47d892221450c1952f8b', '1', null, '124.200.110.58', '2015-04-27 10:34:42', 'sidneygao', null);
INSERT INTO `user_login_log` VALUES ('252cc8a0be384ea7aef0b274d53a0936', '1', null, '118.187.56.162', '2015-04-16 10:34:43', 'admin', null);
INSERT INTO `user_login_log` VALUES ('257ff6a84d3f444aac823ce2d958d479', '1', null, '124.200.110.58', '2015-04-27 17:00:27', 'wangxibao9', null);
INSERT INTO `user_login_log` VALUES ('258e0006b6d34ae78d231382743d9313', '1', null, '124.205.229.26', '2015-04-09 10:22:58', 'wll001', null);
INSERT INTO `user_login_log` VALUES ('25ba17915d1743f9ae575e4d85866fe6', '1', null, '124.200.110.58', '2015-04-15 17:12:21', 'jdsb1', null);
INSERT INTO `user_login_log` VALUES ('25cd27697b1e43baa98d6f10d2e6016c', '1', null, '124.200.110.58', '2015-03-17 21:01:01', 'admin', null);
INSERT INTO `user_login_log` VALUES ('26b18e54612f45f199d5e201ee8ea191', '1', null, '124.200.110.58', '2015-04-09 19:41:36', 'songyf', null);
INSERT INTO `user_login_log` VALUES ('2703ceeab0134c89a060ff025b164044', '1', null, '124.200.110.58', '2015-04-25 15:19:08', 'sidneygao', null);
INSERT INTO `user_login_log` VALUES ('271ab33ee2154cefbd016a1392334d5a', '1', null, '124.200.110.58', '2015-04-21 10:50:06', 'admin', null);
INSERT INTO `user_login_log` VALUES ('272b8b7c172a48aca403e723f3ac9954', '0', null, '118.187.56.162', '2015-04-24 17:58:03', 'admin', null);
INSERT INTO `user_login_log` VALUES ('2774f977cc734ee19fd87a6ed76cc3a2', '1', null, '124.200.110.58', '2015-04-13 14:57:04', 'admin', null);
INSERT INTO `user_login_log` VALUES ('27b44f01be744f28a11c647cc916f418', '1', null, '124.200.110.58', '2015-04-08 17:02:45', 'admin', null);
INSERT INTO `user_login_log` VALUES ('28295153de5e4415b9789e2bce12dcd7', '1', null, '124.205.229.26', '2015-04-27 14:57:28', 'admin', null);
INSERT INTO `user_login_log` VALUES ('2835b1ea334f47499e1505cdee09be86', '1', null, '124.200.110.58', '2015-04-27 14:33:09', 'wangxibao9', null);
INSERT INTO `user_login_log` VALUES ('2860f30891d84d3d8aebdb5208bcfbfc', '1', null, '218.240.48.50', '2015-04-03 14:40:22', 'xingditu', null);
INSERT INTO `user_login_log` VALUES ('28dfe20a1bb1476f83b60c77e9f6e5de', '1', null, '218.240.48.50', '2015-04-07 18:18:54', 'admin', null);
INSERT INTO `user_login_log` VALUES ('28e410dd30434432a79e0bd14649cfed', '1', null, '124.200.110.58', '2015-04-27 18:44:03', 'admin', null);
INSERT INTO `user_login_log` VALUES ('290281e214f849ccb0837fdc1b310d64', '1', null, '118.187.56.162', '2015-04-16 15:42:55', 'admin', null);
INSERT INTO `user_login_log` VALUES ('293b2a05b50d4bdb92f3e1783dd6de78', '1', null, '124.200.110.58', '2015-04-27 15:29:10', 'songyf', null);
INSERT INTO `user_login_log` VALUES ('29559575b4ec44f4bd7742c6fdbce6a9', '1', null, '124.200.110.58', '2015-04-09 17:30:32', 'admin', null);
INSERT INTO `user_login_log` VALUES ('29c1c49816f045768d23802f6bb90c8e', '1', null, '118.187.56.162', '2015-04-16 10:27:56', 'admin', null);
INSERT INTO `user_login_log` VALUES ('29c709d7ef9f416695801531e910ff98', '1', null, '124.200.110.58', '2015-04-27 14:47:25', 'admin', null);
INSERT INTO `user_login_log` VALUES ('2a49f91d88874c76b19a53b3c778bdfd', '1', null, '124.200.110.58', '2015-04-16 17:32:32', 'admin', null);
INSERT INTO `user_login_log` VALUES ('2a4a5a1594204a32b513a53b86bbd18b', '1', null, '124.200.110.58', '2015-04-27 18:40:02', 'wangxibao9', null);
INSERT INTO `user_login_log` VALUES ('2a8e2b7e27e54a5ab85a689273cf4064', '1', null, '124.200.110.58', '2015-04-10 10:58:02', 'jdsb2', null);
INSERT INTO `user_login_log` VALUES ('2ace9802ee364bedb30f711be7bbe1dd', '1', null, '124.200.110.58', '2015-04-27 15:31:16', 'songyf', null);
INSERT INTO `user_login_log` VALUES ('2b6687ade6124b62a5c5edbeeb875863', '1', null, '118.187.56.162', '2015-04-16 15:28:03', 'hfhfh', null);
INSERT INTO `user_login_log` VALUES ('2b672a7c70a1443b9de2c459a6445f73', '1', null, '114.246.177.19', '2015-04-25 14:22:47', 'admin', null);
INSERT INTO `user_login_log` VALUES ('2b8eb0894ffa41c6a102579256eb4c48', '1', null, '124.200.110.58', '2015-04-15 14:31:47', 'admin', null);
INSERT INTO `user_login_log` VALUES ('2c2fef418ad84c3a91e056294186e2d5', '1', null, '124.200.110.58', '2015-04-21 16:51:39', 'admin', null);
INSERT INTO `user_login_log` VALUES ('2c80fe9e0e6446b3b7e9e42ae93c32e8', '1', null, '124.200.110.58', '2015-04-16 12:14:56', 'admin', null);
INSERT INTO `user_login_log` VALUES ('2cd6070a7f98484caac4bd506216fafa', '1', null, '124.200.110.58', '2015-04-21 15:47:28', 'admin', null);
INSERT INTO `user_login_log` VALUES ('2da9c37e4f084873bab4ce9866ba39ae', '1', null, '118.187.56.162', '2015-04-22 14:24:20', 'admin', null);
INSERT INTO `user_login_log` VALUES ('2dc27785892c4f70998932de0b473b78', '1', null, '218.240.48.50', '2015-04-10 09:28:20', 'admin', null);
INSERT INTO `user_login_log` VALUES ('2e3e71b63ded425fad6b2d6a73991f62', '1', null, '118.187.56.162', '2015-04-20 11:12:54', 'zhengcong', null);
INSERT INTO `user_login_log` VALUES ('2e4688bc13184152b54ba667670325b5', '1', null, '118.187.56.162', '2015-04-22 14:36:23', 'admin', null);
INSERT INTO `user_login_log` VALUES ('2ebf26644ec54ebbae13ffda12d2420e', '1', null, '118.187.56.162', '2015-04-16 17:52:45', 'admin', null);
INSERT INTO `user_login_log` VALUES ('2f22b174637043f5813f80b9c946adc7', '1', null, '124.200.110.58', '2015-04-09 09:32:04', 'wangxibao9', null);
INSERT INTO `user_login_log` VALUES ('2f381266e934460397215430e2639bed', '1', null, '118.187.56.162', '2015-04-27 15:05:48', 'zhengcong', null);
INSERT INTO `user_login_log` VALUES ('2f99dc1e16cd4f9db301ab1351181e71', '1', null, '118.187.56.162', '2015-04-17 14:23:41', 'sidneygao', null);
INSERT INTO `user_login_log` VALUES ('301e5e8eb4c94cb5bb4012fad38b6611', '1', null, '118.187.56.162', '2015-04-28 09:46:26', 'admin', null);
INSERT INTO `user_login_log` VALUES ('3089ab9b53924b56b0bc9d3e70fea92b', '0', null, '124.200.110.58', '2015-04-27 14:33:02', 'wangxibao9', null);
INSERT INTO `user_login_log` VALUES ('309425f31f5348049005ab7cffe6639e', '1', null, '114.250.99.122', '2015-04-15 08:45:53', 'seekmm', null);
INSERT INTO `user_login_log` VALUES ('309776c5425540ad8fc487f831bc7897', '1', null, '118.187.56.162', '2015-04-17 11:10:08', 'admin', null);
INSERT INTO `user_login_log` VALUES ('30a7c4408c4f49e283367fe455b92081', '0', null, '118.187.56.162', '2015-04-16 15:18:34', 'hfhfh', null);
INSERT INTO `user_login_log` VALUES ('30c054dd65e546fb9c7ad494a20607e9', '1', null, '118.187.56.162', '2015-04-21 10:42:31', 'admin', null);
INSERT INTO `user_login_log` VALUES ('31d513115dc949c3a95e35c383806162', '1', null, '124.200.110.58', '2015-04-27 19:11:43', 'admin', null);
INSERT INTO `user_login_log` VALUES ('31f420d3d4d4456393864cd8ebcc92f9', '1', null, '124.200.110.58', '2015-04-21 19:53:09', 'admin', null);
INSERT INTO `user_login_log` VALUES ('31fb7579e6a94c9d98cea19d3e4d9423', '1', null, '124.205.229.26', '2015-04-14 15:19:57', 'admin', null);
INSERT INTO `user_login_log` VALUES ('321e4b6644624fb995cb85e373dd741b', '1', null, '118.187.56.162', '2015-04-21 11:12:02', 'zhaoshuai', null);
INSERT INTO `user_login_log` VALUES ('322d9c298fe740e2b61c468852c68576', '1', null, '118.187.56.162', '2015-04-27 11:18:14', 'zhengcong', null);
INSERT INTO `user_login_log` VALUES ('3335a9549ea04f28a78cb944a599f683', '1', null, '124.205.229.26', '2015-04-21 14:17:06', 'mleoshi', null);
INSERT INTO `user_login_log` VALUES ('333792cdda3b4e63b32265f1c54bfe61', '1', null, '118.187.56.162', '2015-04-20 09:25:51', 'wll001', null);
INSERT INTO `user_login_log` VALUES ('33494501ca98443c8724567df08315e5', '0', null, '118.187.56.162', '2015-04-17 10:57:43', 'admin', null);
INSERT INTO `user_login_log` VALUES ('3368d8813df84884945dc991aea2f951', '1', null, '118.187.56.162', '2015-04-16 15:34:54', 'hfhfh', null);
INSERT INTO `user_login_log` VALUES ('33c1b1383b174291bed30d5efd4dc129', '1', null, '192.210.58.190', '2015-04-16 13:50:11', 'admin', null);
INSERT INTO `user_login_log` VALUES ('33d60f751968485e98b3e78ce4f0d3fc', '1', null, '124.200.110.58', '2015-04-21 19:56:04', 'wll001', null);
INSERT INTO `user_login_log` VALUES ('343466a8b6e34d4bb3dc5657abfc5e3b', '1', null, '124.200.110.58', '2015-04-27 15:19:05', 'wangxibao9', null);
INSERT INTO `user_login_log` VALUES ('3472dbb1112549b086da64d92a36ce82', '1', null, '124.200.110.58', '2015-04-27 14:56:29', 'wangxibao9', null);
INSERT INTO `user_login_log` VALUES ('34e10a3dce7b458fa314015126cfcf81', '1', null, '118.187.56.162', '2015-04-28 09:25:38', 'zhengcong', null);
INSERT INTO `user_login_log` VALUES ('351a74ab94f5468faa6f075e8153887c', '1', null, '124.200.110.58', '2015-04-09 17:50:31', 'jdsb1', null);
INSERT INTO `user_login_log` VALUES ('3586d23184914a0180de16667127aec7', '1', null, '218.240.48.50', '2015-04-07 10:39:00', 'admin', null);
INSERT INTO `user_login_log` VALUES ('35ceafeeffb741c2b306f78041f8dec1', '1', null, '124.200.110.58', '2015-04-24 10:53:04', 'wangxibao9', null);
INSERT INTO `user_login_log` VALUES ('35d1ce9f0fc24667a0c3910562bff037', '1', null, '124.205.229.26', '2015-04-21 16:29:54', 'admin', null);
INSERT INTO `user_login_log` VALUES ('360da4d1984449958f0d85cd8919d8ed', '1', null, '124.200.110.58', '2015-04-09 15:52:18', 'admin', null);
INSERT INTO `user_login_log` VALUES ('3611aada37b34e4ababeed21ef3dec41', '1', null, '124.200.110.58', '2015-04-03 14:30:30', 'admin', null);
INSERT INTO `user_login_log` VALUES ('363de260b1244ba4af3b0a9ea7b7581f', '1', null, '118.187.56.162', '2015-04-17 13:03:12', 'zhengcong', null);
INSERT INTO `user_login_log` VALUES ('36569e5993f84fe986036e3f103e0a1b', '1', null, '118.187.56.162', '2015-04-24 15:16:45', 'sidneygao', null);
INSERT INTO `user_login_log` VALUES ('365776dd3d7d4dbf924b6abf4ab42db9', '1', null, '124.200.110.58', '2015-04-15 14:31:35', 'admin', null);
INSERT INTO `user_login_log` VALUES ('36965b32994f4f8cb9973b5f9f8d7ef2', '1', null, '124.200.110.58', '2015-04-23 21:07:59', 'wangxibao9', null);
INSERT INTO `user_login_log` VALUES ('36d9bac71d7a46d1ad40d8b56b3d0112', '1', null, '118.187.56.162', '2015-04-27 12:21:41', 'admin', null);
INSERT INTO `user_login_log` VALUES ('36e484b0637747fc8cad8dadcfa35d54', '1', null, '218.240.48.50', '2015-04-08 10:44:01', 'admin', null);
INSERT INTO `user_login_log` VALUES ('371fda0264d64b8da8b9be0539bc5b8a', '1', null, '118.187.56.162', '2015-04-16 16:43:44', 'admin', null);
INSERT INTO `user_login_log` VALUES ('38429a37fd554d7ca3a686fd27bceca2', '1', null, '124.200.110.58', '2015-04-08 17:34:29', 'jdsb2', null);
INSERT INTO `user_login_log` VALUES ('38bf4d5cb1674ff4bfc268ff67fe4dd2', '1', null, '118.187.56.162', '2015-04-22 09:47:57', 'sidneygao', null);
INSERT INTO `user_login_log` VALUES ('394b5178a8fe4144b945258ebeb1117e', '1', null, '118.187.56.162', '2015-04-16 15:27:34', 'admin', null);
INSERT INTO `user_login_log` VALUES ('395bb039ab9344fa98f36ddbb24d8b93', '1', null, '124.200.110.58', '2015-04-25 01:06:17', 'admin', null);
INSERT INTO `user_login_log` VALUES ('399af7cdd1614f4f8a403a061c3387af', '0', null, '124.200.110.58', '2015-04-23 21:49:21', 'wangxibao9', null);
INSERT INTO `user_login_log` VALUES ('3a1e269207384b589304df91e000c3be', '1', null, '124.200.110.58', '2015-04-27 15:53:31', 'admin', null);
INSERT INTO `user_login_log` VALUES ('3a49797255fc43ee8cd965f43ce03177', '0', null, '124.200.110.58', '2015-04-25 18:21:48', 'wangxibao9', null);
INSERT INTO `user_login_log` VALUES ('3a9d2f7feba241498b132390dc72b08b', '1', null, '124.200.110.58', '2015-04-08 17:05:52', 'jdsb1', null);
INSERT INTO `user_login_log` VALUES ('3acd67c3e3df41af9f9ff77c20d20397', '1', null, '118.187.56.162', '2015-04-16 17:52:45', 'admin', null);
INSERT INTO `user_login_log` VALUES ('3b11f96866244025b0b854a2d8559158', '1', null, '124.200.110.58', '2015-03-21 15:34:17', 'admin', null);
INSERT INTO `user_login_log` VALUES ('3b76eeb65f504d9f8cab4adb4cbe3b7c', '1', null, '118.187.56.162', '2015-04-28 11:28:29', 'waningmoon', null);
INSERT INTO `user_login_log` VALUES ('3b9182b1940d4485b787f12aeeebd9d3', '0', null, '118.187.56.162', '2015-04-16 16:21:13', 'admin', null);
INSERT INTO `user_login_log` VALUES ('3bcf37efff324da7aa67f1853005f195', '1', null, '124.200.110.58', '2015-03-17 11:25:08', 'tuotian', null);
INSERT INTO `user_login_log` VALUES ('3bd2f2d4910a42539f043d074580baad', '0', null, '118.187.56.162', '2015-04-16 16:21:26', 'admin', null);
INSERT INTO `user_login_log` VALUES ('3bdb9455ef6f4463b5b84576e18f887e', '1', null, '124.200.110.58', '2015-04-08 17:34:39', 'admin', null);
INSERT INTO `user_login_log` VALUES ('3c2a412f6b72463a9d75a673b6ba2650', '1', null, '124.200.110.58', '2015-03-19 16:06:58', 'tuotian', null);
INSERT INTO `user_login_log` VALUES ('3ca821b96bd84e23a7e256c999f3722b', '1', null, '118.187.56.162', '2015-04-24 09:32:37', 'sidneygao', null);
INSERT INTO `user_login_log` VALUES ('3cdb08f8ee824f9c8ccadb149066eec3', '0', null, '192.210.58.190', '2015-04-28 09:25:25', 'zhengcong', null);
INSERT INTO `user_login_log` VALUES ('3d4fc56995d7409487c8ccc5d2599dc0', '1', null, '118.187.56.162', '2015-04-16 10:29:02', 'admin', null);
INSERT INTO `user_login_log` VALUES ('3d7dd65d5be74d1d9bf7bed0ab70e536', '1', null, '124.200.110.58', '2015-04-13 17:01:05', 'jdsb1', null);
INSERT INTO `user_login_log` VALUES ('3d9e5bdf263c42df8b997c16b7ac72b8', '1', null, '118.187.56.162', '2015-04-16 16:43:06', 'admin', null);
INSERT INTO `user_login_log` VALUES ('3de785b7de8e490fb9e143cc0662eb97', '1', null, '118.187.56.162', '2015-04-17 10:36:48', 'seekmm', null);
INSERT INTO `user_login_log` VALUES ('3dfbed680f9c48e3b1503555074b7b74', '1', null, '118.187.56.162', '2015-04-21 10:20:23', 'admin', null);
INSERT INTO `user_login_log` VALUES ('3e463ec9dced4c0288850fc689018b88', '1', null, '124.205.229.26', '2015-04-21 15:39:03', 'zhengcong', null);
INSERT INTO `user_login_log` VALUES ('3e6e7db5a6a34653b48fbcab87c3d233', '1', null, '118.187.56.162', '2015-04-17 16:30:40', 'wll001', null);
INSERT INTO `user_login_log` VALUES ('3e94feb0a98f4119983e2579f584b051', '1', null, '118.187.56.162', '2015-04-16 10:27:56', 'admin', null);
INSERT INTO `user_login_log` VALUES ('3eae16c0819c4ba98fce578120ef8441', '1', null, '118.187.56.162', '2015-04-20 10:02:27', 'admin', null);
INSERT INTO `user_login_log` VALUES ('3eaea776604d4fdaa9a17d12c33d7579', '1', null, '118.187.56.162', '2015-04-16 16:21:55', 'zhaoshuai', null);
INSERT INTO `user_login_log` VALUES ('3ed1198d71ab4c1aa8d591b1c5e4f199', '1', null, '124.200.110.58', '2015-04-21 14:59:28', 'admin', null);
INSERT INTO `user_login_log` VALUES ('3ed201431f4047478b177c3ca94eecd6', '1', null, '124.205.229.26', '2015-04-21 17:12:51', 'admin', null);
INSERT INTO `user_login_log` VALUES ('3f9c9b6ba73b4b1c90d6aa95aca66523', '1', null, '118.187.56.162', '2015-04-24 09:34:23', 'sidneygao', null);
INSERT INTO `user_login_log` VALUES ('3fc2f286b82744528c2ec97ebfc8087c', '1', null, '118.187.56.162', '2015-04-16 14:14:46', 'admin', null);
INSERT INTO `user_login_log` VALUES ('408a2e80340e4ff38637526e7d1121e0', '1', null, '124.200.110.58', '2015-04-08 14:46:22', 'wangxibao9', null);
INSERT INTO `user_login_log` VALUES ('41487b775e2e497a8527aaab6a1380db', '1', null, '124.200.110.58', '2015-03-19 17:59:18', 'admin', null);
INSERT INTO `user_login_log` VALUES ('41c0340ee5ba447ab98873220d9b41bd', '1', null, '124.200.110.58', '2015-04-21 14:33:40', 'admin', null);
INSERT INTO `user_login_log` VALUES ('41c917145cc345748ff23d8d7968c721', '1', null, '124.200.110.58', '2015-04-09 16:51:31', 'admin', null);
INSERT INTO `user_login_log` VALUES ('41ca16767b6842cdaff0e12dd3083639', '1', null, '118.187.56.162', '2015-04-16 14:43:38', 'admin', null);
INSERT INTO `user_login_log` VALUES ('4214a3b61a2342c0a740389ee1c0f28e', '1', null, '124.200.110.58', '2015-04-03 14:29:48', 'admin', null);
INSERT INTO `user_login_log` VALUES ('4268b6afbb7746bc92654054593aecfe', '1', null, '218.240.48.50', '2015-04-03 18:31:26', 'xingditu', null);
INSERT INTO `user_login_log` VALUES ('42bf3f98978b44279d8685d36d81d6ee', '1', null, '118.187.56.162', '2015-04-23 09:55:10', 'admin', null);
INSERT INTO `user_login_log` VALUES ('42ef187a3f72428590531d5115d22ab6', '1', null, '118.187.56.162', '2015-04-22 11:57:57', 'admin', null);
INSERT INTO `user_login_log` VALUES ('445cf315762c446d975b0f82f2808e53', '1', null, '124.200.110.58', '2015-03-17 21:13:43', 'admin', null);
INSERT INTO `user_login_log` VALUES ('447d500342fd44f3b9874931f3c44ae7', '1', null, '118.187.56.162', '2015-04-16 14:14:34', 'admin', null);
INSERT INTO `user_login_log` VALUES ('44b2159ffb11497b8113df44d467d991', '1', null, '124.200.110.58', '2015-04-10 14:20:05', 'jdsb1', null);
INSERT INTO `user_login_log` VALUES ('44f63e7f992046cdb1c6856ea534931d', '1', null, '124.200.110.58', '2015-04-21 14:34:03', 'admin', null);
INSERT INTO `user_login_log` VALUES ('4548922ba0a54980a85ec9e804c57856', '1', null, '124.200.110.58', '2015-04-03 13:59:46', 'admin', null);
INSERT INTO `user_login_log` VALUES ('455fb3a378b24c9e80702d14fb1221ba', '1', null, '124.200.110.58', '2015-04-25 12:56:43', 'sidneygao', null);
INSERT INTO `user_login_log` VALUES ('458aa0e967594f2eb46059f5e5cfbb30', '1', null, '218.240.48.50', '2015-04-10 09:28:20', 'admin', null);
INSERT INTO `user_login_log` VALUES ('4594db121cfc4aaaa67295e4d9c78b1c', '1', null, '124.200.110.58', '2015-04-10 09:32:05', 'admin', null);
INSERT INTO `user_login_log` VALUES ('45a2d7bc7dc747be8535038575136c3d', '1', null, '118.187.56.162', '2015-04-17 14:18:34', 'admin', null);
INSERT INTO `user_login_log` VALUES ('4631b99fc5fb439bbc7e39e8d2c31e0d', '1', null, '218.240.48.50', '2015-04-08 19:29:27', 'admin', null);
INSERT INTO `user_login_log` VALUES ('46c1dffb810843bb828a89a8ca2dfade', '1', null, '118.187.56.162', '2015-04-17 11:04:57', 'admin', null);
INSERT INTO `user_login_log` VALUES ('4708c433aa43456ab16c3a572ea101cc', '1', null, '118.187.56.162', '2015-04-16 16:10:27', 'lance', null);
INSERT INTO `user_login_log` VALUES ('47383b2495d9411fa00fb996c69f8748', '1', null, '118.187.56.162', '2015-04-16 14:45:06', 'admin', null);
INSERT INTO `user_login_log` VALUES ('476f2d9deaf5497799510f75a20c1b47', '1', null, '124.200.110.58', '2015-04-13 09:32:46', 'admin', null);
INSERT INTO `user_login_log` VALUES ('47fe76d504264638ae7ddcd6dcf32976', '1', null, '118.187.56.162', '2015-04-27 12:21:41', 'admin', null);
INSERT INTO `user_login_log` VALUES ('48cb5c008f8c4808b7d4ac77744426f9', '1', null, '118.187.56.162', '2015-04-16 10:36:51', 'seekmm', null);
INSERT INTO `user_login_log` VALUES ('48db203b619943bf91590931a8b29a0a', '1', null, '124.200.110.58', '2015-04-09 20:02:02', 'admin', null);
INSERT INTO `user_login_log` VALUES ('491f706518384251bceb0bce05fd828f', '1', null, '118.187.56.162', '2015-04-17 13:18:00', 'admin', null);
INSERT INTO `user_login_log` VALUES ('4929b94aca564365af5b200ef9a199b1', '1', null, '124.205.229.26', '2015-04-21 14:23:24', 'admin', null);
INSERT INTO `user_login_log` VALUES ('493cf05db81f40bb90a6756c6060f671', '0', null, '124.205.229.26', '2015-04-21 15:40:40', 'sidneygao', null);
INSERT INTO `user_login_log` VALUES ('4956ae8804014555bbc3dfd105f4d25b', '1', null, '118.187.56.162', '2015-04-16 14:50:01', 'lance', null);
INSERT INTO `user_login_log` VALUES ('498a374037774f4e972d9c6eb1b0bc64', '1', null, '124.200.110.58', '2015-04-27 17:28:22', 'wangxibao9', null);
INSERT INTO `user_login_log` VALUES ('49c818308623447fbcab9c505df2d6e6', '1', null, '218.240.48.50', '2015-04-08 19:27:59', 'xingditu', null);
INSERT INTO `user_login_log` VALUES ('49cab8bb32c947b7b318b48d9ec2c403', '1', null, '118.187.56.162', '2015-04-16 16:35:01', 'zhengcong', null);
INSERT INTO `user_login_log` VALUES ('49f079ca220441ae8e8345efdbdb7663', '1', null, '118.187.56.162', '2015-04-16 14:05:21', 'sidneygao', null);
INSERT INTO `user_login_log` VALUES ('4a9d458db40742eab645f88c6a7ed849', '1', null, '124.200.110.58', '2015-04-16 17:32:32', 'admin', null);
INSERT INTO `user_login_log` VALUES ('4aaa863e990f4e13b786af6a4aae6c28', '1', null, '124.200.110.58', '2015-04-08 17:34:20', 'admin', null);
INSERT INTO `user_login_log` VALUES ('4ac2264d5fa243bf96b101e873e18597', '1', null, '118.187.56.162', '2015-04-28 11:09:45', 'zhengcong', null);
INSERT INTO `user_login_log` VALUES ('4b013156624241d0bd11d81367363f8c', '1', null, '118.187.56.162', '2015-04-23 15:18:08', 'admin', null);
INSERT INTO `user_login_log` VALUES ('4b674b5b4252449fa83965774ff7b6ee', '1', null, '118.187.56.162', '2015-04-16 14:16:42', 'admin', null);
INSERT INTO `user_login_log` VALUES ('4c5335eb8c424c1c833c48e3df3578fe', '1', null, '124.200.110.58', '2015-03-20 10:32:14', 'admin', null);
INSERT INTO `user_login_log` VALUES ('4c7daad4180146c7b63ed6b30c669671', '1', null, '218.240.48.50', '2015-04-07 18:17:20', 'xingditu', null);
INSERT INTO `user_login_log` VALUES ('4ca7e10d9d424b9999e2da1e60b4c7e9', '1', null, '118.187.56.162', '2015-04-14 09:45:01', 'admin', null);
INSERT INTO `user_login_log` VALUES ('4da3e96514974c979b21eedc361f1990', '1', null, '124.205.229.26', '2015-04-21 17:12:51', 'admin', null);
INSERT INTO `user_login_log` VALUES ('4daacc3ea2b142bda07f905d69ae8c96', '1', null, '124.200.110.58', '2015-04-25 15:03:37', 'wangxibao9', null);
INSERT INTO `user_login_log` VALUES ('4e3769f1599d4d32b78a8c24c15f029f', '1', null, '218.240.48.50', '2015-04-08 10:43:37', 'xingditu', null);
INSERT INTO `user_login_log` VALUES ('4f329708b7d14e609db2b130773cba5e', '1', null, '218.240.48.50', '2015-04-10 17:14:43', 'seekmm', null);
INSERT INTO `user_login_log` VALUES ('4f706f3ab85847c68d392c7683c50e2e', '1', null, '124.205.229.26', '2015-04-21 17:12:50', 'admin', null);
INSERT INTO `user_login_log` VALUES ('4f9903d69a854bcebc3dca9818732e40', '1', null, '124.200.110.58', '2015-04-15 15:00:50', 'admin', null);
INSERT INTO `user_login_log` VALUES ('4fbb750a9fe649f39fb3346a8229ea59', '1', null, '118.187.56.162', '2015-04-22 09:48:52', 'admin', null);
INSERT INTO `user_login_log` VALUES ('50047870e51149b785547a312af052e4', '1', null, '124.200.110.58', '2015-04-08 20:38:12', 'admin', null);
INSERT INTO `user_login_log` VALUES ('5038caa4c3074c5695f59e969a0df93b', '1', null, '118.187.56.162', '2015-04-27 16:53:00', 'admin', null);
INSERT INTO `user_login_log` VALUES ('50513f6d51d34768a46c469c32333790', '1', null, '124.200.110.58', '2015-04-08 18:07:45', 'admin', null);
INSERT INTO `user_login_log` VALUES ('50ac355632754dda8b703022dff18e9c', '1', null, '118.187.56.162', '2015-04-20 13:58:46', 'wll001', null);
INSERT INTO `user_login_log` VALUES ('50e9ec580bfb4eb6a56615a87bfbe356', '1', null, '118.187.56.162', '2015-04-16 11:25:12', 'wll001', null);
INSERT INTO `user_login_log` VALUES ('5164ca2fbcdf4799964a8584a1fb8090', '1', null, '124.200.110.58', '2015-04-22 20:30:34', 'wangxibao9', null);
INSERT INTO `user_login_log` VALUES ('51740192c077434d9d9f669761091b33', '1', null, '118.187.56.162', '2015-04-21 11:12:49', 'admin', null);
INSERT INTO `user_login_log` VALUES ('518b762354714336be0ff1c2ce3a0e2b', '1', null, '124.200.110.58', '2015-04-25 15:10:12', 'wangxibao9', null);
INSERT INTO `user_login_log` VALUES ('51b6cc6e10af41fba7b3165463f65980', '1', null, '118.187.56.162', '2015-04-16 11:26:54', 'admin', null);
INSERT INTO `user_login_log` VALUES ('51dd2c2f0e1e4bcd9be76ee1664c6b33', '1', null, '118.187.56.162', '2015-04-16 14:57:45', 'lance', null);
INSERT INTO `user_login_log` VALUES ('51e8b522455f495d82702068640d0ea2', '0', null, '124.200.110.58', '2015-04-25 15:18:41', 'wangxibao9', null);
INSERT INTO `user_login_log` VALUES ('521a7c8307f44c75ab7b33decf4b23b0', '1', null, '118.187.56.162', '2015-04-17 13:59:09', 'wll001', null);
INSERT INTO `user_login_log` VALUES ('5258575d535143c8baa2143987d9d579', '1', null, '218.240.48.50', '2015-04-08 19:29:27', 'admin', null);
INSERT INTO `user_login_log` VALUES ('5266c24238764826887f77ad515971d1', '1', null, '124.200.110.58', '2015-04-24 16:01:56', 'wangxibao9', null);
INSERT INTO `user_login_log` VALUES ('529a55cac81742499a43af3073b17253', '1', null, '118.187.56.162', '2015-04-20 09:25:16', 'admin', null);
INSERT INTO `user_login_log` VALUES ('52dbba6081b24ec08973adf26f785be7', '1', null, '118.187.56.162', '2015-04-17 13:48:17', 'zhengcong', null);
INSERT INTO `user_login_log` VALUES ('5319cc93a51d439db1774183e7f6053d', '1', null, '124.200.110.58', '2015-03-20 10:32:13', 'admin', null);
INSERT INTO `user_login_log` VALUES ('541edd58c6544732a237f2aa7ae6f7c3', '1', null, '124.200.110.58', '2015-04-23 16:30:05', 'admin', null);
INSERT INTO `user_login_log` VALUES ('542a8967eb3e4214b06c69178a35888f', '1', null, '118.187.56.162', '2015-04-17 13:46:03', 'admin', null);
INSERT INTO `user_login_log` VALUES ('5447c56614ea474ebb4d1f13ec387541', '1', null, '124.200.110.58', '2015-04-24 10:53:04', 'wangxibao9', null);
INSERT INTO `user_login_log` VALUES ('54d0cbff025c474593e2dc179019cf76', '1', null, '124.200.110.58', '2015-04-21 14:33:48', 'admin', null);
INSERT INTO `user_login_log` VALUES ('54fae9b1c5a648f1834c1fdc8330dfdf', '1', null, '118.187.56.162', '2015-04-27 12:16:18', 'sidneygao', null);
INSERT INTO `user_login_log` VALUES ('54fbf65ca87544a59b4abefe52fb00c9', '1', null, '124.200.110.58', '2015-04-08 17:35:56', 'admin', null);
INSERT INTO `user_login_log` VALUES ('5511bcc7f1f44266b24d28deccc1e472', '1', null, '118.187.56.162', '2015-04-20 10:02:27', 'admin', null);
INSERT INTO `user_login_log` VALUES ('554168ca11de4ad3a10dda231375f05a', '1', null, '118.187.56.162', '2015-04-17 14:00:31', 'mleoshi', null);
INSERT INTO `user_login_log` VALUES ('558dd6a3cef744ccae00f597b8404f1e', '1', null, '118.187.56.162', '2015-04-16 17:52:12', 'admin', null);
INSERT INTO `user_login_log` VALUES ('559135ba2fb843cd9538f3fddf3a4bf5', '1', null, '218.240.48.50', '2015-04-10 17:15:53', 'admin', null);
INSERT INTO `user_login_log` VALUES ('55d12b1d7b7348c09618bd7cace8a388', '1', null, '124.200.110.58', '2015-04-25 18:22:16', 'admin', null);
INSERT INTO `user_login_log` VALUES ('55d22b1dc5834a04a3314d1cd06aca7d', '1', null, '124.200.110.58', '2015-04-08 17:04:19', 'tuotian', null);
INSERT INTO `user_login_log` VALUES ('55d2c64130f2427eaab1faadd50c6ea8', '1', null, '124.200.110.58', '2015-04-27 15:30:28', 'songyf', null);
INSERT INTO `user_login_log` VALUES ('5643813784324362b5c91dbcd29c54dd', '1', null, '114.246.177.19', '2015-04-25 14:20:25', 'mleoshi', null);
INSERT INTO `user_login_log` VALUES ('564c8d76fa0c42b7a87bb8f67571cffa', '0', null, '118.187.56.162', '2015-04-17 10:06:06', 'admin', null);
INSERT INTO `user_login_log` VALUES ('5750051fb0b44fcdb1a44d302d126acc', '1', null, '124.200.110.58', '2015-04-13 16:46:07', 'wangxibao9', null);
INSERT INTO `user_login_log` VALUES ('57d18d3f51964ffb9ccfd5e30d36f33b', '1', null, '118.187.56.162', '2015-04-16 15:11:00', 'mleoshi', null);
INSERT INTO `user_login_log` VALUES ('57ffebc1836344ff8421c32a9907f2ff', '1', null, '118.187.56.162', '2015-04-27 09:40:24', 'wll001', null);
INSERT INTO `user_login_log` VALUES ('5811e97768af441d9f0e1f9ad76a2aca', '1', null, '124.200.110.58', '2015-03-18 16:00:40', 'tuotian', null);
INSERT INTO `user_login_log` VALUES ('58780cdf8bc442f5bff533d584c0ae0e', '1', null, '124.200.110.58', '2015-04-10 09:15:26', 'admin', null);
INSERT INTO `user_login_log` VALUES ('58b752c6e45f46d28d969a3b43430765', '1', null, '218.240.48.50', '2015-04-08 10:17:24', 'admin', null);
INSERT INTO `user_login_log` VALUES ('58df2a0d0aa941c68fa61f1cb3a8ec3a', '1', null, '124.205.229.26', '2015-04-27 14:34:48', 'mleoshi', null);
INSERT INTO `user_login_log` VALUES ('599d4ec0db7f44539f98e56f87bcd40b', '1', null, '118.187.56.162', '2015-04-16 15:42:55', 'admin', null);
INSERT INTO `user_login_log` VALUES ('59de31485b3e44e59fb6b12cfd7221f8', '1', null, '118.187.56.162', '2015-04-16 14:49:50', 'admin', null);
INSERT INTO `user_login_log` VALUES ('5a343b2917594e259efed544b3ce0393', '1', null, '118.187.56.162', '2015-04-17 13:46:03', 'admin', null);
INSERT INTO `user_login_log` VALUES ('5a3fcef4fc074b4483d5df9e50be3526', '1', null, '118.187.56.162', '2015-04-16 14:50:35', 'lance', null);
INSERT INTO `user_login_log` VALUES ('5b389eb4137647a486d5536b412f6de0', '1', null, '124.200.110.58', '2015-04-21 15:00:08', 'wangxibao9', null);
INSERT INTO `user_login_log` VALUES ('5b3d01246d3a413691de0f3ce8952837', '1', null, '218.240.48.50', '2015-04-08 20:47:43', 'xingditu', null);
INSERT INTO `user_login_log` VALUES ('5ba00a99f8eb4c9b857bcd3f91fd9683', '1', null, '124.205.229.26', '2015-04-21 16:25:24', 'admin', null);
INSERT INTO `user_login_log` VALUES ('5c2d3414d7a7414f963db1adc80d4dc1', '1', null, '124.200.110.58', '2015-04-28 11:56:19', 'admin', null);
INSERT INTO `user_login_log` VALUES ('5d15b3275a44437eadd2ac310df94325', '1', null, '124.200.110.58', '2015-04-27 15:46:04', 'wangxibao9', null);
INSERT INTO `user_login_log` VALUES ('5d33406839ee49b99a7928ae1189c5c3', '1', null, '124.200.110.58', '2015-04-20 16:18:43', 'admin', null);
INSERT INTO `user_login_log` VALUES ('5d46badda288428cafafa6814600f581', '1', null, '124.200.110.58', '2015-04-27 09:29:36', 'wangxibao9', null);
INSERT INTO `user_login_log` VALUES ('5d7df04719cb4d51932c5aeaf0510bd5', '1', null, '124.200.110.58', '2015-04-09 09:35:04', 'admin', null);
INSERT INTO `user_login_log` VALUES ('5e5b60d74ba143a6869d54968f70807a', '1', null, '124.200.110.58', '2015-04-21 20:45:40', 'wll001', null);
INSERT INTO `user_login_log` VALUES ('5e68eae8ef3a4accad6a9f8834109e94', '1', null, '124.200.110.58', '2015-04-09 09:44:37', 'admin', null);
INSERT INTO `user_login_log` VALUES ('5e93d8a8cf3548fda0fea6a2c69a81bd', '1', null, '118.187.56.162', '2015-04-24 17:58:11', 'admin', null);
INSERT INTO `user_login_log` VALUES ('5f9708b047f345ffb8980b1034a3e64a', '1', null, '118.187.56.162', '2015-04-21 10:55:22', 'wll001', null);
INSERT INTO `user_login_log` VALUES ('601dd77e78094d588187f8b92f90b987', '1', null, '124.200.110.58', '2015-04-23 21:06:54', 'wangxibao9', null);
INSERT INTO `user_login_log` VALUES ('60548b8622b74701bf6904d39f0bb235', '1', null, '118.187.56.162', '2015-04-16 16:14:58', 'admin', null);
INSERT INTO `user_login_log` VALUES ('6061833e92a54491b7fd857b16be84a3', '1', null, '124.200.110.58', '2015-04-24 11:19:19', 'songyunfeng', null);
INSERT INTO `user_login_log` VALUES ('60f33dcdfade4b98a6588752f18dd9e1', '1', null, '118.187.56.162', '2015-04-17 13:30:06', 'sidneygao', null);
INSERT INTO `user_login_log` VALUES ('6147f31abceb4c079afc1e8144032669', '1', null, '124.200.110.58', '2015-04-09 19:45:19', 'admin', null);
INSERT INTO `user_login_log` VALUES ('621a7ef39e234d0ba2dc1686ecdd2a45', '1', null, '118.187.56.162', '2015-04-24 17:48:03', 'sidneygao', null);
INSERT INTO `user_login_log` VALUES ('621f74aa6e274a7293c7679e3d12666c', '1', null, '118.187.56.162', '2015-04-16 11:30:58', 'sidneygao', null);
INSERT INTO `user_login_log` VALUES ('628b75b7af904395ac8115892f059fc1', '1', null, '124.200.110.58', '2015-04-21 14:09:53', 'admin', null);
INSERT INTO `user_login_log` VALUES ('62bf4902436c43c9aeef88542e690f75', '1', null, '124.200.110.58', '2015-04-08 18:25:34', 'admin', null);
INSERT INTO `user_login_log` VALUES ('62d229aaed194482b3fe3f57d9f1e773', '1', null, '124.200.110.58', '2015-04-16 10:32:20', 'admin', null);
INSERT INTO `user_login_log` VALUES ('62fec3ceb06f448fa4a40b78042b1a85', '1', null, '124.200.110.58', '2015-04-09 14:06:35', 'admin', null);
INSERT INTO `user_login_log` VALUES ('63773db22f71471b9114b2947b18b913', '1', null, '124.200.110.58', '2015-04-27 19:08:51', 'sidneygao', null);
INSERT INTO `user_login_log` VALUES ('63a463422983476a9f7ef4ede0dd5f66', '1', null, '124.205.229.26', '2015-04-27 18:48:01', 'admin', null);
INSERT INTO `user_login_log` VALUES ('63c2fa848d82428d8300235a62ebbc28', '1', null, '118.187.56.162', '2015-04-16 15:27:34', 'admin', null);
INSERT INTO `user_login_log` VALUES ('63cf54cde6c44be0b8aee4f1a8e118a9', '1', null, '118.187.56.162', '2015-04-16 10:39:47', 'wll001', null);
INSERT INTO `user_login_log` VALUES ('6421d771b9bb4eed80c8546721feb98f', '1', null, '118.187.56.162', '2015-04-24 17:58:11', 'admin', null);
INSERT INTO `user_login_log` VALUES ('643b6ccf374841acb49d229c485f0a4f', '1', null, '118.187.56.162', '2015-04-27 11:32:50', 'admin', null);
INSERT INTO `user_login_log` VALUES ('64a0b1545544424a8debb0943b5d5daf', '1', null, '218.240.48.50', '2015-04-02 15:11:43', 'seekmm', null);
INSERT INTO `user_login_log` VALUES ('64b4efe7daa54ed99a2ca34f68590d53', '0', null, '124.200.110.58', '2015-04-24 12:00:29', 'wangxibao9', null);
INSERT INTO `user_login_log` VALUES ('64e16f2e9774421aa471963aeb53abea', '1', null, '118.187.56.162', '2015-04-16 14:36:28', 'admin', null);
INSERT INTO `user_login_log` VALUES ('65db9cf597ac47ff8b432163b9153c3a', '1', null, '124.200.110.58', '2015-04-25 12:01:04', 'sidneygao', null);
INSERT INTO `user_login_log` VALUES ('66959cf75bbc4543bc92e3804e01f9fb', '1', null, '118.187.56.162', '2015-04-27 09:42:43', 'wll001', null);
INSERT INTO `user_login_log` VALUES ('66d7cd80853c49a2af12e1a1c6e50d2e', '1', null, '218.240.48.50', '2015-04-03 17:18:56', 'xingditu', null);
INSERT INTO `user_login_log` VALUES ('66ddc3368a044b3cb6a46a1aec5e6446', '1', null, '118.187.56.162', '2015-04-16 17:55:03', 'zhengcong', null);
INSERT INTO `user_login_log` VALUES ('66edf9898cba4b55aedd5a2b8440194a', '1', null, '124.200.110.58', '2015-04-23 20:12:31', 'admin', null);
INSERT INTO `user_login_log` VALUES ('66f5e0c1fc07450cb6bc206303aba971', '1', null, '124.200.110.58', '2015-04-13 14:23:13', 'jdsb1', null);
INSERT INTO `user_login_log` VALUES ('6729070fc56f4863b39f0cf2c610ee70', '1', null, '118.187.56.162', '2015-04-16 17:43:08', 'admin', null);
INSERT INTO `user_login_log` VALUES ('675790bbb89c4573b4b1331986962f36', '1', null, '124.200.110.58', '2015-04-27 09:42:08', 'wangxibao9', null);
INSERT INTO `user_login_log` VALUES ('6780066e8aed4f518270bc8ecaea17ae', '1', null, '118.187.56.162', '2015-04-16 16:45:11', 'admin', null);
INSERT INTO `user_login_log` VALUES ('678fe573ccf7454888163d2466792c57', '1', null, '124.200.110.58', '2015-04-27 15:34:17', 'songyf', null);
INSERT INTO `user_login_log` VALUES ('67a42c440e804590a8843849a3e2d15a', '1', null, '118.187.56.162', '2015-04-27 11:43:18', 'zhengcong', null);
INSERT INTO `user_login_log` VALUES ('67f21a9e33d24e85a5075e60d3187def', '1', null, '124.200.110.58', '2015-04-23 21:10:01', 'wangxibao9', null);
INSERT INTO `user_login_log` VALUES ('6802b840433648b9845318453aaf91da', '1', null, '124.200.110.58', '2015-04-09 17:13:28', 'jdsb1', null);
INSERT INTO `user_login_log` VALUES ('697badd44a8e4080a320eb827c32ac6b', '1', null, '124.200.110.58', '2015-04-21 14:33:41', 'admin', null);
INSERT INTO `user_login_log` VALUES ('697e561bc0fb49c3aa6a48588d316420', '1', null, '118.187.56.162', '2015-04-17 10:01:35', 'sidneygao', null);
INSERT INTO `user_login_log` VALUES ('698e98461f4e4301a863afa84368d19b', '1', null, '124.205.229.26', '2015-04-27 14:34:24', 'admin', null);
INSERT INTO `user_login_log` VALUES ('69cdea7f7e9f4cc9a7e12197b9e4aa68', '1', null, '118.187.56.162', '2015-04-17 14:18:34', 'admin', null);
INSERT INTO `user_login_log` VALUES ('6a5b2872d92840118ceb4cc1d1a42f2e', '1', null, '118.187.56.162', '2015-04-20 09:59:55', 'seekmm', null);
INSERT INTO `user_login_log` VALUES ('6a62a5820a2d4c59823fcdffb2ede035', '1', null, '124.200.110.58', '2015-04-08 17:14:03', 'admin', null);
INSERT INTO `user_login_log` VALUES ('6ad32cfc2d0c45f4aa92f976ba37f61f', '1', null, '124.200.110.58', '2015-04-15 16:20:50', 'admin', null);
INSERT INTO `user_login_log` VALUES ('6b249c27937848ab8f2abfbec9c76968', '1', null, '124.200.110.58', '2015-04-27 19:11:43', 'admin', null);
INSERT INTO `user_login_log` VALUES ('6b68573860fd4792a748181f876e577b', '1', null, '124.200.110.58', '2015-04-09 14:06:35', 'admin', null);
INSERT INTO `user_login_log` VALUES ('6c3a81f41ad64067a34148cb4788c29e', '1', null, '118.187.56.162', '2015-04-17 13:30:06', 'sidneygao', null);
INSERT INTO `user_login_log` VALUES ('6cf3c5d48a79451dba9ddf23ede65718', '1', null, '118.187.56.162', '2015-04-16 16:43:44', 'admin', null);
INSERT INTO `user_login_log` VALUES ('6d08992a67b54cff93ff623cc417fb31', '1', null, '118.187.56.162', '2015-04-16 14:50:18', 'lance', null);
INSERT INTO `user_login_log` VALUES ('6d1901feac78438b8780b3b4d8bcee39', '1', null, '118.187.56.162', '2015-04-20 10:03:01', 'admin', null);
INSERT INTO `user_login_log` VALUES ('6dfb96730a1e447eac9a244323482901', '1', null, '118.187.56.162', '2015-04-24 17:52:42', 'admin', null);
INSERT INTO `user_login_log` VALUES ('6e60b544ed354d71913ba992bea4e6ae', '1', null, '124.200.110.58', '2015-04-01 16:11:16', 'admin', null);
INSERT INTO `user_login_log` VALUES ('6e8040a8aae049ac8483ee6f21895099', '1', null, '118.187.56.162', '2015-04-27 15:40:54', 'admin', null);
INSERT INTO `user_login_log` VALUES ('6f39167157e34b378fdf1cc6fdac0d70', '1', null, '124.200.110.58', '2015-04-09 17:59:27', 'admin', null);
INSERT INTO `user_login_log` VALUES ('6fa01cea9b4e42538bc2613fa5febcb6', '1', null, '124.200.110.58', '2015-04-20 20:46:14', 'wangxibao9', null);
INSERT INTO `user_login_log` VALUES ('701828b32c1d4879a2d539f77dd86ed3', '1', null, '118.187.56.162', '2015-04-21 10:15:51', 'admin', null);
INSERT INTO `user_login_log` VALUES ('702b9db508a84be594c9e1b3b25d76ec', '1', null, '118.187.56.162', '2015-04-16 11:12:24', 'admin', null);
INSERT INTO `user_login_log` VALUES ('70555f8b2e2144249dd336b5f9920800', '1', null, '124.205.229.26', '2015-04-21 15:47:48', 'mleoshi', null);
INSERT INTO `user_login_log` VALUES ('710bfa7a00054fb3934601290a295193', '1', null, '218.240.48.50', '2015-04-08 15:04:03', 'admin', null);
INSERT INTO `user_login_log` VALUES ('716a51c185fd460b9b9cc24d0b886e27', '1', null, '118.187.56.162', '2015-04-16 17:53:47', 'zhengcong', null);
INSERT INTO `user_login_log` VALUES ('7179c942a00f452385a722213d2926a8', '1', null, '118.187.56.162', '2015-04-16 10:58:21', 'admin', null);
INSERT INTO `user_login_log` VALUES ('71b4a0aa7ba84f5eaee67339e2ce178b', '1', null, '118.187.56.162', '2015-04-14 10:16:31', 'admin', null);
INSERT INTO `user_login_log` VALUES ('7211f148ee9a47358013511a4030b193', '1', null, '118.187.56.162', '2015-04-16 14:14:34', 'admin', null);
INSERT INTO `user_login_log` VALUES ('72b136e0a70947fbb18b16a4d4a24edd', '0', null, '124.200.110.58', '2015-04-23 21:47:34', 'wangxibao9', null);
INSERT INTO `user_login_log` VALUES ('7350651a3b384213a3a946ce1e6a59e4', '1', null, '124.205.229.26', '2015-04-09 11:38:36', 'admin', null);
INSERT INTO `user_login_log` VALUES ('737cb644ca084182a7fd7834ecacfbce', '1', null, '124.200.110.58', '2015-04-15 17:32:27', 'jdsb3', null);
INSERT INTO `user_login_log` VALUES ('73a96529469642c9ae1b082b28620b1c', '1', null, '124.200.110.58', '2015-04-23 22:12:09', 'wangxibao9', null);
INSERT INTO `user_login_log` VALUES ('73d7830dab0b45f6a6a0e84b59040e56', '1', null, '118.187.56.162', '2015-04-16 18:20:42', 'zhengcong', null);
INSERT INTO `user_login_log` VALUES ('73ec347d5c9d4e628345a29e7478b079', '1', null, '124.205.229.26', '2015-04-09 11:38:28', 'admin', null);
INSERT INTO `user_login_log` VALUES ('74156908ba4746e484a94fcc560b8b6e', '1', null, '118.187.56.162', '2015-04-22 14:27:28', 'admin', null);
INSERT INTO `user_login_log` VALUES ('745b8b3d948f4aedbf9018ed0a73faef', '1', null, '218.240.48.50', '2015-04-01 18:24:50', 'admin', null);
INSERT INTO `user_login_log` VALUES ('74b16fda97134202b55cd1a6cd569c2b', '1', null, '124.200.110.58', '2015-04-24 11:17:52', 'admin', null);
INSERT INTO `user_login_log` VALUES ('74cf64d830ca4864ab5a7272c118920c', '1', null, '218.240.48.50', '2015-04-10 11:09:42', 'admin', null);
INSERT INTO `user_login_log` VALUES ('7500688bb4874037a5b6db1f82ff0a88', '1', null, '124.205.229.26', '2015-04-21 14:09:05', 'admin', null);
INSERT INTO `user_login_log` VALUES ('75404809371c43d0ad9806a2af2813fd', '1', null, '124.200.110.58', '2015-04-13 11:30:58', 'jdsb2', null);
INSERT INTO `user_login_log` VALUES ('7550d9a0a1364b7d81573a7136f27516', '1', null, '124.200.110.58', '2015-04-24 17:02:53', 'mleoshi', null);
INSERT INTO `user_login_log` VALUES ('757f777509914ab2bfce1bbac86056fd', '1', null, '118.187.56.162', '2015-04-24 10:12:42', 'admin', null);
INSERT INTO `user_login_log` VALUES ('75831fe13a5241c884c73cc72eca9330', '1', null, '118.187.56.162', '2015-04-22 14:24:20', 'admin', null);
INSERT INTO `user_login_log` VALUES ('7645575d8181436999f31eae997ea37f', '1', null, '124.200.110.58', '2015-04-15 14:45:14', 'admin', null);
INSERT INTO `user_login_log` VALUES ('7662a8b10ecd4e878349c57276c92a77', '1', null, '118.187.56.162', '2015-04-20 09:50:02', 'admin', null);
INSERT INTO `user_login_log` VALUES ('76813a169c9b4785961b347facade9d1', '1', null, '118.187.56.162', '2015-04-14 13:31:12', 'admin', null);
INSERT INTO `user_login_log` VALUES ('7693cbdd00ab4578ae30245f8bcc64d0', '1', null, '218.240.48.50', '2015-04-02 17:46:50', 'admin', null);
INSERT INTO `user_login_log` VALUES ('76e8875f7372445192a6ae5f117bd9de', '1', null, '118.187.56.162', '2015-04-27 15:40:54', 'admin', null);
INSERT INTO `user_login_log` VALUES ('76f786434e034e0795a634038e1e90a8', '1', null, '124.200.110.58', '2015-04-24 10:45:14', 'wll001', null);
INSERT INTO `user_login_log` VALUES ('76fb96505f4044fb88d06be1aa2671f2', '1', null, '118.187.56.162', '2015-04-21 10:42:31', 'admin', null);
INSERT INTO `user_login_log` VALUES ('775c0e0e5aa54d5f9f8f2b01f4424500', '0', null, '124.200.110.58', '2015-04-08 17:04:13', 'tuotian', null);
INSERT INTO `user_login_log` VALUES ('7780b02705b2428f87b60d41a93e266e', '1', null, '118.187.56.162', '2015-04-16 11:43:42', 'admin', null);
INSERT INTO `user_login_log` VALUES ('77913ba558684dcb8e9979290b011162', '0', null, '124.200.110.58', '2015-04-27 15:32:32', 'wangxibao9', null);
INSERT INTO `user_login_log` VALUES ('779d447cce0547419903e7d63e282c7b', '1', null, '124.200.110.58', '2015-04-14 14:18:15', 'admin', null);
INSERT INTO `user_login_log` VALUES ('77adb401bb1943799c825dd545ebe93d', '1', null, '118.187.56.162', '2015-04-22 14:44:01', 'mleoshi', null);
INSERT INTO `user_login_log` VALUES ('7807a7fed8914cfebf819c226b45e7fb', '1', null, '118.187.56.162', '2015-04-16 16:44:17', 'zhengcong', null);
INSERT INTO `user_login_log` VALUES ('780d43c86b834d0d9c0f2e814771f67d', '1', null, '124.200.110.58', '2015-04-08 15:49:37', 'wangxibao9', null);
INSERT INTO `user_login_log` VALUES ('7871daf9e7064c6393e1c79a052c914e', '1', null, '124.205.229.26', '2015-04-09 10:32:22', 'admin', null);
INSERT INTO `user_login_log` VALUES ('788363bf47464a88b4810dc2c669b511', '1', null, '118.187.56.162', '2015-04-22 11:57:39', 'admin', null);
INSERT INTO `user_login_log` VALUES ('78a224bd724b4f708a392e1ce0842698', '1', null, '118.187.56.162', '2015-04-16 11:22:18', 'admin', null);
INSERT INTO `user_login_log` VALUES ('78e918d920f142d98f34b0bdf31457c5', '1', null, '118.187.56.162', '2015-04-27 12:14:25', 'admin', null);
INSERT INTO `user_login_log` VALUES ('790ea7ba7e3740e28f3d89fc333ec0b9', '0', null, '124.200.110.58', '2015-04-27 15:28:40', 'mleoshi', null);
INSERT INTO `user_login_log` VALUES ('79d02677a11d41c8b0cf914ba2dcf5e2', '0', null, '124.200.110.58', '2015-04-23 16:52:34', 'wangxibao9', null);
INSERT INTO `user_login_log` VALUES ('79e2aae27be8418a953200e34464702c', '1', null, '118.187.56.162', '2015-04-16 17:55:36', 'zhengcong', null);
INSERT INTO `user_login_log` VALUES ('7a1ef79e905e4c7ca87abd474113c771', '1', null, '118.187.56.162', '2015-04-23 17:56:31', 'admin', null);
INSERT INTO `user_login_log` VALUES ('7a46f925d1bb4bdc944875fb9de060ef', '1', null, '118.187.56.162', '2015-04-22 11:58:13', 'admin', null);
INSERT INTO `user_login_log` VALUES ('7b48b1d87575434e91f914b4bdd205c3', '1', null, '118.187.56.162', '2015-04-24 09:34:51', 'sidneygao', null);
INSERT INTO `user_login_log` VALUES ('7b4bd0f71e8245079220a4a572cbed76', '1', null, '118.187.56.162', '2015-04-16 11:42:18', 'admin', null);
INSERT INTO `user_login_log` VALUES ('7b7787bfe84e4c4eb68da772fcb92d59', '1', null, '118.187.56.162', '2015-04-17 14:43:06', 'admin', null);
INSERT INTO `user_login_log` VALUES ('7bd268acbfa8481b8254cea5e5f2e2ce', '1', null, '118.187.56.162', '2015-04-16 16:46:06', 'zhengcong', null);
INSERT INTO `user_login_log` VALUES ('7bed59f8e61341bfb60f811fb98e0e98', '1', null, '118.187.56.162', '2015-04-17 10:57:55', 'admin', null);
INSERT INTO `user_login_log` VALUES ('7c141ea8bbcc4178804b9cb387299f44', '1', null, '118.187.56.162', '2015-04-27 10:07:20', 'zhengcong', null);
INSERT INTO `user_login_log` VALUES ('7c29876ce3e6447e9c573eb71010a7e6', '1', null, '118.187.56.162', '2015-04-24 18:04:24', 'admin', null);
INSERT INTO `user_login_log` VALUES ('7c61e03ddbd5420488711e0ae8c1aeeb', '0', null, '124.200.110.58', '2015-04-27 15:32:23', 'wangxibao9', null);
INSERT INTO `user_login_log` VALUES ('7cb0fe825c8b47488263b9e5c20665f0', '1', null, '124.205.229.26', '2015-04-21 15:26:18', 'wll001', null);
INSERT INTO `user_login_log` VALUES ('7d8f1fbce2194394a26a00b52fb0e42a', '1', null, '124.205.229.26', '2015-04-21 16:15:22', 'admin', null);
INSERT INTO `user_login_log` VALUES ('7d9a23308f9941118d687a0fd64ef458', '0', null, '218.240.48.50', '2015-04-08 10:16:19', 'admin', null);
INSERT INTO `user_login_log` VALUES ('7dcb55190b0f4a9f83ff2f511317b7a8', '1', null, '124.200.110.58', '2015-04-21 14:33:39', 'admin', null);
INSERT INTO `user_login_log` VALUES ('7e3da9b4de674d0393cedbd083f58e81', '1', null, '118.187.56.162', '2015-04-16 15:32:31', 'admin', null);
INSERT INTO `user_login_log` VALUES ('7e5f2db6bbde4418acc7726ddba56ef8', '1', null, '192.210.58.190', '2015-04-16 13:50:11', 'admin', null);
INSERT INTO `user_login_log` VALUES ('7e7ff06311bf422cb0c38922a1020e91', '0', null, '124.200.110.58', '2015-04-23 20:29:33', 'wangxibao9', null);
INSERT INTO `user_login_log` VALUES ('7f1e355224234e5a9222bcd3b7a6119f', '1', null, '124.200.110.58', '2015-04-24 11:20:11', 'admin', null);
INSERT INTO `user_login_log` VALUES ('7f31dca838f843839cb50f2557e4dc2f', '1', null, '124.205.229.26', '2015-04-21 14:22:51', 'admin', null);
INSERT INTO `user_login_log` VALUES ('7f4ad9286ba9414bb116edc7203e4d3b', '1', null, '124.200.110.58', '2015-04-09 09:28:23', 'admin', null);
INSERT INTO `user_login_log` VALUES ('7f4dc6b2ce1d4bd4b300da60ac685050', '1', null, '124.200.110.58', '2015-04-10 09:53:52', 'jdsb1', null);
INSERT INTO `user_login_log` VALUES ('7f5bc795dcbc47939eb233b9917a5c37', '1', null, '118.187.56.162', '2015-04-22 14:36:23', 'admin', null);
INSERT INTO `user_login_log` VALUES ('7f6319397b364e849c517009ac778530', '1', null, '124.200.110.58', '2015-04-16 12:14:56', 'admin', null);
INSERT INTO `user_login_log` VALUES ('7f9326dbe82e4dc69b101fda2a9cd0c9', '1', null, '124.200.110.58', '2015-04-15 16:20:32', 'jdsb1', null);
INSERT INTO `user_login_log` VALUES ('7fa03d7df5b04439b4563423e5b8d83c', '1', null, '118.187.56.162', '2015-04-17 14:28:05', 'zhengcong', null);
INSERT INTO `user_login_log` VALUES ('7fc2f66caec94b28a281e8b32b587365', '1', null, '124.200.110.58', '2015-04-21 09:38:53', 'admin', null);
INSERT INTO `user_login_log` VALUES ('80101ec7bc2f46a188008996d10a7ee3', '1', null, '124.205.229.26', '2015-04-21 16:30:36', 'admin', null);
INSERT INTO `user_login_log` VALUES ('801e465d83a247b8be77996a22ca1cd1', '1', null, '118.187.56.162', '2015-04-16 13:17:49', 'admin', null);
INSERT INTO `user_login_log` VALUES ('8051e5fa871f4398a96f8013c69859fb', '1', null, '124.200.110.58', '2015-03-17 11:25:50', 'admin', null);
INSERT INTO `user_login_log` VALUES ('807fadc6a7094f018ba12beb68b8b757', '1', null, '118.187.56.162', '2015-04-17 10:55:58', 'zhengcong', null);
INSERT INTO `user_login_log` VALUES ('8088b9ef0e31436a8f6b6cb0d442ab66', '1', null, '117.79.83.55', '2015-03-31 10:53:38', 'admin', null);
INSERT INTO `user_login_log` VALUES ('80ae42dea1da49ac82c111f5b8980aca', '1', null, '124.200.110.58', '2015-04-27 15:53:44', 'jdsb1', null);
INSERT INTO `user_login_log` VALUES ('8157cd09b7024b68b137973f8430865c', '1', null, '124.200.110.58', '2015-04-27 15:05:22', 'sidneygao', null);
INSERT INTO `user_login_log` VALUES ('81aa6b65de08407597e714d0e9b18c0b', '1', null, '118.187.56.162', '2015-04-14 10:08:19', 'admin', null);
INSERT INTO `user_login_log` VALUES ('81c1e5c50b624a80aae3bb81ab134742', '1', null, '124.200.110.58', '2015-04-07 10:00:30', 'songyf', null);
INSERT INTO `user_login_log` VALUES ('81c9780e0f2b46beb2a996315ce138bb', '1', null, '118.187.56.162', '2015-04-17 10:36:17', 'admin', null);
INSERT INTO `user_login_log` VALUES ('81eaaf6521f1423d8a42a9d3b54e0a3b', '1', null, '124.200.110.58', '2015-04-21 20:19:13', 'wangxibao9', null);
INSERT INTO `user_login_log` VALUES ('81f958c7235b48bebdff6f312716ebdb', '1', null, '124.200.110.58', '2015-04-24 11:55:12', 'wangxi', null);
INSERT INTO `user_login_log` VALUES ('822b044820824302b210c9145b46c331', '1', null, '118.187.56.162', '2015-04-16 14:32:11', 'admin', null);
INSERT INTO `user_login_log` VALUES ('825c772a61d24f24955a178620c4779f', '1', null, '118.187.56.162', '2015-04-17 13:18:00', 'admin', null);
INSERT INTO `user_login_log` VALUES ('825f8e90fca54c569c59b24036d9818b', '1', null, '118.187.56.162', '2015-04-16 17:52:05', 'zhengcong', null);
INSERT INTO `user_login_log` VALUES ('82654c61261c42cfbd2462f70ee0ded3', '1', null, '218.240.48.50', '2015-04-07 12:28:05', 'xingditu', null);
INSERT INTO `user_login_log` VALUES ('82d2588493364e40a6084dc81dc6f240', '1', null, '124.200.110.58', '2015-04-15 14:31:39', 'admin', null);
INSERT INTO `user_login_log` VALUES ('82f7c678aabd4eefbb1a82b64b5b5c50', '1', null, '124.200.110.58', '2015-04-21 14:33:42', 'admin', null);
INSERT INTO `user_login_log` VALUES ('832a4b42c44e4ad49df77bf90e3e036d', '1', null, '124.200.110.58', '2015-03-19 16:07:42', 'admin', null);
INSERT INTO `user_login_log` VALUES ('8345321fb8b64b548e64475cc71f2d5c', '1', null, '124.200.110.58', '2015-04-21 21:34:07', 'wll001', null);
INSERT INTO `user_login_log` VALUES ('834b81221f2f408db2b2e40691892edc', '1', null, '124.200.110.58', '2015-04-09 16:34:24', 'jdsb1', null);
INSERT INTO `user_login_log` VALUES ('835483a27ea34e2d9f6d72a82dd5928e', '1', null, '124.200.110.58', '2015-04-21 16:15:09', 'admin', null);
INSERT INTO `user_login_log` VALUES ('8376cc34e414489cb05751beefa27781', '1', null, '117.79.83.55', '2015-03-31 10:47:32', 'admin', null);
INSERT INTO `user_login_log` VALUES ('83918ea9fa2f46e9b5fcd2a3bdc1f030', '1', null, '118.187.56.162', '2015-04-27 10:00:54', 'admin', null);
INSERT INTO `user_login_log` VALUES ('83a5772728934a43b0f89926fc5f4cee', '1', null, '124.200.110.58', '2015-04-23 21:06:45', 'wangxibao9', null);
INSERT INTO `user_login_log` VALUES ('83cf0f4ef4d6419786e9cf5545b95bf0', '0', null, '118.187.56.162', '2015-04-16 16:21:13', 'admin', null);
INSERT INTO `user_login_log` VALUES ('8474a9af4b2e4f9dbda62f8d5c0e9487', '1', null, '124.200.110.58', '2015-04-20 16:53:30', 'jdsb1', null);
INSERT INTO `user_login_log` VALUES ('847f4942e5854f9d8fc1d76235543808', '1', null, '118.187.56.162', '2015-04-20 13:39:42', 'admin', null);
INSERT INTO `user_login_log` VALUES ('8503e5190b6d4976b024a940e7b31663', '1', null, '124.205.229.26', '2015-04-21 16:30:36', 'admin', null);
INSERT INTO `user_login_log` VALUES ('8658ed8109aa42dd8580b5f92494c3f8', '1', null, '118.187.56.162', '2015-04-16 16:43:06', 'admin', null);
INSERT INTO `user_login_log` VALUES ('86ed475a8497434587db91b15662732f', '1', null, '124.200.110.58', '2015-04-25 15:03:37', 'wangxibao9', null);
INSERT INTO `user_login_log` VALUES ('872446493e664cb9a14abfde30f7b61d', '1', null, '118.187.56.162', '2015-04-28 09:55:20', 'zhengcong', null);
INSERT INTO `user_login_log` VALUES ('8762b8e82c85406f9a82be8a93558812', '1', null, '118.187.56.162', '2015-04-16 16:30:15', 'admin', null);
INSERT INTO `user_login_log` VALUES ('88a18be148394faa8df0182955c4b10d', '1', null, '118.187.56.162', '2015-04-21 10:20:23', 'admin', null);
INSERT INTO `user_login_log` VALUES ('890f7442433c498087cd588af339eb40', '1', null, '124.200.110.58', '2015-03-19 11:32:25', 'tuotian', null);
INSERT INTO `user_login_log` VALUES ('8958061843a6472c9120417117f2dcee', '0', null, '218.240.48.50', '2015-04-08 10:16:19', 'admin', null);
INSERT INTO `user_login_log` VALUES ('896180c1d65a42f4a793f5c826e8fab2', '1', null, '218.240.48.50', '2015-04-03 14:45:05', 'xingditu', null);
INSERT INTO `user_login_log` VALUES ('89836b19268c432a81f620d585417003', '1', null, '118.187.56.162', '2015-04-16 11:14:15', 'admin', null);
INSERT INTO `user_login_log` VALUES ('89b61baad23d4baaa82e0769a5fc0b39', '1', null, '124.200.110.58', '2015-04-27 19:10:33', 'admin', null);
INSERT INTO `user_login_log` VALUES ('89cff3811960432e885b091042eb134c', '1', null, '124.200.110.58', '2015-04-07 09:59:42', 'admin', null);
INSERT INTO `user_login_log` VALUES ('89e73d190f0c4da2893936249e4802ad', '1', null, '118.187.56.162', '2015-04-21 10:15:51', 'admin', null);
INSERT INTO `user_login_log` VALUES ('89e91129d1624d51b0a458919efd2ecc', '1', null, '124.200.110.58', '2015-04-27 19:07:57', 'sidneygao', null);
INSERT INTO `user_login_log` VALUES ('89f8ceca927b428b9cc233f75b056b4e', '1', null, '124.200.110.58', '2015-04-09 17:12:16', 'admin', null);
INSERT INTO `user_login_log` VALUES ('8a69bada975d427987c4150ab2ef5d4c', '1', null, '118.187.56.162', '2015-04-24 15:28:42', 'wll001', null);
INSERT INTO `user_login_log` VALUES ('8aa96b4e319b4c669e37a01a8bd1a0f6', '1', null, '124.200.110.58', '2015-04-16 10:52:16', 'admin', null);
INSERT INTO `user_login_log` VALUES ('8b37a3f5a9724306817d8b28bfd955d1', '1', null, '118.187.56.162', '2015-04-24 15:53:55', 'admin', null);
INSERT INTO `user_login_log` VALUES ('8b5e1391661b426285f06756892c9796', '1', null, '124.200.110.58', '2015-04-25 15:00:59', 'admin', null);
INSERT INTO `user_login_log` VALUES ('8b94b497a459413b801e91b8a7ebf0a7', '1', null, '118.187.56.162', '2015-04-16 17:52:24', 'zhengcong', null);
INSERT INTO `user_login_log` VALUES ('8c0429d78d514e20b34f7e2a0d3073d9', '0', null, '118.187.56.162', '2015-04-16 18:06:13', 'wll001', null);
INSERT INTO `user_login_log` VALUES ('8ce54eeb28af4035b84c4596bce4af80', '1', null, '124.200.110.58', '2015-04-21 14:33:39', 'admin', null);
INSERT INTO `user_login_log` VALUES ('8d439db23d16485396fc65beabd5b802', '1', null, '118.187.56.162', '2015-04-16 16:31:46', 'lance', null);
INSERT INTO `user_login_log` VALUES ('8d7bcad8ec5c47aa8e4a8fb75146e2c6', '1', null, '118.187.56.162', '2015-04-16 15:30:13', 'hfhfh', null);
INSERT INTO `user_login_log` VALUES ('8df3a6c5f33e4fdd943f8f8ae2548276', '1', null, '118.187.56.162', '2015-04-17 13:37:40', 'admin', null);
INSERT INTO `user_login_log` VALUES ('8e556512baed4cfdb0e536a584f34345', '1', null, '124.200.110.58', '2015-04-27 10:21:19', 'wangxibao9', null);
INSERT INTO `user_login_log` VALUES ('8e8f5ef76dae4819bf5e8c90ab22d35b', '1', null, '118.187.56.162', '2015-04-16 11:23:59', 'sidneygao', null);
INSERT INTO `user_login_log` VALUES ('8eca718593774ca88872d60562e8e568', '1', null, '118.187.56.162', '2015-04-16 17:43:08', 'admin', null);
INSERT INTO `user_login_log` VALUES ('8ed24d627de24acdb4199420c99c2093', '1', null, '118.187.56.162', '2015-04-23 15:27:17', 'zhengcong', null);
INSERT INTO `user_login_log` VALUES ('8f95247a412647649854baabf4801a5d', '1', null, '124.200.110.58', '2015-04-28 09:40:43', 'admin', null);
INSERT INTO `user_login_log` VALUES ('8fad7303f69f4f1e947eb5115234a9b6', '1', null, '124.205.229.26', '2015-04-21 16:31:26', 'admin', null);
INSERT INTO `user_login_log` VALUES ('906bb69fbfb8432090a48d4261710a3d', '1', null, '118.187.56.162', '2015-04-21 11:02:28', 'zhengcong', null);
INSERT INTO `user_login_log` VALUES ('90855ee54f1d4b46ac4c13aa6563a63b', '1', null, '218.240.48.50', '2015-04-07 16:42:01', 'admin', null);
INSERT INTO `user_login_log` VALUES ('9171b9ad72ac489b9f7b9e60012a5bce', '1', null, '118.187.56.162', '2015-04-27 15:39:28', 'zhengcong', null);
INSERT INTO `user_login_log` VALUES ('917423684bfd4cca866085a801e83d07', '1', null, '118.187.56.162', '2015-04-16 14:36:28', 'admin', null);
INSERT INTO `user_login_log` VALUES ('919b3474206f4305aeaaf53474cfd804', '1', null, '124.200.110.58', '2015-04-21 14:33:42', 'admin', null);
INSERT INTO `user_login_log` VALUES ('925f5ab908834eb29981262eb4c3bb7b', '1', null, '124.205.229.26', '2015-04-21 16:29:54', 'admin', null);
INSERT INTO `user_login_log` VALUES ('926d7f29fff3432aaa42dffd56a2a4f0', '1', null, '118.187.56.162', '2015-04-16 11:27:42', 'admin', null);
INSERT INTO `user_login_log` VALUES ('92c98c3a28bb4815a2a1d146dca7b070', '1', null, '124.200.110.58', '2015-04-10 15:40:31', 'jdsb1', null);
INSERT INTO `user_login_log` VALUES ('92d0a474ae62401f9e9be7700e57948e', '1', null, '124.205.229.26', '2015-04-09 10:22:58', 'wll001', null);
INSERT INTO `user_login_log` VALUES ('92e5086194834a1682f0517df70114d4', '1', null, '124.200.110.58', '2015-04-27 19:07:00', 'sidneygao', null);
INSERT INTO `user_login_log` VALUES ('931d9e47eeff4df0b2b511fb5ccaaf2b', '1', null, '118.187.56.162', '2015-04-28 09:46:26', 'admin', null);
INSERT INTO `user_login_log` VALUES ('93799559cc35494f9a89ff7569be45aa', '1', null, '124.200.110.58', '2015-04-25 11:03:14', 'sidneygao', null);
INSERT INTO `user_login_log` VALUES ('938d0522bbf34d088a47effd9dc1d6ec', '1', null, '118.187.56.162', '2015-04-16 14:43:38', 'admin', null);
INSERT INTO `user_login_log` VALUES ('93904a0ab2754f58a89fc7b6f87d124b', '1', null, '124.200.110.58', '2015-04-24 12:00:49', 'wangxibao9', null);
INSERT INTO `user_login_log` VALUES ('93a6d588e78d40c0925998a68026577f', '1', null, '218.240.48.50', '2015-04-08 09:51:20', 'xingditu', null);
INSERT INTO `user_login_log` VALUES ('9423e011a1fa46399c484d44a4669170', '1', null, '118.187.56.162', '2015-04-16 14:30:49', 'zhaoshuai', null);
INSERT INTO `user_login_log` VALUES ('94b3b3d1bb17433480aec7e902ef6489', '1', null, '118.187.56.162', '2015-04-16 16:30:15', 'admin', null);
INSERT INTO `user_login_log` VALUES ('94c5a1be813248e092dfc51c45aa83d8', '1', null, '218.240.48.50', '2015-04-08 14:23:52', 'wulala', null);
INSERT INTO `user_login_log` VALUES ('94d56e183f444c56a0a1b4c7ac726499', '1', null, '118.187.56.162', '2015-04-16 14:14:46', 'admin', null);
INSERT INTO `user_login_log` VALUES ('953820df344346a5b7a66a8b0561145d', '1', null, '118.187.56.162', '2015-04-24 10:16:43', 'admin', null);
INSERT INTO `user_login_log` VALUES ('954d623009294984b64e05b776060ae2', '1', null, '118.187.56.162', '2015-04-16 10:19:23', 'admin', null);
INSERT INTO `user_login_log` VALUES ('954e0838fe43401bb6d573cc7f38f587', '1', null, '124.200.110.58', '2015-04-27 19:59:07', 'wangxibao9', null);
INSERT INTO `user_login_log` VALUES ('95b06a8d30e54f69b43e5c9c4a2a2e0b', '1', null, '118.187.56.162', '2015-04-16 13:04:16', 'mleoshi', null);
INSERT INTO `user_login_log` VALUES ('96821f7bbce14fa79e77905b4f3b844b', '1', null, '124.200.110.58', '2015-04-27 10:08:28', 'sidneygao', null);
INSERT INTO `user_login_log` VALUES ('9699ff2ec52d45efac886bbe6e308545', '1', null, '124.200.110.58', '2015-04-14 14:11:55', 'jdsb3', null);
INSERT INTO `user_login_log` VALUES ('96a8edd0a762423997760b3a3cd0d08f', '1', null, '124.200.110.58', '2015-03-17 11:25:50', 'admin', null);
INSERT INTO `user_login_log` VALUES ('96b5981d9ae34a5ea88a450ffa83387f', '1', null, '118.187.56.162', '2015-04-22 11:57:39', 'admin', null);
INSERT INTO `user_login_log` VALUES ('972fe952254d4ea486119f4072b1e9dd', '1', null, '124.205.229.26', '2015-04-21 14:23:24', 'admin', null);
INSERT INTO `user_login_log` VALUES ('974e6345c8224cdd9f22f070f1e341e6', '1', null, '124.200.110.58', '2015-04-25 14:22:33', 'admin', null);
INSERT INTO `user_login_log` VALUES ('97de3ced8d604457a049f39b52f74135', '1', null, '118.187.56.162', '2015-04-17 15:13:28', 'zhengcong', null);
INSERT INTO `user_login_log` VALUES ('97e935838ae04cdeb58333e49c62d1e7', '1', null, '118.187.56.162', '2015-04-16 11:14:15', 'admin', null);
INSERT INTO `user_login_log` VALUES ('9865e92cce004b689e49039c38f118ca', '1', null, '118.187.56.162', '2015-04-20 09:52:51', 'zhengcong', null);
INSERT INTO `user_login_log` VALUES ('986e65e764ea420a943af0107f5f3a16', '1', null, '218.240.48.50', '2015-04-10 17:15:53', 'admin', null);
INSERT INTO `user_login_log` VALUES ('987445bcb89d406e909dcc17ea945df4', '1', null, '124.200.110.58', '2015-04-02 17:02:18', 'admin', null);
INSERT INTO `user_login_log` VALUES ('98ac4a9fbb604481b2a91fceb8f6a135', '0', null, '124.200.110.58', '2015-04-27 15:31:10', 'songyf', null);
INSERT INTO `user_login_log` VALUES ('98d769d1da614538adb14be2e5542ce8', '1', null, '124.205.229.26', '2015-04-27 18:45:09', 'mleoshi', null);
INSERT INTO `user_login_log` VALUES ('98e60c51ea2549798db14ebfd06c3fb8', '1', null, '124.200.110.58', '2015-04-24 11:34:17', 'wll001', null);
INSERT INTO `user_login_log` VALUES ('99132a4398ee4d4ea39ca0f430f57f52', '1', null, '118.187.56.162', '2015-04-24 11:04:52', 'zhengcong', null);
INSERT INTO `user_login_log` VALUES ('99301c86934a4c5b96e8e164f4c06650', '1', null, '124.200.110.58', '2015-04-23 20:29:18', 'wangxibao9', null);
INSERT INTO `user_login_log` VALUES ('993d0de15a5f441690033122d41f8e74', '1', null, '124.200.110.58', '2015-04-27 15:09:10', 'sidneygao', null);
INSERT INTO `user_login_log` VALUES ('99f3859d96d94eb680c5115d1abfd87f', '1', null, '118.187.56.162', '2015-04-16 11:12:24', 'admin', null);
INSERT INTO `user_login_log` VALUES ('9a0b377db928476b982723a5f77c2925', '1', null, '124.200.110.58', '2015-04-25 15:10:29', 'sidneygao', null);
INSERT INTO `user_login_log` VALUES ('9a1c27c15d5d49f0a9d6f17c4504cc98', '1', null, '124.200.110.58', '2015-04-15 17:12:40', 'jdsb3', null);
INSERT INTO `user_login_log` VALUES ('9a31fd328a42480aa94880a150cfa943', '1', null, '218.240.48.50', '2015-04-03 14:28:29', 'xingditu', null);
INSERT INTO `user_login_log` VALUES ('9a658791db3b474fac3cd02fc241e6e8', '1', null, '118.187.56.162', '2015-04-24 18:08:33', 'zhengcong', null);
INSERT INTO `user_login_log` VALUES ('9aad08f9cf2a4a248d4729a055a9e3c2', '1', null, '124.200.110.58', '2015-04-08 17:16:32', 'admin', null);
INSERT INTO `user_login_log` VALUES ('9ac23645151443aea990cb0149f22814', '1', null, '118.187.56.162', '2015-04-16 15:11:03', 'wll001', null);
INSERT INTO `user_login_log` VALUES ('9ac3cbbe2e9a4a32a84598e7defd69d4', '1', null, '218.240.48.50', '2015-04-01 18:14:23', 'seekmm', null);
INSERT INTO `user_login_log` VALUES ('9ad96b83397647afa17ad1b317f648b9', '1', null, '118.187.56.162', '2015-04-16 14:55:46', 'zhaoshuai', null);
INSERT INTO `user_login_log` VALUES ('9bff724f1e1a41beb90da37747aab504', '1', null, '124.200.110.58', '2015-04-27 15:53:31', 'admin', null);
INSERT INTO `user_login_log` VALUES ('9c596a3288ba4434af627249841e2c54', '1', null, '124.200.110.58', '2015-04-23 20:12:44', 'admin', null);
INSERT INTO `user_login_log` VALUES ('9d157bb4c79b41d2a8e853e3b1af8558', '1', null, '118.187.56.162', '2015-04-20 10:03:01', 'admin', null);
INSERT INTO `user_login_log` VALUES ('9d19599c076d470e9418967320cb82ec', '0', null, '124.200.110.58', '2015-04-27 19:11:32', 'admin', null);
INSERT INTO `user_login_log` VALUES ('9d5a379d1bcd48faa9a3847ab11681c1', '1', null, '124.205.229.26', '2015-04-21 17:12:50', 'admin', null);
INSERT INTO `user_login_log` VALUES ('9eb030e5572d4eb9b1589559c2ad9a7e', '1', null, '118.187.56.162', '2015-04-16 16:14:58', 'admin', null);
INSERT INTO `user_login_log` VALUES ('9ef396fc57d748e8b452f2270bbdcdab', '1', null, '118.187.56.162', '2015-04-16 14:46:49', 'admin', null);
INSERT INTO `user_login_log` VALUES ('9efc377987fb44e4a2e2b450f3dbc631', '1', null, '124.200.110.58', '2015-04-09 17:12:16', 'admin', null);
INSERT INTO `user_login_log` VALUES ('9f0426e83deb44cc8955b8696ef5c863', '1', null, '118.187.56.162', '2015-04-17 11:09:26', 'zhaoshuai', null);
INSERT INTO `user_login_log` VALUES ('9fb33a6a08aa4c4b932dc1fc3db5f937', '0', null, '124.200.110.58', '2015-04-20 16:18:35', 'admin', null);
INSERT INTO `user_login_log` VALUES ('a00d71547c054626807888b2424b02cf', '1', null, '118.187.56.162', '2015-04-16 16:22:24', 'admin', null);
INSERT INTO `user_login_log` VALUES ('a0145c6e6a9b46049d77a25ae41f4d12', '1', null, '218.240.48.50', '2015-04-08 15:05:22', 'wulala', null);
INSERT INTO `user_login_log` VALUES ('a058d9c15df9480a8793247313ff3898', '1', null, '118.187.56.162', '2015-04-16 13:58:21', 'admin', null);
INSERT INTO `user_login_log` VALUES ('a0964776344c421da979cd1277b7536a', '1', null, '124.200.110.58', '2015-03-17 11:19:15', 'admin', null);
INSERT INTO `user_login_log` VALUES ('a0ca87de2c37433caa641eee65018f4c', '1', null, '124.200.110.58', '2015-04-21 16:08:17', 'admin', null);
INSERT INTO `user_login_log` VALUES ('a0cdf026ac2a4f04897d1e9b5b9784ea', '1', null, '118.187.56.162', '2015-04-16 17:53:58', 'admin', null);
INSERT INTO `user_login_log` VALUES ('a0e306308be741fc8d53d7f3456c2e95', '1', null, '124.200.110.58', '2015-04-25 15:18:47', 'wangxibao9', null);
INSERT INTO `user_login_log` VALUES ('a0f150d817a54cbaba21032b6e13a9a9', '1', null, '118.187.56.162', '2015-04-28 11:20:30', 'zhengcong', null);
INSERT INTO `user_login_log` VALUES ('a16199e8571b4d28ba0edad9d4c89365', '0', null, '118.187.56.162', '2015-04-20 09:24:52', 'admin', null);
INSERT INTO `user_login_log` VALUES ('a1bbda5e710a4f409e1f2f821f6eb077', '1', null, '124.200.110.58', '2015-04-24 11:15:53', 'songyf', null);
INSERT INTO `user_login_log` VALUES ('a1d354e6bcf44a849666c267a9e5c837', '0', null, '124.200.110.58', '2015-04-13 09:29:24', 'jdsb1', null);
INSERT INTO `user_login_log` VALUES ('a1f920e08f7c49e2b66b02b54e279a52', '1', null, '118.187.56.162', '2015-04-21 10:24:27', 'mleoshi', null);
INSERT INTO `user_login_log` VALUES ('a25968778db24af2a285f77efb420c02', '1', null, '118.187.56.162', '2015-04-28 09:54:45', 'wll001', null);
INSERT INTO `user_login_log` VALUES ('a2d2c2ea762d4d809590a77d999d2669', '1', null, '218.240.48.50', '2015-04-08 19:57:04', 'wulala', null);
INSERT INTO `user_login_log` VALUES ('a2ea46514b604aadad2a18796b4a68ef', '1', null, '118.187.56.162', '2015-04-24 15:53:55', 'admin', null);
INSERT INTO `user_login_log` VALUES ('a2f65668f3a649bcb6ecd6995411c35c', '1', null, '218.240.48.50', '2015-04-08 20:27:39', 'wulala', null);
INSERT INTO `user_login_log` VALUES ('a32bb08a28724d23afb2656aa640e2e0', '1', null, '118.187.56.162', '2015-04-22 14:45:49', 'sidneygao', null);
INSERT INTO `user_login_log` VALUES ('a4646b72e6c04957b4a80055374c9cc0', '1', null, '118.187.56.162', '2015-04-27 11:32:50', 'admin', null);
INSERT INTO `user_login_log` VALUES ('a48a25841d104bdba13e0b84be88ec6a', '1', null, '118.187.56.162', '2015-04-16 14:44:42', 'lance', null);
INSERT INTO `user_login_log` VALUES ('a4a96a196d394ac5acfd96cd8641d538', '1', null, '118.187.56.162', '2015-04-27 15:53:35', 'wll001', null);
INSERT INTO `user_login_log` VALUES ('a56970cb264b4280aa5fdd4e5e5ef363', '1', null, '118.187.56.162', '2015-04-16 10:19:23', 'admin', null);
INSERT INTO `user_login_log` VALUES ('a661dd9b2ba04114b1eadcb049150368', '1', null, '124.200.110.58', '2015-04-25 11:13:47', 'admin', null);
INSERT INTO `user_login_log` VALUES ('a6b3b4bc5efd445e88b3d41fc8d45c2d', '1', null, '118.187.56.162', '2015-04-27 12:26:55', 'mleoshi', null);
INSERT INTO `user_login_log` VALUES ('a70e7b6818ad436f968c3d1895670117', '1', null, '124.200.110.58', '2015-04-09 17:09:05', 'admin', null);
INSERT INTO `user_login_log` VALUES ('a711951df715422796d5912634f89841', '1', null, '118.187.56.162', '2015-04-27 11:00:40', 'sidneygao', null);
INSERT INTO `user_login_log` VALUES ('a72b6f7c84f34ae4920e7f8d1c44adb8', '1', null, '124.200.110.58', '2015-03-19 14:26:39', 'tuotian', null);
INSERT INTO `user_login_log` VALUES ('a7492a434ee045c2a125f8fe5ffd9618', '1', null, '118.187.56.162', '2015-04-17 11:10:08', 'admin', null);
INSERT INTO `user_login_log` VALUES ('a798340788db46cc9c76c7326078f6ff', '1', null, '124.200.110.58', '2015-04-21 14:34:03', 'admin', null);
INSERT INTO `user_login_log` VALUES ('a7a814fd9d2a4f28b2d262494d156825', '0', null, '124.200.110.58', '2015-04-27 15:32:59', 'wangxibao9', null);
INSERT INTO `user_login_log` VALUES ('a7b47e8411254db489b7ee144ab7c9d9', '1', null, '124.200.110.58', '2015-04-09 17:26:36', 'admin', null);
INSERT INTO `user_login_log` VALUES ('a823070a3acc4902810c029d7aa8a83d', '0', null, '124.200.110.58', '2015-04-24 12:00:36', 'wangxibao9', null);
INSERT INTO `user_login_log` VALUES ('a82f20102c244eef9dc60228a5f80c7c', '1', null, '124.200.110.58', '2015-04-21 16:25:52', 'admin', null);
INSERT INTO `user_login_log` VALUES ('a93a0e12c787427587b9a98b60e956e8', '1', null, '117.79.83.55', '2015-03-31 10:53:38', 'admin', null);
INSERT INTO `user_login_log` VALUES ('a97cfc539ca5479daaa02fc09ea2aa3d', '1', null, '124.205.229.26', '2015-04-09 11:38:25', 'admin', null);
INSERT INTO `user_login_log` VALUES ('a9db89c538624e53ad1b81fe4170e6ea', '1', null, '124.200.110.58', '2015-04-13 12:09:07', 'jdsb1', null);
INSERT INTO `user_login_log` VALUES ('aa394aa60e9c4716a769d7c2dd8430f9', '1', null, '118.187.56.162', '2015-04-16 11:07:05', 'wll001', null);
INSERT INTO `user_login_log` VALUES ('ab2362e31cf74ff5967c453cf5c6bbdd', '1', null, '124.200.110.58', '2015-04-27 15:35:07', 'admin', null);
INSERT INTO `user_login_log` VALUES ('ab96ee94c12b40cba6c3ed770c109c7f', '1', null, '118.187.56.162', '2015-04-23 09:55:10', 'admin', null);
INSERT INTO `user_login_log` VALUES ('abaaf31ffa68491fb4dd80659449ea6f', '1', null, '118.187.56.162', '2015-04-16 17:52:12', 'admin', null);
INSERT INTO `user_login_log` VALUES ('abbedc63fcc148849343d50bc955805b', '1', null, '118.187.56.162', '2015-04-28 10:12:02', 'sidneygao', null);
INSERT INTO `user_login_log` VALUES ('ac63d48776034d13a7c8a268b3651dbb', '1', null, '118.187.56.162', '2015-04-16 16:31:38', 'lance', null);
INSERT INTO `user_login_log` VALUES ('ac72705947314713a72e1774700818dc', '1', null, '124.200.110.58', '2015-04-27 15:36:57', 'wangxibao9', null);
INSERT INTO `user_login_log` VALUES ('ac77ceabbbb842fe9aa4286b71cc8515', '0', null, '124.200.110.58', '2015-04-25 12:00:49', 'sidneygao', null);
INSERT INTO `user_login_log` VALUES ('acbe49ba25194486a4cd7a3e69afcc36', '1', null, '118.187.56.162', '2015-04-16 16:22:24', 'admin', null);
INSERT INTO `user_login_log` VALUES ('acc12cfaf575441da29585cbd87c194a', '1', null, '124.200.110.58', '2015-04-27 11:09:26', 'sidneygao', null);
INSERT INTO `user_login_log` VALUES ('ad22058f42f5491799dd2ee0ffa2e2ed', '1', null, '118.187.56.162', '2015-04-16 15:35:08', 'admin', null);
INSERT INTO `user_login_log` VALUES ('ad9598f4130a4c72a407f1860336bf19', '1', null, '124.200.110.58', '2015-04-08 19:07:35', 'admin', null);
INSERT INTO `user_login_log` VALUES ('adb5fcda45ec4ed0ad0648317da5c0fe', '1', null, '124.200.110.58', '2015-04-09 14:06:12', 'jdsb1', null);
INSERT INTO `user_login_log` VALUES ('adc5781bbea8468bbdf316b0660f27b4', '1', null, '124.205.229.26', '2015-04-27 14:56:51', 'admin', null);
INSERT INTO `user_login_log` VALUES ('adfd7ce77fc248b7a0ba025bd1a45d40', '0', null, '124.200.110.58', '2015-04-27 14:56:23', 'wangxibao9', null);
INSERT INTO `user_login_log` VALUES ('ae47fd957c92459cb4e0db5c009103b4', '1', null, '218.240.48.50', '2015-04-07 11:53:52', 'seekmm', null);
INSERT INTO `user_login_log` VALUES ('ae66ef74d76743e19d0847df141f132f', '1', null, '118.187.56.162', '2015-04-24 09:31:17', 'zhengcong', null);
INSERT INTO `user_login_log` VALUES ('aec56c09d9754d0b932e456ad9ff456a', '1', null, '118.187.56.162', '2015-04-17 11:08:26', 'zhaoshuai', null);
INSERT INTO `user_login_log` VALUES ('afa93984d62a4163848fbebeae1dde1f', '1', null, '218.240.48.50', '2015-04-01 16:42:24', 'seekmm', null);
INSERT INTO `user_login_log` VALUES ('b02610b4b5f24ecda432e70070383f91', '1', null, '124.200.110.58', '2015-04-24 09:48:10', 'admin', null);
INSERT INTO `user_login_log` VALUES ('b03afdc073f04f889aa8e70bac48a6de', '1', null, '124.200.110.58', '2015-04-27 16:22:43', 'admin', null);
INSERT INTO `user_login_log` VALUES ('b08914389fd2404fa7982406bd2dafda', '1', null, '124.200.110.58', '2015-04-25 15:19:54', 'sidneygao', null);
INSERT INTO `user_login_log` VALUES ('b0c78a5040414f029cc363f9f3427a25', '1', null, '124.200.110.58', '2015-04-08 15:04:59', 'wangxibao9', null);
INSERT INTO `user_login_log` VALUES ('b0d29f57667b449ca35104b39b8984c0', '1', null, '118.187.56.162', '2015-04-22 11:57:57', 'admin', null);
INSERT INTO `user_login_log` VALUES ('b0fb5b3a12bf4489a433031e7f1f7c68', '1', null, '118.187.56.162', '2015-04-16 15:36:09', 'hfhfh', null);
INSERT INTO `user_login_log` VALUES ('b10565e0283d4ee7abe43df16ac33d8a', '1', null, '118.187.56.162', '2015-04-17 10:56:16', 'zhengcong', null);
INSERT INTO `user_login_log` VALUES ('b118ec6fe49f42329c03120c5c18d3f7', '1', null, '124.200.110.58', '2015-04-25 16:00:02', 'wangxibao9', null);
INSERT INTO `user_login_log` VALUES ('b268c430b1c2492c94ebf96dc055b126', '1', null, '118.187.56.162', '2015-04-17 10:57:55', 'admin', null);
INSERT INTO `user_login_log` VALUES ('b275721d81cc42a8bbe7a1b6d145babf', '1', null, '124.200.110.58', '2015-04-21 10:15:34', 'admin', null);
INSERT INTO `user_login_log` VALUES ('b2d64f3438984812833a69e938d57687', '0', null, '118.187.56.162', '2015-04-16 16:25:02', 'zhaoshuai', null);
INSERT INTO `user_login_log` VALUES ('b2df8e0759694a01935a789d18e31e46', '1', null, '118.187.56.162', '2015-04-24 18:04:24', 'admin', null);
INSERT INTO `user_login_log` VALUES ('b2edc5feba7c44c39c02e0b1134b011c', '1', null, '124.200.110.58', '2015-04-27 15:21:11', 'admin', null);
INSERT INTO `user_login_log` VALUES ('b3108d9fa13942ed9211de4f3ae94cde', '1', null, '118.187.56.162', '2015-04-16 11:30:26', 'sidneygao', null);
INSERT INTO `user_login_log` VALUES ('b34a9e9cdf594c1ba5d961fb526aef9d', '1', null, '124.200.110.58', '2015-04-27 16:11:35', 'zhengcong', null);
INSERT INTO `user_login_log` VALUES ('b3b5bb72cd274ef685246fe4eca7925d', '1', null, '118.187.56.162', '2015-04-16 11:24:26', 'mleoshi', null);
INSERT INTO `user_login_log` VALUES ('b4bba24ca53f4988a4a10e8b8fedb6c9', '1', null, '118.187.56.162', '2015-04-16 11:31:07', 'sidneygao', null);
INSERT INTO `user_login_log` VALUES ('b5aa943b5af543ceb4efe2a15dbba85c', '1', null, '118.187.56.162', '2015-04-27 15:06:52', 'wll001', null);
INSERT INTO `user_login_log` VALUES ('b5b792e4d1e642218423e8b586158162', '1', null, '118.187.56.162', '2015-04-27 14:35:47', 'admin', null);
INSERT INTO `user_login_log` VALUES ('b6889c87d0ce43b8aaf935b80cb27ec6', '1', null, '118.187.56.162', '2015-04-20 13:39:44', 'admin', null);
INSERT INTO `user_login_log` VALUES ('b6c95b53441c4ab0b04ebe25d7ab8ad7', '1', null, '124.200.110.58', '2015-04-21 15:47:28', 'admin', null);
INSERT INTO `user_login_log` VALUES ('b739cb94293744bbb5755f8e3a9c3ea2', '1', null, '118.187.56.162', '2015-04-17 10:19:56', 'zhengcong', null);
INSERT INTO `user_login_log` VALUES ('b747cc08ee8a4378ae771a096af63fdb', '1', null, '118.187.56.162', '2015-04-27 11:36:22', 'mleoshi', null);
INSERT INTO `user_login_log` VALUES ('b76de848708b4d67960916099754aeb6', '1', null, '118.187.56.162', '2015-04-16 18:18:35', 'zhengcong', null);
INSERT INTO `user_login_log` VALUES ('b7b95cf595a04a9b9e0803ecb9ce5d8c', '1', null, '118.187.56.162', '2015-04-17 13:22:35', 'sidneygao', null);
INSERT INTO `user_login_log` VALUES ('b7efe3e4fe1842a6b44e97a4cabb41b5', '1', null, '117.79.83.55', '2015-03-31 10:38:28', 'admin', null);
INSERT INTO `user_login_log` VALUES ('b7f6abfb78f144e9a40d21ccfaa47b28', '1', null, '118.187.56.162', '2015-04-16 13:04:06', 'seekmm', null);
INSERT INTO `user_login_log` VALUES ('b88d1c8ef167473b8a8c93bc52d4f2ee', '1', null, '118.187.56.162', '2015-04-16 15:19:59', 'admin', null);
INSERT INTO `user_login_log` VALUES ('b8b846ea6d524ad09b8c0d5283f5fdeb', '1', null, '124.200.110.58', '2015-04-23 11:13:35', 'jdsb1', null);
INSERT INTO `user_login_log` VALUES ('b935ac6714404c4987e9723b9733fde8', '1', null, '124.200.110.58', '2015-04-27 15:32:07', 'songyf', null);
INSERT INTO `user_login_log` VALUES ('b97da250c78c46efa0931aa916b06321', '1', null, '118.187.56.162', '2015-04-27 10:00:54', 'admin', null);
INSERT INTO `user_login_log` VALUES ('bab34f752899494ca93b8f562a117d96', '1', null, '124.200.110.58', '2015-04-21 14:33:42', 'admin', null);
INSERT INTO `user_login_log` VALUES ('bab685c8daf14b72b7e5c5494be44260', '1', null, '218.240.48.50', '2015-04-03 14:40:05', 'xingditu', null);
INSERT INTO `user_login_log` VALUES ('badd8bc5f57a4f40aa733bfdd59dfc65', '1', null, '118.187.56.162', '2015-04-22 09:49:19', 'admin', null);
INSERT INTO `user_login_log` VALUES ('bafe3f45918442b2abe5194dacbb89b5', '1', null, '118.187.56.162', '2015-04-28 11:18:53', 'sidneygao', null);
INSERT INTO `user_login_log` VALUES ('bbaf73a1b2a64e16894f3832e0f79168', '1', null, '118.187.56.162', '2015-04-16 10:34:42', 'admin', null);
INSERT INTO `user_login_log` VALUES ('bbca23e11a284d9d9654ac245f584a8a', '1', null, '118.187.56.162', '2015-04-16 11:44:21', 'admin', null);
INSERT INTO `user_login_log` VALUES ('bc0e02ae02f24a4dbbcf617469446c90', '1', null, '124.200.110.58', '2015-04-10 09:33:21', 'jdsb1', null);
INSERT INTO `user_login_log` VALUES ('bc74ddae87d64f1fbe1ca8384f1a1c49', '1', null, '124.200.110.58', '2015-04-21 16:25:52', 'admin', null);
INSERT INTO `user_login_log` VALUES ('bcd085f20b514e158252b42dd570de73', '1', null, '118.187.56.162', '2015-04-27 12:18:36', 'admin', null);
INSERT INTO `user_login_log` VALUES ('bcd2883fc8214ad6875b6a7f3698a164', '1', null, '118.187.56.162', '2015-04-28 10:16:52', 'admin', null);
INSERT INTO `user_login_log` VALUES ('bd723f8cbcad422484ff8414901b309a', '1', null, '124.200.110.58', '2015-04-02 15:30:09', 'admin', null);
INSERT INTO `user_login_log` VALUES ('be55200328344f0a9161b8fa6bcd9849', '1', null, '118.187.56.162', '2015-04-16 15:19:59', 'admin', null);
INSERT INTO `user_login_log` VALUES ('be885fa4c54549148068d5fcc2ced000', '1', null, '124.200.110.58', '2015-04-27 16:22:43', 'admin', null);
INSERT INTO `user_login_log` VALUES ('bed881a2967a4478ba74d1bd87ccb9f6', '1', null, '124.200.110.58', '2015-04-09 09:20:06', 'admin', null);
INSERT INTO `user_login_log` VALUES ('bed8dc65f5d54538b03d74614d5cb24c', '1', null, '124.200.110.58', '2015-04-27 18:57:49', 'wangxibao9', null);
INSERT INTO `user_login_log` VALUES ('beeb6bb58e224c1bab2e40eb659278a5', '1', null, '218.240.48.50', '2015-04-10 11:09:42', 'admin', null);
INSERT INTO `user_login_log` VALUES ('bf78042b5ffb4bacba30b65f2456cf84', '1', null, '118.187.56.162', '2015-04-24 17:52:42', 'admin', null);
INSERT INTO `user_login_log` VALUES ('c066f4649eec40bb8ca2481680984d16', '1', null, '124.200.110.58', '2015-04-21 09:39:06', 'wangxibao9', null);
INSERT INTO `user_login_log` VALUES ('c0c7b0d5bbbe48f88d736a628cbf757b', '1', null, '118.187.56.162', '2015-04-16 14:53:45', 'zhaoshuai', null);
INSERT INTO `user_login_log` VALUES ('c0e2c2b9f0f54bc7aecf6f6a6c27d551', '1', null, '118.187.56.162', '2015-04-17 10:38:24', 'admin', null);
INSERT INTO `user_login_log` VALUES ('c0f1d56f39694e22a79f652a6552df44', '1', null, '124.200.110.58', '2015-04-21 14:33:44', 'admin', null);
INSERT INTO `user_login_log` VALUES ('c118425aca1e450d80354836ffc05a5e', '1', null, '124.200.110.58', '2015-03-18 15:08:44', 'tuotian', null);
INSERT INTO `user_login_log` VALUES ('c169094446034af5b4109694308148bb', '1', null, '118.187.56.162', '2015-04-23 17:13:16', 'zhengcong', null);
INSERT INTO `user_login_log` VALUES ('c19517ce18274e41b16974f338867ca4', '1', null, '118.187.56.162', '2015-04-28 11:48:09', 'mleoshi', null);
INSERT INTO `user_login_log` VALUES ('c1e0b49ff8a94840a4d9f78ea1aa0f74', '1', null, '124.200.110.58', '2015-04-10 09:23:12', 'jdsb1', null);
INSERT INTO `user_login_log` VALUES ('c1e64e3b05dd4b01a5e9f6f8ae890144', '1', null, '124.205.229.26', '2015-04-27 14:57:28', 'admin', null);
INSERT INTO `user_login_log` VALUES ('c23d393cb13c45b081bb35c3bc477adb', '0', null, '118.187.56.162', '2015-04-17 10:57:43', 'admin', null);
INSERT INTO `user_login_log` VALUES ('c2f90598ad224fd0afae1aed711b822b', '1', null, '124.200.110.58', '2015-04-13 16:11:49', 'jdsb1', null);
INSERT INTO `user_login_log` VALUES ('c3040e29cf08426c9e376e22e9d8067b', '1', null, '118.187.56.162', '2015-04-16 10:56:52', 'admin', null);
INSERT INTO `user_login_log` VALUES ('c349d4e325584d86b4dbc7aa45801d5f', '1', null, '118.187.56.162', '2015-04-20 10:00:15', 'mleoshi', null);
INSERT INTO `user_login_log` VALUES ('c42bb4e4898749f9946f5e193e3c1620', '1', null, '218.240.48.50', '2015-04-03 16:39:21', 'admin', null);
INSERT INTO `user_login_log` VALUES ('c456a7fc20b345da8b87786afe60c4d3', '1', null, '118.187.56.162', '2015-04-24 10:16:43', 'admin', null);
INSERT INTO `user_login_log` VALUES ('c463d519beb34039856c1e3af102424d', '0', null, '124.200.110.58', '2015-04-25 18:21:55', 'wangxibao9', null);
INSERT INTO `user_login_log` VALUES ('c4c2dd9f0c4e40ac80114ae9ab34bde4', '1', null, '118.187.56.162', '2015-04-24 17:56:45', 'wll001', null);
INSERT INTO `user_login_log` VALUES ('c59571d73fb24d5d9f1a5a0e83ea51c2', '1', null, '218.240.48.50', '2015-04-08 10:17:24', 'admin', null);
INSERT INTO `user_login_log` VALUES ('c601aa07516a4e7e82debaad07cf182e', '1', null, '124.200.110.58', '2015-04-15 16:20:50', 'admin', null);
INSERT INTO `user_login_log` VALUES ('c60a47598ec04a14ae55709291416e93', '1', null, '124.205.229.26', '2015-04-21 17:12:18', 'zhengcong', null);
INSERT INTO `user_login_log` VALUES ('c63b09b429b646da8f4fbb0941cd0a0a', '1', null, '124.200.110.58', '2015-04-08 17:03:44', 'admin', null);
INSERT INTO `user_login_log` VALUES ('c68afd68275d4c029bfa726d4475f169', '1', null, '124.200.110.58', '2015-04-15 16:12:50', 'jdsb3', null);
INSERT INTO `user_login_log` VALUES ('c6a4032d3d60467091fdd04e5309207f', '1', null, '118.187.56.162', '2015-04-20 09:50:27', 'wll001', null);
INSERT INTO `user_login_log` VALUES ('c717a61e9528473fa5aeb3190fdd81c1', '1', null, '118.187.56.162', '2015-04-16 14:46:49', 'admin', null);
INSERT INTO `user_login_log` VALUES ('c73bc408656c471fba7a30fb4d706997', '1', null, '124.205.229.26', '2015-04-21 14:16:42', 'zhengcong', null);
INSERT INTO `user_login_log` VALUES ('c73fd320ffae455ca2b2a33e4e168651', '1', null, '124.205.229.26', '2015-04-21 17:42:00', 'sidneygao', null);
INSERT INTO `user_login_log` VALUES ('c7526adfcd354f9f86fe44cbd54cd453', '0', null, '118.187.56.162', '2015-04-24 17:58:03', 'admin', null);
INSERT INTO `user_login_log` VALUES ('c767ba4b0a5e423c9c2561666d9380e8', '1', null, '118.187.56.162', '2015-04-27 12:09:12', 'zhengcong', null);
INSERT INTO `user_login_log` VALUES ('c770f66f12f34621882777d93821e998', '1', null, '124.200.110.58', '2015-04-25 15:02:13', 'sidneygao', null);
INSERT INTO `user_login_log` VALUES ('c7c74472a20845f2a43453a6ce9928cc', '1', null, '118.187.56.162', '2015-04-16 10:56:52', 'admin', null);
INSERT INTO `user_login_log` VALUES ('c8411e83033e4ed99dc2cdd3c7554276', '0', null, '118.187.56.162', '2015-04-16 16:21:26', 'admin', null);
INSERT INTO `user_login_log` VALUES ('c8a2d539d67143529f9ac8ffda8a8fb4', '1', null, '124.200.110.58', '2015-04-20 20:01:22', 'wangxibao9', null);
INSERT INTO `user_login_log` VALUES ('c8d9d8325e5e4d0d81ad16db603b2f82', '0', null, '118.187.56.162', '2015-04-17 14:27:41', 'zhengcong', null);
INSERT INTO `user_login_log` VALUES ('c8ed448979e74efda8575ac0f6e62cf4', '1', null, '124.200.110.58', '2015-04-20 16:01:37', 'admin', null);
INSERT INTO `user_login_log` VALUES ('c9b1314247c84a0eb627f033758a25d4', '1', null, '124.200.110.58', '2015-04-21 14:13:06', 'admin', null);
INSERT INTO `user_login_log` VALUES ('c9b6f636de3749dbbf261ad6aedae45a', '1', null, '218.240.48.50', '2015-04-08 16:17:41', 'admin', null);
INSERT INTO `user_login_log` VALUES ('ca45a359dc034b79a6fc253fed1f73b2', '0', null, '218.240.48.50', '2015-04-08 10:10:07', 'xingditu', null);
INSERT INTO `user_login_log` VALUES ('cab285635bdd4c8582628d7fe0c59749', '1', null, '124.200.110.58', '2015-04-27 16:14:06', 'mleoshi', null);
INSERT INTO `user_login_log` VALUES ('cac9d57de34f4b4ea7d718a8a9616db8', '1', null, '218.240.48.50', '2015-04-03 18:29:39', 'seekmm', null);
INSERT INTO `user_login_log` VALUES ('cb5c971631ce41b9b930dc3a36dbd563', '1', null, '124.200.110.58', '2015-04-24 18:25:22', 'wangxibao9', null);
INSERT INTO `user_login_log` VALUES ('cb6ebfa51dee449781117f67e9ddcd11', '1', null, '118.187.56.162', '2015-04-16 10:34:42', 'admin', null);
INSERT INTO `user_login_log` VALUES ('cb8ec70a32a548699908d564022756e9', '0', null, '124.200.110.58', '2015-04-23 16:30:00', 'admin', null);
INSERT INTO `user_login_log` VALUES ('cbb36ec2828f4cb6a07e86e909c12812', '1', null, '124.200.110.58', '2015-04-28 09:14:55', 'admin', null);
INSERT INTO `user_login_log` VALUES ('cbd216a5617a4e439eca69ebbab3b4f1', '1', null, '118.187.56.162', '2015-04-16 10:29:02', 'admin', null);
INSERT INTO `user_login_log` VALUES ('cc0301a02906434a95125575409f3d63', '1', null, '118.187.56.162', '2015-04-22 09:48:52', 'admin', null);
INSERT INTO `user_login_log` VALUES ('cc37c36e5ec64cdb804159af2abd5bcc', '1', null, '124.200.110.58', '2015-04-13 16:43:54', 'jdsb1', null);
INSERT INTO `user_login_log` VALUES ('cc4cca7837784924985926e514ee48cb', '1', null, '218.240.48.50', '2015-04-22 14:26:01', 'wll001', null);
INSERT INTO `user_login_log` VALUES ('cdfddc3eaa8041e48fe2998f9bc49a60', '1', null, '124.200.110.58', '2015-04-16 10:18:25', 'jdsb3', null);
INSERT INTO `user_login_log` VALUES ('ceef35df0ec543aead87a84526553fd5', '1', null, '114.246.177.19', '2015-04-25 14:22:47', 'admin', null);
INSERT INTO `user_login_log` VALUES ('cf462e838abe4c10adad87ee9fa09e35', '1', null, '118.187.56.162', '2015-04-24 10:45:07', 'wll001', null);
INSERT INTO `user_login_log` VALUES ('cf9efe5136244dc0a3907318438f7002', '1', null, '118.187.56.162', '2015-04-23 09:51:32', 'sidneygao', null);
INSERT INTO `user_login_log` VALUES ('cfb6c427f4c44f66b5d81a6de60b62f1', '1', null, '218.240.48.50', '2015-04-10 11:11:47', 'xingditu', null);
INSERT INTO `user_login_log` VALUES ('cfdecdb30e2c4893bf702d21816913f7', '1', null, '124.200.110.58', '2015-04-13 10:18:16', 'jdsb1', null);
INSERT INTO `user_login_log` VALUES ('cfe2b4b4c54a40c3a04c9f55e2bf10da', '0', null, '124.205.229.26', '2015-04-21 15:39:01', 'sidneygao', null);
INSERT INTO `user_login_log` VALUES ('d05074b5e4134b0aa63a9c4b47745ef9', '1', null, '118.187.56.162', '2015-04-16 15:29:45', 'hfhfh', null);
INSERT INTO `user_login_log` VALUES ('d0857f8b0d6342b98571bd016b4753d0', '1', null, '118.187.56.162', '2015-04-16 14:34:07', 'sidneygao', null);
INSERT INTO `user_login_log` VALUES ('d0aab193b88c4deabc6a2a48e27ecd90', '1', null, '218.240.48.50', '2015-04-08 16:17:41', 'admin', null);
INSERT INTO `user_login_log` VALUES ('d0c88a73a1db4efbac3d9dc2f386d5aa', '1', null, '118.187.56.162', '2015-04-20 17:58:06', 'admin', null);
INSERT INTO `user_login_log` VALUES ('d0ff274c61054f898484f5514695e9be', '0', null, '124.205.229.26', '2015-04-21 15:25:34', 'wll001', null);
INSERT INTO `user_login_log` VALUES ('d1481656894d475b9125465a8a44c499', '1', null, '118.187.56.162', '2015-04-17 14:24:12', 'sidneygao', null);
INSERT INTO `user_login_log` VALUES ('d170cac1d1e54684b79c8c71955af3ec', '1', null, '218.240.48.50', '2015-04-08 10:10:14', 'xingditu', null);
INSERT INTO `user_login_log` VALUES ('d1770b2099094868bde0943fbc85238d', '1', null, '124.200.110.58', '2015-04-24 11:59:36', 'admin', null);
INSERT INTO `user_login_log` VALUES ('d253276034704cd3a00a11bf2a028d33', '1', null, '118.187.56.162', '2015-04-27 12:18:36', 'admin', null);
INSERT INTO `user_login_log` VALUES ('d2986fb9258c4ac0bc4fd8ae3a1df1da', '1', null, '124.200.110.58', '2015-04-08 16:56:26', 'wangxibao9', null);
INSERT INTO `user_login_log` VALUES ('d29d981992a84142929aae62c0b6074c', '1', null, '118.187.56.162', '2015-04-27 12:26:49', 'admin', null);
INSERT INTO `user_login_log` VALUES ('d2cae4935b2247d692119a6e2563ce51', '1', null, '124.205.229.26', '2015-04-21 17:11:55', 'zhengcong', null);
INSERT INTO `user_login_log` VALUES ('d3843c02e6c84a75a01688621030fc1e', '1', null, '124.200.110.58', '2015-04-13 09:32:46', 'admin', null);
INSERT INTO `user_login_log` VALUES ('d3e3077956a44405b1bd6d8d6ffee71d', '1', null, '124.200.110.58', '2015-04-23 16:36:42', 'wangxibao9', null);
INSERT INTO `user_login_log` VALUES ('d3f069500e704fc9aa393016ec5f3d83', '1', null, '124.200.110.58', '2015-04-09 16:52:32', 'jdsb1', null);
INSERT INTO `user_login_log` VALUES ('d400ebe5db9349d484990f05322ee66d', '1', null, '124.200.110.58', '2015-04-23 19:42:09', 'admin', null);
INSERT INTO `user_login_log` VALUES ('d4662297f1a24e9a997cb5fd8b5fa788', '1', null, '118.187.56.162', '2015-04-27 11:42:17', 'wll001', null);
INSERT INTO `user_login_log` VALUES ('d4ed54889d254e948439c6a1a3e1187d', '1', null, '124.200.110.58', '2015-04-24 11:20:11', 'admin', null);
INSERT INTO `user_login_log` VALUES ('d58974df49a048b7b2884de5f12089b5', '1', null, '124.200.110.58', '2015-04-27 15:36:17', 'wangxibao9', null);
INSERT INTO `user_login_log` VALUES ('d6498ff051594f02b1c9b3f4fc00ba9a', '1', null, '124.200.110.58', '2015-04-10 09:34:21', 'admin', null);
INSERT INTO `user_login_log` VALUES ('d64f979b7af24d558b59047775f82516', '1', null, '124.200.110.58', '2015-04-23 21:49:26', 'wangxibao9', null);
INSERT INTO `user_login_log` VALUES ('d69ae4be647840aface8cd6cb16d1cda', '1', null, '118.187.56.162', '2015-04-24 10:12:42', 'admin', null);
INSERT INTO `user_login_log` VALUES ('d6f2ec216ba146a2bd53dc43815543e2', '1', null, '118.187.56.162', '2015-04-28 10:23:10', 'admin', null);
INSERT INTO `user_login_log` VALUES ('d75ef695a9df4930a3faaca22fe0f642', '1', null, '118.187.56.162', '2015-04-16 15:12:25', 'admin', null);
INSERT INTO `user_login_log` VALUES ('d76c4386c8024717944839d5645b865c', '1', null, '124.200.110.58', '2015-04-21 16:15:09', 'admin', null);
INSERT INTO `user_login_log` VALUES ('d7ac0be39d70411bacfbe77a027bcc2d', '1', null, '118.187.56.162', '2015-04-16 10:58:21', 'admin', null);
INSERT INTO `user_login_log` VALUES ('d7c79a935d6f48a3b780d14969b2ccfb', '1', null, '118.187.56.162', '2015-04-27 17:12:38', 'admin', null);
INSERT INTO `user_login_log` VALUES ('d7fad17d486340f7a8ba19e9fa324dff', '1', null, '124.205.229.26', '2015-04-27 18:56:13', 'sidneygao', null);
INSERT INTO `user_login_log` VALUES ('d88bc180ee144268b58a19efef335ac7', '1', null, '124.200.110.58', '2015-04-08 14:56:01', 'wangxibao9', null);
INSERT INTO `user_login_log` VALUES ('d93fd79513cf423e88f77cb7bec4eb4d', '1', null, '118.187.56.162', '2015-04-24 09:29:58', 'admin', null);
INSERT INTO `user_login_log` VALUES ('d9d83a5a99744a9db7c017265f876c06', '1', null, '118.187.56.162', '2015-04-16 10:34:43', 'admin', null);
INSERT INTO `user_login_log` VALUES ('d9dfbec1b9dd4af2ad491db124d61719', '1', null, '118.187.56.162', '2015-04-17 15:31:53', 'admin', null);
INSERT INTO `user_login_log` VALUES ('d9e51687bd10454bbb0a05c691612817', '1', null, '124.200.110.58', '2015-04-27 14:37:14', 'admin', null);
INSERT INTO `user_login_log` VALUES ('da23a8eca60540079536cfe2b1d4dac6', '0', null, '124.200.110.58', '2015-04-27 15:30:13', 'songyf', null);
INSERT INTO `user_login_log` VALUES ('da3d755460c040ea90ea57e648c895c3', '1', null, '124.205.229.26', '2015-04-27 18:48:01', 'admin', null);
INSERT INTO `user_login_log` VALUES ('da65eca551b44c2e8374cafb93df7bcc', '1', null, '124.200.110.58', '2015-03-17 11:26:32', 'admin', null);
INSERT INTO `user_login_log` VALUES ('da74db1734514b07a5f8a892e0404ea4', '1', null, '118.187.56.162', '2015-04-20 16:29:39', 'admin', null);
INSERT INTO `user_login_log` VALUES ('daa2c88cf5b841b1aaa64944bafc0eaa', '1', null, '118.187.56.162', '2015-04-16 14:32:11', 'admin', null);
INSERT INTO `user_login_log` VALUES ('daaa9b0a5cbe4f159759576f35a0ddf4', '1', null, '124.200.110.58', '2015-04-09 17:09:05', 'admin', null);
INSERT INTO `user_login_log` VALUES ('daffe441da724f5098ebafb7e4746007', '1', null, '118.187.56.162', '2015-04-28 11:38:47', 'wll001', null);
INSERT INTO `user_login_log` VALUES ('db1ffd36f2224de691f7bd0d773f962f', '1', null, '124.200.110.58', '2015-03-18 15:09:49', 'admin', null);
INSERT INTO `user_login_log` VALUES ('dbeed6650fb04c65a91fd515e1bc1123', '1', null, '124.205.229.26', '2015-04-21 16:59:39', 'admin', null);
INSERT INTO `user_login_log` VALUES ('dc8f23fdf1244e6aa595a9bd756a6cec', '1', null, '118.187.56.162', '2015-04-28 10:16:52', 'admin', null);
INSERT INTO `user_login_log` VALUES ('dcb592b40cd5429e89ddcff624c81ab7', '1', null, '118.187.56.162', '2015-04-17 15:24:57', 'mleoshi', null);
INSERT INTO `user_login_log` VALUES ('dceaab51f7744479a7051926ae21594f', '1', null, '118.187.56.162', '2015-04-17 11:04:57', 'admin', null);
INSERT INTO `user_login_log` VALUES ('dd0db6a6d4eb41509397c05a6e2cfb37', '1', null, '124.200.110.58', '2015-04-27 19:08:28', 'admin', null);
INSERT INTO `user_login_log` VALUES ('dd71e070372d44e5801c401648e40fb2', '1', null, '124.200.110.58', '2015-03-19 16:24:17', 'admin', null);
INSERT INTO `user_login_log` VALUES ('dda4ca0f8dee4127b5df558e2d5d9900', '1', null, '118.187.56.162', '2015-04-16 14:49:50', 'admin', null);
INSERT INTO `user_login_log` VALUES ('ddd345d4b392429da3b908bffc37412f', '0', null, '124.200.110.58', '2015-04-27 15:30:18', 'songyf', null);
INSERT INTO `user_login_log` VALUES ('de70b3cecb3c4231a2198cda1713ead2', '1', null, '218.240.48.50', '2015-04-03 14:42:12', 'xingditu', null);
INSERT INTO `user_login_log` VALUES ('de79a3c11432404d9cdca3ae4e193416', '1', null, '118.187.56.162', '2015-04-16 15:34:13', 'zhaoshuai', null);
INSERT INTO `user_login_log` VALUES ('de7abcf75c944e359bff67c83a3dc4b9', '1', null, '118.187.56.162', '2015-04-22 09:49:19', 'admin', null);
INSERT INTO `user_login_log` VALUES ('dec4d208c5754d0aabddd86a8c17e7cb', '1', null, '124.200.110.58', '2015-04-21 20:53:27', 'wangxibao9', null);
INSERT INTO `user_login_log` VALUES ('ded626fb1c354252b0c17c99b5a3da1f', '1', null, '124.200.110.58', '2015-04-21 19:52:23', 'wll001', null);
INSERT INTO `user_login_log` VALUES ('df47ad2dc17440ecb5f52392160d3f6d', '1', null, '124.200.110.58', '2015-04-08 17:35:44', 'jdsb2', null);
INSERT INTO `user_login_log` VALUES ('e00095d0791c4b9ab6e62d9b9480f2b1', '1', null, '118.187.56.162', '2015-04-20 13:57:09', 'mleoshi', null);
INSERT INTO `user_login_log` VALUES ('e0089349fc444662b1ef207d91a55bdb', '1', null, '118.187.56.162', '2015-04-14 13:31:12', 'admin', null);
INSERT INTO `user_login_log` VALUES ('e0169cf5ecfe43968d2f281fb952c91e', '1', null, '118.187.56.162', '2015-04-16 13:05:48', 'sidneygao', null);
INSERT INTO `user_login_log` VALUES ('e01aa6dc72b64e9297e20d9e7db9e788', '1', null, '114.246.177.19', '2015-04-25 15:03:34', 'wll001', null);
INSERT INTO `user_login_log` VALUES ('e02939a744d3437e8b080600ab34b64a', '1', null, '118.187.56.162', '2015-04-27 13:54:15', 'wll001', null);
INSERT INTO `user_login_log` VALUES ('e0985a5569c04db19703cc6a911d03f0', '1', null, '124.200.110.58', '2015-04-13 15:08:35', 'jdsb2', null);
INSERT INTO `user_login_log` VALUES ('e120fe3d3cb54a24a6944823776cda04', '1', null, '118.187.56.162', '2015-04-22 14:19:50', 'zhengcong', null);
INSERT INTO `user_login_log` VALUES ('e135dfe0263e4f4cac825d3471d59681', '1', null, '124.200.110.58', '2015-04-25 15:17:55', 'wangxibao9', null);
INSERT INTO `user_login_log` VALUES ('e156d2a2391f43e5bcd114fefe9baaaf', '1', null, '124.200.110.58', '2015-04-10 09:54:44', 'jdsb2', null);
INSERT INTO `user_login_log` VALUES ('e17e70810f3649fcb8642cff6582634b', '1', null, '124.200.110.58', '2015-04-16 10:32:20', 'admin', null);
INSERT INTO `user_login_log` VALUES ('e198879637c34da592c05ae97a60d580', '1', null, '118.187.56.162', '2015-04-16 18:08:42', 'zhengcong', null);
INSERT INTO `user_login_log` VALUES ('e1bf03bca34d435cb9c7bf8223d57242', '1', null, '118.187.56.162', '2015-04-16 11:26:54', 'admin', null);
INSERT INTO `user_login_log` VALUES ('e233b46a9635470c8cc50859de4e09ea', '1', null, '124.205.229.26', '2015-04-21 15:40:59', 'sidneygao', null);
INSERT INTO `user_login_log` VALUES ('e2e246d07c6d4d27952b898a0c19c3e5', '1', null, '118.187.56.162', '2015-04-14 10:14:20', 'admin', null);
INSERT INTO `user_login_log` VALUES ('e386cce5118d4471baf845657b143a88', '1', null, '218.240.48.50', '2015-04-03 14:25:47', 'admin', null);
INSERT INTO `user_login_log` VALUES ('e42ba6ca49294a0fbd5bbff2f21261aa', '1', null, '124.205.229.26', '2015-04-21 14:09:05', 'admin', null);
INSERT INTO `user_login_log` VALUES ('e445aa87683a404dbaeefce8cbe03c51', '1', null, '118.187.56.162', '2015-04-17 13:18:09', 'admin', null);
INSERT INTO `user_login_log` VALUES ('e48cdb7afdbb497dae5a5af1630e88fd', '1', null, '118.187.56.162', '2015-04-16 16:24:10', 'zhaoshuai', null);
INSERT INTO `user_login_log` VALUES ('e4d0f012bdb34d1ea137479755dd468f', '1', null, '124.200.110.58', '2015-03-18 15:09:49', 'admin', null);
INSERT INTO `user_login_log` VALUES ('e54ae3a21e2445b8a51cb76d70d17ece', '1', null, '118.187.56.162', '2015-04-27 15:39:28', 'zhengcong', null);
INSERT INTO `user_login_log` VALUES ('e5bd7c82b67d470aa7e06b98b60f2e39', '1', null, '124.200.110.58', '2015-04-16 11:21:20', 'admin', null);
INSERT INTO `user_login_log` VALUES ('e6a76a5ab6a34d59ab0915b0fb2addd3', '1', null, '118.187.56.162', '2015-04-28 09:46:44', 'admin', null);
INSERT INTO `user_login_log` VALUES ('e6ea265bfb31492f826655d921725958', '1', null, '118.187.56.162', '2015-04-16 16:24:45', 'zhaoshuai', null);
INSERT INTO `user_login_log` VALUES ('e6f2aa50670d4cb19128bb5de0c8cb40', '1', null, '124.200.110.58', '2015-04-10 10:27:51', 'jdsb1', null);
INSERT INTO `user_login_log` VALUES ('e7435c12a35e4ec4b9d31f6b3b2b1806', '1', null, '118.187.56.162', '2015-04-16 14:45:35', 'lance', null);
INSERT INTO `user_login_log` VALUES ('e7bb0364f7704821a08e5d982429cb85', '1', null, '118.187.56.162', '2015-04-23 15:18:08', 'admin', null);
INSERT INTO `user_login_log` VALUES ('e7cf5abca1124c1a86197e66f85afa5a', '1', null, '118.187.56.162', '2015-04-16 11:42:18', 'admin', null);
INSERT INTO `user_login_log` VALUES ('e8844321f135494d8f297f3b3a33e5c6', '1', null, '118.187.56.162', '2015-04-16 15:35:35', 'hfhfh', null);
INSERT INTO `user_login_log` VALUES ('e899016590514bf3869a0d8023d54f8e', '1', null, '124.200.110.58', '2015-04-13 16:52:18', 'admin', null);
INSERT INTO `user_login_log` VALUES ('ea3622de52564e9481f9ebfcc3be7626', '1', null, '118.187.56.162', '2015-04-13 18:02:15', 'admin', null);
INSERT INTO `user_login_log` VALUES ('ea5a6c5e70b646de9aebde3789aeed80', '1', null, '218.240.48.50', '2015-04-07 10:04:41', 'seekmm', null);
INSERT INTO `user_login_log` VALUES ('ea706cf6599e4169adb423c03b40f5c0', '1', null, '124.200.110.58', '2015-04-13 09:29:53', 'jdsb1', null);
INSERT INTO `user_login_log` VALUES ('eb4ad955b81a453f844b2cc828c0efa2', '1', null, '124.200.110.58', '2015-04-21 19:54:54', 'wangxibao9', null);
INSERT INTO `user_login_log` VALUES ('eb4f472665e84be88ee0d2066243b47a', '1', null, '124.200.110.58', '2015-03-20 10:49:39', 'tuotian', null);
INSERT INTO `user_login_log` VALUES ('ebd9b01d66834a16b37a7bc8e044372c', '1', null, '118.187.56.162', '2015-04-16 16:24:04', 'lance', null);
INSERT INTO `user_login_log` VALUES ('ec17af382c23463e919e270612a79240', '1', null, '124.200.110.58', '2015-04-08 18:17:42', 'admin', null);
INSERT INTO `user_login_log` VALUES ('ec213dc064894fb899450f561ac7cdf8', '1', null, '124.200.110.58', '2015-04-24 11:22:11', 'wangxibao9', null);
INSERT INTO `user_login_log` VALUES ('ec3fa5fbfb9248ffbf06f642eae3fcc4', '1', null, '118.187.56.162', '2015-04-16 16:10:17', 'lance', null);
INSERT INTO `user_login_log` VALUES ('ec6ce33449784a0cb8441a3eb20c09ae', '1', null, '218.240.48.50', '2015-04-07 18:21:26', 'xingditu', null);
INSERT INTO `user_login_log` VALUES ('eda082ba68b241aa9c235c482d024a83', '1', null, '106.187.34.249', '2015-04-08 10:58:50', 'seekmm', null);
INSERT INTO `user_login_log` VALUES ('ef01dbd2b7a24dbbaf33f11dd1d6708a', '1', null, '118.187.56.162', '2015-04-17 13:37:40', 'admin', null);
INSERT INTO `user_login_log` VALUES ('ef0755102e0943a7962a70b1c57656d1', '1', null, '124.200.110.58', '2015-04-08 15:04:45', 'admin', null);
INSERT INTO `user_login_log` VALUES ('ef4109c052184ba08ebcc5458ad99064', '1', null, '124.200.110.58', '2015-04-25 13:49:20', 'wangxibao9', null);
INSERT INTO `user_login_log` VALUES ('ef741cf633874d0394ba2ac194ff349d', '1', null, '118.187.56.162', '2015-04-24 19:16:21', 'mleoshi', null);
INSERT INTO `user_login_log` VALUES ('efc07603a4ef42b5a5427eefd68d7015', '1', null, '124.200.110.58', '2015-04-13 16:37:15', 'wangxibao9', null);
INSERT INTO `user_login_log` VALUES ('eff4a761779642f797c61f9427237876', '1', null, '118.187.56.162', '2015-04-16 10:33:40', 'admin', null);
INSERT INTO `user_login_log` VALUES ('f00b484895ca47a198019d1a3808e2ce', '1', null, '124.205.229.26', '2015-04-27 19:26:16', 'admin', null);
INSERT INTO `user_login_log` VALUES ('f017c57439a245908d6e635e42e6143a', '1', null, '218.240.48.50', '2015-04-10 09:29:19', 'admin', null);
INSERT INTO `user_login_log` VALUES ('f03825fe7ce049c1a76b7d12b12e1a09', '1', null, '124.200.110.58', '2015-04-23 20:29:44', 'wangxibao9', null);
INSERT INTO `user_login_log` VALUES ('f06b71e43e8249c789482c35493f3c1d', '1', null, '124.200.110.58', '2015-04-13 17:08:48', 'jdsb3', null);
INSERT INTO `user_login_log` VALUES ('f083f590b555494cb3c77b1869ea1199', '1', null, '118.187.56.162', '2015-04-17 14:43:06', 'admin', null);
INSERT INTO `user_login_log` VALUES ('f087d0fe66c949bda9a0e7777c4e375d', '1', null, '124.200.110.58', '2015-03-23 16:26:06', 'admin', null);
INSERT INTO `user_login_log` VALUES ('f0a62f93e3e44fb5a386b1196424ed6b', '0', null, '124.205.229.26', '2015-04-21 15:39:07', 'sidneygao', null);
INSERT INTO `user_login_log` VALUES ('f0eb0c49c3e848e0b4f2dc13e5d78ef5', '1', null, '118.187.56.162', '2015-04-17 14:54:21', 'sidneygao', null);
INSERT INTO `user_login_log` VALUES ('f0f9e25933b4490e9bee86e1cc9f6b3d', '1', null, '218.240.48.50', '2015-04-07 10:39:00', 'admin', null);
INSERT INTO `user_login_log` VALUES ('f12bd26a17ae42bb8dd8af6476e59c24', '1', null, '218.240.48.50', '2015-04-03 16:36:43', 'seekmm', null);
INSERT INTO `user_login_log` VALUES ('f12f3b0e012845c8ac2a8f847bf71d1b', '1', null, '124.205.229.26', '2015-04-21 14:22:51', 'admin', null);
INSERT INTO `user_login_log` VALUES ('f1568dfc36cd4da5bb8002e53456204a', '1', null, '118.187.56.162', '2015-04-24 09:29:58', 'admin', null);
INSERT INTO `user_login_log` VALUES ('f16b3188ddfb418793c835d30ac32d02', '1', null, '118.187.56.162', '2015-04-28 10:04:35', 'sidneygao', null);
INSERT INTO `user_login_log` VALUES ('f214e8e0c60c497db1b092461fa586e1', '1', null, '124.200.110.58', '2015-04-23 16:52:40', 'wangxibao9', null);
INSERT INTO `user_login_log` VALUES ('f21a275bcfef436dbe2ce227e71ab82a', '1', null, '124.200.110.58', '2015-04-27 15:34:08', 'mleoshi', null);
INSERT INTO `user_login_log` VALUES ('f2c59d66e5cf43c68044956a13ac0c63', '1', null, '124.200.110.58', '2015-04-09 20:16:32', 'admin', null);
INSERT INTO `user_login_log` VALUES ('f2fb325cf43d41b89fcca621254119b5', '1', null, '118.187.56.162', '2015-04-24 10:08:12', 'sidneygao', null);
INSERT INTO `user_login_log` VALUES ('f323b9d35e5344d49199b17a2cf5726e', '1', null, '124.200.110.58', '2015-04-21 14:33:41', 'admin', null);
INSERT INTO `user_login_log` VALUES ('f33398af50db40fbadad65fc3c32ce86', '1', null, '124.200.110.58', '2015-04-16 12:11:19', 'admin', null);
INSERT INTO `user_login_log` VALUES ('f398f33e172a43949e7704ed7bfed2f8', '1', null, '118.187.56.162', '2015-04-17 13:39:49', 'zhaoshuai', null);
INSERT INTO `user_login_log` VALUES ('f3b73df15d1845178715f602334d695c', '1', null, '124.200.110.58', '2015-04-08 17:03:44', 'admin', null);
INSERT INTO `user_login_log` VALUES ('f3d6d81c9b0c4783b22a764820a3c775', '1', null, '124.200.110.58', '2015-04-27 15:23:11', 'admin', null);
INSERT INTO `user_login_log` VALUES ('f3e16c176fd94d879b259f6738da5465', '1', null, '118.187.56.162', '2015-04-17 09:37:20', 'zhengcong', null);
INSERT INTO `user_login_log` VALUES ('f4382b48d72a4762b4697bec7a7979d0', '1', null, '118.187.56.162', '2015-04-16 11:43:55', 'sidneygao', null);
INSERT INTO `user_login_log` VALUES ('f45dc63dfd584827adbe79e196714ad4', '1', null, '118.187.56.162', '2015-04-17 13:19:10', 'wll001', null);
INSERT INTO `user_login_log` VALUES ('f591b7a3e19a4d8daac2f77d2c7b11b9', '1', null, '124.200.110.58', '2015-04-28 10:52:54', 'admin', null);
INSERT INTO `user_login_log` VALUES ('f5f9c72dc15145ffb103471a7b343b49', '1', null, '218.240.48.50', '2015-04-10 09:51:07', 'xingditu', null);
INSERT INTO `user_login_log` VALUES ('f62ce7caee85452084e090eabe6ff7cd', '1', null, '124.205.229.26', '2015-04-21 16:31:26', 'admin', null);
INSERT INTO `user_login_log` VALUES ('f6cad51bbcaa4a89920c05a7e58ad12b', '1', null, '118.187.56.162', '2015-04-16 17:53:58', 'admin', null);
INSERT INTO `user_login_log` VALUES ('f6d1759f930740d49accb9a55fe1df6c', '1', null, '124.200.110.58', '2015-03-17 18:08:41', 'admin', null);
INSERT INTO `user_login_log` VALUES ('f7854ed4db0d42e1b5af33a96fedfffd', '1', null, '118.187.56.162', '2015-04-22 11:58:13', 'admin', null);
INSERT INTO `user_login_log` VALUES ('f7c3df1616134c92828fe162a048eaef', '1', null, '124.200.110.58', '2015-04-08 17:35:01', 'admin', null);
INSERT INTO `user_login_log` VALUES ('f7e2f2111c444980b51797aa847f03e1', '1', null, '118.187.56.162', '2015-04-14 09:44:51', 'admin', null);
INSERT INTO `user_login_log` VALUES ('f86637e3ee6b45608dbc024607231f86', '1', null, '218.240.48.50', '2015-04-02 17:46:50', 'admin', null);
INSERT INTO `user_login_log` VALUES ('fa349f95f47d4630b7bd8f9384211b21', '1', null, '118.187.56.162', '2015-04-16 11:27:42', 'admin', null);
INSERT INTO `user_login_log` VALUES ('fa53f2de4c384284a4c9496355a62233', '1', null, '118.187.56.162', '2015-04-20 13:39:44', 'admin', null);
INSERT INTO `user_login_log` VALUES ('fa69439ccdae43c895767a26b265609e', '1', null, '124.200.110.58', '2015-03-19 11:33:40', 'admin', null);
INSERT INTO `user_login_log` VALUES ('fac0f875e3da468481ae8baa68438c77', '1', null, '124.200.110.58', '2015-03-19 16:07:42', 'admin', null);
INSERT INTO `user_login_log` VALUES ('fac8e2da9ee54c40b578ecf6afe767df', '1', null, '218.240.48.50', '2015-04-01 18:24:50', 'admin', null);
INSERT INTO `user_login_log` VALUES ('faecb13ff071478481bfe3b0a13c3932', '1', null, '118.187.56.162', '2015-04-16 17:53:34', 'zhengcong', null);
INSERT INTO `user_login_log` VALUES ('fb44e2d3fcae49cd9de3bd7c9bedfef3', '1', null, '124.205.229.26', '2015-04-27 19:26:15', 'admin', null);
INSERT INTO `user_login_log` VALUES ('fbc736142e5f4e5abb451788c47acf2b', '1', null, '124.200.110.58', '2015-04-13 17:03:40', 'wangxibao9', null);
INSERT INTO `user_login_log` VALUES ('fc64f7fc00ae4d44807dfffb0cca80b9', '1', null, '118.187.56.162', '2015-04-16 17:08:48', 'wll001', null);
INSERT INTO `user_login_log` VALUES ('fc65a6ce2cac4db6becc8321f6783143', '1', null, '124.200.110.58', '2015-03-19 11:33:40', 'admin', null);
INSERT INTO `user_login_log` VALUES ('fc90d3aec82f437abcce9a9490d72c26', '1', null, '124.200.110.58', '2015-04-23 19:41:22', 'mleoshi', null);
INSERT INTO `user_login_log` VALUES ('fd1d3b9aef914b519305583d9c436f07', '1', null, '118.187.56.162', '2015-04-16 15:36:23', 'lance', null);
INSERT INTO `user_login_log` VALUES ('fd59bec8fbbb4d9c8351ad94a6dae553', '1', null, '124.200.110.58', '2015-04-24 11:53:47', 'wangxibao9', null);
INSERT INTO `user_login_log` VALUES ('fdaa0b3525bb4f65a2204f5d2e5c2940', '1', null, '124.200.110.58', '2015-04-13 15:38:13', 'jdsb1', null);
INSERT INTO `user_login_log` VALUES ('fdac6b90900b49e195cd28bfb0bb81f7', '1', null, '124.200.110.58', '2015-04-09 17:02:32', 'admin', null);
INSERT INTO `user_login_log` VALUES ('fdaeb66b771b46c285478a07c1dc6406', '1', null, '124.205.229.26', '2015-04-21 16:15:21', 'admin', null);
INSERT INTO `user_login_log` VALUES ('fe216584410a47c8880e49992650c8dc', '1', null, '218.240.48.50', '2015-04-03 14:25:47', 'admin', null);
INSERT INTO `user_login_log` VALUES ('fea0c4101b13499f943c4031b42e252f', '1', null, '124.205.229.26', '2015-04-27 18:50:51', 'sidneygao', null);
INSERT INTO `user_login_log` VALUES ('fef8c533c9f34c09b3c5423644457d21', '1', null, '124.200.110.58', '2015-04-23 21:16:53', 'wangxibao9', null);
INSERT INTO `user_login_log` VALUES ('ff29d72269f340fabb5388efee7afd8b', '1', null, '118.187.56.162', '2015-04-17 13:36:28', 'zhengcong', null);
INSERT INTO `user_login_log` VALUES ('ffcd1dbe63bd469c8723da61bda12025', '1', null, '118.187.56.162', '2015-04-17 09:38:10', 'zhengcong', null);

-- ----------------------------
-- Table structure for `user_message`
-- ----------------------------
DROP TABLE IF EXISTS `user_message`;
CREATE TABLE `user_message` (
  `id` varchar(32) NOT NULL,
  `user_id` varchar(32) NOT NULL,
  `message_template` varchar(32) DEFAULT NULL,
  `message_type_id` varchar(32) DEFAULT NULL,
  PRIMARY KEY (`id`),
  KEY `FK_Reference_23` (`user_id`) USING BTREE,
  KEY `FK93DA9793703493DD` (`message_template`) USING BTREE,
  CONSTRAINT `user_message_ibfk_1` FOREIGN KEY (`message_template`) REFERENCES `user_message_template` (`id`),
  CONSTRAINT `user_message_ibfk_2` FOREIGN KEY (`user_id`) REFERENCES `user` (`id`)
) ENGINE=InnoDB DEFAULT CHARSET=utf8;

-- ----------------------------
-- Records of user_message
-- ----------------------------
INSERT INTO `user_message` VALUES ('0bee90b168d04450add230492ce60c8a', 'tuotian', 'recharge_success_sms', null);
INSERT INTO `user_message` VALUES ('178ab653c31942b880db81b21cde6076', 'zhengcong', 'recharge_success_sms', null);
INSERT INTO `user_message` VALUES ('45541890a4f34c089da568548f594de1', 'lance', 'recharge_success_sms', null);
INSERT INTO `user_message` VALUES ('4e498171116a473d897f0eb714402e10', 'xingditu', 'recharge_success_sms', null);

-- ----------------------------
-- Table structure for `user_message_node`
-- ----------------------------
DROP TABLE IF EXISTS `user_message_node`;
CREATE TABLE `user_message_node` (
  `id` varchar(32) NOT NULL,
  `description` varchar(200) DEFAULT NULL,
  `name` varchar(50) NOT NULL,
  `status` varchar(50) NOT NULL,
  PRIMARY KEY (`id`),
  UNIQUE KEY `id` (`id`) USING BTREE
) ENGINE=InnoDB DEFAULT CHARSET=utf8;

-- ----------------------------
-- Records of user_message_node
-- ----------------------------
INSERT INTO `user_message_node` VALUES ('binding_email', '#{username}：用户名\r\n#{time}：时间\r\n#{authCode}：认证码', '绑定邮箱', '开启');
INSERT INTO `user_message_node` VALUES ('binding_mobile_number', '#{username}：用户名\r\n#{time}：时间\r\n#{authCode}：认证码', '绑定手机号', '开启');
INSERT INTO `user_message_node` VALUES ('change_binding_email', '#{username}：用户名\r\n#{time}：时间\r\n#{authCode}：认证码', '修改绑定邮箱', '开启');
INSERT INTO `user_message_node` VALUES ('change_binding_mobile_number', '#{username}：用户名\r\n#{time}：时间\r\n#{authCode}：认证码', '修改绑定手机号', '开启');
INSERT INTO `user_message_node` VALUES ('find_cash_password_by_mobile', '#{time}：时间', '通过手机找回交易密码', '开启');
INSERT INTO `user_message_node` VALUES ('find_login_password_by_email', '#{username}：用户名\r\n#{time}：时间\r\n#{reset_password_url}：重置密码链接', '通过邮箱找回登录密码', '开启');
INSERT INTO `user_message_node` VALUES ('find_login_password_by_mobile', '#{time}：时间\r\n#{authCode}：认证码', '通过手机找回密码', '开启');
INSERT INTO `user_message_node` VALUES ('recharge_success', '#{time}：时间 \r\n#{rechargeId}：充值编号\r\n#{username}：用户名\r\n#{money}：充值金额', '充值成功', '开启');
INSERT INTO `user_message_node` VALUES ('register_active', '#{username}：用户名\r\n#{time}：注册时间\r\n#{active_url}：激活链接', '注册完成后激活', '开启');
INSERT INTO `user_message_node` VALUES ('register_by_mobile_number', '#{time}：时间 \r\n#{authCode}：认证码', '通过手机注册', '开启');
INSERT INTO `user_message_node` VALUES ('repay_alert', '#{username}：用户名 \r\n#{loanName}：借款名称\r\n#{days}：几天后到还款期', '还款提醒', '开启');

-- ----------------------------
-- Table structure for `user_message_template`
-- ----------------------------
DROP TABLE IF EXISTS `user_message_template`;
CREATE TABLE `user_message_template` (
  `id` varchar(64) NOT NULL,
  `description` varchar(1000) DEFAULT NULL,
  `name` varchar(200) DEFAULT NULL,
  `status` varchar(50) NOT NULL,
  `template` text NOT NULL,
  `message_node` varchar(32) NOT NULL,
  `message_way` varchar(32) DEFAULT NULL,
  PRIMARY KEY (`id`),
  UNIQUE KEY `id` (`id`) USING BTREE,
  KEY `FK6FEB3BA65FA2336D` (`message_node`) USING BTREE,
  KEY `FK6FEB3BA6D9CBAD55` (`message_way`) USING BTREE,
  CONSTRAINT `user_message_template_ibfk_1` FOREIGN KEY (`message_node`) REFERENCES `user_message_node` (`id`),
  CONSTRAINT `user_message_template_ibfk_2` FOREIGN KEY (`message_way`) REFERENCES `user_message_way` (`id`)
) ENGINE=InnoDB DEFAULT CHARSET=utf8;

-- ----------------------------
-- Records of user_message_template
-- ----------------------------
INSERT INTO `user_message_template` VALUES ('binding_email_email', '', '绑定邮箱', '必须', '<p>绑定邮箱，认证码：<span id=\"form:nodeDescription\" style=\"**word-wrap:break-word;\">#{authCode}</span></p>', 'binding_email', 'email');
INSERT INTO `user_message_template` VALUES ('binding_mobile_number_sms', '', '绑定手机号', '必须', '绑定手机，验证码：#{authCode}【拓天速贷】', 'binding_mobile_number', 'sms');
INSERT INTO `user_message_template` VALUES ('change_binding_email_email', '', '修改绑定邮箱', '必须', '<p><span style=\"color: rgb(0, 0, 0); font-family: sans-serif; font-size: 16px; font-style: normal; font-variant: normal; font-weight: normal; letter-spacing: normal; line-height: normal; orphans: auto; text-align: start; text-indent: 0px; text-transform: none; white-space: normal; widows: auto; word-spacing: 0px; -webkit-text-stroke-width: 0px; display: inline !important; float: none;\">修改绑定邮箱，认证码：</span><span id=\"form:nodeDescription\" style=\"color: rgb(0, 0, 0); font-family: sans-serif; font-size: 16px; font-style: normal; font-variant: normal; font-weight: normal; letter-spacing: normal; line-height: normal; orphans: auto; text-align: start; text-indent: 0px; text-transform: none; white-space: normal; widows: auto; word-spacing: 0px; -webkit-text-stroke-width: 0px;\">#{authCode}</span></p>', 'change_binding_email', 'email');
INSERT INTO `user_message_template` VALUES ('change_binding_mobile_number_sms', '', '修改绑定手机号', '必须', '修改绑定手机号，验证码：#{authCode}【拓天速贷】', 'change_binding_mobile_number', 'sms');
INSERT INTO `user_message_template` VALUES ('find_cash_password_by_mobile_sms', '', '通过手机找回交易密码', '必须', '验证码：#{authCode}    时间：#{time}【拓天速贷】', 'find_cash_password_by_mobile', 'sms');
INSERT INTO `user_message_template` VALUES ('find_login_password_by_email_email', '', '通过邮箱找回登录密码', '必须', '<p>找回登录密码，<a title=\"重置登录密码\" target=\"_blank\" href=\"#{reset_password_url}\">点击此处重置登录密码</a><br/><br/></p><p>拓天资产<br/></p>', 'find_login_password_by_email', 'email');
INSERT INTO `user_message_template` VALUES ('find_login_password_by_mobile_sms', '', '通过手机找回密码--短信', '必须', '验证码：#{authCode}    时间：#{time}【拓天速贷】', 'find_login_password_by_mobile', 'sms');
INSERT INTO `user_message_template` VALUES ('recharge_success_sms', '', '充值成功短信提醒', '可选', '尊敬的用户#{username}，您好！\r\n您于#{time}充值成功，金额：#{money}，编号：#{rechargeId}【拓天速贷】', 'recharge_success', 'sms');
INSERT INTO `user_message_template` VALUES ('register_active_email', '', '注册邮箱激活', '必须', '<p class=\"1\" style=\"line-height:130%\"><span style=\"font-family:&#39;heiti sc light&#39;,&#39;serif&#39;\">尊敬的用户</span><span style=\"color:#f41200\">#{username}</span>,<span style=\"font-family:&#39;heiti sc light&#39;,&#39;serif&#39;\">您好</span>!</p><p class=\"A0\" style=\"line-height:130%;margin-bottom:16px;\"><span style=\"color:#000082\"> &nbsp; &nbsp; &nbsp; </span><span style=\"font-family:&#39;heiti sc light&#39;,&#39;serif&#39;\">感谢您于#{time}</span><span style=\"font-family:&#39;heiti sc light&#39;,&#39;serif&#39;\">注册金鼎p2p网络借贷平台！</span></p><p class=\"A0\" style=\"line-height:130%;margin-bottom:16px;\">&nbsp; <span style=\"font-family:&#39;heiti sc light&#39;,&#39;serif&#39;\">请点击以下链接激活账号</span>:</p><p class=\"A0\" style=\"line-height: 130%; margin-bottom: 16px;\">&nbsp; <a title=\"新用户激活\" target=\"_blank\" href=\"#{active_url}\">#{active_url}</a></p>', 'register_active', 'email');
INSERT INTO `user_message_template` VALUES ('register_by_mobile_number_sms', '', '通过手机注册-发短信', '必须', '尊敬的用户，您的注册验证码是：#{authCode} 。请勿泄露给他人。【拓天速贷】', 'register_by_mobile_number', 'sms');
INSERT INTO `user_message_template` VALUES ('repay_alert_sms', '', '还款提醒-发短信', '必须', '尊敬的用户#{username}：您好！您有一笔还款将于#{days}天后到期，请及时还款。【拓天速贷】', 'repay_alert', 'sms');

-- ----------------------------
-- Table structure for `user_message_way`
-- ----------------------------
DROP TABLE IF EXISTS `user_message_way`;
CREATE TABLE `user_message_way` (
  `id` varchar(32) NOT NULL,
  `description` varchar(1000) DEFAULT NULL,
  `name` varchar(100) NOT NULL,
  `status` varchar(50) NOT NULL,
  PRIMARY KEY (`id`),
  UNIQUE KEY `id` (`id`) USING BTREE
) ENGINE=InnoDB DEFAULT CHARSET=utf8;

-- ----------------------------
-- Records of user_message_way
-- ----------------------------
INSERT INTO `user_message_way` VALUES ('email', '邮件', '邮件', '开启');
INSERT INTO `user_message_way` VALUES ('letter', '站内信', '站内信', '开启');
INSERT INTO `user_message_way` VALUES ('sms', '短信', '短信', '开启');

-- ----------------------------
-- Table structure for `user_motion_tracking`
-- ----------------------------
DROP TABLE IF EXISTS `user_motion_tracking`;
CREATE TABLE `user_motion_tracking` (
  `user_id` varchar(32) NOT NULL,
  `mts_id` varchar(64) NOT NULL,
  UNIQUE KEY `mts_id` (`mts_id`) USING BTREE,
  KEY `FKB37F28ACAC514D20` (`mts_id`) USING BTREE,
  KEY `FKB37F28AC2A334343` (`user_id`) USING BTREE,
  CONSTRAINT `user_motion_tracking_ibfk_1` FOREIGN KEY (`user_id`) REFERENCES `user` (`id`),
  CONSTRAINT `user_motion_tracking_ibfk_2` FOREIGN KEY (`mts_id`) REFERENCES `motion_tracking` (`id`)
) ENGINE=InnoDB DEFAULT CHARSET=utf8;

-- ----------------------------
-- Records of user_motion_tracking
-- ----------------------------

-- ----------------------------
-- Table structure for `user_point`
-- ----------------------------
DROP TABLE IF EXISTS `user_point`;
CREATE TABLE `user_point` (
  `id` varchar(32) NOT NULL,
  `last_update_time` datetime NOT NULL,
  `point` int(11) NOT NULL,
  `type` varchar(100) NOT NULL,
  `user_id` varchar(32) NOT NULL,
  PRIMARY KEY (`id`),
  UNIQUE KEY `id` (`id`) USING BTREE,
  KEY `FK7326601C2A334343` (`user_id`) USING BTREE,
  CONSTRAINT `user_point_ibfk_1` FOREIGN KEY (`user_id`) REFERENCES `user` (`id`)
) ENGINE=InnoDB DEFAULT CHARSET=utf8;

-- ----------------------------
-- Records of user_point
-- ----------------------------
INSERT INTO `user_point` VALUES ('49c8b58ed68a4ba9b2fcdf7d3f5bc6d1', '2015-04-28 11:49:55', '37', 'cost', 'mleoshi');
INSERT INTO `user_point` VALUES ('a23ffa88f2e046de9b715c66880f29b4', '2015-04-27 15:59:51', '1', 'cost', 'jdsb1');
INSERT INTO `user_point` VALUES ('c4810c8fd74040bf968923caeb95cfa7', '2015-04-27 18:05:33', '42', 'cost', 'zhengcong');
INSERT INTO `user_point` VALUES ('c5bbf5c590794c82ad41572eefd792da', '2015-04-28 11:49:55', '84', 'cost', 'wll001');
INSERT INTO `user_point` VALUES ('e42215ca9276408dad459b2da3efd9dd', '2015-04-28 11:49:55', '140', 'cost', 'sidneygao');

-- ----------------------------
-- Table structure for `user_point_history`
-- ----------------------------
DROP TABLE IF EXISTS `user_point_history`;
CREATE TABLE `user_point_history` (
  `id` varchar(32) NOT NULL,
  `point` int(11) NOT NULL,
  `remark` text,
  `time` datetime NOT NULL,
  `type` varchar(100) NOT NULL,
  `type_info` text,
  `user_id` varchar(32) NOT NULL,
  `operate_type` varchar(50) DEFAULT NULL,
  PRIMARY KEY (`id`),
  UNIQUE KEY `id` (`id`) USING BTREE,
  KEY `FK92120F712A334343` (`user_id`) USING BTREE,
  CONSTRAINT `user_point_history_ibfk_1` FOREIGN KEY (`user_id`) REFERENCES `user` (`id`)
) ENGINE=InnoDB DEFAULT CHARSET=utf8;

-- ----------------------------
-- Records of user_point_history
-- ----------------------------
INSERT INTO `user_point_history` VALUES ('1107085916f248499a660091ac9f0981', '15', '投标编号：20150428000001', '2015-04-28 11:20:07', 'cost', '投标成功，赠送积分', 'sidneygao', 'add');
INSERT INTO `user_point_history` VALUES ('142dc72d28204a6087c58167b9488f3c', '15', '投标编号：20150427000017', '2015-04-27 18:05:33', 'cost', '投标成功，赠送积分', 'zhengcong', 'add');
INSERT INTO `user_point_history` VALUES ('2941afd5719d4e8a9406446c9f0a8497', '12', '投标编号：20150427000011', '2015-04-27 16:32:24', 'cost', '投标成功，赠送积分', 'wll001', 'add');
INSERT INTO `user_point_history` VALUES ('314f490c22df43ef8e3c04be517d7212', '1', '投标编号：20150427000005', '2015-04-27 15:59:51', 'cost', '投标成功，赠送积分', 'jdsb1', 'add');
INSERT INTO `user_point_history` VALUES ('4f4828003df94a5ebdc084bd3ab2cfad', '30', '投标编号：20150427000016', '2015-04-27 17:44:42', 'cost', '投标成功，赠送积分', 'wll001', 'add');
INSERT INTO `user_point_history` VALUES ('7a3e53f733564105a8ce264fb1af19e0', '25', '投标编号：20150428000003', '2015-04-28 11:49:55', 'cost', '投标成功，赠送积分', 'sidneygao', 'add');
INSERT INTO `user_point_history` VALUES ('866ec8a7ecca4c25b33f7fb4dc9f47e4', '12', '投标编号：20150427000010', '2015-04-27 16:32:24', 'cost', '投标成功，赠送积分', 'zhengcong', 'add');
INSERT INTO `user_point_history` VALUES ('8f3387d3450e45519446459a41cdb817', '25', '投标编号：20150427000006', '2015-04-27 16:19:01', 'cost', '投标成功，赠送积分', 'sidneygao', 'add');
INSERT INTO `user_point_history` VALUES ('90c9e006be46469f836646584e0cd73a', '15', '投标编号：20150427000014', '2015-04-27 17:42:11', 'cost', '投标成功，赠送积分', 'sidneygao', 'add');
INSERT INTO `user_point_history` VALUES ('9c938df215d54fdebf28898af83914d3', '12', '投标编号：20150428000002', '2015-04-28 11:49:55', 'cost', '投标成功，赠送积分', 'wll001', 'add');
INSERT INTO `user_point_history` VALUES ('9cd4c5ba602348db8c3448d0370835c4', '15', '投标编号：20150427000015', '2015-04-27 17:44:42', 'cost', '投标成功，赠送积分', 'zhengcong', 'add');
INSERT INTO `user_point_history` VALUES ('aefee882901d4ca086db9be8ef6e5109', '25', '投标编号：20150427000007', '2015-04-27 16:18:40', 'cost', '投标成功，赠送积分', 'sidneygao', 'add');
INSERT INTO `user_point_history` VALUES ('cf629fb45cc043f285c46c32ee666205', '30', '投标编号：20150427000018', '2015-04-27 18:05:33', 'cost', '投标成功，赠送积分', 'wll001', 'add');
INSERT INTO `user_point_history` VALUES ('d1e2867242ba4980a488ac938527e094', '35', '投标编号：20150427000013', '2015-04-27 17:33:16', 'cost', '投标成功，赠送积分', 'sidneygao', 'add');
INSERT INTO `user_point_history` VALUES ('d6c949d117eb43b180182217d8465197', '12', '投标编号：20150428000004', '2015-04-28 11:49:55', 'cost', '投标成功，赠送积分', 'mleoshi', 'add');
INSERT INTO `user_point_history` VALUES ('e62f8410eb374868ac22a5c62cb9d80f', '25', '投标编号：20150427000008', '2015-04-27 16:32:24', 'cost', '投标成功，赠送积分', 'mleoshi', 'add');

-- ----------------------------
-- Table structure for `user_role`
-- ----------------------------
DROP TABLE IF EXISTS `user_role`;
CREATE TABLE `user_role` (
  `user_id` varchar(32) NOT NULL,
  `role_id` varchar(32) NOT NULL,
  PRIMARY KEY (`user_id`,`role_id`),
  KEY `FK_user_role_role` (`role_id`) USING BTREE,
  CONSTRAINT `user_role_ibfk_1` FOREIGN KEY (`user_id`) REFERENCES `user` (`id`),
  CONSTRAINT `user_role_ibfk_2` FOREIGN KEY (`role_id`) REFERENCES `role` (`id`)
) ENGINE=InnoDB DEFAULT CHARSET=utf8;

-- ----------------------------
-- Records of user_role
-- ----------------------------
INSERT INTO `user_role` VALUES ('admin', 'ADMINISTRATOR');
INSERT INTO `user_role` VALUES ('wangxibao9', 'ADMINISTRATOR');
INSERT INTO `user_role` VALUES ('admin', 'INVESTOR');
INSERT INTO `user_role` VALUES ('jdsb1', 'INVESTOR');
INSERT INTO `user_role` VALUES ('jdsb2', 'INVESTOR');
INSERT INTO `user_role` VALUES ('jdsb3', 'INVESTOR');
INSERT INTO `user_role` VALUES ('lance', 'INVESTOR');
INSERT INTO `user_role` VALUES ('mleoshi', 'INVESTOR');
INSERT INTO `user_role` VALUES ('seekmm', 'INVESTOR');
INSERT INTO `user_role` VALUES ('sidneygao', 'INVESTOR');
INSERT INTO `user_role` VALUES ('songyf', 'INVESTOR');
INSERT INTO `user_role` VALUES ('tuotian', 'INVESTOR');
INSERT INTO `user_role` VALUES ('wangxibao9', 'INVESTOR');
INSERT INTO `user_role` VALUES ('wll001', 'INVESTOR');
INSERT INTO `user_role` VALUES ('xingditu', 'INVESTOR');
INSERT INTO `user_role` VALUES ('zhaoshuai', 'INVESTOR');
INSERT INTO `user_role` VALUES ('zhengcong', 'INVESTOR');
INSERT INTO `user_role` VALUES ('admin', 'LOANER');
INSERT INTO `user_role` VALUES ('hfhfh', 'LOANER');
INSERT INTO `user_role` VALUES ('lance', 'LOANER');
INSERT INTO `user_role` VALUES ('xingditu', 'LOANER');
INSERT INTO `user_role` VALUES ('jdsb1', 'MEMBER');
INSERT INTO `user_role` VALUES ('jdsb2', 'MEMBER');
INSERT INTO `user_role` VALUES ('jdsb3', 'MEMBER');
INSERT INTO `user_role` VALUES ('mleoshi', 'MEMBER');
INSERT INTO `user_role` VALUES ('seekmm', 'MEMBER');
INSERT INTO `user_role` VALUES ('sidneygao', 'MEMBER');
INSERT INTO `user_role` VALUES ('songyf', 'MEMBER');
INSERT INTO `user_role` VALUES ('songyunfeng', 'MEMBER');
INSERT INTO `user_role` VALUES ('tuotian', 'MEMBER');
INSERT INTO `user_role` VALUES ('wangxibao0', 'MEMBER');
INSERT INTO `user_role` VALUES ('wangxibao9', 'MEMBER');
INSERT INTO `user_role` VALUES ('waningmoon', 'MEMBER');
INSERT INTO `user_role` VALUES ('wll001', 'MEMBER');
INSERT INTO `user_role` VALUES ('wulala', 'MEMBER');
INSERT INTO `user_role` VALUES ('xingditu', 'MEMBER');
INSERT INTO `user_role` VALUES ('zhaoshuai', 'MEMBER');
INSERT INTO `user_role` VALUES ('zhengcong', 'MEMBER');
INSERT INTO `user_role` VALUES ('admin', 'VIP');
INSERT INTO `user_role` VALUES ('mleoshi', 'VIP');

-- ----------------------------
-- Table structure for `watchdog`
-- ----------------------------
DROP TABLE IF EXISTS `watchdog`;
CREATE TABLE `watchdog` (
  `id` varchar(32) NOT NULL,
  `user_id` varchar(32) NOT NULL,
  `url` text NOT NULL,
  `really_url` text NOT NULL,
  `ip` varchar(20) NOT NULL,
  `time` datetime NOT NULL,
  PRIMARY KEY (`id`)
) ENGINE=InnoDB DEFAULT CHARSET=utf8;

-- ----------------------------
-- Records of watchdog
-- ----------------------------

-- ----------------------------
-- Table structure for `withdraw_cash`
-- ----------------------------
DROP TABLE IF EXISTS `withdraw_cash`;
CREATE TABLE `withdraw_cash` (
  `id` varchar(32) NOT NULL,
  `time` datetime NOT NULL,
  `user_id` varchar(32) NOT NULL,
  `bank_card_id` varchar(32) DEFAULT NULL,
  `money` double NOT NULL,
  `fee` double NOT NULL,
  `account` varchar(32) DEFAULT NULL,
  `cash_fine` double NOT NULL,
  `status` varchar(50) DEFAULT NULL,
  `verify_message` varchar(500) DEFAULT NULL,
  `verify_user_id` varchar(32) DEFAULT NULL,
  `recheck_message` varchar(500) DEFAULT NULL,
  `recheck_user_id` varchar(32) DEFAULT NULL,
  `recheck_time` datetime DEFAULT NULL,
  `verify_time` datetime DEFAULT NULL,
  `actual_money` double DEFAULT NULL,
  `is_withdraw_by_admin` tinyint(1) DEFAULT NULL,
  PRIMARY KEY (`id`),
  KEY `FK_Reference_9` (`user_id`) USING BTREE,
  KEY `FKC4F37F48D533E97D` (`verify_user_id`) USING BTREE,
  KEY `FKC4F37F48D84FA76B` (`bank_card_id`) USING BTREE,
  KEY `FKC4F37F48630B23B9` (`recheck_user_id`) USING BTREE,
  CONSTRAINT `withdraw_cash_ibfk_1` FOREIGN KEY (`recheck_user_id`) REFERENCES `user` (`id`),
  CONSTRAINT `withdraw_cash_ibfk_2` FOREIGN KEY (`bank_card_id`) REFERENCES `bank_card` (`id`),
  CONSTRAINT `withdraw_cash_ibfk_3` FOREIGN KEY (`verify_user_id`) REFERENCES `user` (`id`),
  CONSTRAINT `withdraw_cash_ibfk_4` FOREIGN KEY (`user_id`) REFERENCES `user` (`id`)
) ENGINE=InnoDB DEFAULT CHARSET=utf8;

-- ----------------------------
-- Records of withdraw_cash
-- ----------------------------
INSERT INTO `withdraw_cash` VALUES ('2015031900000001', '2015-03-19 16:53:23', 'tuotian', '5cb065ab45214169b328a61c73dd7908', '1', '2', '借款账户', '0', 'verify_fail', '', 'admin', null, null, null, '2015-03-19 16:53:42', null, null);
INSERT INTO `withdraw_cash` VALUES ('2015040700000001', '2015-04-07 10:46:09', 'seekmm', 'c9f4661543ce4970b505492b956ed67d', '100', '0', '借款账户', '0', 'verify_fail', '测试审核通过', 'admin', '', 'admin', '2015-04-07 10:47:13', '2015-04-07 10:46:52', null, null);
INSERT INTO `withdraw_cash` VALUES ('2015040700000002', '2015-04-07 10:48:35', 'seekmm', 'c9f4661543ce4970b505492b956ed67d', '101', '0', '借款账户', '0', 'success', '', 'admin', '', 'admin', '2015-04-07 10:49:02', '2015-04-07 10:48:51', null, null);
INSERT INTO `withdraw_cash` VALUES ('2015041300000001', '2015-04-13 14:43:29', 'jdsb1', '0d9ef071d2bc400b93a8f51c078332b1', '1', '0', '借款账户', '0', 'wait_verify', null, null, null, null, null, null, null, null);
INSERT INTO `withdraw_cash` VALUES ('2015041500000001', '2015-04-15 16:23:25', 'jdsb3', '52355912a3e946ea929a35974d6b0c48', '1', '0', '借款账户', '0', 'wait_verify', null, null, null, null, null, null, null, null);
INSERT INTO `withdraw_cash` VALUES ('2015041500000002', '2015-04-15 16:25:32', 'jdsb3', '52355912a3e946ea929a35974d6b0c48', '1', '0', '借款账户', '0', 'success', null, null, null, null, '2015-04-16 10:13:11', null, null, null);
INSERT INTO `withdraw_cash` VALUES ('2015041600000001', '2015-04-16 11:32:38', 'sidneygao', 'f1941c95f8c942e4a7e5e50a15e53b7e', '10000', '0', '借款账户', '0', 'wait_verify', null, null, null, null, null, null, null, null);
INSERT INTO `withdraw_cash` VALUES ('2015041600000002', '2015-04-16 11:34:58', 'sidneygao', 'f1941c95f8c942e4a7e5e50a15e53b7e', '10000', '0', '借款账户', '0', 'wait_verify', null, null, null, null, null, null, null, null);
INSERT INTO `withdraw_cash` VALUES ('2015041600000003', '2015-04-16 11:35:52', 'sidneygao', 'f1941c95f8c942e4a7e5e50a15e53b7e', '100', '0', '借款账户', '0', 'wait_verify', null, null, null, null, null, null, null, null);
INSERT INTO `withdraw_cash` VALUES ('2015041600000004', '2015-04-16 15:48:35', 'sidneygao', null, '100000', '0', null, '0', 'success', null, null, null, null, null, null, null, '1');
INSERT INTO `withdraw_cash` VALUES ('2015041600000005', '2015-04-16 16:20:27', 'lance', null, '1000000', '0', null, '0', 'success', null, null, null, null, null, null, null, '1');
INSERT INTO `withdraw_cash` VALUES ('2015041600000006', '2015-04-16 16:21:07', 'lance', null, '9000100', '0', null, '0', 'success', null, null, null, null, null, null, null, '1');
INSERT INTO `withdraw_cash` VALUES ('2015041600000007', '2015-04-16 17:25:52', 'mleoshi', '11b99b033bfa4876b6752b6a7a6bf61b', '50', '0', '借款账户', '0', 'success', null, null, null, null, '2015-04-17 10:18:09', null, null, null);
INSERT INTO `withdraw_cash` VALUES ('2015041700000001', '2015-04-17 11:03:48', 'zhengcong', '7571ee6aeb7940e1b0864bdf90071032', '50', '0', '借款账户', '0', 'wait_verify', null, null, null, null, null, null, null, null);
INSERT INTO `withdraw_cash` VALUES ('2015041700000002', '2015-04-17 11:10:27', 'zhengcong', '7571ee6aeb7940e1b0864bdf90071032', '50', '0', '借款账户', '0', 'wait_verify', null, null, null, null, null, null, null, null);
INSERT INTO `withdraw_cash` VALUES ('2015041700000003', '2015-04-17 11:22:27', 'zhengcong', '7571ee6aeb7940e1b0864bdf90071032', '50', '0', '借款账户', '0', 'success', null, null, null, null, '2015-04-17 14:15:11', null, null, null);
INSERT INTO `withdraw_cash` VALUES ('2015042000000001', '2015-04-20 10:19:04', 'wll001', '143c1b9634fd4ae68c5703b4b4c4d282', '50', '0', '借款账户', '0', 'wait_verify', null, null, null, null, null, null, null, null);
INSERT INTO `withdraw_cash` VALUES ('2015042000000002', '2015-04-20 10:31:57', 'zhengcong', '7571ee6aeb7940e1b0864bdf90071032', '20', '0', '借款账户', '0', 'success', null, null, null, null, '2015-04-20 14:27:37', null, null, null);
INSERT INTO `withdraw_cash` VALUES ('2015042000000003', '2015-04-20 10:33:51', 'zhengcong', '7571ee6aeb7940e1b0864bdf90071032', '10', '0', '借款账户', '0', 'wait_verify', null, null, null, null, null, null, null, null);
INSERT INTO `withdraw_cash` VALUES ('2015042100000001', '2015-04-21 14:36:41', 'zhengcong', '7571ee6aeb7940e1b0864bdf90071032', '30', '0', '借款账户', '0', 'wait_verify', null, null, null, null, null, null, null, null);
INSERT INTO `withdraw_cash` VALUES ('2015042100000002', '2015-04-21 14:42:11', 'mleoshi', '11b99b033bfa4876b6752b6a7a6bf61b', '50', '0', '借款账户', '0', 'wait_verify', null, null, null, null, null, null, null, null);
INSERT INTO `withdraw_cash` VALUES ('2015042100000003', '2015-04-21 14:45:18', 'mleoshi', '11b99b033bfa4876b6752b6a7a6bf61b', '50', '0', '借款账户', '0', 'wait_verify', null, null, null, null, null, null, null, null);
INSERT INTO `withdraw_cash` VALUES ('2015042100000004', '2015-04-21 14:54:16', 'mleoshi', '11b99b033bfa4876b6752b6a7a6bf61b', '1', '0', '借款账户', '0', 'wait_verify', null, null, null, null, null, null, null, null);
INSERT INTO `withdraw_cash` VALUES ('2015042100000005', '2015-04-21 15:12:37', 'mleoshi', '11b99b033bfa4876b6752b6a7a6bf61b', '1', '0', '借款账户', '0', 'wait_verify', null, null, null, null, null, null, null, null);
INSERT INTO `withdraw_cash` VALUES ('2015042100000006', '2015-04-21 19:56:28', 'wll001', '143c1b9634fd4ae68c5703b4b4c4d282', '20', '0', '借款账户', '0', 'wait_verify', null, null, null, null, null, null, null, null);
INSERT INTO `withdraw_cash` VALUES ('2015042300000001', '2015-04-23 22:14:45', 'wangxibao9', '26f611fa55254097b0cb22ab3831d1f2', '1', '0', '借款账户', '0', 'wait_verify', null, null, null, null, null, null, null, null);
INSERT INTO `withdraw_cash` VALUES ('2015042400000001', '2015-04-24 17:03:13', 'mleoshi', '11b99b033bfa4876b6752b6a7a6bf61b', '91.34', '0', '借款账户', '0', 'wait_verify', null, null, null, null, null, null, null, null);
INSERT INTO `withdraw_cash` VALUES ('2015042400000002', '2015-04-24 17:50:50', 'mleoshi', '11b99b033bfa4876b6752b6a7a6bf61b', '91.34', '0', '借款账户', '0', 'wait_verify', null, null, null, null, null, null, null, null);
INSERT INTO `withdraw_cash` VALUES ('2015042400000003', '2015-04-24 17:51:09', 'mleoshi', '11b99b033bfa4876b6752b6a7a6bf61b', '91.34', '0', '借款账户', '0', 'wait_verify', null, null, null, null, null, null, null, null);
INSERT INTO `withdraw_cash` VALUES ('2015042400000004', '2015-04-24 17:55:09', 'sidneygao', 'f1941c95f8c942e4a7e5e50a15e53b7e', '1', '0', '借款账户', '0', 'wait_verify', null, null, null, null, null, null, null, null);
INSERT INTO `withdraw_cash` VALUES ('2015042700000001', '2015-04-27 11:49:11', 'mleoshi', '11b99b033bfa4876b6752b6a7a6bf61b', '12', '0', '借款账户', '0', 'wait_verify', null, null, null, null, null, null, null, null);
INSERT INTO `withdraw_cash` VALUES ('2015042700000002', '2015-04-27 18:45:33', 'mleoshi', '11b99b033bfa4876b6752b6a7a6bf61b', '2', '0', '借款账户', '0', 'success', null, null, null, null, '2015-04-28 10:16:14', null, null, null);
INSERT INTO `withdraw_cash` VALUES ('2015042700000003', '2015-04-27 18:47:45', 'mleoshi', '11b99b033bfa4876b6752b6a7a6bf61b', '3', '0', '借款账户', '0', 'wait_verify', null, null, null, null, null, null, null, null);

-- ----------------------------
-- Table structure for `word_filter`
-- ----------------------------
DROP TABLE IF EXISTS `word_filter`;
CREATE TABLE `word_filter` (
  `id` varchar(32) NOT NULL,
  `word` varchar(50) DEFAULT NULL,
  `description` text,
  PRIMARY KEY (`id`)
) ENGINE=InnoDB DEFAULT CHARSET=utf8;

-- ----------------------------
-- Records of word_filter
-- ----------------------------
INSERT INTO `word_filter` VALUES ('0', '洗钱', '');

-- ----------------------------
-- Table structure for `yeepay_corp_info`
-- ----------------------------
DROP TABLE IF EXISTS `yeepay_corp_info`;
CREATE TABLE `yeepay_corp_info` (
  `id` varchar(32) NOT NULL,
  `bank_license` varchar(255) DEFAULT NULL,
  `business_license` varchar(255) DEFAULT NULL,
  `contact` varchar(255) DEFAULT NULL,
  `contact_phone` varchar(255) DEFAULT NULL,
  `email` varchar(255) DEFAULT NULL,
  `enterprise_name` varchar(255) DEFAULT NULL,
  `legal` varchar(255) DEFAULT NULL,
  `legal_id_no` varchar(255) DEFAULT NULL,
  `member_class_type` varchar(255) DEFAULT NULL,
  `org_no` varchar(255) DEFAULT NULL,
  `seq` int(11) DEFAULT NULL,
  `status` varchar(255) DEFAULT NULL,
  `tax_no` varchar(255) DEFAULT NULL,
  `user_id` varchar(32) DEFAULT NULL,
  PRIMARY KEY (`id`),
  UNIQUE KEY `id` (`id`) USING BTREE,
  KEY `FK2D29F7132A334343` (`user_id`) USING BTREE,
  CONSTRAINT `yeepay_corp_info_ibfk_1` FOREIGN KEY (`user_id`) REFERENCES `user` (`id`)
) ENGINE=InnoDB DEFAULT CHARSET=utf8;

-- ----------------------------
-- Records of yeepay_corp_info
-- ----------------------------
INSERT INTO `yeepay_corp_info` VALUES ('yee555', 'J234632l234', '111111111111113', '张夺一', '13718473449', 'sdflfdsfjls@163.com', '企业名称', '张夺一', '371829198511257721', 'ENTERPRISE', '111111113', '1', null, '111111111111154', 'yee555');

-- ----------------------------
-- Table structure for `yeepay_platform_transfer`
-- ----------------------------
DROP TABLE IF EXISTS `yeepay_platform_transfer`;
CREATE TABLE `yeepay_platform_transfer` (
  `id` varchar(32) NOT NULL,
  `actual_money` double NOT NULL,
  `operation_username` varchar(50) DEFAULT NULL,
  `remarks` varchar(4000) DEFAULT NULL,
  `status` varchar(4000) DEFAULT NULL,
  `success_time` datetime DEFAULT NULL,
  `time` datetime DEFAULT NULL,
  `username` varchar(50) DEFAULT NULL,
  PRIMARY KEY (`id`),
  UNIQUE KEY `id` (`id`) USING BTREE
) ENGINE=InnoDB DEFAULT CHARSET=utf8;

-- ----------------------------
-- Records of yeepay_platform_transfer
-- ----------------------------
